session_id,administrative,informational,product_related
2,0.0,0.0,64.0
4,0.0,0.0,2.666666667
5,0.0,0.0,627.5
6,0.0,0.0,154.2166667
9,0.0,0.0,37.0
10,0.0,0.0,738.0
11,0.0,0.0,395.0
12,0.0,0.0,407.75
13,0.0,0.0,280.5
14,0.0,0.0,98.0
15,0.0,0.0,68.0
16,53.0,0.0,1668.285119
18,0.0,0.0,334.9666667
19,0.0,0.0,32.0
20,0.0,0.0,2981.166667
21,0.0,0.0,136.1666667
23,0.0,0.0,105.0
24,0.0,0.0,15.0
26,0.0,0.0,156.0
27,64.6,0.0,1135.444444
28,0.0,0.0,76.0
29,0.0,0.0,63.0
30,6.0,0.0,1582.75
31,0.0,0.0,35.0
32,0.0,0.0,78.0
33,0.0,0.0,209.5
34,0.0,0.0,183.6666667
35,0.0,0.0,380.5
36,0.0,0.0,2086.242857
37,0.0,0.0,388.0
38,18.0,0.0,298.0
39,0.0,0.0,63.0
40,0.0,0.0,482.0
41,9.0,0.0,4084.393939
42,0.0,0.0,22.0
43,0.0,0.0,310.1666667
44,0.0,0.0,34.0
45,0.0,0.0,88.0
46,0.0,0.0,622.25
47,0.0,0.0,222.4
48,0.0,0.0,80.0
49,0.0,0.0,800.8333333
52,0.0,0.0,265.1666667
53,0.0,0.0,29.0
54,0.0,0.0,160.0
55,0.0,0.0,135.6666667
58,56.0,120.0,998.7416667
59,0.0,0.0,104.0
60,16.0,0.0,381.6865079
61,0.0,0.0,169.0
62,0.0,0.0,400.8
63,279.4166667,0.0,1553.583333
64,0.0,0.0,706.5
66,87.83333333,0.0,798.3333333
67,44.0,0.0,6951.972222
69,0.0,0.0,902.0
72,0.0,0.0,197.3777778
73,0.0,0.0,43.0
74,0.0,0.0,426.6666667
75,0.0,0.0,135.0
76,0.0,0.0,588.3333333
77,1005.666667,0.0,2111.341667
78,0.0,0.0,76.0
81,0.0,0.0,208.0
82,0.0,0.0,270.0
83,0.0,0.0,39.5
84,0.0,0.0,375.0
87,0.0,0.0,150.0
88,0.0,0.0,138.0
89,0.0,0.0,337.5
90,0.0,0.0,620.0333333
91,36.0,0.0,168.8461538
93,0.0,0.0,52.0
94,0.0,0.0,649.25
95,0.0,0.0,925.3333333
96,0.0,0.0,33.0
97,0.0,0.0,1566.5
98,0.0,0.0,105.0
99,0.0,0.0,50.0
100,0.0,0.0,644.2
101,18.33333333,0.0,2635.177778
102,61.0,0.0,607.0
103,0.0,0.0,415.0
104,31.0,16.0,2083.530952
105,58.5,0.0,281.6666667
106,0.0,0.0,27.0
107,0.0,0.0,215.0
108,0.0,0.0,162.0
109,0.0,0.0,114.0
110,326.25,94.0,5062.213753
111,0.0,0.0,253.0
114,22.0,0.0,436.5
115,0.0,93.0,1045.833333
116,0.0,0.0,317.8333333
117,0.0,0.0,1146.333333
118,0.0,0.0,577.0
119,0.0,0.0,95.0
120,0.0,0.0,301.5
121,0.0,0.0,243.0
122,0.0,0.0,135.5
123,0.0,75.0,442.3333333
124,0.0,0.0,41.0
125,0.0,0.0,292.9
127,0.0,0.0,1238.333333
128,0.0,0.0,225.4666667
129,462.0,0.0,1873.216667
130,0.0,0.0,13.0
131,0.0,0.0,222.0
132,20.0,0.0,214.8333333
134,0.0,0.0,2017.166667
135,111.5,0.0,449.0277778
136,0.0,0.0,158.1666667
137,0.0,0.0,303.6666667
138,0.0,0.0,25.0
139,0.0,0.0,42.0
140,103.625,0.0,1003.416667
142,0.0,0.0,272.5
143,19.0,0.0,344.0
145,0.0,19.0,852.0
146,0.0,0.0,780.0
147,0.0,0.0,1038.0
148,0.0,0.0,573.0
149,0.0,0.0,1231.233333
150,0.0,0.0,316.6666667
151,0.0,0.0,873.7365079
153,0.0,0.0,16.0
154,0.0,0.0,615.0
155,0.0,0.0,261.75
156,0.0,0.0,615.8831169
158,0.0,0.0,117.5
161,0.0,0.0,501.6666667
162,58.0,22.0,829.1666667
163,9.5,0.0,1223.0
164,0.0,0.0,467.0
165,0.0,0.0,737.1666667
166,0.0,0.0,129.0
167,0.0,0.0,63.0
168,0.0,0.0,125.0
169,0.0,0.0,684.3333333
170,0.0,0.0,665.4722222
171,0.0,0.0,487.5
172,0.0,0.0,437.1666667
173,0.0,0.0,55.0
175,41.3,0.0,446.9277778
176,87.0,0.0,320.5
177,0.0,0.0,666.0
178,0.0,0.0,405.7095238
180,0.0,0.0,163.25
181,0.0,0.0,284.25
184,0.0,0.0,260.0
185,0.0,1210.397619,279.8571429
186,0.0,0.0,927.45
187,9.0,0.0,836.8
188,293.7782051,153.0,3283.166739
189,111.5,48.5,1868.819697
190,47.0,51.0,3008.124108
192,1226.0,3.0,3230.25
193,52.0,0.0,319.0
194,0.0,0.0,42.0
195,0.0,0.0,354.3333333
196,0.0,0.0,3556.61241
197,56.0,144.0,2563.783333
198,112.9607843,0.0,3014.018519
199,0.0,0.0,840.2333333
200,94.0,125.0,1970.844805
201,32.0,0.0,2867.0
202,0.0,0.0,43.0
203,218.0,0.0,284.5
204,0.0,0.0,133.5
205,119.0,0.0,297.6666667
206,281.0,0.0,453.75
207,18.0,0.0,1331.75
208,40.0,0.0,558.5
209,107.0,0.0,145.8333333
210,0.0,0.0,731.0
211,49.0,127.0,188.0
212,0.0,0.0,565.3333333
213,0.0,0.0,50.0
214,57.0,0.0,591.0
215,2.0,261.0,281.0
216,123.0,306.3333333,483.8333333
217,118.0,0.0,42.0
218,0.0,0.0,1192.386111
219,0.0,0.0,198.0
220,0.0,0.0,15.0
221,38.0,0.0,643.0
222,0.0,0.0,23.0
223,0.0,0.0,14.0
224,54.0,0.0,210.5
225,993.0,0.0,1529.30467
226,0.0,0.0,19.0
227,74.25,84.0,1599.083333
228,0.0,0.0,102.5
229,0.0,0.0,2337.0
230,0.0,0.0,1883.5
231,32.0,0.0,1245.3
232,666.8333333,0.0,1674.583333
233,0.0,0.0,132.0
234,73.0,740.0,1434.255128
235,154.0,0.0,367.25
236,49.33333333,303.25,148.5
237,118.5,0.0,1482.210784
238,153.5,0.0,1048.492063
239,0.0,0.0,478.0
240,0.0,0.0,980.25
241,72.25,21.5,1124.693074
242,24.5,0.0,353.1666667
243,0.0,0.0,1489.083333
244,0.0,1220.0,2389.333333
245,0.0,0.0,753.0
246,0.0,0.0,688.1666667
247,0.0,0.0,811.0
248,22.0,0.0,415.25
249,155.6313131,0.0,908.013456
250,21.33333333,235.0,2753.378571
251,191.0,100.0,2452.582143
252,0.0,0.0,5188.5
254,0.0,0.0,57.0
255,0.0,0.0,8.0
256,96.5,0.0,1430.659091
257,13.0,0.0,20.0
258,1388.75,0.0,1373.75
259,0.0,0.0,844.25
260,0.0,0.0,188.0
261,51.0,0.0,527.375
263,158.0,64.0,1916.761905
264,0.0,0.0,116.3333333
265,0.0,0.0,397.0
266,0.0,0.0,5220.083333
267,0.0,0.0,219.3333333
268,0.0,0.0,74.0
269,0.0,0.0,1559.6
270,0.0,0.0,236.5
271,10.0,0.0,348.6666667
273,28.0,47.0,224.5
274,27.0,0.0,601.7666667
275,0.0,0.0,75.5
276,0.0,0.0,153.0
277,15.0,0.0,197.2
278,0.0,0.0,3658.5
279,0.0,0.0,1162.5
280,0.0,0.0,556.6
281,0.0,0.0,41.0
282,0.0,0.0,300.0714286
283,1249.809524,205.0,1626.625433
284,0.0,0.0,69.25
285,390.0,0.0,1169.1
286,0.0,0.0,402.0
288,0.0,0.0,3324.333333
289,215.5238095,70.0,3037.499952
290,0.0,0.0,59.0
291,11.0,0.0,1059.253472
292,20.0,0.0,720.0
293,0.0,0.0,905.4856061
295,8.0,14.33333333,603.6666667
296,0.0,0.0,328.9166667
297,0.0,0.0,778.8166667
298,171.25,0.0,851.5595238
300,0.0,0.0,227.5
301,227.3333333,0.0,528.9
302,0.0,0.0,872.8333333
304,0.0,0.0,835.0666667
305,0.0,0.0,82.5
306,0.0,0.0,13.0
307,0.0,0.0,9.0
308,0.0,0.0,7.0
309,0.0,0.0,94.5
310,86.0,0.0,267.3
311,0.0,0.0,3312.5
312,0.0,0.0,75.0
313,7.0,0.0,75.0
314,0.0,24.0,1547.5
315,186.9761905,40.0,1276.157071
316,138.0,136.0,2631.1
317,0.0,0.0,96.0
318,374.0,0.0,1370.0
319,61.0,0.0,97.0
320,14.0,0.0,1380.166667
321,38.0,0.0,1483.6
322,0.0,0.0,156.0
323,0.0,0.0,240.75
324,96.0,0.0,1238.5
325,615.25,0.0,2524.719048
326,111.0,0.0,54.0
327,147.0,0.0,35.0
328,0.0,0.0,175.9166667
329,53.16666667,0.0,263.6
330,58.0,0.0,101.8
332,48.5,0.0,1042.242857
333,21.0,116.0,613.6666667
334,115.3333333,0.0,1588.944444
335,0.0,929.0,4105.666667
336,8.0,0.0,269.5
337,32.28571429,0.0,1236.2
338,0.0,0.0,1384.016667
339,0.0,0.0,52.0
340,11.0,0.0,664.75
341,0.0,0.0,64.0
343,0.0,0.0,326.5
344,0.0,0.0,1690.977778
346,277.75,0.0,178.75
347,0.0,0.0,407.0
348,241.1666667,0.0,1513.566667
349,64.0,0.0,832.0909091
350,25.5,0.0,250.8333333
351,64.0,0.0,565.6666667
352,0.0,0.0,194.0
353,130.0,18.0,298.0
354,79.0,155.5,1743.066667
355,84.0,0.0,655.9166667
356,0.0,9.0,1992.833333
358,0.0,0.0,308.8635531
359,41.0,0.0,2749.666667
361,0.0,0.0,812.0
362,0.0,0.0,166.0
363,14.0,0.0,65.0
364,86.0,0.0,2450.688095
365,0.0,0.0,226.8333333
366,618.0,0.0,341.0
367,0.0,0.0,226.0
368,11.88888889,0.0,3510.879903
369,51.5,0.0,6.0
370,7.0,0.0,559.4
371,269.0,0.0,1109.883333
372,0.0,0.0,239.0
373,44.5,0.0,212.1666667
374,3.0,1165.166667,2820.952419
375,0.0,0.0,44.0
376,0.0,0.0,781.0
377,61.0,0.0,175.6666667
378,90.0,0.0,397.8846154
379,0.0,0.0,770.0285714
380,102.5,60.0,1034.975
381,0.0,0.0,12.0
382,0.0,0.0,8.0
383,17.0,0.0,399.8
385,213.3214286,528.0,2258.430586
386,0.0,0.0,254.0
387,0.0,0.0,67.0
388,0.0,0.0,57.0
389,0.0,0.0,240.4166667
390,0.0,0.0,551.1666667
391,71.5,0.0,1532.2
392,0.0,0.0,379.5
393,6.0,0.0,548.1857143
394,304.0,0.0,1735.301587
395,0.0,0.0,103.0
396,151.0,0.0,1406.1
397,199.75,0.0,331.4
398,13.5,28.0,1759.275703
400,191.2,654.3333333,1204.600433
401,47.0,0.0,1743.366667
402,0.0,0.0,236.0
403,197.0,246.0,427.0833333
404,115.125,0.0,909.522619
405,312.75,0.0,702.9166667
406,0.0,0.0,962.3333333
407,724.0,0.0,159.0
408,0.0,0.0,24.0
409,237.5,142.0,1569.625
410,66.33333333,0.0,424.8333333
411,0.0,0.0,154.8333333
412,190.0,0.0,758.4428571
413,174.0,18.5,305.875
414,227.0,0.0,62.0
415,23.0,0.0,656.25
416,0.0,0.0,617.5
417,0.0,39.0,245.0
418,0.0,0.0,20.0
420,0.0,0.0,22.0
421,26.0,0.0,872.4
423,0.0,0.0,1372.0
424,41.0,0.0,139.0
425,74.0,629.0,5042.458059
426,0.0,0.0,288.5
428,0.0,0.0,192.0
429,0.0,0.0,954.6666667
431,74.0,0.0,429.0
432,0.0,0.0,1546.5
433,45.0,0.0,96.46666667
434,112.0,0.0,198.8333333
435,0.0,0.0,181.0
436,37.0,0.0,208.5
437,0.0,0.0,517.4238095
438,0.0,0.0,358.0666667
439,5.5,0.0,339.25
440,50.0,0.0,796.0
441,0.0,0.0,1759.416667
442,26.0,0.0,3277.0
443,0.0,0.0,265.1666667
444,113.5,0.0,437.2
445,0.0,0.0,92.0
446,279.0,0.0,0.0
447,228.0,267.5,1266.267677
448,55.0,4.0,19.0
449,112.5,0.0,1882.113409
450,17.0,0.0,616.4
451,0.0,0.0,155.0
452,0.0,0.0,814.5
453,0.0,0.0,460.4166667
454,0.0,0.0,819.5
455,8.5,0.0,659.2
456,0.0,0.0,427.0
458,0.0,0.0,766.5
460,0.0,0.0,2425.0
461,319.5,0.0,416.5
462,0.0,0.0,638.6428571
463,0.0,132.0,445.0
464,0.0,0.0,81.0
465,0.0,0.0,1985.0
466,97.5,0.0,758.1444444
467,182.0833333,0.0,310.9
468,97.0,0.0,482.0
470,34.83333333,0.0,709.8333333
471,0.0,57.0,4547.166667
472,0.0,0.0,1040.0
473,0.0,0.0,223.0
474,0.0,14.0,687.5
475,0.0,0.0,632.5833333
476,77.0,0.0,312.0
477,107.0,0.0,2502.966667
478,614.1666667,0.0,3608.9
479,315.9666667,0.0,406.575
481,0.0,0.0,2487.5
482,0.0,0.0,212.8
483,11.0,0.0,510.0
485,47.66666667,0.0,72.33333333
486,0.0,0.0,96.5
487,0.0,0.0,267.0
488,0.0,0.0,481.1666667
489,0.0,0.0,2528.0
490,30.0,148.5,1530.194444
491,0.0,0.0,289.5
492,0.0,0.0,10.0
493,0.0,0.0,676.75
494,0.0,0.0,36.0
495,25.0,0.0,65.0
496,0.0,0.0,630.75
497,359.0,954.0,336.5
498,0.0,0.0,77.0
499,59.0,0.0,44.66666667
500,1347.75,0.0,3410.875
501,0.0,0.0,322.5
502,0.0,0.0,919.0
503,280.95,762.5,2096.911364
504,100.3,0.0,2868.133333
505,23.0,0.0,1058.893939
506,53.38095238,0.0,54.38095238
507,8.0,0.0,543.5
508,0.0,0.0,1089.0
509,0.0,60.0,1131.808333
510,0.0,0.0,314.5
511,416.3928571,449.3333333,11301.20416
512,573.5,0.0,1946.942857
514,465.8333333,71.0,1558.0
515,0.0,212.5,1198.75
517,0.0,0.0,927.1666667
518,97.64285714,0.0,584.5958874
519,0.0,0.0,135.5
520,148.0,0.0,292.5
521,0.0,0.0,68.5
522,58.0,0.0,364.1666667
523,0.0,0.0,694.3
524,3.0,0.0,236.0
525,97.61111111,0.0,1128.468254
526,57.0,0.0,81.0
527,34.0,0.0,521.5
528,0.0,0.0,496.75
529,0.0,0.0,104.8333333
530,7.0,0.0,45.0
531,37.5,0.0,492.5
532,3.0,0.0,624.75
534,0.0,0.0,116.5
535,0.0,0.0,144.0
536,22.5,0.0,686.3222222
537,0.0,1411.0,1411.0
538,0.0,0.0,126.0
539,0.0,0.0,185.0
540,0.0,0.0,218.0
542,0.0,0.0,484.672619
543,0.0,0.0,439.8333333
544,38.0,0.0,733.7
545,77.0,447.0,1469.702381
546,58.5,125.0,485.8333333
547,0.0,0.0,19.0
548,99.33333333,28.5,345.5
549,117.0,0.0,543.8
550,0.0,0.0,48.0
551,16.66666667,0.0,343.3690476
552,0.0,0.0,171.0
553,81.5,0.0,2202.579167
554,0.0,0.0,299.5
556,0.0,90.0,1056.5
557,34.0,0.0,627.3083333
558,38.5,0.0,583.8333333
559,0.0,0.0,221.5
560,0.0,0.0,441.7916667
561,156.25,0.0,1037.355013
562,15.0,0.0,246.0
563,0.0,0.0,10.0
564,0.0,18.0,46.0
565,0.0,0.0,801.802381
566,19.0,0.0,1361.166667
567,0.0,0.0,53.0
568,7.0,0.0,2648.5
569,0.0,0.0,27.0
570,0.0,0.0,255.0
571,0.0,0.0,221.5
572,0.0,0.0,225.0
573,0.0,0.0,125.0
574,0.0,0.0,323.0
575,67.5,245.0,1929.329762
576,311.4090909,0.0,4233.4807
577,0.0,0.0,116.0
579,14.0,0.0,1585.666667
580,145.0,0.0,644.0
581,0.0,0.0,488.5
582,0.0,15.0,1235.65
583,43.0,0.0,1505.166667
584,0.0,0.0,495.0
585,84.0,0.0,270.0
587,120.0,0.0,293.0
588,0.0,0.0,2122.656061
589,0.0,0.0,1231.160256
591,0.0,0.0,341.6666667
593,0.0,0.0,1686.333333
594,263.0,0.0,212.0
595,0.0,0.0,2161.979365
596,72.94444444,125.0952381,318.0730159
597,0.0,0.0,13.0
598,0.0,0.0,390.6666667
599,0.0,0.0,253.0
600,18.5,0.0,208.0
601,87.33333333,0.0,1470.853037
602,99.60588235,0.0,2585.61835
603,63.0,0.0,400.3333333
604,68.0,103.0,808.5
605,0.0,0.0,1484.0
606,0.0,0.0,505.0
607,68.5,0.0,1121.205556
608,135.0,0.0,141.0
609,0.0,0.0,234.0
610,34.0,0.0,179.0
611,176.25,404.0,2720.671429
612,315.1449864,147.8666667,6255.017866
613,523.2142857,263.0,2309.732468
614,76.0,0.0,1936.55
615,118.6666667,0.0,694.0
616,0.0,0.0,125.0
617,174.5,0.0,195.5
618,40.0,0.0,1400.5
619,201.1666667,41.0,914.1666667
620,374.875,53.0,5958.071931
621,56.0,0.0,270.4916667
622,92.83333333,0.0,463.8166667
623,0.0,0.0,371.5
624,0.0,0.0,13.0
625,4.0,148.5,185.8333333
626,102.0,0.0,502.8333333
627,0.0,0.0,1016.5
628,11.0,0.0,253.0
629,0.0,126.0,887.0666667
630,0.0,0.0,3200.366667
631,187.0,41.0,1769.697383
632,0.0,0.0,1037.5
633,185.0,0.0,1694.75
634,0.0,0.0,1643.435516
635,0.0,0.0,383.5
636,166.2,371.0,626.2213675
637,0.0,0.0,34.0
638,0.0,0.0,1070.461905
640,84.0,0.0,195.0
641,86.0,0.0,1187.833333
642,754.1095238,77.0,1021.619336
643,24.0,0.0,58.0
644,0.0,0.0,771.0833333
645,17.34848485,0.0,291.2589744
646,0.0,0.0,695.4
647,15.0,0.0,21.0
648,0.0,0.0,1594.283333
649,36.0,395.0,343.5833333
650,34.0,0.0,2241.002381
651,0.0,0.0,5.0
652,0.0,0.0,63.0
653,47.0,0.0,825.0833333
654,0.0,0.0,1357.61783
655,44.5,4.0,836.3333333
656,125.5,0.0,1409.416667
657,0.0,0.0,60.5
658,42.0,54.0,420.0
661,0.0,0.0,389.0
662,95.0,0.0,449.5
663,56.5,0.0,202.1666667
664,0.0,0.0,17.0
665,0.0,0.0,689.2857143
666,134.9285714,41.0,2013.595238
667,0.0,0.0,933.4166667
668,64.0,0.0,371.2272727
669,68.0,0.0,306.0
670,20.5,0.0,719.7380952
672,0.0,0.0,56.0
673,11.33333333,0.0,302.3888889
674,0.0,0.0,491.6666667
675,504.0,0.0,922.0833333
676,25.0,0.0,667.9166667
677,20.0,0.0,181.5
678,19.66666667,0.0,512.1111111
679,13.0,0.0,317.0
680,0.0,0.0,85.66666667
681,0.0,0.0,128.5
682,76.33333333,0.0,78.83333333
683,45.44444444,40.66666667,851.6426534
684,31.0,0.0,1400.438961
685,0.0,0.0,84.0
686,0.0,0.0,167.2222222
687,0.0,0.0,396.5
688,0.0,0.0,22.0
689,0.0,0.0,371.0
690,0.0,399.3333333,1814.583333
691,0.0,0.0,30.5
692,0.0,0.0,644.0
693,125.1666667,0.0,1802.25
694,13.0,0.0,855.1666667
695,72.66666667,345.0,879.9090909
696,100.9166667,0.0,1432.223333
697,60.0,23.0,2524.501905
698,49.5,29.5,1545.5
699,466.5,75.25,1616.425824
700,0.0,0.0,332.0
701,0.0,0.0,40.0
702,175.2307692,0.0,2224.85
703,96.85714286,0.0,672.5452381
704,0.0,0.0,551.0
705,402.1857143,116.0,3179.354257
706,0.0,0.0,203.0
707,178.2,0.0,368.2
708,156.5,122.0,694.7121212
709,58.0,0.0,657.2619048
710,0.0,0.0,974.6666667
711,43.0,0.0,1223.347222
712,0.0,0.0,276.0
713,0.0,844.0,1108.0
714,0.0,0.0,223.0
715,0.0,0.0,261.0
716,0.0,0.0,1372.7
717,306.0,0.0,964.5
718,72.0,0.0,461.5
719,0.0,0.0,41.0
720,202.0,0.0,8.0
722,0.0,0.0,39.25
723,359.3,407.0,5485.105556
724,0.0,0.0,450.0
726,0.0,0.0,438.3333333
727,39.0,0.0,787.0
729,0.0,0.0,319.0
730,0.0,0.0,1148.0
731,41.5,60.5,534.5
732,0.0,0.0,644.4
733,0.0,0.0,875.0
734,123.0,0.0,873.0
735,42.0,0.0,3121.369048
736,0.0,81.0,3214.020563
737,0.0,0.0,14.0
738,22.0,0.0,1551.666667
739,95.5,0.0,334.5
740,48.66666667,0.0,3726.333333
741,294.7,329.5,2816.781781
742,0.0,0.0,667.1666667
743,0.0,0.0,1202.904762
745,0.0,0.0,1117.333333
746,0.0,0.0,211.0
747,125.0,70.0,705.4
748,12.0,24.0,5.333333333
749,10.5,0.0,525.0
750,0.0,0.0,635.3333333
751,0.0,0.0,1803.768849
752,99.0,0.0,2419.133333
753,171.0833333,0.0,952.2857143
754,159.5,0.0,249.0
755,5.0,0.0,271.0
756,206.0,0.0,650.6961927
757,40.0,162.0,481.6666667
758,0.0,0.0,258.5
759,0.0,0.0,510.5
760,0.0,0.0,600.75
761,262.25,298.0,2302.021242
762,44.0,0.0,1636.016667
763,0.0,0.0,519.75
765,0.0,0.0,673.0
766,0.0,0.0,173.5
767,0.0,0.0,156.5333333
768,0.0,0.0,574.5333333
769,62.5,0.0,548.3333333
770,937.1746032,357.0,6682.677557
771,48.0,0.0,1671.375
772,0.0,0.0,1390.166667
773,437.3913043,235.55,2503.881781
774,159.3333333,0.0,520.6666667
776,32.5,0.0,423.8166667
777,0.0,30.0,1114.916667
778,212.7416667,104.0,1678.905125
779,0.0,0.0,438.8666667
780,16.33333333,0.0,505.5833333
781,0.0,0.0,76.0
782,0.0,0.0,203.5
783,130.0,0.0,818.7916667
784,15.0,17.0,490.0
785,0.0,0.0,645.9166667
786,0.0,0.0,142.0
787,0.0,0.0,25.0
788,44.0,0.0,672.5
789,140.5,0.0,1090.490476
790,0.0,0.0,30.0
791,0.0,0.0,244.1666667
792,0.0,0.0,129.5
793,56.0,88.0,1734.780952
794,281.0,0.0,145.0
795,88.0,0.0,1106.333333
796,0.0,0.0,684.9166667
797,110.4090909,51.0,3120.211102
798,0.0,0.0,1178.666667
799,0.0,0.0,58.0
800,316.1405025,321.6666667,12983.78771
801,0.0,0.0,139.0
802,27.0,0.0,558.0
803,74.0,26.0,893.5111111
804,0.0,0.0,26.5
807,0.0,0.0,708.5333333
808,0.0,0.0,244.0
809,140.0,0.0,130.0
810,119.0,0.0,1282.5
811,301.7,336.5,1981.016667
812,0.0,0.0,186.5
813,0.0,0.0,119.0
814,0.0,0.0,1310.5
815,0.0,0.0,1111.0
816,113.5,0.0,1066.5
817,421.0,0.0,110.5
818,115.0,0.0,36.0
819,0.0,76.5,850.5333333
820,0.0,0.0,16.0
821,9.0,0.0,49.0
822,0.0,0.0,214.25
824,0.0,0.0,141.8333333
825,0.0,0.0,143.5
826,0.0,0.0,5818.916667
827,208.0,50.0,1461.666667
828,0.0,0.0,123.0
829,193.0,13.0,2049.458471
830,3.0,0.0,271.7166667
831,87.5,20.0,1279.166667
833,0.0,0.0,70.5
834,42.18181818,0.0,231.1818182
835,132.5,0.0,1567.966667
836,163.6666667,0.0,119.3333333
837,83.0,0.0,605.8857143
838,117.8333333,0.0,502.547619
839,95.0,0.0,808.7
840,0.0,0.0,58.0
841,60.0,0.0,494.5
842,0.0,0.0,203.15
843,55.5,0.0,1656.316667
844,0.0,0.0,1420.25
845,160.5,1467.0,721.0
846,64.33333333,13.0,1433.916667
847,73.33333333,0.0,478.8333333
848,0.0,0.0,182.0
849,215.2333333,450.0,1974.352381
850,81.5,0.0,223.5833333
851,0.0,26.0,817.4166667
852,201.5,0.0,750.1666667
853,0.0,0.0,13.0
854,492.4166667,384.0,4699.277778
855,146.25,0.0,1030.266667
856,156.2690476,90.0,776.0190476
857,0.0,0.0,558.0
858,13.61904762,0.0,520.3333333
859,0.0,0.0,349.5
860,14.0,0.0,754.5
861,0.0,0.0,305.0
862,0.0,0.0,399.8511905
863,12.0,0.0,74.0
864,352.5,0.0,696.6666667
865,0.0,0.0,59.0
866,0.0,0.0,50.0
867,92.75,74.75,2756.215152
868,0.0,0.0,425.1666667
869,0.0,0.0,1781.69697
870,168.0,0.0,296.1666667
872,179.5,0.0,1792.8
874,274.5,0.0,515.5757576
875,64.5,0.0,1334.551371
876,0.0,0.0,64.0
877,4.0,102.0,624.5833333
878,171.6666667,109.75,1284.663492
879,0.0,0.0,316.5
880,0.0,0.0,925.8333333
881,0.0,0.0,97.0
882,0.0,0.0,28.0
883,311.9166667,0.0,633.4
884,98.5,0.0,436.5
885,867.922619,0.0,3909.36829
886,147.0,0.0,24.0
887,27.0,0.0,915.1666667
888,106.75,0.0,137.3333333
889,0.0,0.0,95.0
891,0.0,0.0,778.1666667
892,55.0,47.0,1842.95
893,0.0,0.0,1206.0
894,0.0,0.0,324.5
895,241.6666667,229.0,1054.944444
896,0.0,0.0,402.1666667
897,47.0,0.0,388.0
899,35.0,0.0,352.0
900,0.0,0.0,194.0
901,0.0,0.0,751.8
902,0.0,0.0,465.5
903,0.0,0.0,585.0
904,0.0,0.0,253.5
905,33.0,84.5,46.5
906,152.5,243.5,3065.945238
907,828.0526316,389.3666667,2099.930554
908,0.0,0.0,30.0
909,0.0,0.0,52.0
910,162.0,75.5,158.5
911,539.5,0.0,0.0
912,0.0,0.0,250.5
913,120.5,0.0,3960.646154
914,0.0,0.0,280.0
915,0.0,0.0,281.547619
916,12.0,0.0,2004.5
917,285.0119048,0.0,967.210697
918,0.0,0.0,100.0
919,198.5,158.0,73.21428571
920,224.0,32.0,789.35
921,0.0,0.0,1281.0
922,162.5,44.5,1115.266667
924,77.5,92.0,341.2916667
925,192.5,0.0,3000.666667
926,148.8,81.33333333,1715.687897
927,0.0,0.0,607.0
928,0.0,0.0,31.0
929,0.0,0.0,1027.657143
931,0.0,0.0,196.5
932,1521.0,64.0,2284.687302
933,112.2666667,0.0,1503.490909
935,150.0,0.0,271.3333333
936,0.0,0.0,97.33333333
937,0.0,0.0,161.3333333
938,0.0,32.5,67.0
939,0.0,0.0,1006.257576
940,167.5,0.0,869.9
941,57.0,0.0,479.8666667
942,345.0,0.0,229.5
944,0.0,0.0,606.0
945,267.1666667,0.0,881.4416667
947,123.0,0.0,371.6666667
949,1373.5,0.0,2798.07381
950,29.0,0.0,12.0
951,0.0,0.0,1185.666667
952,0.0,0.0,60.0
953,29.5,0.0,6770.274267
954,0.0,0.0,337.25
955,0.0,0.0,323.9166667
956,79.33333333,242.0555556,1142.816919
958,0.0,0.0,148.5
959,16.0,0.0,207.0
960,0.0,0.0,11.0
961,0.0,0.0,53.0
962,33.0,0.0,354.0
963,139.0,0.0,277.1428571
964,47.0,0.0,411.625
965,0.0,0.0,392.1428571
966,54.5,0.0,3135.517677
967,272.5,52.25,1127.288305
968,0.0,0.0,954.4702381
969,0.0,0.0,3506.166667
970,0.0,0.0,370.3809524
971,169.0,0.0,50.0
972,59.25,0.0,139.25
973,175.0,0.0,270.5
974,0.0,0.0,321.0
976,159.0,0.0,64.75
977,0.0,0.0,26.5
978,0.0,0.0,927.2777778
979,0.0,0.0,141.1666667
980,247.3333333,369.0,7221.0
981,0.0,0.0,218.5
982,78.33333333,0.0,262.5
983,0.0,0.0,469.4166667
984,16.0,0.0,1240.916667
985,8.0,0.0,143.5
986,0.0,0.0,101.0
987,267.5,0.0,62.5
988,14.0,0.0,156.0
989,0.0,0.0,104.0
990,17.0,0.0,1349.0
991,12.0,0.0,331.25
992,114.75,0.0,301.5
993,0.0,0.0,157.5714286
995,0.0,0.0,224.9583333
996,10.0,0.0,1152.5
997,164.5,3.0,2292.679762
998,0.0,0.0,329.0
999,0.0,0.0,111.6666667
1000,0.0,0.0,1074.428571
1001,0.0,0.0,1080.047619
1002,387.5,0.0,666.9464286
1003,123.0,0.0,239.0
1004,272.5,0.0,279.9
1006,0.0,0.0,1674.0
1007,0.0,0.0,15.0
1008,0.0,0.0,480.9666667
1009,0.0,0.0,62.0
1010,320.5,0.0,1841.171429
1011,0.0,0.0,37.5
1012,35.0,0.0,131.3
1013,0.0,0.0,92.0
1014,0.0,0.0,78.33333333
1015,0.0,0.0,114.6
1016,34.0,0.0,671.0
1017,47.0,0.0,624.0
1018,11.0,123.3333333,448.75
1019,0.0,0.0,35.0
1020,13.0,0.0,79.5
1021,0.0,0.0,189.5
1022,36.0,0.0,2190.666667
1025,0.0,0.0,672.5
1026,33.0,0.0,2502.816667
1027,97.0,281.5,1778.125214
1028,0.0,0.0,49.5
1029,0.0,0.0,261.0
1030,37.0,0.0,663.5
1031,55.0,0.0,284.9
1032,0.0,0.0,236.0
1033,26.0,0.0,576.0833333
1034,0.0,0.0,77.0
1036,0.0,0.0,79.0
1037,24.5,710.0,4566.952839
1038,24.0,125.5,8646.0
1039,0.0,0.0,600.5
1040,0.0,0.0,434.5
1041,0.0,0.0,499.4
1042,122.0,87.0,1694.797619
1043,123.0,0.0,181.5
1044,308.0,0.0,1306.151974
1045,0.0,0.0,75.0
1046,0.0,0.0,61.0
1047,0.0,0.0,1165.333333
1049,0.0,0.0,70.83333333
1050,72.5,0.0,649.3071429
1051,21.0,61.0,1647.152381
1052,233.0833333,63.0,3135.442572
1053,0.0,0.0,181.3333333
1054,0.0,0.0,159.0
1055,315.0,0.0,465.8333333
1056,0.0,0.0,112.0
1057,0.0,0.0,952.9666667
1058,0.0,0.0,372.8333333
1059,192.5,0.0,327.0
1061,0.0,0.0,1057.0
1062,0.0,0.0,12.0
1063,0.0,0.0,36.0
1064,43.5,0.0,2264.333333
1065,76.0,0.0,866.0
1066,0.0,0.0,97.0
1067,0.0,0.0,701.5424242
1068,35.0,0.0,979.0833333
1069,13.0,0.0,324.7692308
1070,160.0952381,94.5,1682.870247
1071,0.0,0.0,210.0
1072,0.0,0.0,332.0
1073,45.0,0.0,1610.916667
1074,177.1666667,0.0,1188.566667
1075,0.0,0.0,98.0
1076,0.0,36.33333333,1663.683333
1077,43.5,0.0,930.3
1078,0.0,0.0,1003.0
1079,0.0,0.0,69.0
1080,0.0,0.0,1199.725758
1081,0.0,0.0,1524.058333
1082,0.0,45.0,624.0
1083,0.0,0.0,1229.766667
1084,0.0,0.0,972.6
1085,159.0,0.0,438.4333333
1086,0.0,0.0,270.0
1087,0.0,0.0,333.0
1088,0.0,0.0,504.2333333
1089,0.0,0.0,845.5
1090,54.0,237.0,744.5
1091,0.0,0.0,1129.0
1092,34.0,0.0,358.0
1093,0.0,0.0,832.0
1094,0.0,0.0,36.5
1095,0.0,0.0,157.0
1096,36.0,0.0,71.33333333
1097,196.0,138.5,227.5
1098,0.0,56.0,1054.309524
1099,0.0,0.0,308.1666667
1100,0.0,0.0,229.25
1101,0.0,29.0,225.8333333
1102,21.0,26.0,326.5833333
1103,231.0,8.0,3486.690476
1104,0.0,0.0,863.3333333
1105,0.0,0.0,67.0
1106,1011.361111,171.5,1405.131241
1107,60.0,61.0,1031.704762
1108,0.0,0.0,917.0833333
1109,61.0,0.0,573.6571429
1110,0.0,0.0,94.5
1111,0.0,0.0,238.1666667
1112,227.0,0.0,164.0
1113,0.0,14.0,750.5904762
1114,464.0,0.0,1834.083333
1115,0.0,0.0,606.8333333
1116,0.0,300.0,509.1214286
1117,0.0,0.0,19.0
1118,80.42857143,0.0,5900.351378
1121,0.0,0.0,449.3333333
1122,0.0,0.0,200.0
1123,61.5,0.0,946.1666667
1125,0.0,0.0,514.0
1126,58.0,0.0,64.0
1127,0.0,0.0,210.0
1128,243.0,0.0,1180.5
1129,0.0,0.0,771.5
1130,4.0,0.0,1096.75
1131,0.0,0.0,381.6666667
1132,210.6666667,127.0,1509.594444
1133,0.0,0.0,69.0
1135,0.0,0.0,103.0
1136,0.0,0.0,36.5
1137,0.0,0.0,226.0
1138,156.1428571,0.0,1181.198413
1139,0.0,0.0,1394.666667
1140,282.0,0.0,326.0
1141,0.0,0.0,459.8307692
1142,512.8333333,278.0,162.0
1145,112.0,0.0,2043.5
1146,73.5,0.0,663.4666667
1147,184.6888889,0.0,7669.250794
1148,75.16666667,0.0,115.1666667
1149,0.0,0.0,296.45
1150,0.0,0.0,2633.869048
1151,0.0,0.0,392.0
1152,19.0,0.0,748.6666667
1153,302.0,0.0,834.6666667
1154,0.0,0.0,5.0
1156,0.0,0.0,11.0
1157,0.0,37.0,497.3333333
1158,117.3333333,0.0,631.9896825
1159,0.0,0.0,315.6
1160,7.0,0.0,183.3333333
1161,0.0,0.0,192.1666667
1162,0.0,0.0,1296.6
1163,0.0,0.0,17.0
1164,0.0,41.0,698.0
1165,14.0,0.0,1093.142857
1166,5.0,0.0,2397.5
1167,107.0,0.0,56.0
1168,31.0,62.0,196.2
1169,0.0,0.0,39.66666667
1172,0.0,42.0,408.3333333
1174,7.0,0.0,906.5666667
1175,0.0,0.0,149.0
1176,0.0,0.0,1224.75
1178,52.0,17.66666667,1262.0
1179,0.0,0.0,207.0
1180,19.0,0.0,115.6666667
1182,0.0,0.0,321.5
1183,204.0833333,0.0,3552.702381
1184,151.0,0.0,716.3571429
1185,98.0,0.0,343.0
1186,52.0,24.0,3763.166667
1187,0.0,0.0,272.5
1188,0.0,0.0,81.0
1189,600.4230769,0.0,1883.827222
1190,0.0,0.0,251.6666667
1191,132.0,0.0,1413.333333
1192,0.0,0.0,79.5
1193,23.0,0.0,83.0
1194,20.0,0.0,584.5
1195,39.0,0.0,940.8333333
1196,152.8333333,0.0,791.6666667
1197,0.0,0.0,4346.541667
1198,0.0,0.0,50.5
1199,0.0,0.0,74.0
1200,0.0,0.0,83.0
1201,16.66666667,0.0,2593.741667
1202,0.0,0.0,59.0
1203,197.0,219.0,1518.761111
1204,0.0,0.0,62.0
1205,0.0,0.0,365.4
1206,15.0,0.0,50.5
1207,0.0,0.0,468.0
1208,710.3333333,0.0,7533.272727
1209,84.0,0.0,1059.0
1210,0.0,0.0,52.0
1211,151.0,0.0,892.0
1212,83.5,0.0,430.5
1213,0.0,0.0,132.6333333
1216,0.0,0.0,363.3181818
1217,0.0,0.0,73.0
1218,0.0,0.0,612.0
1219,848.1428571,388.6666667,595.0095238
1220,0.0,0.0,495.0
1221,0.0,0.0,49.5
1222,130.8333333,109.0,1813.208333
1223,0.0,0.0,218.0
1224,0.0,0.0,102.0
1225,27.0,0.0,1278.090909
1226,0.0,0.0,25.0
1227,0.0,445.0,996.5166667
1228,0.0,0.0,69.5
1229,0.0,0.0,1530.248485
1230,12.0,0.0,2595.280952
1231,0.0,0.0,471.5
1232,281.6309524,0.0,923.6757353
1233,0.0,0.0,153.0
1234,160.0,0.0,3946.008333
1235,0.0,0.0,648.4
1236,0.0,0.0,56.0
1238,0.0,0.0,263.0
1239,0.0,0.0,193.0
1240,0.0,0.0,38.0
1241,0.0,0.0,116.0
1242,31.33333333,0.0,1077.869048
1243,0.0,0.0,266.3333333
1244,0.0,0.0,17.0
1245,0.0,0.0,67.5
1246,81.0,0.0,499.6666667
1247,5.5,0.0,286.0
1248,81.0,0.0,112.7285714
1249,18.0,0.0,1571.0
1250,0.0,0.0,241.0
1251,0.0,0.0,187.0
1252,91.0,338.0,451.0
1253,85.5,0.0,1741.483333
1254,42.0,80.5,838.6833333
1255,36.33333333,53.0,406.0
1256,0.0,0.0,437.1875
1257,33.0,0.0,898.5
1258,0.0,0.0,215.75
1259,110.25,0.0,266.5833333
1260,0.0,0.0,546.0
1261,0.0,0.0,2156.0
1262,0.0,0.0,557.1666667
1263,27.0,35.0,461.05
1264,0.0,0.0,1473.333333
1265,155.5,0.0,474.8333333
1267,0.0,0.0,212.0
1268,487.5,0.0,500.0
1269,0.0,56.0,369.0
1270,0.0,0.0,136.6666667
1271,0.0,0.0,243.2
1272,0.0,0.0,459.0
1273,376.8,105.6666667,441.4666667
1274,985.5,308.0,328.0
1275,0.0,0.0,36.0
1276,0.0,0.0,518.6666667
1277,606.0,33.0,631.4583333
1278,1640.590909,0.0,1849.833333
1279,0.0,0.0,436.0
1280,0.0,0.0,132.0
1281,63.0,0.0,850.3333333
1282,228.0277778,32.0,457.7957265
1283,0.0,0.0,143.0
1284,136.5555556,0.0,3224.819084
1285,76.0,0.0,1038.845238
1287,0.0,0.0,216.0
1288,11.0,0.0,363.6666667
1289,0.0,0.0,1314.25
1290,0.0,0.0,146.0
1291,0.0,0.0,228.0
1293,0.0,0.0,419.75
1294,0.0,0.0,270.0
1295,1.333333333,0.0,395.2222222
1296,0.0,0.0,9.0
1297,0.0,0.0,945.0108696
1298,0.0,0.0,90.0
1299,0.0,55.0,936.8333333
1300,0.0,0.0,8.0
1301,0.0,0.0,447.5
1302,310.0,73.0,416.4
1303,1417.5,0.0,1051.248276
1304,960.0,0.0,1218.0
1305,18.0,0.0,756.3333333
1306,0.0,0.0,210.0
1307,52.0,0.0,427.0833333
1308,0.0,0.0,31.0
1309,0.0,0.0,388.0
1310,0.0,0.0,151.5
1311,18.33333333,0.0,1387.606061
1312,106.0,0.0,1418.0
1313,91.88888889,0.0,437.2222222
1314,18.0,0.0,411.5
1315,36.0,0.0,142.0
1316,0.0,28.0,474.6666667
1317,17.0,0.0,1415.625
1319,139.5,0.0,1448.752381
1320,0.0,0.0,96.5
1321,178.0,209.0,2777.666667
1322,180.0,0.0,1436.5
1323,107.3333333,0.0,224.0
1324,52.0,7.0,3087.0
1325,211.0,58.0,3424.583333
1327,0.0,46.0,546.0
1328,4.0,0.0,1418.5
1329,69.0,0.0,423.0
1330,183.25,21.0,651.4
1331,55.0,0.0,249.5
1332,0.0,0.0,337.0
1334,0.0,0.0,1377.769697
1335,0.0,83.0,223.0
1336,3.0,373.0,66.83333333
1337,613.6666667,0.0,957.0
1338,0.0,0.0,135.0
1339,0.0,0.0,1166.72619
1340,11.92307692,139.0,4099.737392
1341,0.0,0.0,31.0
1342,8.0,101.0,205.9761905
1343,7.0,141.0,1644.0
1344,102.0,0.0,268.0
1345,0.0,0.0,158.5
1346,7.0,0.0,298.0
1347,1499.571429,186.0,2905.943651
1348,0.0,0.0,419.0
1349,0.0,0.0,279.0
1350,0.0,0.0,1286.688889
1351,74.0,0.0,1616.083333
1352,1223.0,416.0,2755.67094
1353,0.0,0.0,655.7833333
1354,206.3333333,0.0,917.35
1355,67.0,0.0,353.0
1356,0.0,0.0,27.0
1358,242.0,0.0,286.0
1359,0.0,0.0,835.8333333
1360,217.8333333,23.5,338.1272727
1361,0.0,0.0,22.0
1362,136.6666667,9.5,1572.571429
1363,739.2091954,16.0,1321.059195
1365,0.0,0.0,187.0
1366,33.0,0.0,502.4583333
1368,14.0,0.0,1424.928571
1369,68.5,845.0,2448.784448
1370,91.83333333,0.0,1480.666667
1371,31.0,0.0,25.5
1372,0.0,0.0,236.0
1373,58.0,0.0,952.4345238
1374,0.0,0.0,182.0
1375,0.0,0.0,854.3333333
1376,0.0,0.0,39.0
1377,0.0,0.0,1332.833333
1378,89.75,0.0,467.9166667
1379,9.5,0.0,674.25
1380,165.5,0.0,2207.391667
1381,0.0,0.0,300.0
1383,0.0,0.0,177.5
1384,0.0,0.0,311.5
1385,57.0,0.0,486.5166667
1386,0.0,255.0,1418.25
1387,13.0,0.0,391.85
1388,63.0,0.0,142.6666667
1389,134.0,0.0,1659.319697
1392,0.0,0.0,1560.601163
1393,34.0,0.0,1451.227362
1394,67.07142857,0.0,2588.958333
1396,0.0,0.0,80.0
1398,87.5,0.0,496.5833333
1399,22.0,0.0,678.2738095
1400,0.0,0.0,55.0
1401,0.0,0.0,34.0
1402,17.5,0.0,163.0
1403,0.0,0.0,286.5
1404,0.0,0.0,1395.258333
1405,14.0,0.0,90.0
1406,69.33333333,0.0,142.0
1407,148.0,0.0,416.6666667
1408,85.0,208.5,413.8
1409,0.0,0.0,403.0
1410,0.0,0.0,106.0
1411,103.0,41.0,515.0
1412,0.0,0.0,392.0
1414,33.0,0.0,1720.0
1415,69.5,0.0,226.5
1416,0.0,0.0,130.1666667
1417,77.5,0.0,192.9333333
1418,171.0,0.0,745.3333333
1419,94.0,0.0,97.0
1420,0.0,0.0,233.0
1421,64.14285714,0.0,1409.809524
1422,0.0,0.0,448.5
1423,0.0,0.0,73.75
1424,143.0,20.5,386.15
1425,26.0,0.0,638.8333333
1426,221.0,0.0,489.5833333
1427,10.0,0.0,660.8166667
1428,118.0,67.0,1489.144444
1429,0.0,0.0,2270.833333
1430,38.0,0.0,121.0
1431,0.0,0.0,296.0
1432,124.0,0.0,0.0
1433,0.0,0.0,481.8333333
1434,117.0,0.0,309.9333333
1435,0.0,0.0,55.0
1436,75.0,0.0,851.0
1438,0.0,0.0,55.0
1439,0.0,0.0,88.33333333
1440,94.0,0.0,893.1
1441,219.0,0.0,526.3333333
1442,45.0,0.0,535.3459596
1443,60.83333333,0.0,884.6333333
1444,0.0,0.0,24.0
1445,0.0,100.0,2175.993651
1446,14.0,0.0,57.0
1447,0.0,0.0,1028.116667
1448,0.0,0.0,93.0
1449,182.6480519,291.5,1373.464719
1450,154.2916667,0.0,991.3678571
1451,0.0,0.0,1.0
1452,0.0,0.0,147.25
1455,0.0,0.0,1225.5
1456,0.0,0.0,183.0
1457,0.0,0.0,250.8
1458,17.0,105.0,148.25
1459,32.0,70.0,504.0833333
1460,0.0,0.0,1650.416667
1461,0.0,0.0,2743.216667
1462,108.2,0.0,1288.533333
1463,0.0,0.0,447.5
1464,1559.75,7.0,1663.761905
1465,249.1666667,0.0,1165.583333
1466,37.0,0.0,17.0
1467,0.0,60.5,1038.916667
1468,0.0,0.0,249.5
1469,65.0,34.0,1302.5
1470,0.0,0.0,172.5
1471,143.1666667,0.0,925.947619
1472,66.33333333,58.16666667,1524.702381
1473,14.0,0.0,288.0
1475,0.0,31.0,47.0
1477,0.0,0.0,63.0
1478,0.0,0.0,1476.3
1479,0.0,0.0,685.0
1480,102.5333333,0.0,2396.690316
1481,0.0,0.0,451.8333333
1482,0.0,0.0,1512.52381
1483,85.0,0.0,306.5
1484,0.0,0.0,62.0
1485,197.8,0.0,3332.293511
1486,63.0,0.0,2815.416667
1487,31.5,0.0,956.5
1488,81.25,0.0,1500.422543
1489,0.0,0.0,2271.0
1490,120.0,0.0,588.1666667
1491,149.25,0.0,1212.809524
1492,172.2,0.0,792.7222222
1493,523.9166667,21.0,439.5238095
1494,0.0,0.0,5.0
1495,19.0,0.0,525.2666667
1496,377.8333333,0.0,1337.842794
1497,129.4166667,62.0,1770.625
1498,298.6666667,0.0,1084.5
1500,0.0,0.0,4261.842857
1501,59.0,0.0,527.2083333
1503,0.0,0.0,110.0
1504,0.0,0.0,1733.666667
1505,5.0,0.0,306.0
1506,0.0,0.0,62.0
1507,0.0,0.0,5.0
1508,0.0,0.0,198.5221501
1509,0.0,0.0,504.0
1510,876.2333333,625.5,1588.666667
1511,95.5,0.0,381.5
1512,129.75,0.0,1173.07
1513,408.2,0.0,878.6238095
1514,0.0,0.0,1928.0
1515,0.0,0.0,83.0
1517,24.42857143,278.1666667,2735.728571
1518,52.33333333,239.0,337.5
1520,382.8333333,319.3,4163.797619
1521,0.0,65.0,1728.321429
1522,0.0,0.0,255.0
1523,0.0,0.0,449.6
1524,27.5,0.0,243.6666667
1525,475.0,0.0,2760.716667
1526,6.0,0.0,1503.25
1527,210.0,0.0,591.1666667
1528,31.5,0.0,402.5
1529,46.0,17.0,1540.583333
1530,546.0,0.0,1561.083333
1531,47.5,0.0,1330.3
1532,0.0,0.0,42.0
1533,0.0,0.0,360.75
1534,48.33333333,0.0,245.5
1535,0.0,0.0,7.0
1536,28.5,0.0,608.4166667
1537,0.0,0.0,708.25
1538,30.0,0.0,157.5
1539,16.0,0.0,1123.242857
1540,0.0,0.0,926.6333333
1541,0.0,0.0,2808.666667
1542,0.0,0.0,1685.266667
1543,10.0,0.0,2124.726768
1544,79.0,0.0,1272.916667
1545,18.0,0.0,474.5
1546,250.3333333,0.0,180.3333333
1547,77.0,0.0,1607.297619
1548,12.0,0.0,60.0
1549,77.33333333,52.33333333,126.6666667
1550,0.0,0.0,865.2777778
1551,0.0,0.0,2612.357143
1552,0.0,0.0,850.2083333
1553,63.33333333,0.0,556.6666667
1554,0.0,0.0,186.7
1555,108.6666667,853.75,6737.271825
1556,0.0,0.0,1762.25
1557,230.1666667,222.0,8961.407671
1558,3.0,0.0,128.0
1559,0.0,0.0,213.5
1560,0.0,0.0,849.8833333
1562,15.0,0.0,77.0
1563,0.0,0.0,73.0
1564,0.0,0.0,316.0
1565,18.0,123.5,4114.083333
1566,5.5,12.0,1470.966667
1567,0.0,0.0,451.0
1568,0.0,0.0,48.0
1569,0.0,0.0,189.0
1570,0.0,0.0,780.1666667
1571,79.75,0.0,73.5
1572,60.0,0.0,717.6166667
1573,2047.234848,1146.666667,3641.213151
1575,14.5,0.0,1040.75
1576,11.42857143,0.0,833.2333333
1578,32.0,0.0,453.625
1579,0.0,0.0,51.25
1580,348.6547619,11.0,1229.289286
1581,0.0,0.0,1202.0
1582,0.0,0.0,538.0
1583,187.8333333,0.0,1775.516667
1584,9.0,0.0,638.0
1585,184.3333333,108.0,558.8
1586,0.0,0.0,190.0
1587,66.0,0.0,302.0
1588,0.0,0.0,164.0
1589,0.0,0.0,218.0
1590,124.0,0.0,495.0
1591,0.0,0.0,30.0
1592,69.0,92.0,796.9571429
1593,41.0,0.0,314.9
1594,14.0,0.0,789.9583333
1595,0.0,0.0,422.8333333
1596,0.0,0.0,362.0
1597,0.0,0.0,628.8333333
1598,24.0,239.0,839.5
1599,0.0,0.0,5764.366667
1600,0.0,0.0,161.0
1601,6.0,0.0,739.8333333
1602,0.0,0.0,66.0
1603,412.0,0.0,2377.0
1604,0.0,0.0,22.0
1605,0.0,0.0,381.0
1606,1130.502941,261.6333333,2559.898333
1607,0.0,0.0,553.15
1608,0.0,0.0,651.0
1610,0.0,65.0,1957.616667
1612,132.4666667,0.0,1660.222222
1613,0.0,0.0,170.0
1614,0.0,0.0,47.0
1615,0.0,0.0,165.0
1616,4.0,0.0,0.0
1617,0.0,0.0,406.8666667
1618,82.0,0.0,570.5166667
1619,0.0,0.0,1138.5
1620,0.0,0.0,2777.616667
1621,73.5,0.0,463.7583333
1623,25.5,0.0,775.5
1624,236.0,0.0,490.0666667
1625,0.0,0.0,266.0166667
1626,0.0,0.0,1306.0
1627,158.3333333,9.0,634.2
1629,187.0,0.0,1220.433333
1630,206.0,132.0,1750.333333
1631,41.0,0.0,1087.25
1632,0.0,0.0,762.547619
1633,0.0,0.0,244.5
1634,0.0,0.0,1010.0
1635,0.0,0.0,32.0
1636,170.0,0.0,1342.666667
1637,9.0,201.0,1593.388889
1638,0.0,0.0,639.0
1639,0.0,0.0,521.0
1640,87.0,40.0,546.0
1641,0.0,0.0,377.5
1642,0.0,0.0,183.6666667
1643,0.0,0.0,84.0
1644,217.6666667,0.0,494.6666667
1645,699.1666667,0.0,1003.965152
1646,9.0,0.0,536.6833333
1647,227.5326923,292.6842105,3025.521713
1648,78.0,0.0,424.0
1649,0.0,0.0,171.5
1650,4.75,78.0,1231.136508
1651,101.3333333,0.0,266.5
1652,0.0,0.0,1533.0
1653,7.0,562.0,1300.190476
1654,0.0,0.0,74.0
1655,14.5,907.8333333,804.2833333
1656,9.0,0.0,734.5833333
1657,60.0,0.0,3113.516667
1658,0.0,0.0,64.0
1659,3.0,0.0,114.8333333
1660,0.0,0.0,95.5
1661,0.0,0.0,93.66666667
1662,54.0,0.0,59.0
1663,0.0,0.0,26.0
1664,0.0,0.0,1136.60303
1665,190.2857143,609.0,2989.494048
1666,15.66666667,0.0,1724.25
1667,183.0,571.5,333.6
1668,14.0,0.0,334.7857143
1669,0.0,0.0,355.1666667
1670,248.5,0.0,456.6666667
1671,0.0,0.0,1298.5
1672,25.0,0.0,2258.833333
1673,21.0,0.0,2881.133333
1674,0.0,0.0,206.5
1675,0.0,0.0,143.0
1676,146.0,0.0,267.8333333
1677,0.0,57.0,454.0
1678,274.3333333,0.0,717.6
1679,1155.666667,0.0,1069.16829
1680,0.0,0.0,807.8333333
1681,0.0,0.0,477.0
1682,355.5,0.0,134.9
1683,35.0,0.0,314.0
1684,0.0,0.0,59.0
1685,99.0,1.0,637.0
1686,0.0,270.3333333,160.5
1687,0.0,0.0,1577.0
1688,21.0,0.0,660.1666667
1689,0.0,0.0,169.0
1690,0.0,0.0,89.33333333
1691,74.0,0.0,2517.048459
1692,0.0,0.0,44.0
1693,0.0,0.0,29.0
1694,0.0,0.0,86.0
1695,66.0,0.0,229.75
1696,0.0,0.0,17.0
1697,24.0,0.0,498.3333333
1699,32.0,3.0,1039.766667
1700,78.0,0.0,369.1666667
1701,0.0,0.0,1669.0
1702,0.0,0.0,44.5
1703,0.0,0.0,140.0
1704,102.5,0.0,97.0
1705,103.0,0.0,250.1666667
1706,52.0,0.0,221.2
1707,0.0,0.0,127.0
1708,352.0,0.0,229.3333333
1709,0.0,0.0,370.8333333
1710,120.0,0.0,1583.596154
1711,162.05,0.0,399.6939394
1712,26.0,55.0,457.0
1713,0.0,0.0,24.0
1714,0.0,0.0,180.3333333
1715,0.0,0.0,581.4166667
1716,0.0,0.0,574.6666667
1717,0.0,0.0,56.0
1718,0.0,0.0,1011.0
1719,0.0,0.0,139.8333333
1720,6.0,0.0,608.8333333
1721,0.0,0.0,1251.0
1722,0.0,0.0,264.5
1723,45.83333333,284.0,1509.8
1724,0.0,0.0,356.8
1725,77.5,0.0,598.7833333
1726,0.0,0.0,298.0
1727,136.0,0.0,1141.833333
1728,0.0,0.0,93.0
1729,76.0,0.0,1209.802992
1731,0.0,0.0,67.0
1732,275.0,29.5,1107.047619
1733,161.0,775.5,4996.666667
1734,206.6666667,0.0,936.1666667
1735,0.0,0.0,666.1
1736,28.0,0.0,170.8333333
1737,0.0,0.0,1118.647186
1738,0.0,0.0,86.0
1739,24.0,0.0,1206.614719
1740,238.375,0.0,2174.375
1741,0.0,0.0,30.5
1742,0.0,0.0,330.0
1743,0.0,0.0,437.25
1744,4.0,11.0,3211.827706
1745,0.0,0.0,3036.4
1746,0.0,0.0,640.6666667
1747,0.0,0.0,480.25
1748,213.3916667,0.0,1350.391667
1749,0.0,0.0,38.0
1750,0.0,0.0,976.2
1751,0.0,0.0,70.2
1752,156.0,0.0,2126.461941
1753,0.0,0.0,1112.0
1754,84.25,0.0,409.75
1755,0.0,0.0,171.0
1756,135.0,0.0,401.2857143
1757,0.0,0.0,423.8333333
1758,0.0,0.0,115.0
1759,43.0,0.0,427.1666667
1760,0.0,0.0,609.5
1761,0.0,0.0,547.3333333
1762,377.5128205,265.0,2062.890972
1763,137.0,0.0,1077.007576
1764,0.0,0.0,19.0
1765,0.0,0.0,1606.333333
1766,37.0,0.0,775.3333333
1767,0.0,0.0,973.5
1768,0.0,0.0,32.0
1769,0.0,0.0,727.5
1770,14.0,0.0,710.25
1771,0.0,0.0,3644.752381
1772,0.0,44.0,1089.75
1773,0.0,0.0,494.0
1774,155.0,0.0,2566.220887
1775,42.6,41.5,1049.516667
1777,62.0,193.0,139.0
1778,55.75,0.0,685.95
1779,0.0,0.0,758.1666667
1780,26.0,0.0,1852.75
1781,79.0,0.0,2517.0
1782,0.0,0.0,751.3333333
1783,429.3333333,56.0,1549.857143
1784,111.0,0.0,202.25
1785,0.0,0.0,669.9679487
1786,0.0,0.0,95.0
1787,40.0,279.5,1088.830952
1788,73.0,0.0,2151.0
1789,0.0,0.0,130.5
1790,40.0,146.0,2866.90202
1791,11.0,0.0,608.9428571
1792,0.0,0.0,360.75
1793,0.0,0.0,7.0
1794,55.0,7.0,4056.175369
1795,0.0,0.0,46.0
1797,167.0,869.0,771.5916667
1798,0.0,0.0,112.0
1799,139.0,0.0,491.1
1800,0.0,0.0,14.0
1801,22.0,49.0,602.1666667
1802,134.0,0.0,77.33333333
1803,39.0,0.0,4.0
1804,0.0,90.0,103.6666667
1806,110.0,0.0,125.0
1807,0.0,0.0,387.8846154
1808,43.0,0.0,23.0
1809,0.0,0.0,249.0
1810,485.3333333,18.0,345.3833333
1811,100.0,111.0,1001.0
1812,0.0,0.0,70.66666667
1813,70.5,0.0,1298.0
1814,0.0,0.0,75.5
1815,0.0,0.0,57.0
1816,10.0,451.5,1686.966667
1817,160.5,0.0,370.5
1818,0.0,0.0,738.0
1819,0.0,0.0,89.0
1820,0.0,0.0,164.3333333
1821,0.0,0.0,2244.666667
1822,0.0,0.0,5.0
1823,1283.0,148.5,3246.977381
1824,63.5,100.25,1573.233333
1825,24.6,0.0,779.5051587
1826,22.83333333,0.0,2625.009524
1827,187.2777778,88.58333333,3266.127778
1828,98.25,0.0,303.25
1829,0.0,0.0,806.6666667
1830,23.0,0.0,465.4166667
1831,0.0,0.0,1018.0
1832,0.0,0.0,261.5
1833,0.0,0.0,910.0
1834,89.0,119.0,4270.141667
1835,45.0,0.0,413.0
1836,31.6,0.0,372.8
1837,0.0,0.0,550.5
1838,648.0,168.8333333,1300.728987
1839,0.0,0.0,44.0
1841,18.75,0.0,68.75
1842,0.0,0.0,684.7272727
1843,28.0,175.5,1253.333333
1844,0.0,0.0,331.0
1845,0.0,0.0,1791.7
1846,197.0,25.0,1596.672282
1847,211.5,0.0,9128.283883
1848,0.0,0.0,128.0
1849,0.0,0.0,313.0
1850,494.1666667,0.0,204.0
1851,0.0,0.0,49.0
1852,511.5,164.0,2490.138095
1853,58.06666667,0.0,86.0
1854,0.0,0.0,140.0
1855,125.5,0.0,162.75
1856,387.6,32.0,9694.260714
1857,143.8333333,55.0,1762.5
1858,6.0,0.0,2183.5
1859,11.5,0.0,234.475
1860,0.0,0.0,139.7083333
1861,141.0,0.0,1371.633333
1862,135.0,2.0,711.5666667
1863,0.0,0.0,232.6666667
1864,0.0,0.0,51.5
1865,48.0,0.0,11.0
1866,57.0625,172.0,176.8193627
1868,6.0,35.0,240.0
1869,0.0,0.0,415.8333333
1870,7.0,0.0,66.0
1871,63.0,0.0,95.5
1872,0.0,0.0,200.85
1873,40.0,0.0,839.5
1874,28.0,0.0,80.0
1875,12.83333333,77.0,2372.333333
1876,0.0,65.5,574.8333333
1877,179.6071429,5.5,1045.102381
1878,0.0,0.0,971.0
1879,135.65,0.0,1589.27381
1880,0.0,0.0,1656.666667
1881,62.5,64.0,1246.919048
1882,30.0,0.0,597.6
1883,0.0,0.0,3888.166667
1884,21.0,0.0,2600.258333
1885,0.0,0.0,223.0
1886,56.0,0.0,709.0
1887,0.0,0.0,82.0
1888,0.0,0.0,760.25
1889,40.0,0.0,1362.0
1891,36.0,62.0,924.3333333
1892,45.33333333,0.0,1440.298918
1893,39.6,0.0,856.7522398
1894,0.0,0.0,8.0
1895,35.0,0.0,6.0
1896,228.0,89.33333333,513.4666667
1898,0.0,0.0,748.5666667
1899,34.0,9.0,149.0
1900,0.0,0.0,288.0
1901,309.0,0.0,383.0833333
1902,456.9880952,72.83333333,976.7103175
1903,0.0,0.0,1916.633333
1904,78.5,26.0,1266.119048
1905,75.0,250.6666667,1679.833333
1906,99.5,0.0,315.1666667
1907,28.0,0.0,290.0
1908,0.0,0.0,463.5
1909,0.0,0.0,1833.0
1910,0.0,0.0,196.0
1912,64.0,0.0,1200.892857
1913,37.0,0.0,139.3333333
1914,163.6666667,403.0,665.5666667
1915,333.0,166.0,151.9
1916,0.0,0.0,1620.0
1917,0.0,0.0,1268.0
1918,51.0,117.2857143,969.102381
1919,44.0,0.0,773.4666667
1920,825.0,0.0,808.1666667
1921,44.0,0.0,469.8761905
1922,203.8333333,0.0,823.5
1923,0.0,0.0,201.0
1924,195.3166667,0.0,1063.95
1925,0.0,0.0,412.0
1927,0.0,0.0,1789.39881
1928,0.0,0.0,644.125
1929,9.5,0.0,529.702381
1930,0.0,0.0,254.0
1931,0.0,0.0,221.7142857
1933,0.0,0.0,312.3333333
1935,0.0,0.0,325.75
1936,74.33333333,419.0,2717.327381
1937,7.0,0.0,3380.691558
1938,13.0,0.0,614.9444444
1939,0.0,0.0,19.0
1940,55.5,0.0,1274.190476
1941,80.66666667,0.0,1071.611111
1942,0.0,0.0,408.0
1943,156.7166667,0.0,2335.064286
1944,0.0,0.0,18.0
1945,172.0,0.0,1299.383333
1946,0.0,0.0,83.0
1947,146.0,0.0,489.0
1948,13.0,0.0,226.5
1949,0.0,0.0,233.6666667
1952,11.0,0.0,71.0
1953,42.0,0.0,1266.5
1954,33.0,0.0,182.5833333
1955,0.0,0.0,169.3
1956,0.0,0.0,1358.75
1957,38.0,0.0,131.0
1958,324.3,205.0,2816.43881
1959,413.5,0.0,3484.233333
1960,0.0,156.0,131.0
1961,55.5,0.0,1076.5
1962,0.0,0.0,357.25
1963,0.0,0.0,197.0
1964,75.05,0.0,489.1452381
1965,43.0,0.0,610.0
1966,0.0,0.0,445.0
1967,0.0,0.0,588.6666667
1968,0.0,0.0,580.2
1969,0.0,0.0,999.0
1970,0.0,0.0,622.0
1971,77.0,0.0,112.0
1972,29.0,13.5,1005.849206
1973,78.0,0.0,29.0
1974,52.0,0.0,3451.751515
1975,0.0,0.0,96.5
1976,354.8333333,57.0,2217.333333
1977,0.0,0.0,50.0
1978,0.0,0.0,485.6666667
1979,0.0,0.0,388.0
1980,169.5,0.0,484.95
1981,0.0,0.0,55.0
1982,0.0,0.0,111.6666667
1983,104.0,0.0,269.5
1984,4.0,0.0,284.0
1985,81.0,0.0,1219.113725
1986,0.0,0.0,574.722619
1987,0.0,0.0,4053.092208
1988,0.0,0.0,1485.416667
1989,765.6666667,0.0,634.1666667
1990,214.8823529,0.0,1182.106162
1991,143.0,48.0,333.75
1992,0.0,0.0,4.0
1993,15.5,0.0,550.0666667
1995,42.0,0.0,218.0
1996,0.0,0.0,2243.666667
1997,702.0,0.0,2193.150794
1998,22.5,0.0,289.85
1999,14.0,0.0,909.5
2000,188.0,0.0,1436.45
2001,352.2428571,241.5,1998.444081
2002,73.75,58.0,777.5
2003,0.0,0.0,126.5
2004,0.0,0.0,100.0
2005,95.0,0.0,598.45
2006,0.0,0.0,87.71428571
2007,145.0,199.0,1834.166667
2008,0.0,0.0,15.0
2009,221.5,172.0,1365.216667
2010,0.0,0.0,36.0
2011,82.5,419.0,1005.806061
2012,92.0,101.0,5186.116667
2013,183.5,29.66666667,2211.608333
2014,0.0,0.0,167.0
2015,36.0,0.0,2102.581502
2016,139.6818182,353.3333333,2003.415152
2017,50.5,54.0,1490.552778
2018,124.125,0.0,1988.658333
2019,0.0,0.0,148.75
2020,0.0,0.0,134.0
2021,5.0,0.0,191.0714286
2022,0.0,0.0,222.0
2023,47.5,0.0,116.5
2024,0.0,0.0,190.0
2025,0.0,0.0,809.2456349
2026,0.0,0.0,262.1666667
2027,0.0,0.0,22.0
2028,55.32575758,0.0,234.9924242
2029,0.0,0.0,258.0
2031,185.0,263.0,133.3333333
2032,241.7666667,0.0,255.3
2033,145.5,0.0,1524.748377
2034,160.0,0.0,1306.666667
2035,28.66666667,0.0,224.1666667
2036,0.0,0.0,473.6833333
2037,253.0,0.0,686.4
2038,0.0,0.0,80.0
2040,0.0,0.0,61.0
2041,220.3333333,70.5,3537.991667
2042,445.3333333,135.5,1896.272222
2043,50.0,0.0,598.297619
2044,0.0,0.0,127.5
2045,76.0,0.0,154.0
2046,654.775,604.8,5349.563713
2048,0.0,0.0,77.0
2049,0.0,0.0,98.5
2050,0.0,0.0,810.0
2051,0.0,0.0,903.0
2052,87.0,0.0,2973.008333
2054,17.0,0.0,1093.0
2055,0.0,0.0,137.0
2056,0.0,0.0,136.75
2059,96.0,0.0,384.0
2060,0.0,0.0,125.0
2061,0.0,0.0,44.0
2063,35.125,0.0,1975.458333
2064,71.5,0.0,758.75
2065,222.5,46.66666667,1267.155556
2066,200.8333333,0.0,381.3333333
2067,33.5,91.0,1271.821212
2068,0.0,0.0,827.6462121
2069,0.0,0.0,36.0
2070,120.5,0.0,1011.5
2071,243.6666667,415.0,1267.233333
2072,53.0,97.0,4891.972222
2073,0.0,0.0,694.3035714
2074,148.5,118.0,4764.429997
2075,0.0,0.0,1350.5
2076,0.0,56.0,1385.833333
2077,6.0,0.0,500.0
2078,26.0,0.0,285.9880952
2079,6.0,0.0,45.5
2080,129.5,0.0,1507.333333
2081,223.0,24.0,1460.566667
2082,0.0,0.0,214.0
2083,0.0,0.0,136.5
2084,0.0,0.0,254.0
2085,5.0,0.0,545.5714286
2086,91.0,865.0,1244.833333
2087,78.0,0.0,555.8944444
2088,0.0,0.0,429.6333333
2089,0.0,0.0,111.0
2091,46.5,0.0,402.6904762
2092,0.0,0.0,292.6944444
2093,0.0,0.0,654.0666667
2094,254.0,39.0,4990.959524
2095,0.0,0.0,158.0
2096,0.0,0.0,3332.208333
2097,0.0,0.0,4164.936905
2099,85.66666667,0.0,1194.5
2100,154.5,0.0,638.3333333
2101,0.0,0.0,152.25
2102,0.0,0.0,631.5
2103,0.0,0.0,58.0
2104,598.0,144.5,6860.632738
2106,3.0,0.0,271.125
2108,7.0,0.0,2564.278157
2109,0.0,0.0,896.5
2110,226.9545455,0.0,4895.022989
2111,97.88235294,9.0,2293.59902
2112,515.6,0.0,1449.683333
2113,397.5,89.5,249.0
2114,16.5,0.0,37.5
2115,30.0,0.0,121.0
2116,60.0,30.0,1403.841919
2117,0.0,0.0,227.0
2118,0.0,0.0,228.0
2119,22.75,0.0,461.0833333
2120,0.0,0.0,12.0
2121,46.5,0.0,762.5
2122,0.0,0.0,74.5
2123,27.0,0.0,898.0
2124,23.0,0.0,91.0
2125,0.0,0.0,583.1666667
2126,62.0,0.0,392.9285714
2127,102.0,0.0,177.5
2128,0.0,0.0,436.0
2129,61.0,0.0,2819.966667
2130,0.0,0.0,4.0
2132,0.0,0.0,1888.5
2133,238.4666667,300.9,1801.371429
2134,92.0,0.0,13158.66667
2135,0.0,0.0,140.0
2136,0.0,0.0,252.5
2137,0.0,0.0,666.0
2138,0.0,0.0,851.3333333
2139,0.0,0.0,224.0
2140,0.0,0.0,253.3333333
2141,175.9333333,0.0,717.2190476
2142,0.0,0.0,370.3333333
2144,47.0,0.0,5198.533333
2145,92.0,0.0,1148.838095
2146,4.0,0.0,152.6666667
2147,0.0,0.0,474.0
2148,0.0,0.0,907.5
2149,0.0,0.0,505.3333333
2150,0.0,0.0,497.0
2151,675.3333333,0.0,1103.916667
2153,37.0,18.0,430.5
2154,129.0,0.0,866.7
2155,0.0,0.0,1492.166667
2156,0.0,0.0,17.0
2157,0.0,0.0,137.5
2158,0.0,0.0,950.3285714
2159,0.0,0.0,7.0
2160,0.0,0.0,286.0
2161,144.0,0.0,1711.333333
2162,6.0,0.0,2487.333333
2163,0.0,0.0,829.5
2164,0.0,0.0,88.0
2165,89.5,0.0,1163.333333
2166,91.75,0.0,1171.333333
2167,0.0,0.0,149.0
2168,81.0,0.0,131.5
2169,0.0,0.0,81.5
2170,296.0,0.0,394.5
2171,0.0,0.0,336.0
2172,0.0,0.0,452.797619
2174,269.1666667,0.0,2281.208333
2175,168.75,0.0,1262.833333
2177,0.0,0.0,643.0
2178,0.0,0.0,189.0
2179,430.8333333,262.0,2338.567766
2180,0.0,0.0,181.0
2181,0.0,0.0,597.8333333
2182,150.5,0.0,549.0833333
2184,0.0,0.0,170.0
2185,53.0,0.0,46.0
2186,102.0,108.0,1742.325216
2187,47.5,0.0,787.2
2188,0.0,0.0,1239.5
2189,724.5,0.0,867.3333333
2191,0.0,0.0,4093.430519
2192,7.5,0.0,216.1666667
2193,28.0,162.0,659.0833333
2194,130.5,51.0,2265.529221
2195,0.0,0.0,729.0
2196,0.0,0.0,1299.5
2197,0.0,0.0,103.0
2198,0.0,0.0,129.3333333
2199,0.0,0.0,162.0
2200,96.0,0.0,122.0
2201,228.125,0.0,1294.251207
2202,133.1666667,80.0,246.7916667
2203,357.25,115.0,2889.25
2204,0.0,470.0,3882.025758
2205,14.0,0.0,4207.666667
2206,6.0,0.0,199.5
2207,0.0,0.0,2529.75
2208,0.0,0.0,2081.0
2209,418.6666667,0.0,1845.666667
2210,335.1190476,8.0,1927.031548
2212,0.0,0.0,831.9333333
2213,10.0,0.0,706.2996032
2214,329.297619,75.0,1888.547619
2215,91.98484848,58.95238095,2407.322811
2216,47.0,0.0,1528.382468
2217,153.275,394.0,599.1
2218,86.0,0.0,4656.800366
2219,0.0,0.0,151.2
2220,89.0,12.0,5378.045851
2221,0.0,0.0,212.0
2222,2.0,0.0,0.0
2223,0.0,0.0,748.4
2224,0.0,0.0,314.8333333
2225,0.0,0.0,867.8333333
2226,0.0,56.0,379.0
2227,48.0,0.0,66.5
2228,527.0,213.0,994.8222222
2229,135.5,0.0,824.6666667
2231,133.5,191.0,443.9333333
2232,186.1,0.0,906.3
2233,0.0,0.0,57.0
2234,0.0,0.0,117.0
2235,69.0,163.0,2424.75
2238,0.0,0.0,311.0
2239,91.0,188.0,2418.52904
2240,0.0,0.0,905.6
2241,0.0,0.0,100.0
2242,0.0,0.0,986.5
2243,43.4,0.0,3121.555556
2244,32.66666667,0.0,1378.966667
2245,86.2,0.0,3003.419048
2246,0.0,25.0,2053.933333
2247,299.0,0.0,212.5
2248,295.6940559,0.0,785.474359
2249,14.5,0.0,316.3333333
2250,41.0,360.0,769.5
2251,0.0,0.0,298.1666667
2252,0.0,48.0,1808.333333
2253,0.0,0.0,1184.5
2254,177.0,0.0,184.5
2255,77.0,243.0,2573.875
2256,187.2666667,17.0,2121.304304
2257,587.0,0.0,4639.410534
2258,76.5,66.0,315.3666667
2259,35.0,49.5,1464.0
2260,0.0,236.0,1483.55
2261,7.0,97.0,2247.608298
2262,0.0,0.0,950.0
2263,161.764411,227.25,6254.420122
2265,0.0,0.0,29.0
2266,5.0,0.0,228.0
2267,0.0,0.0,205.0
2268,25.0,0.0,1570.5
2269,0.0,0.0,101.0
2270,36.5,0.0,295.9
2271,145.0,0.0,196.5
2272,13.0,0.0,524.5
2274,0.0,451.5,674.4345238
2275,80.0,0.0,931.5
2276,75.84615385,246.3333333,672.8794872
2278,164.5,0.0,3022.478571
2279,309.0,0.0,877.5
2280,0.0,416.0,412.8333333
2281,47.0,0.0,486.5
2282,0.0,51.0,1225.5
2285,240.2,0.0,1221.853846
2286,0.0,0.0,258.0
2287,0.0,0.0,1370.833333
2288,0.0,0.0,1652.0
2289,123.0,0.0,178.3333333
2290,0.0,0.0,1146.5
2291,29.33333333,0.0,2680.828571
2292,47.0,0.0,197.5
2293,152.875,81.0,2295.182143
2295,0.0,0.0,248.9
2296,0.0,0.0,44.0
2297,0.0,0.0,1151.116667
2298,10.0,0.0,830.0
2299,0.0,0.0,125.25
2300,0.0,0.0,17.0
2301,96.5,0.0,2172.333333
2302,44.0,1636.0,4945.083333
2303,0.0,0.0,358.25
2304,35.0,0.0,233.1666667
2305,0.0,0.0,528.0
2306,72.5,0.0,1154.766667
2307,38.0,16.0,1522.816667
2308,0.0,0.0,468.1666667
2309,0.0,0.0,432.5
2310,76.75,0.0,1100.916667
2311,0.0,0.0,663.2333333
2312,353.0,0.0,2874.083333
2313,275.9104437,606.75,1813.86461
2314,104.5,261.8333333,214.6922078
2315,0.0,0.0,28.0
2316,134.0,0.0,78.5
2317,0.0,0.0,534.5833333
2318,0.0,0.0,262.6666667
2319,43.1,0.0,1056.15
2320,119.0,0.0,1273.875
2321,0.0,66.0,875.5
2323,38.5,308.0,582.0
2325,16.66666667,0.0,63.66666667
2327,0.0,0.0,1443.25
2328,18.0,15.0,569.1190476
2329,231.0,0.0,386.4444444
2330,0.0,0.0,399.5
2331,24.0,0.0,238.5
2332,0.0,0.0,17.0
2335,0.0,0.0,59.0
2336,92.25,0.0,1506.220833
2337,145.0,0.0,96.0
2338,155.5,0.0,588.9
2339,135.9166667,0.0,1719.416667
2340,0.0,0.0,41.0
2341,0.0,257.0,1906.8
2342,0.0,0.0,262.5
2343,119.15,0.0,457.2333333
2345,0.0,0.0,227.3333333
2347,123.0,0.0,95.0
2348,59.0,0.0,517.5
2349,107.5333333,298.0,570.3333333
2350,84.0,0.0,183.0952381
2351,0.0,0.0,366.0
2352,0.0,0.0,133.5
2354,0.0,0.0,280.9333333
2355,0.0,0.0,44.0
2356,0.0,0.0,265.6
2358,124.0,0.0,165.0
2359,0.0,0.0,109.0
2360,61.16666667,0.0,901.25
2361,39.5,161.0,1406.209524
2362,0.0,33.0,972.25
2363,0.0,0.0,965.8333333
2365,0.0,0.0,214.0
2366,0.0,0.0,267.0
2367,217.0,281.5,236.1666667
2368,80.0,48.0,879.6666667
2369,0.0,0.0,1044.0
2370,124.5,132.8333333,901.0916667
2371,277.6666667,32.0,1671.257393
2372,398.7,0.0,1483.366667
2373,0.0,0.0,5538.916667
2374,56.0,0.0,191.0
2375,29.0,0.0,451.9333333
2376,0.0,0.0,224.0
2377,147.75,0.0,670.3
2378,0.0,0.0,210.0
2379,0.0,0.0,900.9166667
2380,149.5,56.5,368.0
2382,0.0,0.0,216.0
2383,13.5,0.0,1580.166667
2384,0.0,0.0,587.6911765
2385,42.33333333,0.0,2471.391775
2386,0.0,0.0,502.4666667
2387,0.0,0.0,317.0
2388,0.0,0.0,3864.428571
2389,34.0,0.0,2456.297619
2390,200.5,0.0,2656.183333
2391,85.0,0.0,599.0
2392,424.1666667,0.0,1212.0
2393,0.0,0.0,127.0
2395,0.0,0.0,173.25
2396,65.16666667,16.0,599.3333333
2397,0.0,0.0,2215.866667
2398,220.0,88.0,5284.765079
2399,0.0,0.0,433.1333333
2400,389.75,545.0,1690.790351
2401,462.0,57.0,1621.152083
2402,0.0,0.0,454.5
2403,0.0,0.0,197.5
2404,37.0,0.0,911.5
2405,0.0,0.0,196.5
2406,28.0,0.0,115.6666667
2407,118.7,26.0,1019.293939
2408,0.0,0.0,715.5
2409,0.0,0.0,3147.584294
2410,0.0,0.0,321.9583333
2411,9.0,0.0,169.5
2412,89.75,89.0,2104.3114
2413,0.0,0.0,499.0
2414,0.0,0.0,120.0
2415,281.75,144.5,7009.095996
2416,513.5535714,186.0,8704.372405
2418,0.0,0.0,2058.25
2420,69.0,0.0,580.5
2422,131.75,0.0,1701.857143
2423,15.5,0.0,312.7
2425,4.0,0.0,495.0
2426,0.0,0.0,202.0
2427,4.5,0.0,908.3333333
2428,0.0,0.0,480.5
2429,143.8333333,404.5833333,3473.857143
2430,0.0,0.0,277.0
2431,0.0,0.0,226.0
2432,0.0,0.0,138.0
2433,0.0,0.0,59.0
2435,3.0,0.0,273.0
2437,0.0,0.0,360.0
2438,0.0,0.0,40.0
2439,0.0,28.0,0.0
2440,0.0,0.0,1547.5
2441,37.0,0.0,1127.25
2442,181.1666667,52.0,996.0833333
2443,0.0,0.0,227.7
2444,45.0,0.0,579.3333333
2445,33.0,0.0,237.0
2446,54.5,472.0,678.5
2447,1687.5,0.0,3098.033333
2448,0.0,0.0,81.0
2449,0.0,0.0,285.1666667
2450,0.0,0.0,340.2
2451,0.0,0.0,231.0
2452,146.0,37.0,2054.114286
2453,20.0,0.0,2008.833333
2454,0.0,0.0,1065.9
2455,431.0,0.0,619.0
2456,0.0,0.0,584.1333333
2458,210.8555556,0.0,4107.119658
2459,0.0,0.0,293.5
2460,58.33333333,0.0,229.6666667
2461,32.0,0.0,155.8333333
2462,5.0,0.0,1688.058761
2463,0.0,0.0,234.0
2464,0.0,0.0,197.2
2465,0.0,39.66666667,3509.130952
2466,52.0,0.0,866.5
2467,0.0,499.0,755.0
2468,27.0,0.0,30.0
2469,92.5,0.0,1681.52381
2470,70.0,0.0,2635.61627
2471,0.0,0.0,231.5
2472,49.33333333,346.1666667,194.3333333
2473,427.0,108.0,1564.161905
2474,662.5357143,58.0,854.2863248
2475,0.0,0.0,124.5
2476,0.0,0.0,1021.75
2477,626.0,66.0,2660.15
2478,0.0,0.0,12.0
2479,109.0,125.0,34.0
2480,0.0,0.0,17.0
2481,0.0,0.0,1135.166667
2482,91.0,0.0,298.2333333
2483,0.0,0.0,554.5
2484,23.0,0.0,335.6666667
2485,131.3333333,4.0,2107.583333
2486,0.0,0.0,96.33333333
2487,128.5714286,10.66666667,2755.336111
2488,0.0,0.0,653.2777778
2489,0.0,0.0,44.0
2490,230.3333333,64.0,964.047619
2491,90.0,0.0,650.6666667
2492,245.3333333,0.0,256.6666667
2493,0.0,0.0,28.0
2494,0.0,0.0,1516.966667
2495,0.0,0.0,648.0678571
2496,0.0,0.0,462.0
2497,0.0,0.0,63.0
2498,337.0,39.0,630.5
2499,0.0,0.0,42.0
2500,0.0,0.0,688.6666667
2501,0.0,0.0,181.0
2502,117.5,0.0,285.4166667
2503,0.0,0.0,61.33333333
2504,105.5,0.0,2961.483333
2505,0.0,0.0,406.0
2506,62.5,0.0,3222.75873
2507,0.0,0.0,128.0
2508,243.0,0.0,500.7880952
2509,9.0,0.0,375.75
2510,0.0,0.0,534.9166667
2511,0.0,0.0,134.0
2512,0.0,0.0,2098.238095
2513,16.5,0.0,869.1
2515,40.0,0.0,1494.5
2516,12.0,0.0,510.0
2517,0.0,52.0,699.25
2518,0.0,0.0,331.3333333
2520,0.0,0.0,321.0
2522,0.0,0.0,88.0
2523,58.0,115.0,1563.930952
2524,0.0,0.0,55.0
2525,79.75,0.0,419.25
2526,109.5,21.0,4643.755952
2527,0.0,172.0,564.5
2528,0.0,0.0,65.66666667
2530,47.16666667,3.0,1462.659125
2531,115.0,31.0,404.6190476
2532,0.0,0.0,392.0
2533,0.0,0.0,960.7333333
2535,0.0,0.0,726.2761905
2536,71.3,0.0,4415.333333
2537,0.0,0.0,40.0
2538,140.0,12.0,723.315873
2539,750.75,80.0,1088.05
2540,121.6666667,62.0,1688.72619
2542,0.0,0.0,998.9545455
2543,243.0,106.0,1654.722222
2544,0.0,0.0,281.5
2545,0.0,0.0,1501.0
2546,0.0,0.0,153.5833333
2547,0.0,0.0,109.0
2548,0.0,0.0,483.5833333
2549,0.0,0.0,586.3333333
2551,0.0,0.0,2213.0
2552,0.0,0.0,50.5
2553,0.0,10.0,178.0
2554,70.83333333,30.0,1150.192063
2556,86.08333333,0.0,892.9166667
2557,0.0,0.0,173.0
2558,252.5,506.0,289.6666667
2559,126.0,0.0,633.9857143
2560,318.0,0.0,1837.966667
2561,331.1666667,154.0,8038.325302
2562,169.5,724.0,706.9837662
2564,0.0,0.0,352.0
2565,203.4714286,0.0,11308.09795
2566,94.0,0.0,501.5
2567,359.0,16.0,497.6666667
2568,0.0,0.0,406.0
2569,135.5,30.0,4115.978571
2570,0.0,0.0,2.333333333
2571,0.0,0.0,121.5
2572,0.0,0.0,869.0
2573,0.0,0.0,403.0
2574,0.0,0.0,12.0
2575,0.0,0.0,865.0
2576,13.0,0.0,220.3333333
2577,0.0,0.0,222.0
2578,21.0,0.0,657.1666667
2579,109.0,0.0,131.0
2580,189.0,32.0,1517.9
2581,36.0,0.0,538.2878788
2582,25.0,52.0,4139.625
2583,0.0,140.0,832.8333333
2584,0.0,0.0,464.0
2585,82.16666667,0.0,673.4813797
2586,0.0,0.0,217.0
2587,0.0,0.0,472.9952381
2588,63.0,0.0,1500.380952
2589,0.0,0.0,241.0
2590,101.5,0.0,692.6666667
2591,704.8699248,269.5,9487.639162
2592,0.0,0.0,455.5
2593,0.0,0.0,49.0
2594,0.0,0.0,259.0
2595,0.0,0.0,2065.15
2596,0.0,0.0,4190.75
2597,0.0,0.0,65.0
2598,27.0,6.0,129.2
2599,0.0,0.0,607.4666667
2600,196.1385918,28.0,8699.407065
2601,0.0,0.0,2022.25
2602,0.0,0.0,761.25
2603,114.25,17.33333333,874.5833333
2604,0.0,0.0,1483.0
2605,100.0,0.0,639.5
2606,0.0,0.0,356.0
2607,432.5833333,112.0,2132.683333
2608,0.0,0.0,431.0833333
2609,118.0,10.0,401.95
2610,0.0,0.0,2524.0
2611,0.0,0.0,151.5
2612,0.0,0.0,117.5
2613,0.0,0.0,822.65
2614,0.0,0.0,102.0
2615,99.66666667,0.0,1714.166667
2617,364.5,0.0,783.5
2618,345.8333333,0.0,3258.071212
2619,11.42857143,146.0,1329.261905
2621,19.0,0.0,87.0
2623,0.0,0.0,813.8
2624,248.6666667,382.3333333,1039.477564
2625,0.0,0.0,531.0
2626,168.0,0.0,1239.083333
2627,106.3214286,189.0,1306.028022
2628,48.0,0.0,543.75
2629,0.0,0.0,315.6
2630,0.0,0.0,258.8333333
2631,0.0,0.0,420.0
2632,262.0,0.0,623.4166667
2633,122.0,124.0,1040.333333
2634,11.0,27.5,3395.729484
2635,90.0,0.0,126.0
2636,0.0,0.0,21.0
2637,166.0,140.0,701.5
2638,230.1069444,0.0,2059.109203
2639,0.0,0.0,11.0
2640,95.0,0.0,203.4166667
2641,0.0,0.0,60.0
2642,0.0,0.0,65.0
2643,0.0,0.0,197.3333333
2644,30.0,0.0,300.6666667
2645,7.0,0.0,471.0
2646,118.4545455,0.0,7968.903361
2647,0.0,0.0,105.0
2648,0.0,0.0,2607.5
2649,156.8333333,14.0,865.6722222
2650,0.0,0.0,1076.977778
2651,290.3333333,0.0,2818.094444
2652,0.0,0.0,234.9666667
2653,113.0,0.0,935.0
2654,45.0,0.0,1662.733333
2656,199.0,0.0,155.0
2657,0.0,0.0,436.6
2658,0.0,0.0,80.0
2659,26.5,0.0,716.625
2660,77.0,0.0,1223.416667
2661,161.0,0.0,1286.75
2662,0.0,0.0,83.0
2663,0.0,0.0,897.6666667
2664,535.75,12.0,2178.672222
2665,88.0,0.0,3195.828571
2666,0.0,0.0,116.5
2667,72.425,72.0,1143.657143
2668,0.0,0.0,43.0
2669,96.0,141.1666667,2871.262932
2670,0.0,0.0,417.9666667
2671,0.0,0.0,129.0
2672,65.0,0.0,1248.0
2673,0.0,0.0,837.6666667
2674,97.0,0.0,418.2333333
2675,0.0,0.0,370.0
2676,52.0,0.0,743.9166667
2678,0.0,113.0,3178.583333
2679,5.0,0.0,463.6666667
2680,0.0,0.0,178.6
2682,0.0,0.0,24.0
2683,0.0,0.0,689.75
2685,0.0,0.0,963.1666667
2686,0.0,0.0,387.0
2688,91.83333333,0.0,534.0
2690,0.0,0.0,338.2333333
2691,0.0,0.0,255.75
2692,0.0,0.0,228.5
2693,450.4,0.0,72.9
2694,22.0,0.0,982.8333333
2695,0.0,0.0,473.5
2696,26.0,0.0,636.0
2697,14.0,0.0,1806.504167
2698,0.0,0.0,21.0
2699,0.0,0.0,1111.245175
2700,0.0,0.0,1055.5
2701,0.0,0.0,59.0
2702,0.0,0.0,23.0
2703,0.0,0.0,25.0
2704,166.9318182,246.0,2697.487879
2706,0.0,0.0,115.0
2707,0.0,0.0,272.3333333
2709,69.5,0.0,895.8095238
2710,0.0,0.0,200.0
2711,198.4,114.0,607.9777778
2712,135.6666667,0.0,615.8166667
2714,0.0,0.0,1133.666667
2715,0.0,0.0,131.5
2716,0.0,0.0,2759.833333
2717,0.0,0.0,1433.083333
2718,95.325,0.0,743.6666667
2719,0.0,0.0,680.75
2720,0.0,0.0,118.6666667
2721,16.0,0.0,136.0
2722,0.0,0.0,2236.9
2723,0.0,0.0,2841.0
2724,0.0,0.0,15.0
2725,40.16666667,0.0,895.8333333
2726,299.6031746,166.0,2559.541228
2727,454.0,584.0,1161.767949
2728,0.0,0.0,252.0
2729,54.0,0.0,13.0
2730,21.0,0.0,385.0
2731,0.0,0.0,582.0
2732,103.5,0.0,1550.211111
2733,45.5,0.0,1738.25
2734,114.0,0.0,176.6666667
2735,0.0,0.0,3.0
2736,150.0,0.0,304.5230769
2737,0.0,0.0,268.5
2738,11.0,0.0,101.25
2739,245.3333333,168.5,361.5
2741,42.0,0.0,492.6833333
2742,61.66666667,0.0,397.6666667
2743,0.0,0.0,73.0
2745,0.0,0.0,4290.833333
2746,114.0,173.0,2542.333333
2747,79.16666667,45.0,3657.101515
2748,0.0,0.0,60.0
2749,0.0,0.0,920.0
2750,275.0,97.0,670.422619
2751,38.0,0.0,2101.466667
2753,138.5,0.0,578.3333333
2754,0.0,0.0,3.0
2755,0.0,0.0,82.0
2756,61.0,0.0,502.5
2757,0.0,0.0,465.5
2758,155.6,282.0,1283.052597
2759,0.0,0.0,226.2564103
2760,259.1666667,0.0,1535.242063
2761,6.0,0.0,762.3333333
2763,0.0,0.0,177.5
2764,0.0,0.0,80.0
2765,0.0,0.0,1266.333333
2766,86.5,2.0,1050.708333
2767,299.0833333,0.0,212.8333333
2768,0.0,0.0,1386.716667
2770,0.0,0.0,2514.25
2771,0.0,0.0,125.0
2772,166.0,55.0,1968.25
2773,0.0,0.0,300.0
2774,11.0,42.0,1517.75
2775,0.0,0.0,1056.666667
2776,103.0,0.0,399.0
2777,376.5,63.0,2743.819189
2778,0.0,125.0,332.0
2779,0.0,0.0,56.0
2780,69.0,0.0,769.0
2781,0.0,0.0,178.8333333
2782,0.0,0.0,88.0
2783,230.25,135.0,517.3928571
2784,205.5,8.0,1683.633333
2785,0.0,165.0,833.0
2786,0.0,0.0,319.3333333
2787,25.0,0.0,733.5
2788,0.0,0.0,224.0
2789,0.0,0.0,822.0
2790,0.0,0.0,838.55
2791,35.0,0.0,2479.0
2792,44.5,0.0,519.5
2793,0.0,0.0,1035.935714
2795,0.0,0.0,149.0
2796,29.0,0.0,160.5
2798,0.0,0.0,3.0
2799,20.0,0.0,219.5
2800,0.0,0.0,858.5
2801,0.0,0.0,54.5
2802,0.0,25.0,412.8333333
2803,206.0,0.0,107.0
2804,0.0,0.0,342.5
2805,0.0,0.0,1138.504762
2806,0.0,0.0,544.8333333
2807,0.0,0.0,176.3333333
2808,0.0,0.0,19.0
2809,0.0,0.0,687.5
2810,0.0,0.0,22.0
2811,41.33333333,0.0,3227.5
2812,0.0,0.0,440.6666667
2813,0.0,0.0,65.0
2814,25.75,189.5,2297.801282
2815,0.0,0.0,28.0
2816,0.0,0.0,22.5
2817,0.0,0.0,194.0666667
2818,52.0,0.0,2145.563492
2819,0.0,0.0,1703.321429
2820,0.0,0.0,1999.833333
2822,173.0833333,424.5,3382.287999
2823,62.0,0.0,2038.0
2824,37.0,0.0,2409.068434
2825,620.952381,1307.0,9487.940434
2826,0.0,0.0,4668.052051
2827,0.0,0.0,201.6666667
2828,65.83333333,0.0,156.8333333
2829,0.0,0.0,412.1666667
2830,0.0,0.0,2617.233333
2832,0.0,0.0,465.7051282
2833,0.0,0.0,245.0
2834,0.0,0.0,803.0
2835,52.0,0.0,360.0
2836,5.0,0.0,20.0
2837,0.0,0.0,258.5
2838,7.0,0.0,887.5833333
2839,0.0,0.0,394.25
2840,204.5,37.0,1941.083333
2841,0.0,0.0,142.5
2842,0.0,0.0,270.2142857
2843,52.33333333,81.5,541.6666667
2845,498.9,147.1666667,1090.060606
2846,0.0,0.0,34.0
2847,0.0,0.0,219.5
2848,13.0,0.0,253.8
2849,0.0,0.0,202.0
2850,0.0,0.0,2259.533333
2851,101.0,0.0,797.3333333
2852,0.0,0.0,594.9666667
2853,0.0,0.0,117.0
2854,0.0,0.0,108.0
2855,0.0,3.5,503.0
2856,55.0,0.0,1425.75
2857,1541.5,0.0,188.5
2858,0.0,0.0,1722.866667
2859,0.0,0.0,313.0
2860,197.1666667,0.0,1078.727778
2861,66.77272727,83.0,2050.395743
2863,82.0,0.0,1040.166667
2864,65.0,0.0,1803.758333
2865,0.0,0.0,136.5
2866,86.5,0.0,2241.844444
2867,105.0,0.0,482.5
2868,0.0,0.0,1225.857143
2869,37.5,0.0,573.1666667
2870,0.0,0.0,507.8333333
2871,0.0,0.0,108.0
2872,0.0,0.0,458.5
2873,0.0,0.0,25.0
2874,0.0,0.0,724.0
2875,0.0,0.0,93.5
2876,0.0,0.0,196.5
2877,19.5,0.0,483.3
2878,0.0,0.0,511.1666667
2879,196.6666667,0.0,2129.536752
2880,0.0,0.0,480.3
2881,0.0,0.0,143.0
2882,188.0,0.0,352.8
2883,0.0,0.0,657.5
2884,105.0,0.0,1384.383333
2885,91.0,39.0,1280.166667
2886,0.0,0.0,95.5
2887,28.0,0.0,1822.008117
2888,162.1071429,0.0,1269.766667
2889,0.0,0.0,149.6
2890,37.0,0.0,1817.0
2891,66.16666667,120.0,9143.435714
2892,128.5,0.0,1080.15
2893,0.0,0.0,316.25
2894,0.0,0.0,1783.25
2895,290.6666667,0.0,1384.533333
2896,0.0,0.0,197.5
2898,0.0,0.0,996.4380952
2899,0.0,0.0,368.5
2900,0.0,0.0,54.5
2901,0.0,0.0,228.5
2902,57.5,0.0,1285.548533
2903,102.0676923,16.0,6223.870847
2904,60.0,0.0,841.0333333
2905,0.0,0.0,1250.5
2906,578.5,913.0,699.5
2907,38.5,15.0,1766.855952
2908,85.0,0.0,567.45
2909,0.0,0.0,90.66666667
2910,0.0,0.0,158.5
2911,0.0,0.0,981.1666667
2912,36.0,0.0,1661.75
2913,246.25,9.0,548.25
2914,0.0,0.0,808.0833333
2915,0.0,0.0,87.5
2916,0.0,0.0,276.0
2917,0.0,0.0,130.5
2918,0.0,0.0,321.5
2920,19.0,0.0,1875.744689
2921,0.0,0.0,117.0
2922,0.0,0.0,4346.916667
2923,3.0,0.0,884.3357143
2924,0.0,31.0,1678.733333
2925,0.0,0.0,325.8333333
2926,55.0,0.0,436.0
2927,0.0,0.0,27.0
2928,0.0,44.0,549.5
2930,68.0,0.0,4277.0
2931,124.0,0.0,173.0
2932,0.0,0.0,179.5
2933,29.0,149.0,561.55
2934,164.0,0.0,2136.0
2935,35.66666667,9.0,2797.816667
2936,8.0,0.0,643.875
2937,0.0,47.0,898.8333333
2938,0.0,0.0,453.0
2939,168.1666667,0.0,888.0
2940,331.3,0.0,9997.728571
2941,0.0,0.0,588.3333333
2942,548.3142857,448.5,5703.476786
2943,102.0,0.0,1495.580952
2944,0.0,0.0,66.5
2945,166.0,0.0,134.0
2946,45.0,0.0,2905.5
2947,0.0,0.0,521.5
2948,0.0,0.0,47.0
2950,0.0,0.0,1192.317857
2951,0.0,0.0,355.6666667
2952,3.5,0.0,332.5
2953,0.0,0.0,297.3
2954,0.0,0.0,2309.995238
2955,0.0,0.0,810.3713768
2956,0.0,0.0,384.5
2957,65.5,0.0,975.9722222
2958,0.0,0.0,127.0
2959,38.0,0.0,107.0
2960,0.0,0.0,50.0
2961,0.0,0.0,3382.083333
2962,0.0,0.0,541.5
2963,0.0,0.0,25.0
2964,0.0,0.0,210.5
2965,105.0,0.0,1343.097619
2966,0.0,0.0,953.8333333
2967,0.0,0.0,674.5
2968,228.9166667,10.0,817.0163767
2969,249.0,36.33333333,1124.916667
2970,236.4083333,118.0,7428.181584
2971,4.5,61.0,5577.826456
2972,0.0,0.0,887.8333333
2973,135.0,0.0,2765.2
2974,0.0,13.0,145.0
2975,261.5,406.0,3121.283333
2976,0.0,0.0,1190.548851
2977,0.0,0.0,410.9166667
2978,0.0,0.0,710.5
2979,0.0,0.0,319.6666667
2981,0.0,0.0,91.0
2982,0.0,0.0,191.0
2983,98.0,0.0,401.5
2984,0.0,0.0,117.5
2985,23.0,10.16666667,1311.072012
2986,0.0,0.0,157.0
2987,18.0,9.5,414.3333333
2988,64.0,0.0,1155.033333
2989,23.0,0.0,1589.183333
2990,0.0,0.0,233.5
2991,0.0,0.0,1384.071429
2993,166.5,27.0,452.8141026
2994,74.0,0.0,1708.083333
2995,42.0,0.0,1057.0
2996,172.0,0.0,3374.916667
2997,232.9,646.0,5448.994444
2998,176.0,0.0,654.5
2999,5.0,0.0,389.0
3000,0.0,0.0,1435.0
3001,6.0,15.0,512.0666667
3002,56.66666667,0.0,797.2952381
3003,0.0,0.0,555.8666667
3004,19.0,0.0,2954.759524
3006,0.0,0.0,97.16666667
3007,52.33333333,0.0,291.0
3008,0.0,0.0,36.0
3009,0.0,0.0,472.0
3010,0.0,0.0,628.0
3011,0.0,0.0,129.0
3012,89.46666667,32.0,1141.061905
3013,0.0,0.0,105.0
3014,0.0,0.0,273.5
3015,9.0,0.0,467.0
3016,111.0,0.0,461.2222222
3017,120.0,0.0,198.0
3018,0.0,0.0,220.3333333
3019,0.0,0.0,241.0
3020,149.9333333,26.66666667,1783.122222
3021,0.0,0.0,731.5238095
3022,53.25,77.0,3057.809524
3023,0.0,0.0,601.7901961
3024,60.0,459.0,1370.067857
3025,97.0,0.0,59.0
3026,21.0,0.0,694.0
3027,0.0,0.0,39.0
3028,0.0,0.0,321.6666667
3029,0.0,0.0,540.5
3030,497.75,10.0,4977.85
3031,0.0,0.0,1066.166667
3032,65.0,0.0,1142.666667
3033,149.0,0.0,1294.183333
3034,316.8,0.0,1086.178571
3035,0.0,0.0,221.5
3036,49.75,0.0,754.2261905
3037,74.5,0.0,432.5714286
3038,40.0,0.0,1051.5
3039,65.5,12.0,1101.333333
3040,233.5,102.0,2477.666667
3041,41.0,0.0,1501.166667
3042,0.0,18.0,1736.447368
3043,0.0,0.0,94.5
3044,0.0,0.0,269.0
3045,0.0,18.0,833.0833333
3046,149.6666667,0.0,86.75
3047,0.0,0.0,547.0
3048,0.0,0.0,1474.5
3050,172.0,0.0,787.0
3051,0.0,0.0,17.0
3052,0.0,0.0,323.5
3053,0.0,163.0,813.0519481
3054,0.0,0.0,2028.5
3055,158.0,0.0,2220.871465
3056,0.0,0.0,440.0
3057,0.0,0.0,1356.0
3058,0.0,0.0,399.0
3059,0.0,0.0,231.5
3060,134.0,196.0,438.5833333
3061,0.0,0.0,164.0
3062,0.0,0.0,347.6666667
3063,26.0,33.0,64.0
3064,38.0,20.0,2931.580303
3065,0.0,55.0,1462.45
3066,0.0,0.0,402.5
3067,26.0,0.0,727.6190476
3068,57.0,59.5,553.1666667
3069,33.0,0.0,460.6666667
3071,314.5,0.0,2837.166667
3072,10.66666667,0.0,541.5
3073,0.0,0.0,13.0
3074,106.5,0.0,70.5
3075,83.0,0.0,264.0
3076,0.0,0.0,1638.888095
3077,537.0,0.0,1383.5
3078,0.0,0.0,215.0
3079,211.9642857,0.0,1382.66514
3080,69.0,537.0,352.5
3081,0.0,0.0,1444.166667
3082,19.5,0.0,250.0833333
3083,0.0,0.0,327.5
3084,55.0,0.0,1085.078571
3085,0.0,0.0,2665.798039
3086,0.0,0.0,164.0
3087,0.0,0.0,816.5
3088,175.0,10.0,2877.5
3089,0.0,0.0,36.0
3090,81.0,0.0,448.0333333
3091,0.0,0.0,30.0
3092,106.8285714,0.0,6842.002513
3093,161.7083333,0.0,2645.833333
3094,50.33333333,0.0,586.1892857
3095,766.8333333,0.0,1133.016667
3096,0.0,0.0,562.6666667
3097,0.0,0.0,219.5
3098,29.33333333,0.0,468.0
3099,4.0,0.0,3000.250794
3100,0.0,20.0,816.9545455
3102,0.0,0.0,143.0
3103,0.0,0.0,1861.5
3104,0.0,0.0,815.0
3105,130.5,0.0,165.5
3106,1215.333333,0.0,1090.916667
3107,0.0,0.0,133.0
3108,0.0,0.0,83.0
3109,0.0,0.0,24.0
3110,69.0,0.0,533.0714286
3111,0.0,0.0,303.4
3112,0.0,0.0,516.4761905
3113,0.0,0.0,72.5
3114,4.0,0.0,652.9238095
3115,7.0,0.0,3393.903571
3116,0.0,0.0,210.0
3117,0.0,0.0,466.5
3118,37.0,0.0,2778.333333
3119,57.5,0.0,677.5
3120,148.6666667,0.0,908.4666667
3121,0.0,0.0,346.8333333
3122,152.3333333,0.0,481.1666667
3123,405.2583333,88.0,661.6309524
3124,0.0,0.0,324.0
3125,0.0,0.0,185.0
3126,60.0,15.0,670.1666667
3127,0.0,0.0,183.8333333
3128,0.0,193.25,5633.538274
3129,0.0,0.0,17.0
3130,294.0,0.0,936.0
3131,28.0,0.0,1329.666667
3132,0.0,0.0,24.0
3133,0.0,0.0,1026.75
3134,0.0,76.0,2068.928571
3135,0.0,0.0,118.0
3136,0.0,0.0,167.0
3137,0.0,0.0,35.0
3139,0.0,0.0,57.0
3140,99.5,0.0,953.0686869
3141,70.0,0.0,714.5
3143,0.0,0.0,25.0
3144,637.9388889,0.0,1797.298291
3145,0.0,0.0,154.5
3146,0.0,0.0,118.0
3147,84.55,0.0,805.0992979
3148,0.0,0.0,138.5
3149,381.8666667,33.0,1190.616667
3150,236.8333333,0.0,411.3888889
3151,0.0,0.0,778.7619048
3152,0.0,0.0,495.0
3153,22.0,0.0,512.05
3154,244.5,0.0,998.4
3155,109.0,34.0,1049.833333
3156,180.5,0.0,472.9166667
3157,592.0014006,1360.0,5645.176455
3159,335.0,0.0,1615.0
3160,0.0,0.0,28.33333333
3161,58.0,0.0,7.0
3162,0.0,0.0,283.5
3163,118.0,0.0,2694.833333
3164,41.0,0.0,1130.84697
3165,269.8,0.0,2478.622727
3166,15.0,0.0,1714.4
3167,0.0,0.0,2213.366667
3169,97.0,0.0,739.5833333
3170,235.25,46.66666667,3206.193407
3172,98.0,216.0,1243.5
3173,277.1666667,900.5,1448.333333
3175,0.0,0.0,304.0
3176,25.08333333,0.0,304.5
3177,0.0,0.0,1699.666667
3178,27.0,0.0,467.0
3179,0.0,13.0,4833.925
3180,124.0,9.0,3731.138116
3181,0.0,0.0,20.0
3183,0.0,0.0,245.0
3184,0.0,0.0,504.0
3185,76.0,0.0,1263.333333
3186,1629.333333,214.5,4509.823016
3187,62.5,196.0,585.178355
3189,51.0,0.0,536.0
3190,0.0,78.0,570.3333333
3191,24.0,0.0,496.75
3192,505.0,0.0,2197.195238
3193,0.0,0.0,72.66666667
3194,38.0,909.0,542.3333333
3195,0.0,0.0,342.1666667
3196,32.5,62.5,1190.418903
3197,108.5,0.0,74.66666667
3198,154.0,107.0,1978.214286
3199,0.0,0.0,3129.393438
3200,0.0,0.0,751.5
3201,118.9032258,104.5,2748.624538
3202,17.0,0.0,321.8333333
3203,192.5555556,91.0,2926.431962
3204,40.0,93.66666667,2070.643939
3205,267.0,0.0,214.3333333
3206,107.0,10.5,39.5
3207,146.0,0.0,1592.133333
3208,54.83333333,0.0,986.9166667
3209,0.0,0.0,418.3333333
3210,0.0,0.0,1111.0
3211,0.0,0.0,536.5
3212,29.0,38.5,410.1166667
3213,0.0,0.0,5.0
3214,239.8333333,33.0,2650.408502
3215,0.0,0.0,450.2
3216,210.5,0.0,2749.058333
3217,36.4,0.0,1959.304762
3218,69.16666667,0.0,869.0611111
3219,0.0,0.0,1320.5
3220,509.6666667,0.0,976.3382353
3221,111.0,0.0,522.0
3222,20.0,0.0,1008.916667
3223,46.0,0.0,931.0
3225,125.0,0.0,49.0
3226,0.0,0.0,25.0
3227,7.0,0.0,933.3333333
3228,1751.047619,69.0,1552.547619
3229,827.2,48.5,3439.733242
3230,55.0,0.0,1851.5
3231,25.0,0.0,40.0
3233,0.0,0.0,457.5833333
3234,15.0,0.0,2081.5
3235,93.0,808.5,1310.472222
3236,73.0,0.0,1001.166667
3237,77.0,0.0,3436.066667
3238,260.0,0.0,198.1666667
3239,13.0,0.0,296.2333333
3240,33.0,0.0,1649.0
3241,566.0,0.0,574.3333333
3242,0.0,0.0,161.0
3243,0.0,0.0,2643.333333
3244,42.0,0.0,706.0
3245,85.52916667,255.5,2996.4875
3246,0.0,0.0,108.0
3247,191.0,0.0,2171.174592
3248,0.0,0.0,255.6388889
3249,186.5,0.0,1925.102381
3250,0.0,0.0,202.3333333
3251,0.0,0.0,239.0
3252,47.0,0.0,380.1666667
3253,0.0,0.0,79.0
3254,0.0,1.0,4324.737073
3255,10.0,108.0,2114.083333
3256,0.0,0.0,149.0
3257,0.0,0.0,894.0
3258,0.0,0.0,925.8333333
3259,0.0,0.0,50.0
3260,6.0,0.0,85.0
3261,361.4761905,68.0,625.0856893
3262,32.0,0.0,164.5
3263,0.0,0.0,275.6666667
3264,0.0,0.0,5044.75689
3265,0.0,0.0,691.0
3267,61.0,0.0,1569.866667
3268,0.0,1.5,1368.484848
3269,794.8833333,0.0,1697.55
3271,0.0,0.0,1134.5
3272,89.9,84.0,2787.25
3274,0.0,0.0,297.25
3275,0.0,0.0,352.0833333
3276,0.0,0.0,26.0
3277,27.0,0.0,1486.666667
3278,162.5,11.0,1164.099635
3279,0.0,0.0,1360.5
3280,0.0,0.0,156.0
3281,204.75,0.0,1942.933333
3283,0.0,0.0,133.8333333
3284,0.0,0.0,36.0
3285,32.0,0.0,1407.5
3287,112.0,0.0,1187.5
3288,0.0,0.0,1090.566667
3290,91.5,0.0,115.5
3291,0.0,0.0,463.0
3292,423.5,111.5,91.5
3293,0.0,0.0,840.8333333
3294,174.475,0.0,895.9731685
3295,0.0,0.0,76.5
3296,0.0,0.0,104.3333333
3297,9.0,86.0,466.5
3298,26.0,0.0,345.1666667
3299,0.0,0.0,203.0
3300,0.0,0.0,869.8
3301,41.0,0.0,68.5
3302,0.0,0.0,980.8333333
3303,0.0,0.0,1438.722222
3304,40.0,0.0,423.6666667
3305,0.0,0.0,185.5
3306,0.0,0.0,74.0
3307,0.0,0.0,421.1666667
3308,0.0,0.0,578.2
3309,418.3333333,85.0,6931.049725
3310,88.0,0.0,522.6666667
3311,86.0,0.0,1720.416667
3312,0.0,0.0,2464.9
3313,0.0,0.0,240.0
3314,5.0,134.0,5459.967105
3315,0.0,15.0,328.4166667
3316,249.0,0.0,1046.5
3317,20.0,0.0,268.0
3318,0.0,0.0,354.25
3319,100.0,0.0,127.6666667
3320,0.0,0.0,15.0
3321,32.0,0.0,455.0
3322,90.875,15.0,2153.71859
3323,0.0,0.0,166.25
3324,10.0,0.0,578.0
3325,110.5,0.0,284.0
3326,0.0,0.0,130.0
3327,14.0,0.0,341.35
3328,0.0,0.0,40.5
3329,144.5,181.7222222,2826.790048
3330,211.0,58.0,2078.666667
3333,47.0,0.0,881.1666667
3334,0.0,0.0,950.8333333
3335,98.0,0.0,2279.222222
3336,0.0,0.0,729.0
3337,207.8666667,0.0,217.8666667
3338,0.0,0.0,354.0
3339,656.0,9.0,1390.866667
3340,0.0,0.0,104.0
3341,6.0,7.0,591.8928571
3342,319.0,21.5,1829.183333
3343,108.0,0.0,316.5
3344,0.0,0.0,903.7
3345,0.0,0.0,517.5
3346,0.0,341.3333333,2946.6
3347,0.0,0.0,740.5
3348,0.0,0.0,4566.238095
3349,105.5644231,249.0,3158.561476
3350,0.0,0.0,55.0
3351,20.0,0.0,441.2166667
3352,0.0,0.0,242.0
3353,0.0,0.0,1439.5
3354,0.0,0.0,312.6666667
3355,0.0,0.0,56.33333333
3356,50.5,0.0,689.3833333
3357,0.0,0.0,614.3333333
3358,30.5,0.0,422.730303
3359,0.0,0.0,485.2839744
3360,341.4285714,0.0,2588.077268
3361,105.0,0.0,603.7071429
3363,0.0,0.0,600.0
3364,0.0,0.0,82.83333333
3365,99.16666667,27.0,483.2666667
3366,436.0,0.0,26.0
3367,0.0,0.0,272.6666667
3369,43.0,0.0,65.0
3370,102.6666667,0.0,4051.375
3371,195.875,0.0,1725.870671
3372,0.0,0.0,359.0
3373,204.5,0.0,159.0
3374,0.0,0.0,676.1666667
3375,94.0,0.0,707.2666667
3376,255.0,0.0,1178.0
3377,0.0,0.0,56.0
3378,5.0,292.0,1916.9
3379,0.0,12.0,2773.166667
3380,0.0,0.0,297.3
3381,4.0,0.0,631.6666667
3382,0.0,0.0,1340.75
3383,0.0,0.0,282.5
3384,0.0,0.0,76.0
3385,43.0,0.0,434.0
3386,0.0,0.0,464.6666667
3387,0.0,0.0,240.5
3388,0.0,0.0,530.0
3389,113.5,0.0,495.2738095
3390,0.0,0.0,2232.45
3391,3.0,0.0,151.0
3392,0.0,0.0,49.0
3393,220.0,327.0,1845.166667
3394,0.0,19.0,1523.05
3395,0.0,0.0,70.0
3396,37.33333333,0.0,1552.883333
3397,29.0,0.0,381.3571429
3398,59.5,20.0,5604.977381
3399,336.5,0.0,1239.949603
3400,63.0,0.0,265.25
3401,0.0,0.0,657.6666667
3402,7.0,0.0,11.0
3403,0.0,0.0,1157.452381
3404,0.0,0.0,1673.653846
3405,0.0,0.0,355.5
3406,0.0,0.0,5621.599206
3407,0.0,0.0,123.0
3408,168.429198,10.0,2806.829918
3409,5.0,0.0,32.0
3410,11.66666667,0.0,557.2452381
3411,53.25,0.0,650.0333333
3412,132.0,23.0,1614.22619
3413,44.16666667,0.0,2973.125
3414,41.375,0.0,3014.290476
3415,24.0,0.0,801.5095238
3416,0.0,0.0,27.0
3417,0.0,0.0,70.5
3418,0.0,0.0,363.5
3419,0.0,0.0,436.0
3420,0.0,0.0,1087.0
3421,65.0,243.0,681.6190476
3422,0.0,0.0,1243.180556
3423,567.3571429,122.0,2504.699567
3424,39.0,0.0,128.0
3425,7.5,0.0,1903.666667
3426,25.0,0.0,397.0
3427,0.0,232.0,343.2
3428,0.0,0.0,71.0
3429,0.0,0.0,653.0
3430,316.55,221.0,1564.444444
3431,59.83333333,0.0,2509.25
3433,20.0,0.0,242.0
3434,0.0,0.0,646.7916667
3435,0.0,0.0,209.8333333
3436,38.0,0.0,713.0
3437,0.0,0.0,112.5
3438,5.0,0.0,630.3166667
3440,100.0965368,0.0,6141.432139
3441,0.0,0.0,536.2666667
3442,160.3333333,0.0,590.5166667
3443,42.16666667,0.0,490.5333333
3444,81.0,0.0,631.0
3445,0.0,0.0,916.25
3446,0.0,0.0,37.0
3447,0.0,0.0,571.5
3448,0.0,0.0,1025.0
3449,119.0,0.0,1143.348504
3450,0.0,0.0,975.75
3451,0.0,0.0,169.0
3452,0.0,0.0,499.6666667
3453,0.0,0.0,139.5
3454,32.1,75.0,3827.753571
3455,0.0,0.0,24.0
3456,0.0,0.0,2058.534091
3457,0.0,0.0,1639.5
3458,34.0,0.0,24.0
3459,0.0,0.0,720.5
3460,0.0,0.0,56.0
3461,133.0,0.0,324.5
3462,0.0,0.0,472.6666667
3463,0.0,0.0,38.0
3464,0.0,0.0,568.4782609
3465,29.5,0.0,569.1666667
3467,0.0,0.0,1669.559524
3468,38.0,0.0,986.8333333
3469,32.33333333,56.0,2414.9
3470,0.0,0.0,330.0833333
3471,0.0,0.0,83.0
3472,74.0,0.0,744.8333333
3473,10.0,0.0,120.0
3475,71.0,0.0,1540.75
3476,0.0,0.0,89.5
3477,27.0,0.0,1723.0
3478,0.0,0.0,191.0
3479,75.6,0.0,1576.205078
3480,0.0,23.0,506.0
3481,0.0,0.0,537.0
3482,32.5,0.0,239.75
3483,120.6666667,559.0,1470.333333
3484,0.0,0.0,105.25
3485,0.0,0.0,1636.5
3487,128.5,0.0,273.25
3488,28.0,0.0,362.0
3489,51.5,0.0,1623.5
3490,57.0,4.0,1643.333333
3492,247.1363636,120.6666667,1080.266667
3493,0.0,0.0,152.0
3494,256.0,0.0,574.5
3495,0.0,0.0,142.4166667
3496,37.5,0.0,1420.472496
3497,0.0,0.0,19.0
3498,0.0,0.0,3291.0
3499,0.0,0.0,1144.483333
3500,76.16666667,0.0,404.0
3501,202.0,0.0,714.9666667
3502,0.0,0.0,527.5
3503,18.0,0.0,66.0
3504,160.2307692,0.0,4313.139103
3505,0.0,0.0,454.75
3506,338.0,0.0,1205.566667
3507,0.0,29.0,1652.75
3508,0.0,0.0,239.5
3509,0.0,0.0,1539.0
3510,844.0,0.0,192.5
3511,73.5,171.0,2208.788095
3512,13.33333333,0.0,2062.443592
3513,324.5,0.0,1456.783333
3514,0.0,0.0,260.0
3515,0.0,0.0,604.0
3516,159.5,0.0,362.5
3517,37.0,0.0,1584.3
3518,80.0,0.0,3855.2
3519,8.5,0.0,543.8333333
3520,0.0,0.0,574.0
3521,0.0,0.0,127.75
3522,241.0,0.0,2666.0
3524,0.0,0.0,1166.333333
3525,284.85,0.0,4758.380638
3526,0.0,16.0,308.0
3527,64.75,17.0,2463.244841
3528,0.0,0.0,28.0
3529,2.0,0.0,958.25
3530,47.5,0.0,331.3333333
3531,108.9166667,0.0,516.4166667
3532,0.0,0.0,689.6666667
3533,0.0,0.0,887.3547619
3534,25.57142857,0.0,2026.47619
3535,123.0,29.5,529.3333333
3536,48.0,0.0,2376.861905
3537,64.0,0.0,1564.17381
3538,69.0,0.0,1180.0
3539,0.0,0.0,291.6
3540,0.0,0.0,203.0
3541,18.0,0.0,871.8333333
3542,322.5,29.0,3098.992857
3543,178.5,314.0,2340.5
3544,0.0,0.0,108.0
3545,82.0,0.0,1927.122222
3546,0.0,0.0,143.75
3547,0.0,0.0,553.0
3548,0.0,0.0,855.0
3549,176.6666667,153.0,880.8
3550,0.0,0.0,37.0
3551,0.0,0.0,1721.125
3552,418.0,76.0,3345.685836
3553,0.0,0.0,809.1666667
3554,0.0,0.0,466.75
3555,23.0,0.0,1513.0
3556,12.5,0.0,769.9928571
3557,0.0,0.0,126.6666667
3558,0.0,0.0,317.5
3559,0.0,0.0,389.0
3560,0.0,0.0,44.0
3561,0.0,0.0,252.0
3562,66.96666667,416.0,12065.18135
3563,120.0,85.0,616.4333333
3564,0.0,0.0,978.0
3565,54.0,0.0,487.6666667
3566,0.0,0.0,60.0
3568,0.0,0.0,647.5
3569,0.0,0.0,204.5
3570,0.0,0.0,72.0
3571,4.0,0.0,143.85
3572,374.3690476,0.0,258.0833333
3573,0.0,0.0,99.7
3574,5.5,0.0,277.0
3575,0.0,1779.166667,1886.5
3576,0.0,0.0,1987.533333
3577,0.0,0.0,391.8666667
3579,374.0,0.0,791.9559524
3580,0.0,0.0,127.5
3581,0.0,0.0,2259.2
3582,0.0,109.0,1232.733333
3583,41.0,0.0,1018.0
3584,15.0,0.0,1397.5
3585,0.0,0.0,292.5
3586,11.0,0.0,183.5
3587,0.0,134.3333333,765.4454545
3588,0.0,0.0,1006.666667
3589,9.0,0.0,764.75
3590,0.0,0.0,61.0
3591,0.0,0.0,1304.666667
3592,54.63636364,75.0,1336.554221
3593,0.0,0.0,336.8
3594,45.0,0.0,183.0
3595,44.33333333,0.0,813.1
3597,738.0,0.0,664.3333333
3599,0.0,0.0,655.0
3600,72.0,0.0,343.0
3601,0.0,3.0,5407.788889
3602,12.0,0.0,691.5
3603,468.3666667,88.0,3772.405525
3604,55.5,0.0,24.5
3605,283.6666667,17.0,2154.72381
3606,0.0,0.0,883.0
3607,0.0,0.0,33.0
3608,0.0,0.0,632.0
3609,0.0,0.0,25.0
3610,0.0,0.0,180.5
3611,0.0,0.0,73.66666667
3612,53.5,0.0,1097.05
3613,0.0,0.0,611.0
3614,132.0,0.0,413.0
3615,0.0,0.0,724.1333333
3616,101.0,0.0,441.0
3617,0.0,0.0,1803.584127
3618,0.0,0.0,855.25
3619,109.0,0.0,466.6666667
3620,278.8333333,15.0,2311.090909
3621,0.0,0.0,309.8
3622,0.0,0.0,889.0
3623,0.0,0.0,78.25
3624,0.0,0.0,142.1666667
3625,0.0,0.0,57.0
3626,0.0,0.0,647.6666667
3627,21.5,323.0,836.8333333
3628,0.0,0.0,133.0
3629,250.8571429,37.5,1145.571429
3630,0.0,0.0,984.0
3631,545.0,101.5,2797.213095
3633,0.0,0.0,108.0
3634,60.0,0.0,34.0
3635,0.0,0.0,399.0
3636,13.0,53.0,388.7444444
3637,37.3,166.0,3872.50942
3638,0.0,0.0,59.0
3639,68.0,0.0,818.5
3640,0.0,0.0,4115.233333
3641,0.0,0.0,146.7666667
3642,0.0,0.0,212.8333333
3643,237.8333333,0.0,3268.075758
3644,0.0,0.0,295.0
3645,120.6666667,0.0,261.6
3646,0.0,0.0,62.0
3647,119.0,86.0,413.7222222
3648,0.0,0.0,1005.0
3649,0.0,0.0,2222.9
3652,7.0,0.0,467.952381
3653,65.0,0.0,531.0
3654,0.0,0.0,142.0
3655,1764.0,0.0,86.0
3656,68.0,0.0,870.6666667
3657,0.0,0.0,1010.166667
3658,0.0,0.0,27.5
3659,0.0,0.0,1353.115146
3660,63.66666667,0.0,542.1666667
3661,0.0,0.0,623.9666667
3662,0.0,0.0,123.0
3663,0.0,0.0,19.0
3665,37.5,0.0,375.0
3666,312.0,0.0,782.5
3667,0.0,0.0,442.1666667
3668,299.0,41.0,696.4027778
3669,0.0,39.0,443.2083333
3670,0.0,313.0,135.5
3671,0.0,0.0,213.5
3672,0.0,0.0,262.0
3673,0.0,0.0,1144.0
3674,0.0,0.0,16.0
3675,93.5,0.0,251.3333333
3676,0.0,0.0,171.5
3677,0.0,0.0,892.0
3679,67.0,0.0,468.1916667
3680,0.0,0.0,180.0
3681,251.8666667,0.0,1993.915257
3682,121.0,0.0,174.8333333
3683,71.0,246.0,1501.333333
3684,0.0,0.0,121.0
3685,110.0,0.0,1584.044444
3686,0.0,0.0,438.075
3687,136.6666667,7.0,687.5333333
3688,0.0,0.0,103.0
3689,8.0,0.0,826.85
3690,167.1666667,348.0,4086.144897
3691,15.0,0.0,894.6666667
3692,142.7,0.0,1858.733333
3693,114.0,0.0,368.3333333
3694,0.0,0.0,6.0
3695,0.0,0.0,211.3333333
3696,86.0,0.0,1197.666667
3697,0.0,0.0,671.6666667
3698,147.0,0.0,3473.733333
3699,0.0,0.0,2515.1
3700,47.0,0.0,173.0
3701,0.0,0.0,967.25
3702,0.0,0.0,388.5
3703,0.0,0.0,906.0
3704,276.8666667,0.0,548.8831169
3705,0.0,0.0,262.375
3706,0.0,17.0,549.0
3707,132.0,0.0,1564.0
3708,64.0,0.0,188.5
3709,103.5,0.0,884.8040616
3710,0.0,0.0,81.0
3711,0.0,0.0,1651.928571
3712,23.0,0.0,243.8333333
3713,1321.25,0.0,54.5
3714,190.5833333,1131.0,5492.366667
3715,7.0,0.0,151.5
3716,67.0,0.0,731.3333333
3717,131.0,0.0,1752.942857
3718,46.0,0.0,195.0
3719,67.0,0.0,274.25
3720,77.0,335.0,3583.166667
3721,0.0,0.0,474.6818182
3723,0.0,0.0,79.0
3724,0.0,0.0,71.75
3725,0.0,0.0,6100.527778
3726,0.0,15.0,3646.278788
3727,7.0,0.0,778.0
3728,0.0,2.5,592.5666667
3729,15.0,0.0,343.6666667
3730,397.8333333,0.0,1249.628205
3731,0.0,0.0,1260.666667
3732,0.0,55.0,1377.409524
3733,251.0,104.0,675.8333333
3734,0.0,0.0,1259.0
3735,0.0,0.0,1472.0
3736,0.0,0.0,219.5
3737,203.0,0.0,2394.0
3738,0.0,0.0,364.1666667
3739,232.4,0.0,190.4
3740,0.0,0.0,253.1666667
3741,0.0,0.0,579.5833333
3742,0.0,0.0,953.8333333
3743,0.0,0.0,297.0
3744,0.0,0.0,597.3333333
3745,22.33333333,0.0,2900.638469
3746,54.0,0.0,304.5
3747,0.0,0.0,55.0
3748,23.0,0.0,934.0
3749,116.0,0.0,1098.0
3750,26.0,140.8333333,5478.530087
3751,90.5,0.0,1873.166667
3752,0.0,0.0,2129.333333
3753,159.7166667,20.0,1721.872725
3754,0.0,0.0,655.1666667
3755,0.0,0.0,1008.416667
3757,18.0,16.0,504.0
3758,156.0,201.0,1033.066667
3759,47.0,51.0,463.4166667
3760,766.8333333,0.0,4153.276587
3761,0.0,0.0,456.3333333
3762,0.0,0.0,84.33333333
3763,0.0,0.0,56.5
3764,0.0,0.0,128.3333333
3765,318.6666667,0.0,1205.583333
3766,63.0,16.0,4987.688889
3767,0.0,0.0,33.0
3768,14.0,0.0,1845.333333
3769,5.384615385,0.0,1195.726923
3770,0.0,0.0,457.4047799
3771,0.0,0.0,69.0
3772,15.0,0.0,189.6666667
3773,147.5,37.5,788.2666667
3774,10.0,17.0,1647.5
3775,0.0,0.0,1483.333333
3776,0.0,0.0,50.0
3777,0.0,0.0,304.75
3778,0.0,0.0,1207.0
3779,0.0,0.0,123.0
3780,131.2,27.0,893.45
3781,61.5,0.0,794.5
3782,386.0,25.0,2725.0
3783,179.5,0.0,746.1666667
3785,0.0,0.0,433.8333333
3786,0.0,0.0,4.0
3787,45.5,58.0,311.5
3788,0.0,0.0,123.5
3789,26.66666667,0.0,1905.652754
3790,0.0,0.0,162.5
3791,91.0,0.0,61.0
3792,0.0,0.0,304.1666667
3793,0.0,0.0,301.5
3794,0.0,0.0,210.0
3795,44.75,0.0,102.0
3796,53.0,0.0,2246.166667
3797,49.0,0.0,2210.5
3798,53.0,0.0,417.0
3799,0.0,0.0,689.0
3800,0.0,0.0,789.6666667
3801,225.0,0.0,549.0
3802,108.0,42.0,879.9166667
3803,90.0,0.0,202.8333333
3804,84.0,0.0,506.7666667
3805,0.0,0.0,806.5
3806,33.0,0.0,1835.066667
3807,368.8333333,0.0,5016.351205
3808,73.5,0.0,5664.146032
3809,68.66666667,0.0,126.5
3810,0.0,0.0,7515.583333
3811,45.0,87.0,485.8333333
3812,839.0,0.0,1248.242262
3813,402.5,0.0,1485.566667
3814,0.0,0.0,67.0
3815,33.0,0.0,2816.55307
3816,19.0,0.0,3209.0
3817,0.0,0.0,136.0
3818,51.0,176.0,1420.733333
3819,0.0,0.0,108.0
3820,0.0,0.0,152.0
3821,31.0,0.0,347.0
3822,21.33333333,0.0,45.33333333
3823,71.5,37.0,287.2916667
3824,51.0,222.0,654.5
3825,0.0,0.0,202.8333333
3826,72.5,0.0,1580.0
3827,0.0,0.0,2071.0
3828,0.0,0.0,190.75
3829,71.3,0.0,813.8
3830,0.0,0.0,76.0
3831,0.0,0.0,4377.983333
3832,0.0,0.0,162.5
3833,37.0,16.0,463.5
3834,0.0,0.0,182.0
3835,30.0,134.0,519.9166667
3836,23.0,0.0,618.0
3837,0.0,0.0,193.3333333
3838,4.0,0.0,1296.942857
3839,0.0,0.0,20.0
3840,0.0,0.0,157.0
3841,105.0,0.0,305.4285714
3842,0.0,0.0,65.0
3843,4.0,0.0,440.6
3844,0.0,0.0,61.0
3845,0.0,0.0,1689.0
3846,0.0,0.0,17.0
3847,20.5,13.0,1518.903694
3848,38.0,0.0,727.7142857
3849,6.0,0.0,302.9833333
3850,112.3333333,0.0,2831.561111
3851,0.0,0.0,480.8571429
3852,0.0,0.0,82.0
3853,245.4666667,0.0,1575.216667
3854,86.16666667,13.0,1546.503822
3856,10.0,47.66666667,944.297619
3857,0.0,0.0,186.0
3858,104.5,54.0,796.3
3859,0.0,0.0,65.0
3860,0.0,0.0,1035.821429
3861,0.0,0.0,298.5
3862,0.0,0.0,612.0
3863,0.0,0.0,2886.523521
3864,177.0,500.0,2663.82381
3865,0.0,161.5,2789.166667
3866,129.5,0.0,982.0
3867,52.0,0.0,295.6666667
3868,0.0,0.0,3242.0
3869,0.0,0.0,1735.595238
3870,25.5,0.0,908.5
3872,87.25,0.0,2094.983333
3873,57.5,0.0,608.4
3874,0.0,0.0,203.6666667
3875,50.66666667,0.0,3731.079365
3876,41.0,9.307692308,1042.416667
3877,294.5,231.7,1034.583333
3878,0.0,0.0,590.8333333
3879,362.0,61.0,819.0
3880,0.0,0.0,127.0
3881,96.0,313.0,2091.662821
3882,0.0,0.0,3279.407576
3883,157.0,0.0,896.0666667
3884,0.0,0.0,309.0
3885,820.8,29.5,1609.313889
3886,0.0,0.0,887.9166667
3887,0.0,0.0,462.7333333
3888,0.0,0.0,313.0
3889,157.0,60.0,1192.5
3890,316.8333333,13.0,3085.007143
3891,17.0,0.0,260.2
3893,0.0,0.0,1425.183333
3894,0.0,0.0,137.0
3895,0.0,0.0,746.8
3896,235.0,0.0,1193.0
3897,367.0,0.0,2387.990657
3898,51.01923077,0.0,3068.922487
3899,165.0,0.0,3096.375
3900,0.0,0.0,1040.2
3901,0.0,0.0,180.1666667
3902,0.0,0.0,140.0
3903,0.0,0.0,1217.2
3904,0.0,0.0,80.5
3905,0.0,0.0,3272.0
3906,175.0,0.0,262.0
3907,4.0,0.0,1075.759524
3908,0.0,0.0,399.6666667
3909,0.0,0.0,166.1666667
3911,38.16666667,0.0,77.66666667
3912,0.0,0.0,641.5
3913,375.2785714,0.0,5432.836783
3915,143.0,29.0,380.0
3916,0.0,0.0,1556.6
3917,139.0,109.0,752.4592075
3918,9.0,0.0,2451.869048
3919,0.0,0.0,777.2175325
3920,8.0,0.0,1295.916667
3921,96.25,0.0,1222.333333
3922,0.0,0.0,528.0
3923,72.0,6.0,1212.030303
3924,40.66666667,0.0,783.45
3925,0.0,0.0,2574.725974
3926,0.0,0.0,52.0
3927,4.0,0.0,151.0
3928,0.0,0.0,648.0
3929,0.0,0.0,114.0
3930,38.33333333,0.0,2277.377056
3931,0.0,707.5,3981.892484
3932,114.6666667,0.0,222.6666667
3934,0.0,0.0,200.0
3935,9.0,49.0,2454.45
3936,142.3,0.0,1479.083333
3937,180.0,258.0,5233.590476
3938,87.0,0.0,3156.501914
3939,339.1666667,0.0,525.6666667
3940,133.0,0.0,341.3666667
3941,0.0,0.0,18.0
3942,0.0,0.0,152.3333333
3943,0.0,0.0,231.5
3944,0.0,0.0,13.0
3945,64.0,0.0,619.4
3946,0.0,0.0,58.0
3947,0.0,222.0,1545.833333
3948,24.5,0.0,1525.666667
3950,0.0,0.0,1838.5
3951,0.0,0.0,19.0
3952,0.0,0.0,693.5
3953,41.0,0.0,1337.245455
3954,81.5,21.0,2199.972222
3956,219.25,31.0,374.3809524
3958,0.0,0.0,819.9166667
3959,0.0,0.0,953.5
3960,0.0,0.0,34.0
3961,0.0,0.0,240.5
3962,11.0,0.0,4877.257071
3963,0.0,0.0,404.0
3964,0.0,74.0,83.5
3965,35.0,0.0,89.33333333
3966,0.0,0.0,380.0
3967,78.3,120.0,1363.263492
3968,120.0,64.0,1859.083333
3969,5.0,0.0,35.0
3970,0.0,482.3333333,2453.75
3971,0.0,0.0,135.8333333
3972,0.0,0.0,165.8
3973,15.6,0.0,68.0
3974,0.0,0.0,196.8333333
3975,0.0,0.0,207.1666667
3976,0.0,0.0,197.0
3977,259.8333333,0.0,535.4666667
3978,5.0,0.0,1342.5
3979,15.0,0.0,224.0
3980,0.0,0.0,520.6
3981,0.0,0.0,290.8333333
3982,88.0,0.0,538.9666667
3983,0.0,0.0,112.0
3984,0.0,0.0,319.5
3986,0.0,0.0,14.0
3987,0.0,0.0,168.2857143
3988,0.0,0.0,1562.866667
3989,389.0,0.0,310.5
3990,0.0,0.0,411.8
3991,122.5,0.0,1706.712281
3992,127.0,0.0,1431.666667
3994,0.0,0.0,1230.368182
3995,0.0,0.0,259.5
3996,139.0,20.0,960.8333333
3997,0.0,0.0,21.0
3998,78.5,0.0,673.0
3999,96.0,18.0,2130.025
4000,162.0,0.0,204.5
4001,41.33333333,0.0,4569.904365
4002,0.0,0.0,15.0
4003,0.0,0.0,1496.833333
4004,0.0,0.0,17.0
4005,69.0,4.0,319.0
4006,0.0,0.0,376.3333333
4007,0.0,0.0,805.0
4008,48.0,0.0,506.7166667
4009,0.0,0.0,3.0
4010,84.5,0.0,596.0833333
4011,0.0,0.0,102.0
4012,0.0,0.0,313.3333333
4013,85.0,0.0,452.5833333
4014,72.5,148.0,377.5
4015,0.0,0.0,1620.183333
4016,0.0,0.0,18.0
4017,0.0,0.0,963.0
4018,5.0,0.0,0.0
4019,73.0,0.0,327.6666667
4020,0.0,0.0,45.33333333
4021,0.0,0.0,743.1666667
4022,35.75,0.0,679.5
4023,0.0,0.0,34.0
4024,149.5,0.0,2598.991667
4025,0.0,0.0,53.0
4026,91.5,0.0,1266.5
4027,117.3333333,82.0,813.3888889
4028,388.3,417.0,6483.775
4029,0.0,0.0,206.5
4030,27.0,22.0,408.25
4031,245.0833333,194.0,3646.966667
4032,13.0,0.0,2058.5
4033,0.0,0.0,1115.459524
4034,0.0,0.0,19.0
4035,214.0,0.0,259.0
4036,99.0,0.0,831.6904762
4037,0.0,0.0,126.8333333
4038,52.5,0.0,1365.5
4039,0.0,0.0,1624.223485
4041,0.0,0.0,1511.0
4042,0.0,0.0,364.6666667
4043,142.5,56.0,1073.5
4044,4.0,0.0,957.9
4045,0.0,0.0,134.0
4046,0.0,0.0,1608.5
4047,37.0,9.0,1075.713095
4048,0.0,0.0,994.5757576
4049,0.0,0.0,1137.166667
4050,543.0,320.5,2039.0
4051,0.0,0.0,222.0
4052,0.0,0.0,108.0
4053,79.0,12.0,1603.333333
4055,0.0,0.0,56.5
4056,0.0,0.0,522.0
4057,143.1666667,22.0,2531.060479
4058,0.0,0.0,601.9714286
4059,0.0,0.0,862.0
4060,738.0,0.0,1840.666667
4061,132.0,0.0,2299.391667
4062,9.166666667,24.0,5426.022078
4063,245.1666667,114.5,3098.912088
4064,0.0,0.0,8.0
4065,0.0,0.0,337.1666667
4066,246.5,0.0,2326.666667
4067,0.0,0.0,64.0
4068,65.16666667,0.0,736.7833333
4069,156.9,0.0,1123.691667
4070,0.0,0.0,1232.02684
4071,74.21428571,0.0,1367.630952
4072,0.0,0.0,39.0
4073,210.7777778,215.0,1887.694444
4074,0.0,0.0,48.0
4075,0.0,1222.75,443.0
4076,92.16666667,39.0,1388.866667
4077,102.0,0.0,1107.466667
4078,37.0,0.0,2533.833333
4079,0.0,0.0,51.0
4080,0.0,0.0,9.0
4081,51.0,0.0,637.5
4082,90.51111111,0.0,669.9166667
4083,0.0,3.0,1005.946429
4084,37.0,0.0,1270.166667
4085,185.0,0.0,186.1666667
4086,0.0,0.0,140.5
4087,0.0,0.0,147.0
4088,0.0,0.0,769.5
4090,21.0,0.0,973.5833333
4091,0.0,40.0,306.3333333
4092,0.0,0.0,10.0
4093,0.0,0.0,3386.0
4094,131.0,0.0,117.6666667
4096,0.0,0.0,143.5
4097,0.0,0.0,1160.0
4098,0.0,0.0,1324.666667
4099,165.0,0.0,1058.189474
4100,6.0,0.0,354.8333333
4101,6.0,0.0,2241.5
4102,30.0,0.0,518.0
4103,222.5,0.0,764.5
4104,0.0,0.0,582.4
4105,8.5,0.0,25.5
4106,641.5357143,298.6666667,798.5357143
4107,0.0,0.0,629.5
4108,0.0,0.0,623.0769231
4109,815.7666667,618.0,6657.151362
4110,128.1666667,41.0,2213.819048
4111,0.0,0.0,647.8166667
4112,203.5,0.0,645.5
4113,1271.5,0.0,1221.138095
4114,0.0,0.0,606.7857143
4115,494.1666667,151.0,4773.335638
4116,313.0333333,0.0,3700.495815
4117,0.0,30.66666667,307.5714286
4118,0.0,0.0,293.5
4119,61.19642857,0.0,747.4
4120,10.0,53.0,1578.0
4121,602.0,0.0,1810.966667
4122,0.0,0.0,118.0
4123,0.0,0.0,710.0
4124,0.0,0.0,87.5
4125,0.0,0.0,338.5
4126,0.0,0.0,237.3333333
4127,0.0,0.0,190.25
4128,0.0,0.0,500.0
4129,0.0,0.0,54.0
4130,19.0,0.0,2544.166667
4131,157.0583333,514.0,2605.702273
4132,203.5,0.0,296.55
4133,99.5,0.0,143.0
4134,279.5,0.0,426.0
4135,334.75,0.0,598.7785714
4136,0.0,0.0,120.0
4138,144.5,0.0,885.125
4139,0.0,0.0,48.0
4140,0.0,0.0,783.25
4141,282.5,0.0,451.0
4142,0.0,0.0,259.6666667
4144,46.33333333,0.0,177.4047619
4145,0.0,0.0,24.0
4146,0.0,0.0,99.0
4147,321.6666667,460.0,1900.896078
4148,0.0,0.0,1296.716667
4149,0.0,11.0,926.6690476
4150,29.0,0.0,15.0
4151,84.66666667,60.0,5343.049577
4152,54.0,0.0,1296.183333
4154,94.0,0.0,1159.666667
4155,70.0,0.0,496.6666667
4156,0.0,0.0,624.6248956
4157,0.0,0.0,177.3333333
4158,253.9,218.0,2869.788095
4159,0.0,0.0,210.2
4160,0.0,0.0,377.0
4161,44.0,53.0,667.6666667
4162,0.0,0.0,350.8333333
4163,105.75,0.0,3394.130159
4165,0.0,0.0,70.0
4166,117.5,0.0,545.5
4167,0.0,0.0,1324.616667
4168,0.0,0.0,5.0
4169,512.0,0.0,322.0
4170,100.0,12.0,1373.95
4172,0.0,0.0,655.0
4173,196.0,0.0,939.6333333
4174,975.75,0.0,3970.7
4175,7.0,2.0,2325.611905
4176,0.0,0.0,70.0
4177,0.0,0.0,99.0
4178,143.8,0.0,90.75
4180,32.0,0.0,209.0
4181,129.6666667,42.0,443.25
4182,323.55,0.0,1044.8
4184,0.0,0.0,783.5666667
4185,198.5,0.0,2124.833333
4186,153.25,0.0,402.7166667
4188,0.0,29.0,557.4047619
4189,0.0,0.0,34.0
4190,99.0,0.0,573.0
4191,5.0,0.0,1062.749495
4192,109.5,0.0,1231.2
4193,0.0,0.0,98.33333333
4194,1474.5,11.5,5293.824709
4195,38.0,0.0,1230.312302
4196,73.0,0.0,498.3333333
4197,0.0,0.0,225.0
4198,19.33333333,0.0,710.9083333
4199,0.0,0.0,356.5
4200,464.15,160.5,1975.633333
4201,0.0,0.0,248.8333333
4202,0.0,2.0,1311.0
4203,0.0,0.0,2473.25
4204,0.0,0.0,72.0
4205,0.0,0.0,110.75
4206,0.0,0.0,110.0
4207,523.3333333,37.0,581.2261905
4208,162.5,0.0,1634.095238
4209,0.0,0.0,473.75
4210,42.0,0.0,602.0
4211,0.0,0.0,13.0
4212,4.0,0.0,4651.033333
4213,0.0,0.0,2854.783333
4214,173.0,0.0,224.0
4215,0.0,0.0,701.0
4216,45.0,0.0,506.1666667
4217,0.0,0.0,791.0
4218,0.0,0.0,401.1666667
4219,4.0,0.0,102.0
4220,0.0,0.0,852.7666667
4221,77.0,0.0,2670.869444
4222,0.0,0.0,105.0
4223,98.0,31.0,898.1714286
4224,15.0,0.0,243.4166667
4226,0.0,0.0,191.0
4227,31.1,1258.833333,7675.14929
4228,76.16666667,0.0,182.1666667
4229,0.0,0.0,547.5
4230,0.0,26.0,3540.239394
4231,299.6333333,56.0,1386.633333
4233,4.0,0.0,673.125
4234,0.0,0.0,158.3333333
4235,433.1,309.0,1523.416667
4236,35.33333333,0.0,151.5
4237,0.0,0.0,70.0
4238,0.0,0.0,856.3333333
4239,0.0,0.0,289.75
4240,14.0,0.0,2555.12381
4242,0.0,27.0,566.5
4243,0.0,0.0,453.3333333
4244,0.0,0.0,85.0
4245,0.0,0.0,489.25
4246,10.0,57.0,6266.208586
4247,140.3333333,0.0,88.95
4248,127.0,0.0,2423.75
4249,200.0,0.0,1606.831818
4250,0.0,0.0,692.6222222
4251,44.5,0.0,48.5
4252,63.0,0.0,2232.5
4253,77.5,0.0,90.33333333
4254,270.0,1778.0,13259.29396
4255,0.0,0.0,149.5
4256,0.0,0.0,1638.5
4257,0.0,0.0,44.0
4258,104.9857143,0.0,1926.33339
4259,117.0,0.0,68.0
4260,57.5,0.0,845.8333333
4261,310.8571429,27.0,2950.62381
4262,37.0,0.0,813.0
4263,88.0,10.0,1390.388889
4264,732.25,0.0,1345.755952
4265,0.0,0.0,213.5
4266,0.0,0.0,1369.75
4267,126.5,0.0,138.8
4268,9.0,0.0,1164.416667
4269,139.5,0.0,1740.271008
4270,42.0,47.0,1994.5
4271,0.0,0.0,283.0
4272,0.0,41.0,459.6666667
4273,216.75,0.0,1527.166667
4274,321.6,0.0,1151.2
4275,9.0,0.0,266.0
4276,666.0,0.0,2061.066667
4277,0.0,0.0,360.0833333
4278,0.0,0.0,989.3333333
4279,332.6666667,666.7833333,1822.841667
4280,115.0,151.6666667,2080.75
4281,17.0,0.0,407.5
4282,45.0,0.0,71.0
4283,59.0,0.0,269.0
4284,0.0,6.0,2782.75
4285,11.0,0.0,285.6666667
4286,661.0,373.0,1381.75
4287,0.0,0.0,3289.5
4288,0.0,0.0,181.5
4290,0.0,0.0,117.5
4291,24.0,0.0,147.0
4293,0.0,0.0,19.6
4294,0.0,0.0,488.3333333
4295,0.0,0.0,760.0
4296,259.0,42.0,401.968254
4297,0.0,0.0,166.1666667
4298,46.0,40.0,2072.991919
4299,0.0,0.0,11.0
4300,591.6636364,0.0,2504.413636
4301,0.0,0.0,488.0
4302,228.8333333,61.0,1505.333333
4303,0.0,0.0,2763.25
4304,0.0,0.0,947.0
4305,0.0,0.0,365.75
4306,0.0,0.0,450.0
4307,0.0,0.0,363.3
4308,18.0,0.0,1188.95
4309,0.0,0.0,312.0333333
4310,0.0,104.0,244.6666667
4311,0.0,0.0,56.0
4312,0.0,0.0,23.0
4313,221.0,0.0,338.8571429
4314,0.0,0.0,219.0
4315,0.0,0.0,362.0
4316,0.0,0.0,74.0
4317,370.275,689.8333333,2964.590278
4318,34.4,0.0,1820.566667
4319,0.0,0.0,888.3333333
4320,0.0,0.0,785.3833333
4321,200.3333333,0.0,154.0
4322,214.3333333,53.0,528.1964286
4323,0.0,0.0,317.5
4324,208.4,0.0,177.7333333
4325,0.0,0.0,502.0
4326,0.0,0.0,1148.5
4327,779.3556619,163.6666667,13430.97606
4328,9.5,0.0,314.0
4330,172.2,0.0,682.2
4331,0.0,0.0,129.0
4332,64.08823529,21.0,1933.89893
4333,160.5833333,136.75,1632.733333
4334,62.0,0.0,737.2619048
4335,0.0,0.0,113.0
4336,0.0,0.0,9.0
4337,67.0,0.0,36.0
4338,0.0,0.0,109.0
4339,0.0,0.0,108.0
4340,0.0,0.0,722.7
4341,0.0,0.0,1058.02381
4342,262.5,0.0,1456.27381
4343,0.0,0.0,46.0
4345,0.0,0.0,482.5
4346,0.0,0.0,262.1666667
4347,39.5,872.0,3909.620363
4348,87.0,0.0,280.5
4349,244.0,0.0,142.5
4351,21.0,0.0,190.0
4352,0.0,0.0,22.5
4353,293.0,0.0,1219.516667
4354,340.6111111,129.0,4516.588312
4355,30.5,0.0,1839.833333
4356,3.0,0.0,1217.430556
4358,89.5,0.0,30.0
4359,137.075,0.0,2088.443506
4360,157.5,23.0,3503.025
4361,0.0,0.0,2715.0
4362,0.0,0.0,351.75
4363,45.0,0.0,819.8333333
4364,0.0,0.0,72.0
4365,0.0,0.0,193.5
4367,0.0,0.0,174.5
4368,0.0,0.0,280.5
4369,88.0,0.0,95.5
4370,0.0,0.0,287.75
4371,87.0,0.0,1326.25
4372,106.0,0.0,386.85
4373,726.3666667,0.0,4322.779121
4374,8.0,0.0,1229.166667
4376,43.66666667,0.0,4555.02381
4377,0.0,0.0,67.0
4378,0.0,0.0,137.0
4379,1261.916667,985.4190476,1956.022222
4380,74.0,0.0,584.3333333
4381,59.0,0.0,497.5388889
4382,32.0,1150.0,5072.395938
4383,0.0,0.0,115.05
4384,123.5,0.0,477.5
4385,60.0,83.5,3727.32381
4386,0.0,0.0,50.0
4387,0.0,0.0,668.25
4388,0.0,0.0,224.0
4389,224.0,0.0,677.95
4390,71.66666667,0.0,364.4166667
4391,0.0,0.0,51.0
4392,28.0,0.0,384.1571429
4393,0.0,0.0,1844.416667
4394,61.5,0.0,1115.878205
4395,2.0,6.0,12.5
4396,0.0,0.0,598.6
4397,0.0,0.0,1019.5
4398,0.0,0.0,5996.025
4399,770.6,0.0,3593.12932
4401,101.0,0.0,1687.85
4402,186.8666667,0.0,3372.826797
4403,0.0,0.0,392.1666667
4405,53.5,0.0,559.3809524
4407,82.66666667,0.0,142.0
4408,0.0,0.0,421.6
4409,236.9,0.0,538.2
4410,0.0,0.0,208.5
4411,0.0,0.0,1471.858333
4412,39.0,12.0,158.0
4413,194.0,0.0,304.275
4414,44.0,0.0,182.0
4415,0.0,0.0,2425.083333
4416,0.0,0.0,164.0
4417,0.0,0.0,151.0
4418,424.0,0.0,45.0
4419,0.0,0.0,223.3333333
4420,62.5,0.0,2584.714286
4421,0.0,0.0,99.0
4422,134.5,330.0,169.5
4423,0.0,0.0,1739.25
4424,253.75,33.0,569.5138889
4425,76.33333333,0.0,1420.547902
4426,0.0,0.0,591.25
4428,0.0,0.0,167.5
4429,158.0,0.0,567.75
4430,0.0,0.0,106.5
4431,53.0,0.0,2461.25
4432,161.25,0.0,1038.797619
4433,471.5,331.75,121.0
4434,62.5,93.0,724.3333333
4435,135.5,0.0,1238.375
4436,0.0,6.0,1306.1
4437,0.0,0.0,335.0
4438,80.0,21.0,1193.333333
4439,75.0,0.0,185.0
4440,57.0,0.0,497.0
4441,0.0,0.0,78.0
4442,75.0,0.0,1930.333333
4443,89.0,0.0,1175.5
4444,313.0909091,516.0,3083.050977
4445,137.5666667,23.0,739.0666667
4446,0.0,0.0,1233.25
4447,47.07142857,0.0,1660.354762
4448,0.0,0.0,459.0
4449,0.0,0.0,221.0
4450,132.0,5.0,1039.244444
4451,46.0,53.5,270.5714286
4452,273.0,1.0,384.4
4453,0.0,0.0,160.5
4454,105.0,0.0,999.0
4455,3.0,0.0,228.6666667
4456,0.0,0.0,324.0
4457,109.0,0.0,2351.333333
4459,19.0,0.0,501.75
4460,0.0,0.0,267.5
4461,0.0,0.0,1599.266667
4463,405.1666667,22.0,2042.25
4465,0.0,0.0,990.9191176
4466,0.0,0.0,443.5
4467,25.4,0.0,2958.5
4468,52.0,0.0,293.5
4470,174.0,0.0,1307.666667
4471,0.0,0.0,276.0
4472,0.0,0.0,1723.75
4473,406.4166667,0.0,352.4166667
4474,6.4,0.0,135.0
4475,0.0,0.0,257.0
4476,0.0,0.0,1149.433333
4477,18.0,0.0,272.3333333
4478,0.0,0.0,364.5
4479,0.0,0.0,124.0
4480,63.0,0.0,777.0
4481,0.0,0.0,726.0
4482,0.0,0.0,700.6666667
4483,0.0,0.0,1282.0
4484,0.0,0.0,1165.623254
4485,179.0,0.0,163.0
4486,271.3333333,0.0,3510.416667
4487,0.0,0.0,58.0
4488,0.0,0.0,442.0
4489,280.0,0.0,612.75
4491,168.0,27.0,1580.6
4492,48.0,0.0,129.5
4493,0.0,0.0,140.0
4494,674.0,0.0,1090.533333
4495,0.0,0.0,14.0
4496,40.5,0.0,743.0119048
4497,820.0,0.0,2228.516667
4499,0.0,0.0,345.25
4500,0.0,0.0,14.0
4501,104.0,93.0,292.5
4502,108.0,0.0,448.5
4503,64.5,0.0,852.3333333
4504,0.0,0.0,45.5
4505,18.0,0.0,1122.583333
4506,255.8666667,0.0,716.95
4507,209.0,0.0,412.3333333
4509,37.0,0.0,240.4166667
4510,1951.279141,99.0,3373.015865
4511,0.0,21.0,498.5
4512,70.5,9.0,2852.0
4513,0.0,0.0,75.0
4514,132.0,0.0,209.25
4515,0.0,0.0,3837.5
4516,318.7202381,0.0,1205.945238
4517,98.94444444,600.0,5731.094444
4518,0.0,0.0,1077.0
4519,215.5,0.0,1238.066667
4520,0.0,0.0,728.2
4521,17.0,23.0,2218.276547
4522,365.1111111,848.4166667,5882.174206
4523,0.0,0.0,40.0
4524,0.0,0.0,819.1666667
4527,0.0,0.0,570.5
4528,0.0,39.0,1527.607143
4529,0.0,0.0,831.6083333
4530,0.0,0.0,952.5333333
4531,84.0,102.0,478.5
4532,119.0,0.0,197.5
4533,84.33333333,0.0,1699.327668
4534,0.0,0.0,91.0
4535,0.0,0.0,66.0
4536,0.0,0.0,47.5
4537,118.0,0.0,859.1666667
4539,0.0,0.0,103.0
4540,36.0,0.0,708.9166667
4541,108.0,43.66666667,3712.8116
4542,10.0,69.0,1279.333333
4543,377.0,0.0,634.0
4544,33.0,0.0,5.0
4545,155.0,0.0,3086.398654
4546,17.0,0.0,174.0
4547,136.0,0.0,2205.666667
4548,4.0,0.0,4.0
4549,0.0,0.0,553.5
4550,98.83333333,0.0,1644.857143
4551,0.0,14.0,3900.428571
4552,0.0,0.0,944.2333333
4554,0.0,0.0,1137.0
4555,0.0,126.0,1340.611199
4556,43.0,0.0,1348.7
4557,633.5,0.0,752.7166667
4558,0.0,0.0,14.0
4559,0.0,0.0,2734.818254
4560,0.0,0.0,2498.029762
4561,23.0,272.5,974.2698413
4562,0.0,70.0,110.0
4563,0.0,0.0,1728.025397
4564,45.0,55.5,77.5
4565,0.0,0.0,166.1666667
4566,0.0,0.0,304.0
4567,51.0,0.0,698.8333333
4568,47.33333333,0.0,34.83333333
4569,73.5,376.3333333,986.5166667
4570,0.0,0.0,597.0
4571,0.0,0.0,606.5
4572,0.0,0.0,246.9333333
4573,0.0,0.0,231.5
4574,109.8333333,37.0,1067.795238
4575,738.4,0.0,698.5833333
4576,0.0,0.0,115.6666667
4577,178.1666667,17.0,3095.975
4578,0.0,0.0,220.3848485
4579,173.25,0.0,2041.083333
4580,0.0,26.0,405.3333333
4581,102.5,10.0,237.25
4582,0.0,56.0,497.3333333
4583,0.0,0.0,87.5
4584,0.0,0.0,1364.0
4585,0.0,0.0,3177.791667
4586,281.3333333,108.0,562.6666667
4587,0.0,0.0,1045.0
4588,75.0,0.0,74.0
4589,0.0,0.0,701.0
4590,0.0,0.0,676.0
4591,0.0,0.0,232.8333333
4592,515.0,0.0,3229.169841
4593,0.0,0.0,584.0
4594,195.0,0.0,1179.014103
4595,31.33333333,51.0,523.7350649
4596,0.0,0.0,177.6666667
4597,0.0,0.0,157.9
4598,0.0,0.0,824.8333333
4599,183.0,35.0,557.3333333
4600,0.0,0.0,499.5
4601,0.0,0.0,222.5
4602,1064.0,10.0,3816.366667
4603,0.0,0.0,78.66666667
4604,208.2666667,0.0,543.775
4605,0.0,0.0,1248.133333
4606,0.0,0.0,697.1666667
4607,14.5,0.0,1423.967857
4609,112.0,0.0,1379.5
4610,103.0,0.0,831.6666667
4611,0.0,0.0,186.9333333
4612,69.5,0.0,34.5
4613,0.0,0.0,454.2891775
4614,334.6,0.0,1201.6
4615,0.0,0.0,180.6666667
4616,29.0,14.0,3825.102381
4617,115.1111111,146.0,3639.737302
4618,0.0,0.0,344.3333333
4619,0.0,0.0,1447.577273
4620,0.0,0.0,6.0
4621,0.0,0.0,349.0
4622,51.66666667,0.0,1977.05
4623,78.4,0.0,706.4
4624,58.0,0.0,245.0
4625,0.0,0.0,1815.279762
4626,0.0,0.0,38.0
4627,0.0,0.0,113.5
4628,0.0,0.0,164.9166667
4629,0.0,0.0,838.1666667
4630,0.0,0.0,12634.62089
4631,50.75,26.75,553.5833333
4632,0.0,0.0,39.0
4633,15.0,0.0,1155.0
4634,0.0,0.0,419.0
4635,0.0,0.0,384.0
4636,0.0,0.0,93.7
4637,0.0,0.0,15.0
4638,99.29166667,0.0,4200.597222
4639,0.0,0.0,141.5
4640,0.0,0.0,543.3
4642,99.0,0.0,886.9583333
4643,624.2,25.5,1887.158242
4644,96.0,0.0,565.0
4645,0.0,0.0,110.0
4646,1279.5,0.0,1032.761905
4647,0.0,0.0,879.0333333
4648,34.0,14.0,1332.088889
4649,0.0,0.0,355.0
4650,174.0,0.0,272.0
4651,0.0,0.0,241.2
4652,49.18333333,0.0,1065.501515
4653,0.0,0.0,224.0
4654,0.0,0.0,612.5833333
4655,0.0,0.0,2516.833333
4656,237.8333333,23.0,1814.564286
4657,15.0,0.0,1880.966667
4658,0.0,131.0,868.4166667
4659,91.5,0.0,2980.889179
4660,0.0,0.0,893.2166667
4661,0.0,0.0,139.0
4662,0.0,0.0,26.0
4663,0.0,0.0,1331.0
4664,228.5,0.0,64.5
4665,268.1666667,0.0,4010.064286
4666,0.0,0.0,2759.633333
4667,0.0,0.0,215.0
4668,0.0,0.0,72.5
4669,54.0,0.0,2543.5
4670,0.0,0.0,16.0
4671,147.7907692,236.0,1246.124103
4672,141.7619048,0.0,850.0357143
4673,0.0,0.0,849.75
4674,0.0,0.0,385.5
4675,82.23484848,0.0,9951.869139
4676,0.0,0.0,584.5
4677,0.0,0.0,1038.333333
4678,0.0,0.0,741.8333333
4679,213.4333333,0.0,253.5541667
4680,176.0,0.0,537.2
4681,454.0,17.0,1514.6
4682,313.8666667,153.5,3899.001328
4683,25.2,0.0,2008.807143
4684,152.0,0.0,117.0
4685,0.0,0.0,1889.7
4686,0.0,0.0,106.0
4687,0.0,0.0,725.3333333
4688,40.25,0.0,501.7666667
4689,39.5,51.0,814.5
4690,31.0,515.0,718.6666667
4691,0.0,0.0,25.0
4692,0.0,0.0,450.8333333
4694,46.0,0.0,867.4642857
4695,32.0,0.0,813.8
4696,43.75,4.0,1203.083333
4697,182.0,0.0,484.0
4698,248.8,116.0,595.3416667
4699,15.0,0.0,969.15
4700,0.0,0.0,790.1666667
4701,189.2215153,22.5,4033.471998
4702,0.0,0.0,460.0
4703,89.8,47.0,1167.966667
4704,0.0,0.0,409.3030303
4705,0.0,0.0,232.5666667
4706,0.0,0.0,1645.966667
4707,0.0,0.0,428.45
4708,61.66666667,0.0,2872.916667
4709,101.0,0.0,100.5
4710,0.0,0.0,1622.433333
4711,113.6666667,2.0,589.6666667
4712,0.0,0.0,841.1666667
4713,0.0,6.0,25.0
4714,0.0,0.0,1147.615584
4715,19.33333333,104.0,2724.008983
4716,0.0,0.0,973.5
4717,75.0,0.0,252.0
4718,0.0,0.0,76.5
4719,0.0,0.0,248.4166667
4720,0.0,5.0,2537.45
4721,0.0,0.0,3733.228571
4722,0.0,0.0,598.25
4723,4.0,0.0,161.1666667
4724,0.0,0.0,33.0
4725,51.0,89.0,154.5
4726,989.9,0.0,1474.233333
4727,0.0,0.0,116.8333333
4728,5.0,0.0,2054.333333
4729,67.66666667,17.0,258.0
4730,0.0,0.0,476.0
4731,0.0,0.0,283.5
4732,0.0,0.0,1217.85
4733,298.0,0.0,625.0
4734,0.0,0.0,217.0
4735,107.0,0.0,167.5
4736,0.0,0.0,24.0
4737,0.0,0.0,1760.0
4738,0.0,0.0,14.0
4739,0.0,0.0,358.0
4740,0.0,0.0,244.0
4741,61.0,0.0,1470.416667
4742,0.0,0.0,101.0
4743,75.89285714,0.0,4522.409524
4744,0.0,0.0,72.5
4745,37.5,0.0,1804.9
4746,0.0,0.0,63.5
4747,0.0,0.0,887.6666667
4748,0.0,0.0,1411.833333
4749,36.0,0.0,2240.166667
4750,123.5,13.0,3618.016667
4751,116.0,0.0,1245.6
4752,127.7,36.0,1675.525366
4753,54.0,0.0,220.9666667
4754,24.0,0.0,959.0
4755,19.0,0.0,278.9142857
4756,0.0,0.0,110.0
4757,0.0,0.0,203.0
4758,0.0,0.0,82.0
4759,98.66666667,35.0,458.7
4760,31.0,13.0,759.6666667
4761,139.0,146.0,1740.45
4762,24.0,72.0,462.0
4763,37.0,0.0,603.0
4764,0.0,43.0,1053.080952
4765,0.0,0.0,1289.25
4766,0.0,7.0,192.75
4767,2.0,0.0,463.8333333
4768,0.0,0.0,224.5
4769,0.0,0.0,697.5166667
4770,141.5,474.5,1431.333333
4771,86.0,0.0,754.9166667
4772,0.0,0.0,161.5
4773,0.0,0.0,134.0
4774,0.0,0.0,880.0
4775,149.9166667,0.0,1539.791667
4776,21.0,0.0,945.6666667
4777,0.0,0.0,323.5
4778,5.0,0.0,1261.166667
4779,26.41666667,391.0,1037.807143
4780,0.0,0.0,14.0
4781,48.83333333,370.875,526.0281385
4782,88.62857143,0.0,659.9357143
4783,0.0,0.0,139.0
4784,0.0,0.0,419.352381
4785,52.0,0.0,1265.75
4786,0.0,0.0,91.0
4787,119.0,0.0,2421.060623
4788,39.0,0.0,1180.5
4789,81.22222222,0.0,4079.530461
4790,0.0,25.0,388.0
4791,0.0,0.0,428.6666667
4792,91.33333333,0.0,759.0857143
4793,0.0,0.0,1440.0
4794,181.375,0.0,4426.650649
4795,0.0,0.0,160.0
4796,115.0,0.0,861.3333333
4797,17.0,0.0,109.0
4798,74.0,0.0,129.0
4799,135.5,0.0,619.5
4801,0.0,0.0,806.8333333
4802,0.0,0.0,1131.315476
4803,561.0,0.0,1816.427273
4804,0.0,0.0,566.7272727
4805,0.0,0.0,468.8333333
4806,60.0,0.0,647.6666667
4807,0.0,0.0,59.0
4808,114.3333333,0.0,1247.357143
4809,70.0,0.0,443.0
4810,147.3333333,0.0,407.8333333
4811,5.0,0.0,95.3
4812,56.0,0.0,92.5
4813,0.0,0.0,258.0
4814,0.0,100.0,364.35
4815,0.0,0.0,4175.75
4816,0.0,0.0,326.0
4817,394.1,489.6,1190.4
4819,0.0,0.0,830.0
4820,0.0,0.0,99.66666667
4821,56.2,0.0,5978.180357
4822,104.1136364,95.0,2411.789279
4823,0.0,0.0,165.0
4824,0.0,0.0,111.4166667
4825,0.0,0.0,377.5
4826,0.0,0.0,190.25
4827,0.0,101.0,208.5
4828,0.0,0.0,1225.0
4829,1023.0,0.0,4681.894444
4830,0.0,0.0,107.0
4831,0.0,0.0,161.0
4832,341.4,0.0,645.7095238
4833,117.0238095,57.0,252.8928571
4834,150.0,0.0,1722.5
4835,0.0,0.0,35.66666667
4836,0.0,0.0,460.45
4837,449.25,0.0,778.3583333
4838,14.0,10.0,713.3333333
4839,0.0,0.0,67.33333333
4840,0.0,0.0,392.4666667
4841,0.0,7.0,198.8848485
4842,121.1666667,0.0,961.5493506
4843,0.0,0.0,1155.5
4844,0.0,0.0,93.5
4845,146.25,0.0,575.0
4846,233.0,0.0,881.7412698
4847,135.0,0.0,1511.195238
4849,127.0,0.0,473.5
4850,0.0,0.0,400.6666667
4851,224.5833333,84.0,674.247619
4852,23.0,0.0,723.25
4853,0.0,0.0,211.0
4854,0.0,0.0,976.0
4855,268.0,7.0,551.6666667
4856,0.0,0.0,27.0
4857,16.0,0.0,446.8333333
4858,55.0,36.0,914.5060606
4859,0.0,0.0,108.0
4860,4.0,0.0,549.9166667
4861,0.0,0.0,1383.166667
4864,0.0,0.0,1271.333333
4865,0.0,0.0,31.0
4866,0.0,92.5,359.1666667
4867,33.0,0.0,26.0
4868,15.0,157.0,3010.532051
4869,0.0,0.0,243.0
4870,46.4,0.0,5287.233333
4871,672.0952381,86.0,237.0952381
4872,604.5,75.66666667,2387.435714
4873,90.0,0.0,860.3166667
4874,0.0,0.0,148.3333333
4875,188.1666667,0.0,1089.642857
4876,0.0,0.0,1229.25
4877,0.0,0.0,21.0
4878,0.0,0.0,1934.992857
4879,82.0,0.0,242.0
4880,178.0,0.0,110.0
4881,177.0,0.0,1905.152381
4882,0.0,0.0,223.0
4883,0.0,85.0,35.5
4885,2156.166667,92.0,463.0
4886,0.0,0.0,148.0
4887,0.0,0.0,202.0
4889,105.5,0.0,733.252381
4890,475.75,18.0,1559.65
4891,0.0,0.0,208.8333333
4892,30.0,0.0,204.1666667
4893,79.1,0.0,434.6714286
4894,0.0,0.0,229.5
4895,0.0,5.0,649.5
4896,34.0,0.0,2052.833333
4898,595.1,1439.0,1119.716667
4899,0.0,0.0,1192.22619
4900,74.0,31.0,292.0
4901,212.0,9.0,491.0
4902,27.53333333,0.0,3141.258333
4903,133.5833333,64.0,1222.470924
4904,136.3333333,72.5,1552.504762
4905,417.25,0.0,922.2083333
4906,0.0,0.0,12.0
4907,56.0,0.0,831.3888889
4908,40.5,0.0,593.5071429
4909,0.0,0.0,67.5
4910,0.0,0.0,29.0
4911,0.0,0.0,964.0705128
4912,0.0,0.0,421.25
4913,0.0,0.0,180.5
4915,0.0,0.0,1633.833333
4917,0.0,0.0,62.0
4918,90.0,0.0,2581.208333
4919,114.5,0.0,513.4
4920,0.0,0.0,221.0
4921,124.8611111,243.0,1971.194444
4922,0.0,0.0,247.0
4923,54.0,0.0,1911.333333
4924,47.66666667,0.0,3025.283333
4925,0.0,0.0,48.0
4926,0.0,0.0,47.5
4928,60.0,0.0,1846.63547
4929,236.25,0.0,1955.783333
4930,0.0,0.0,62.0
4931,6.0,0.0,634.6666667
4932,0.0,0.0,162.5
4933,57.0,0.0,724.0666667
4934,57.83333333,3.0,8388.316083
4935,0.0,0.0,247.0
4936,0.0,0.0,28.0
4937,440.1041667,315.0,2162.224767
4938,290.8603687,529.7,4339.534423
4939,0.0,0.0,148.5
4940,0.0,0.0,416.8333333
4941,80.0,0.0,213.3666667
4942,17.0,0.0,440.0
4943,4.0,0.0,1107.666667
4944,0.0,0.0,1851.833333
4945,0.0,28.0,1120.266667
4946,683.0,0.0,1215.766667
4947,0.0,38.0,311.0
4948,11.0,0.0,2562.083333
4949,0.0,0.0,2827.428571
4950,91.0,135.5,3596.933967
4951,115.6,503.25,1880.271429
4952,0.0,0.0,249.0
4953,170.8333333,39.0,45.33333333
4954,67.0,725.5,4713.8
4956,0.0,0.0,1974.702597
4957,0.0,0.0,23.0
4958,0.0,0.0,960.0
4959,0.0,0.0,1189.333333
4960,0.0,0.0,1021.0
4961,42.5,0.0,970.4192641
4962,0.0,0.0,507.3333333
4963,4.0,0.0,203.0
4964,105.4285714,13.0,1356.457359
4965,22.0,0.0,5.0
4966,0.0,0.0,2308.261905
4967,78.0,14.0,935.5571429
4968,197.6666667,0.0,88.75
4969,148.0,58.5,1847.211905
4970,0.0,0.0,216.0
4971,0.0,0.0,119.0
4972,27.58333333,0.0,420.2
4973,0.0,0.0,47.0
4974,0.0,0.0,109.5
4975,0.0,23.0,4167.488095
4976,0.0,36.0,660.4047619
4977,0.0,0.0,375.6619048
4978,14.0,38.0,1060.451515
4979,0.0,0.0,17.0
4980,0.0,0.0,180.0
4981,0.0,0.0,113.0
4982,81.66666667,0.0,875.0
4983,0.0,0.0,1269.5
4984,0.0,0.0,2280.833333
4985,0.0,0.0,11.0
4986,47.0,0.0,2582.69697
4987,55.0,18.0,548.0
4988,470.0,0.0,2046.5
4989,0.0,0.0,2530.5
4990,0.0,0.0,31.0
4991,73.5,55.0,1705.041667
4992,0.0,0.0,71.0
4993,120.25,869.0,2066.927778
4994,156.8,262.75,350.4253968
4995,417.0,0.0,344.5
4996,7.0,0.0,160.5
4997,0.0,0.0,586.5333333
4998,11.0,0.0,1557.166667
4999,285.8,23.5,2915.166667
5000,0.0,0.0,100.1666667
5001,0.0,0.0,77.0
5002,7.0,0.0,421.5
5003,0.0,0.0,1453.9
5004,28.0,0.0,408.5
5005,1172.0,0.0,1244.066667
5006,200.5,0.0,837.4166667
5007,237.25,0.0,454.2261905
5009,221.0,0.0,1753.583333
5010,611.0470588,393.325,1352.816503
5011,0.0,0.0,332.0
5012,0.0,0.0,1380.833333
5013,0.0,0.0,684.5
5014,0.0,103.1666667,1586.333333
5015,0.0,0.0,575.6666667
5017,4.0,0.0,1319.833333
5018,0.0,0.0,979.0166667
5019,17.0,32.0,948.0
5020,224.0,0.0,315.25
5021,3.0,0.0,549.3333333
5022,0.0,0.0,304.3333333
5023,14.0,19.0,1527.583333
5024,0.0,0.0,856.4166667
5025,0.0,24.0,1075.5
5026,0.0,0.0,368.5
5027,0.0,0.0,12.0
5028,586.6480186,263.6666667,1919.24523
5029,14.0,0.0,4712.769322
5030,0.0,0.0,482.6666667
5031,363.3333333,0.0,2012.900794
5032,154.7916667,7.0,1714.868651
5033,0.0,0.0,650.8333333
5034,0.0,0.0,781.5
5035,17.5,0.0,665.9848485
5036,0.0,71.0,244.0
5037,0.0,0.0,255.3222222
5038,0.0,0.0,2083.3
5040,183.7083333,17.0,1143.371078
5041,33.0,27.0,630.871912
5042,0.0,62.33333333,1122.272727
5043,112.0,0.0,111.6666667
5045,76.0,0.0,821.3333333
5046,255.7166667,0.0,7706.546429
5047,0.0,0.0,626.0
5048,83.0,0.0,47.0
5049,0.0,0.0,857.0
5050,0.0,0.0,44.0
5051,51.0,0.0,1859.5
5052,194.0362319,61.5,625.308112
5053,0.0,0.0,1209.761905
5054,0.0,0.0,801.5833333
5055,0.0,0.0,1115.75
5056,57.0,144.0,280.0833333
5058,0.0,0.0,260.3
5059,11.5,0.0,1562.0
5060,9.0,82.0,3148.173939
5061,0.0,0.0,464.5833333
5062,0.0,0.0,310.0
5063,0.0,0.0,1287.0
5064,0.0,0.0,153.0
5065,0.0,0.0,881.1666667
5066,0.0,0.0,247.0
5067,15.0,0.0,601.7681818
5068,201.3333333,5.0,3364.191667
5069,0.0,0.0,490.0833333
5070,0.0,0.0,87.0
5071,0.0,0.0,954.5
5072,26.0,0.0,22.0
5073,134.75,0.0,3283.722222
5074,16.0,0.0,1412.5
5075,0.0,0.0,113.0
5076,116.0,8.0,1828.774603
5077,42.0,0.0,1381.733333
5078,0.0,0.0,890.0
5079,0.0,0.0,1183.5
5080,29.0,113.0,536.0357143
5081,12.0,0.0,547.5
5082,0.0,0.0,1917.683333
5083,0.0,37.4,1146.5
5084,43.0,0.0,2362.5
5085,0.0,0.0,393.0
5086,108.0,0.0,730.5333333
5087,0.0,0.0,1563.0
5088,0.0,24.0,717.0
5089,57.0,163.0,2928.777778
5090,110.0,0.0,884.3333333
5091,310.6333333,0.0,606.4166667
5092,699.0,0.0,261.7
5093,0.0,0.0,431.5
5094,0.0,0.0,184.8333333
5095,85.5,0.0,1135.860714
5098,0.0,0.0,69.0
5099,0.0,0.0,272.0
5100,248.0,0.0,815.475
5101,53.0,7.0,678.0
5102,0.0,0.0,38.0
5103,363.875,0.0,2351.05
5104,0.0,0.0,2588.5
5105,0.0,0.0,463.3333333
5106,115.0,0.0,1383.191667
5107,0.0,0.0,106.5
5109,11.0,0.0,950.0
5111,0.0,0.0,877.6666667
5112,274.5,0.0,5883.040509
5113,0.0,0.0,4501.4337
5114,0.0,0.0,3357.340476
5115,178.0,0.0,943.6190476
5116,17.0,0.0,1056.616667
5117,78.0,0.0,406.8
5118,0.0,0.0,48.33333333
5120,0.0,0.0,99.0
5121,0.0,0.0,148.1666667
5122,0.0,0.0,96.0
5123,0.0,0.0,1799.833333
5124,188.0,0.0,1189.458333
5125,20.0,0.0,0.0
5126,0.0,0.0,815.8333333
5127,0.0,0.0,703.8333333
5128,75.0,0.0,1066.0
5129,38.30555556,0.0,1630.972222
5130,0.0,0.0,86.5
5131,130.3333333,68.0,2660.245238
5132,28.0,0.0,924.0
5133,273.0,178.0,121.5
5134,0.0,0.0,117.0
5136,89.0,0.0,1183.233333
5137,0.0,0.0,129.0
5140,131.995614,0.0,1712.833333
5141,147.6666667,96.33333333,1041.316345
5142,18.5,0.0,814.6071429
5143,78.0,0.0,269.75
5144,0.0,0.0,725.9
5145,26.0,0.0,768.5
5146,249.5,0.0,2506.333333
5147,356.0,37.0,683.1738095
5149,25.0,0.0,1445.6
5150,169.5666667,0.0,1853.535714
5151,46.27272727,0.0,2216.66832
5152,74.33333333,10.0,73.0
5153,2629.253968,2050.433333,43171.23338
5154,92.0,0.0,6897.942424
5155,0.0,0.0,1718.5
5157,0.0,0.0,352.0
5158,0.0,0.0,404.0
5159,79.5,241.0,43.5
5160,70.66666667,101.0,1086.074242
5161,0.0,0.0,254.0
5162,150.0,0.0,1799.144235
5163,46.5,377.0,117.5
5165,0.0,0.0,26.0
5166,0.0,0.0,19.0
5167,44.0,0.0,2075.983333
5168,0.0,0.0,1859.5
5169,0.0,0.0,187.0
5170,0.0,0.0,830.9333333
5171,0.0,0.0,21.0
5172,0.0,0.0,582.5
5173,45.0,0.0,1288.066667
5174,32.0,0.0,230.1
5175,176.5,0.0,1384.972222
5177,0.0,0.0,809.1666667
5178,0.0,0.0,145.0
5179,286.8333333,373.5,176.5
5180,0.0,0.0,355.6666667
5181,0.0,0.0,1945.321429
5182,0.0,0.0,589.5738095
5183,65.5,0.0,1243.80882
5184,101.5,0.0,572.8809524
5185,0.0,33.0,1277.833333
5186,134.7666667,0.0,347.547619
5187,159.0,55.5,1100.125
5188,92.0,0.0,473.0
5189,187.1666667,72.0,680.0
5190,30.5,31.0,533.5
5191,46.0,0.0,539.0
5192,0.0,0.0,340.0
5193,10.5,0.0,1747.125
5194,5.0,40.0,1594.972222
5195,505.5,0.0,1227.0
5196,138.0,1005.0,2450.435809
5197,11.5,0.0,683.0524892
5198,223.0,0.0,392.4
5201,94.0,0.0,332.75
5202,0.0,0.0,68.0
5203,0.0,0.0,379.4166667
5204,703.5,23.0,2259.55
5205,0.0,0.0,193.6666667
5206,37.0,0.0,862.5738095
5207,0.0,0.0,1580.833333
5208,325.3333333,94.0,1603.5
5209,190.25,23.0,1323.25
5211,0.0,0.0,46.0
5212,0.0,0.0,580.5
5213,0.0,0.0,63.0
5214,0.0,172.0,1227.047222
5215,104.0,0.0,777.3666667
5216,137.0,219.0,924.0
5217,101.0,0.0,300.6666667
5218,189.2142857,261.0,1871.788041
5219,86.6,0.0,193.75
5220,53.0,0.0,1007.9
5221,0.0,41.0,1754.0
5222,0.0,28.0,276.0
5223,183.0,48.0,2141.4
5224,0.0,0.0,1742.883333
5225,0.0,0.0,216.0
5226,238.4,0.0,132.2333333
5227,114.0,0.0,427.0
5228,0.0,0.0,277.0
5229,0.0,0.0,85.5
5230,0.0,0.0,89.5
5231,0.0,0.0,359.0
5232,0.0,0.0,1061.0
5233,0.0,0.0,274.0
5234,0.0,0.0,987.5
5236,52.5,0.0,415.5
5237,0.0,0.0,326.6666667
5238,200.5833333,86.0,1476.5
5239,39.0,0.0,314.8333333
5240,312.0,11.0,2710.570238
5241,0.0,0.0,64.33333333
5242,261.0,0.0,486.0
5243,30.5,18.0,1518.097619
5244,10.0,34.0,367.3761905
5245,14.0,0.0,513.9404762
5246,0.0,0.0,1349.25
5247,8.5,0.0,848.2051282
5248,0.0,0.0,375.6
5249,44.0,0.0,724.3166667
5250,80.0,0.0,957.6666667
5251,0.0,83.0,511.5
5252,204.3875,187.0,776.4138158
5253,19.0,0.0,605.6722222
5254,0.0,0.0,2765.444444
5256,0.0,0.0,2351.7
5257,0.0,0.0,1.0
5258,0.0,0.0,116.5
5259,11.0,0.0,1145.0
5260,0.0,0.0,3413.833333
5261,29.0,0.0,536.0
5262,30.0,16.5,3072.305403
5263,20.0,0.0,2179.666667
5264,181.0,302.0,382.4902597
5266,0.0,0.0,112.0
5267,16.0,29.0,1083.690476
5268,64.25,282.0,720.75
5269,0.0,0.0,680.0
5270,0.0,0.0,739.8333333
5273,79.5,19.0,314.25
5274,0.0,0.0,32.0
5275,48.0,0.0,1066.666667
5276,215.2,0.0,4749.240385
5278,62.14285714,0.0,1046.916667
5279,0.0,0.0,1748.0
5281,53.0,0.0,1331.0
5282,210.5,0.0,549.55
5283,0.0,0.0,7.0
5284,0.0,0.0,734.0
5285,0.0,0.0,662.6666667
5286,0.0,0.0,383.0
5288,30.25,0.0,327.2666667
5289,0.0,0.0,2529.166667
5290,181.3333333,0.0,792.6666667
5291,0.0,0.0,7.0
5293,0.0,0.0,111.0
5294,0.0,226.0,797.1666667
5295,0.0,0.0,465.6666667
5296,59.0,94.0,1449.0
5297,0.0,0.0,234.0
5298,55.0,0.0,376.5
5299,0.0,0.0,121.0
5300,183.75,15.0,2860.5
5301,7.0,0.0,430.5
5302,10.0,0.0,1066.0
5303,0.0,0.0,107.0
5304,0.0,0.0,462.5
5305,0.0,0.0,132.0
5306,0.0,0.0,172.1111111
5307,0.0,0.0,195.6666667
5308,0.0,0.0,992.0
5309,0.0,0.0,63.0
5310,0.0,0.0,526.8333333
5311,0.0,0.0,73.0
5312,0.0,0.0,417.0
5313,115.0,0.0,1129.214286
5314,0.0,0.0,272.0
5315,0.0,0.0,2676.0
5316,0.0,0.0,68.0
5317,6.0,0.0,3545.19127
5318,0.0,0.0,315.0
5319,71.66666667,4.0,1702.369048
5320,53.5,0.0,2874.966667
5321,0.0,0.0,102.0
5322,63.6,0.0,459.9636364
5323,77.0,0.0,710.6666667
5325,30.0,0.0,821.1666667
5326,0.0,0.0,34.0
5327,0.0,0.0,96.0
5328,0.0,0.0,666.0
5329,0.0,0.0,69.0
5330,0.0,0.0,745.1666667
5331,0.0,0.0,128.5
5332,0.0,0.0,45.0
5333,0.0,0.0,110.5
5334,443.2916667,0.0,3615.889239
5335,32.75,11.0,2949.55
5336,107.0,0.0,839.6666667
5337,0.0,0.0,70.0
5338,0.0,0.0,1432.5
5339,51.0,99.5,1475.266667
5340,62.0,172.0,1341.261111
5341,0.0,0.0,1384.5
5342,0.0,0.0,2101.733333
5343,0.0,0.0,156.0
5344,53.0,0.0,2720.7
5345,48.5,0.0,116.6666667
5346,2.0,0.0,4541.925
5347,44.0,0.0,355.0
5348,0.0,0.0,1014.833333
5349,0.0,0.0,182.4166667
5350,0.0,0.0,122.5
5351,0.0,0.0,278.0
5352,0.0,0.0,197.0
5353,121.0,0.0,1906.47619
5354,26.66666667,0.0,819.2715686
5355,0.0,0.0,328.3214286
5357,0.0,0.0,34.33333333
5358,0.0,0.0,70.0
5359,0.0,0.0,436.8125
5360,0.0,110.0,402.3333333
5361,200.5238095,0.0,1934.990476
5362,0.0,0.0,576.8333333
5363,5.0,25.0,1421.668627
5364,0.0,0.0,934.3666667
5365,138.3333333,0.0,277.5
5366,158.0,0.0,751.5
5367,0.0,0.0,195.5
5368,87.0,0.0,918.0833333
5369,63.16666667,0.0,4797.987915
5370,69.83333333,157.0,901.9166667
5371,0.0,8.0,1093.154762
5372,313.0,0.0,2382.428571
5374,0.0,0.0,1417.666667
5375,292.1904762,194.5,1948.713745
5376,0.0,0.0,588.7190476
5377,0.0,0.0,356.1666667
5380,0.0,0.0,13.0
5381,0.0,0.0,1156.384921
5382,52.4,202.5,1995.466667
5383,0.0,0.0,429.0
5384,0.0,0.0,1424.866667
5385,0.0,0.0,444.1
5386,4.0,0.0,333.9
5387,0.0,0.0,22.0
5388,0.0,0.0,558.3333333
5389,0.0,0.0,94.33333333
5390,4.0,0.0,760.25
5391,0.0,0.0,189.0
5392,0.0,0.0,981.0
5393,0.0,0.0,123.0
5394,132.6666667,0.0,773.5595238
5395,51.5,0.0,944.9166667
5396,0.0,0.0,155.0
5397,250.0,0.0,418.0
5398,90.0,34.0,1092.364286
5399,0.0,0.0,485.0833333
5400,78.0,0.0,672.5833333
5401,0.0,0.0,151.5
5402,771.9285714,214.1666667,1022.474026
5403,34.0,0.0,765.1666667
5404,0.0,0.0,2235.0
5405,95.0,48.0,259.5
5406,0.0,0.0,324.0
5407,0.0,0.0,48.0
5409,295.6666667,0.0,2207.833333
5410,20.0,0.0,512.8333333
5411,30.0,0.0,4126.353297
5412,0.0,0.0,837.3666667
5413,0.0,0.0,72.0
5414,184.0,61.0,1986.251515
5415,0.0,0.0,2347.716667
5416,0.0,0.0,13.0
5417,0.0,0.0,287.5
5418,57.0,0.0,497.1
5419,0.0,0.0,1245.0
5420,154.8333333,285.0,3262.350896
5421,45.0,31.0,1541.327451
5422,0.0,0.0,125.0
5423,31.0,46.0,1793.777778
5424,3.0,0.0,885.0
5425,34.0,0.0,646.2857143
5426,200.2222222,126.0,7253.676493
5427,40.0,0.0,55.0
5428,0.0,2.0,344.3214286
5429,33.66666667,0.0,21.66666667
5430,0.0,0.0,334.0
5432,0.0,0.0,608.5227273
5433,0.0,0.0,4.0
5434,24.16666667,0.0,1977.385088
5435,194.4166667,20.0,1569.166667
5436,58.0,0.0,806.5
5437,0.0,0.0,631.3068627
5438,0.0,35.0,782.0833333
5439,11.0,0.0,347.0
5440,149.5,0.0,1562.333333
5441,453.0,493.5,1199.522619
5442,32.0,0.0,299.5
5443,0.0,0.0,103.8333333
5444,101.6666667,0.0,2250.083333
5445,59.0,0.0,82.0
5446,0.0,0.0,747.0
5447,316.5,0.0,298.6904762
5448,309.25,0.0,1572.27381
5449,35.5,0.0,241.7692308
5450,69.5,116.0,2839.75
5451,42.0,0.0,275.702381
5452,85.92857143,0.0,681.7619048
5453,0.0,0.0,95.5
5454,76.0,79.0,2072.666667
5455,0.0,0.0,214.25
5456,0.0,0.0,207.5702479
5457,40.2,0.0,201.1333333
5458,63.4,0.0,120.4
5459,618.0666667,0.0,1342.083333
5460,0.0,0.0,7.0
5461,152.6,0.0,608.8833333
5462,56.3,0.0,315.4
5463,0.0,0.0,419.6
5464,39.2,120.8,80.5
5465,89.6,0.0,1721.906667
5466,104.3,0.0,2307.661212
5467,0.0,0.0,41.4
5468,204.2,0.0,652.3766667
5469,180.1333333,80.6,6512.010952
5470,12.0,0.0,493.3033901
5471,13.0,0.0,209.7
5472,0.0,0.0,68.4
5473,41.2,0.0,942.8
5474,101.8,0.0,5692.211713
5475,26.2,0.0,106.8
5476,79.6,332.08,1011.016667
5477,159.0,0.0,307.6166667
5478,227.9,0.0,701.0166667
5479,47.4,0.0,478.6
5480,0.0,0.0,710.0666667
5481,0.0,0.0,259.0
5482,0.0,0.0,1228.5
5483,196.6,0.0,1514.3
5484,33.2,0.0,278.4333333
5485,0.0,0.0,86.53333333
5486,9.5,0.0,528.9666667
5487,55.4,0.0,402.75
5489,1222.4,0.0,2988.883333
5490,0.0,0.0,844.58
5491,13.73333333,2.0,407.6833333
5492,23.2,0.0,964.4666667
5493,150.7,0.0,201.6
5494,66.6,0.0,523.6
5495,0.0,0.0,968.6924242
5496,92.6,0.0,207.9333333
5497,0.0,0.0,1062.666667
5498,1013.056909,102.8,2697.022104
5499,48.4,0.0,2707.386667
5500,57.4,0.0,303.1
5501,297.6,0.0,3572.241757
5502,0.0,0.0,12.0
5503,0.0,0.0,3287.0
5504,0.0,0.0,902.77
5506,0.0,0.0,519.8666667
5507,56.73333333,0.0,1091.394074
5508,86.6,0.0,349.5761905
5509,38.6,0.0,1087.7
5510,545.65,204.3466667,1182.432333
5511,94.6,0.0,1254.0
5512,53.0,0.0,778.8333333
5513,28.8,2195.3,378.4
5514,46.52,0.0,2248.914286
5515,41.4,0.0,558.6111111
5516,82.14,0.0,191.1
5517,0.0,0.0,267.5666667
5518,397.7,1093.3,4152.7631
5519,0.0,0.0,645.2
5520,932.7971429,0.0,991.7155466
5521,56.8,3.0,1677.666667
5522,10.0,0.0,354.9
5523,0.0,0.0,74.6
5524,89.98,0.0,1304.973333
5525,0.0,0.0,95.0
5526,67.5,0.0,873.64
5527,234.5666667,0.0,1807.227778
5528,63.5,0.0,1667.158421
5529,4.0,0.0,227.1
5530,0.0,0.0,331.3
5531,196.88,0.0,118.9133333
5532,60.2,0.0,165.4
5533,271.0,42.2,147.9
5534,85.2,0.0,203.0
5535,62.46666667,0.0,165.1
5536,164.0666667,0.0,1553.52381
5537,189.2646154,0.0,777.4146154
5538,196.6,0.0,0.0
5539,5.066666667,0.0,441.6045455
5540,94.7,0.0,897.19
5541,45.4,0.0,352.7
5542,38.8,0.0,214.0533333
5543,21.0,0.0,278.1366667
5544,82.6,14.2,66.53333333
5545,0.0,0.0,1321.7
5546,89.8,0.0,1570.133333
5547,850.0,0.0,1893.466667
5548,0.0,0.0,1070.098072
5549,0.0,0.0,1114.733333
5550,0.0,0.0,469.54
5551,585.8,0.0,1582.533333
5552,0.0,0.0,33.2
5553,0.0,88.6,682.1833333
5554,0.0,0.0,287.5
5555,491.6666667,0.0,1939.571111
5556,340.9,269.8,3611.978569
5557,112.8,0.0,1555.967143
5559,0.0,0.0,413.0
5560,0.0,0.0,62.4
5561,0.0,0.0,889.3666667
5562,698.1333333,9.0,4306.612355
5563,0.0,0.0,1069.7
5564,32.2,0.0,1199.616667
5565,16.6,0.0,1893.619048
5566,54.2,33.2,1324.68
5567,0.0,0.0,230.5666667
5568,11.0,0.0,98.56666667
5569,0.0,0.0,33.2
5570,455.0666667,306.1,5194.857143
5571,32.2,0.0,342.6866667
5572,601.9,0.0,2517.583333
5573,136.5,0.0,806.5
5574,0.0,0.0,348.0333333
5575,49.3,0.0,283.7
5576,278.6666667,0.0,907.2363636
5577,0.0,0.0,122.1666667
5578,118.8,0.0,259.2
5579,0.0,0.0,58.2
5580,13.0,0.0,47.13333333
5581,44.0,0.0,0.0
5582,4.0,0.0,2000.618333
5583,0.0,0.0,140.0
5584,75.05,0.0,4143.175238
5585,17.1,31.2,812.2873894
5586,2.0,657.8333333,3252.200476
5587,4.0,0.0,471.4777778
5588,5.0,0.0,764.1333333
5589,0.0,0.0,1275.9
5590,0.0,0.0,458.5
5591,0.0,0.0,86.36
5592,0.0,0.0,152.6
5593,268.08,0.0,420.2466667
5594,22.2,0.0,136.1
5596,0.0,0.0,1779.163333
5597,68.4,0.0,5175.377371
5598,468.100663,191.8666667,3428.527381
5599,43.2,0.0,137.0
5600,132.0,28.2,1356.866667
5601,45.03333333,69.6,5771.466862
5603,80.6,0.0,479.5857143
5604,26.2,0.0,131.2
5605,137.9,0.0,161.8666667
5606,0.0,0.0,261.8
5607,9.6,118.1,184.1
5608,161.2,0.0,555.4
5609,301.0,0.0,2621.621429
5610,45.2,0.0,230.2
5611,167.4,0.0,191.15
5612,0.0,0.0,4.0
5613,0.0,0.0,45.2
5614,19.4,45.26666667,136.0666667
5615,157.4,0.0,128.5
5616,0.0,0.0,2653.5
5617,56.8,0.0,27.2
5618,459.5,199.1,6186.17226
5619,0.0,0.0,58.4
5620,0.0,0.0,1163.266667
5621,42.2,0.0,440.2261905
5622,0.0,0.0,1489.590909
5623,12.0,0.0,0.0
5624,0.0,0.0,1590.42
5625,0.0,0.0,545.1
5626,0.0,0.0,517.4
5627,0.0,0.0,275.0
5628,69.6,0.0,199.1333333
5629,0.0,0.0,583.0
5630,66.55,0.0,1556.523333
5631,103.7333333,0.0,328.3
5632,60.4,0.0,572.6
5633,423.6,0.0,2031.506667
5634,63.68333333,0.0,129.7611111
5635,148.5,0.0,307.7
5636,96.6,0.0,276.7333333
5637,0.0,0.0,187.0
5638,628.3666667,0.0,4044.465674
5639,13.1,0.0,4208.752099
5640,25.0,0.0,7548.633333
5641,58.4,0.0,267.3
5642,0.0,0.0,820.3636364
5643,118.0,0.0,791.8
5644,77.5,0.0,2518.266667
5645,61.63333333,0.0,1804.011111
5646,68.8,0.0,781.5166667
5647,11.6,0.0,510.38
5648,0.0,0.0,87.6
5649,34.18095238,0.0,2012.660952
5650,36.3,0.0,309.55
5651,498.6,152.2,1556.491429
5652,23.2,0.0,1061.55
5653,194.4,0.0,182.5142857
5654,0.0,0.0,125.2666667
5655,28.65,0.0,75.05
5656,66.5,0.0,118.5
5657,194.9,0.0,227.3333333
5659,44.66666667,144.0,1808.162266
5660,83.6,0.0,1219.7
5661,0.0,0.0,893.45
5662,0.0,0.0,268.4
5663,11.0,0.0,0.0
5664,0.0,0.0,2347.333333
5665,0.0,0.0,817.7958109
5666,79.2,0.0,1011.916667
5667,0.0,0.0,1646.2
5668,35.7,95.65,2383.139223
5669,59.79,0.0,752.56
5671,15.2,0.0,199.6
5672,0.0,0.0,386.18
5673,0.0,0.0,464.9333333
5674,96.4,0.0,217.6
5675,77.0,0.0,3210.848218
5676,0.0,38.2,873.0
5677,0.0,0.0,277.45
5678,0.0,0.0,512.7166667
5679,8.0,90.2,1286.050476
5680,0.0,225.7666667,9630.209524
5681,0.0,0.0,140.2
5682,11.0,0.0,43.7
5683,66.4,0.0,606.3666667
5684,28.73333333,0.0,243.75
5685,661.7666667,204.0,254.25
5686,53.4,0.0,539.5
5687,23.8,0.0,135.2
5688,13.0,0.0,346.3866667
5689,23.96,0.0,2103.938772
5690,64.5,99.6,768.4133333
5691,358.2583333,377.4333333,5738.902193
5692,0.0,0.0,64.6
5693,0.0,0.0,559.56
5694,82.6,0.0,352.0
5695,0.0,0.0,53.4
5696,31.2,0.0,55.4
5697,0.0,0.0,206.6
5698,199.85,0.0,1267.453333
5699,5.5,387.5,621.2
5700,0.0,0.0,148.9333333
5701,64.6,28.7,597.6
5702,0.0,0.0,654.0666667
5703,53.4,0.0,0.0
5704,59.9,8.0,2359.522438
5705,23.2,0.0,44.8
5706,0.0,0.0,579.3
5707,46.4,0.0,118.2666667
5708,176.25,141.0,651.7658974
5709,68.4,6.0,728.8666667
5710,265.0433333,0.0,1712.776667
5711,68.73333333,0.0,2498.866667
5712,219.9333333,0.0,1371.415714
5713,0.0,38.2,3362.749679
5714,70.6,0.0,515.2333333
5715,0.0,0.0,2636.513492
5716,70.0,0.0,1644.233333
5717,166.7,0.0,171.7
5718,0.0,322.4,1747.7
5719,54.4,0.0,270.9
5720,152.1,0.0,1474.533333
5721,0.0,0.0,255.0
5722,0.0,0.0,1131.8
5723,58.4,0.0,303.1
5724,106.8,0.0,327.5380952
5725,0.0,0.0,1867.033333
5727,0.0,0.0,50.2
5728,82.6,0.0,16.2
5729,275.0844444,0.0,806.0266667
5730,17.2,0.0,243.3
5731,189.4833333,303.2,4864.147143
5732,0.0,0.0,374.9
5733,74.5,0.0,672.95
5734,33.6,0.0,109.5
5735,0.0,0.0,623.2
5736,304.6,0.0,137.6
5737,0.0,0.0,1083.75163
5738,5.5,0.0,1955.168685
5739,0.0,0.0,3357.053333
5740,0.0,0.0,1200.354444
5741,0.0,0.0,1268.266667
5742,0.0,0.0,4622.0
5743,22.2,0.0,470.8966667
5744,0.0,0.0,1085.891081
5745,102.8,0.0,1109.233333
5746,353.4,0.0,587.2
5747,151.3333333,0.0,283.3333333
5748,36.2,52.0,48.0
5749,208.5133333,0.0,369.1
5750,0.0,0.0,436.8
5751,175.8666667,0.0,5.0
5752,30.0,4.0,4376.902655
5753,26.2,0.0,1427.676667
5754,0.0,0.0,511.2
5755,1672.033333,0.0,518.3966667
5756,187.1,0.0,7220.776667
5757,133.35,383.8,552.48
5758,570.2666667,0.0,259.5533333
5759,238.6838095,0.0,799.1049417
5760,144.8333333,0.0,1007.233333
5761,40.8,0.0,1668.125238
5762,0.0,0.0,189.2
5763,122.2,0.0,2303.96
5764,0.0,0.0,158.42
5765,25.2,86.6,1702.5
5766,0.0,0.0,11.0
5767,73.75,0.0,546.669697
5768,68.6,0.0,279.7666667
5769,19.4,0.0,1077.373333
5770,242.6333333,23.0,1534.815256
5771,17.94545455,6.0,268.4525974
5772,0.0,0.0,116.8
5773,80.5,10.06666667,477.7
5774,158.2,0.0,4402.25
5775,0.0,0.0,334.4
5776,180.8,0.0,408.4666667
5777,2720.5,353.4,5943.547619
5778,154.6,69.6,479.1
5779,125.0,0.0,677.3333333
5780,75.6,11.0,2074.929524
5781,10.3,0.0,4204.433333
5782,124.6,0.0,71.0
5783,139.3666667,0.0,139.4333333
5784,12.06666667,0.0,591.2640602
5785,0.0,0.0,3747.833333
5786,0.0,0.0,274.3
5787,0.0,0.0,1280.02
5788,45.8,0.0,2435.697531
5789,15.2,0.0,4536.308139
5790,0.0,0.0,203.35
5791,133.8,54.4,421.7857143
5792,0.0,0.0,485.6333333
5793,21.2,0.0,836.1
5794,0.0,0.0,1500.213333
5795,0.0,0.0,845.3
5796,0.0,0.0,194.4
5797,0.0,0.0,58.6
5798,0.0,842.3,1911.711111
5799,0.0,0.0,253.1
5800,0.0,0.0,36.6
5802,0.0,0.0,821.8933333
5803,23.0,80.6,1693.73
5804,0.0,426.2,157.0666667
5805,0.0,0.0,804.0430818
5806,115.4,0.0,1514.703333
5807,211.0,52.4,501.0714286
5808,28.2,36.2,9447.578514
5809,40.9,0.0,437.4
5810,275.3333333,6.0,719.8833333
5811,35.2,0.0,521.8666667
5812,0.0,0.0,55.3
5813,246.5333333,0.0,2150.433333
5814,245.8,0.0,707.9116667
5815,0.0,0.0,96.7
5816,391.6833333,0.0,443.75
5817,43.46666667,0.0,27.26666667
5818,452.5,0.0,643.4333333
5819,123.2,0.0,283.7214286
5820,0.0,0.0,883.9761905
5821,35.3,0.0,18.1
5822,0.0,0.0,1970.0
5823,0.0,0.0,52.3
5824,96.8,535.0,1888.2
5825,103.0,0.0,1092.183333
5826,15.2,0.0,244.2
5827,71.7,0.0,74.6
5828,631.1073171,7.6,2104.573984
5829,94.84,0.0,1487.229317
5830,196.15,0.0,2623.580864
5831,0.0,0.0,875.9333333
5832,215.6,8.0,2968.9
5833,88.28,0.0,310.9714286
5834,271.75,0.0,675.2020988
5835,0.0,32.2,1321.322222
5836,8.1,0.0,2227.8
5837,195.4,294.6,6412.233333
5838,36.2,0.0,4.0
5839,71.33333333,0.0,295.3333333
5840,0.0,44.0,1216.364286
5841,0.0,0.0,1608.7
5842,0.0,0.0,1476.021429
5843,0.0,0.0,1156.5
5844,25.6,0.0,327.7733333
5845,103.9,50.2,1759.066667
5846,603.8,102.75,5018.328289
5847,0.0,0.0,11.0
5848,0.0,0.0,631.0857143
5849,17.2,0.0,192.4
5851,61.4,0.0,381.6
5852,0.0,0.0,1002.366667
5853,0.0,0.0,213.2833333
5854,61.5,0.0,1950.386667
5855,134.1,0.0,110.3
5856,65.4,0.0,2097.42
5857,0.0,0.0,1288.563333
5858,55.4,0.0,654.2
5859,0.0,0.0,28.2
5861,0.0,0.0,507.1111111
5862,456.2333333,13.0,1904.653507
5863,95.3,0.0,262.587619
5864,0.0,37.2,761.5
5865,70.5,0.0,463.6940476
5866,0.0,0.0,196.3333333
5867,0.0,0.0,403.8333333
5868,0.0,0.0,799.0619048
5869,0.0,0.0,472.9
5870,10.0,36.6,1983.225629
5871,0.0,0.0,311.7
5872,11.0,0.0,779.2628571
5873,0.0,0.0,334.3833333
5874,15.8,97.8,1213.65
5875,68.66666667,0.0,617.15
5876,30.86666667,7.0,398.2566667
5877,0.0,0.0,271.4666667
5878,498.9809654,433.1,2129.989707
5879,0.0,0.0,476.1777778
5880,84.34545455,106.8,4240.036205
5881,0.0,0.0,35.33333333
5882,0.0,0.0,1170.733333
5883,32.7,0.0,687.1966667
5884,438.8,0.0,599.0
5886,181.8166667,0.0,126.9166667
5887,0.0,0.0,70.4
5888,0.0,0.0,27.2
5889,49.4,0.0,213.1714286
5890,0.0,0.0,681.58
5891,141.0583333,0.0,1728.866268
5892,103.9,15.1,7959.909524
5893,0.0,10.0,222.3
5894,112.27,0.0,4304.366905
5895,0.0,0.0,145.2
5896,227.48,432.2,4895.26
5897,0.0,0.0,186.0666667
5898,37.2,0.0,295.0333333
5899,267.8,0.0,616.5
5900,107.8,0.0,362.6
5901,232.3404762,19.2,504.0285714
5902,50.94615385,42.4,1323.093695
5903,603.9,52.4,1760.657143
5904,168.2,0.0,2026.633333
5905,18.2,0.0,32.2
5906,0.0,0.0,157.2
5907,5.5,169.2,517.66
5908,0.0,0.0,1623.666667
5909,239.6,70.5,981.5083333
5910,172.3277778,0.0,902.9738095
5911,39.3,0.0,316.2
5912,28.2,0.0,608.2166667
5913,214.6,34.4,165.2
5914,154.2,0.0,269.5357143
5915,165.1333333,0.0,3220.336667
5916,22.2,0.0,1257.9
5917,245.7333333,1511.7,21857.04648
5918,169.0333333,0.0,2477.53655
5919,176.6,204.4,789.3666667
5920,18.0,6.0,363.6
5921,0.0,0.0,281.4333333
5922,81.6,0.0,1346.2
5923,140.0666667,0.0,3146.709481
5924,0.0,0.0,57.4
5925,0.0,0.0,78.1
5926,0.0,0.0,431.2
5927,252.667619,0.0,1060.693791
5928,0.0,0.0,431.2
5929,43.325,295.4,675.6846244
5930,135.4,0.0,46.8
5931,0.0,0.0,127.4
5932,0.0,0.0,2092.67381
5933,0.0,0.0,149.9
5935,68.01428571,21.2,1033.206667
5936,129.0,26.7,1392.1
5937,0.0,0.0,1571.12381
5938,362.3,0.0,1081.713333
5939,90.7,65.4,1036.53178
5940,760.9,206.1,2400.667778
5941,67.4,0.0,217.7611111
5942,17.2,0.0,394.8
5943,1566.6,0.0,2256.74954
5944,0.0,0.0,1373.933333
5945,0.0,0.0,141.0
5946,0.0,0.0,2091.480392
5947,59.2,0.0,1261.7
5948,50.15,0.0,1107.116667
5949,166.46,25.2,981.6014286
5950,0.0,0.0,187.2
5951,6.0,0.0,332.8
5952,241.35,0.0,244.7
5953,48.83243423,165.6666667,365.774339
5954,60.16666667,0.0,2322.866667
5955,131.4,0.0,199.4
5956,0.0,0.0,20.2
5957,42.2,0.0,2260.838889
5958,62.9,0.0,647.518523
5959,0.0,0.0,288.4333333
5960,0.0,0.0,394.5580952
5961,0.0,0.0,532.0
5962,80.6,16.2,770.1071795
5963,13.0,0.0,4651.612222
5964,89.8,0.0,355.85
5965,0.0,0.0,432.7666667
5966,177.6,0.0,284.7833333
5967,103.8,0.0,314.2933333
5968,0.0,0.0,328.9
5969,0.0,0.0,179.8
5970,230.1,0.0,905.1226263
5971,228.35,0.0,28.6
5972,381.5,22.2,7835.874629
5973,188.5,0.0,590.6
5974,37.2,0.0,387.7666667
5975,5.0,0.0,2731.5
5976,34.2,0.0,1567.846667
5977,53.4,0.0,53.4
5978,0.0,0.0,145.0
5979,168.1666667,0.0,2146.757984
5981,41.2,0.0,595.8
5982,160.2,21.2,1568.320833
5983,9.0,0.0,1147.696667
5984,214.6,0.0,1992.733333
5985,0.0,0.0,587.7333333
5986,0.0,0.0,1294.566667
5987,29.2,0.0,652.5666667
5988,0.0,0.0,1750.371795
5989,26.0,0.0,704.95
5990,59.86,38.3,725.21
5991,399.8,923.9,7243.649316
5992,0.0,0.0,192.9
5993,0.0,0.0,21.2
5994,344.2,201.4,1693.633333
5995,108.5333333,0.0,411.4666667
5996,0.0,0.0,257.9
5997,0.0,44.0,1738.472529
5998,0.0,0.0,20.2
5999,408.6,0.0,589.4214286
6000,0.0,0.0,1028.566667
6001,0.0,0.0,1510.006667
6002,21.2,0.0,249.4095238
6003,91.6,678.0,2101.305092
6004,77.1,0.0,365.5833333
6005,67.4,16.2,281.1
6006,1013.886667,378.8,230.28
6007,117.6666667,0.0,1540.290115
6008,401.15,0.0,1570.681813
6009,0.0,0.0,1178.496667
6010,206.25,0.0,572.65
6011,552.2,0.0,829.8
6012,130.5,439.2,5526.080123
6013,65.6,0.0,575.8166667
6014,0.0,0.0,1062.812542
6015,47.3,0.0,858.2
6016,0.0,0.0,3025.333333
6017,57.6,0.0,384.4030303
6018,0.0,0.0,192.7333333
6019,55.4,0.0,451.7
6020,0.0,0.0,1294.599603
6021,116.9722222,2252.033333,1135.880556
6022,0.0,0.0,75.6
6023,167.45,168.2,755.8769841
6024,32.2,28.2,934.3166667
6025,0.0,0.0,164.0
6026,100.1,0.0,60.4
6027,0.0,0.0,75.2
6028,0.0,0.0,639.7566667
6029,69.4,25.2,1009.55
6030,288.0,0.0,475.3
6031,187.775,0.0,2138.481263
6032,39.0,0.0,176.8
6033,0.0,0.0,1341.716667
6034,21.0,0.0,84.1
6035,0.0,110.8666667,3264.128466
6036,57.3,0.0,488.7166667
6037,40.6,0.0,340.9166667
6038,0.0,0.0,250.2
6039,91.2,69.6,1618.233333
6040,17.2,0.0,168.5285714
6041,26.0,0.0,384.8
6042,102.8666667,0.0,219.6
6043,0.0,0.0,1041.733333
6044,0.0,0.0,1606.45
6045,0.0,0.0,599.9190476
6046,0.0,0.0,1138.793636
6047,110.7866667,89.1,9050.459482
6048,14.2,133.0,825.7990476
6049,39.2,0.0,1553.8
6050,0.0,0.0,43.2
6051,106.8,0.0,1242.776046
6052,211.05,0.0,3275.113333
6053,6.0,0.0,2767.2
6054,700.6333333,0.0,4897.845238
6055,0.0,0.0,222.4
6056,12.6,0.0,62.8
6057,0.0,0.0,263.2666667
6058,0.0,0.0,1871.9
6059,102.6,0.0,871.8333333
6060,139.2,0.0,3346.969048
6061,134.36,0.0,568.9683333
6062,65.9,0.0,3799.2
6063,0.0,0.0,85.6
6064,69.23333333,1657.3,2306.047619
6066,72.6,0.0,1256.825
6067,1220.914286,1005.4,18171.79454
6068,754.5333333,0.0,749.2333333
6069,0.0,0.0,93.6
6070,46.0,0.0,3098.649444
6071,28.2,0.0,0.0
6072,113.0,0.0,359.4
6073,1013.171429,353.9666667,4984.371429
6074,0.0,0.0,102.2
6075,131.0,0.0,5330.633333
6077,102.3,0.0,1684.496667
6078,0.0,0.0,1216.352121
6079,99.33333333,103.8,2011.966667
6080,17.2,0.0,0.0
6081,79.22,297.8333333,1685.747985
6082,51.4,0.0,1417.022222
6083,92.57142857,793.8,2436.605534
6084,112.9,0.0,505.55
6085,0.0,0.0,43.2
6086,67.2,0.0,987.1190476
6087,0.0,76.6,11729.40804
6088,0.0,0.0,103.6
6089,0.0,0.0,14.2
6090,69.96666667,0.0,2728.755
6091,78.63333333,0.0,176.8333333
6092,0.0,0.0,111.6
6093,186.6666667,100.8,347.4
6094,0.0,0.0,286.7
6095,145.2,0.0,266.66
6096,0.0,0.0,222.2557143
6097,106.18,115.8,518.4433333
6098,0.0,0.0,490.5666667
6099,0.0,0.0,9836.068333
6100,140.6,0.0,423.5
6101,38.04,0.0,886.57
6102,9.0,0.0,558.1933333
6103,440.2813953,17.72,864.1
6104,216.23,140.5,8468.339278
6105,154.4,0.0,1267.06
6106,153.0,0.0,1074.683333
6107,0.0,0.0,139.8
6108,39.2,0.0,526.0
6109,37.6,0.0,299.2666667
6110,45.4,0.0,2580.634935
6111,0.0,101.7,1892.198319
6112,82.53333333,0.0,668.7
6113,227.6,0.0,1301.3
6114,129.0,0.0,1835.5
6115,0.0,0.0,155.9
6116,0.0,0.0,36.4
6117,273.66,0.0,751.6266667
6118,32.6,0.0,939.7833333
6119,22.2,0.0,584.74
6120,381.8,0.0,31.2
6121,0.0,0.0,570.1832287
6122,0.0,0.0,331.55
6123,0.0,0.0,469.8681818
6124,0.0,0.0,881.4416667
6125,0.0,541.0,776.9232515
6126,423.1,0.0,982.6
6127,103.8,0.0,683.4
6128,104.6545455,148.0,1029.170303
6129,0.0,0.0,797.84
6130,211.8,0.0,512.9
6132,0.0,0.0,1023.96
6133,0.0,0.0,146.1333333
6134,54.84285714,475.2,393.4095238
6135,0.0,0.0,129.5833333
6136,7.1,0.0,222.2333333
6137,265.4333333,35.7,2110.255093
6138,38.2,0.0,1282.953333
6139,0.0,11.0,1299.196667
6140,197.4,0.0,1631.4
6141,0.0,0.0,340.65
6142,0.0,0.0,846.2
6143,0.0,0.0,39.95
6144,58.4,0.0,1045.3
6145,107.04,53.2,5066.6611
6146,28.2,0.0,3161.074762
6147,209.5,0.0,1780.7
6149,23.0,0.0,431.9
6150,115.7,0.0,655.3833333
6151,41.2,99.8,10.0
6152,255.5166667,0.0,436.8583333
6153,108.7,0.0,2651.943186
6154,34.2,0.0,809.6933333
6155,0.0,0.0,456.15
6156,39.2,0.0,209.0
6157,234.3,0.0,11.1
6158,44.01666667,0.0,162.5333333
6159,20.0,0.0,461.2333333
6160,116.9607143,225.3666667,539.227381
6161,142.2,0.0,755.0
6162,501.4833333,0.0,2293.490129
6163,207.0928571,52.4,2239.502857
6164,14.2,0.0,839.568189
6165,0.0,0.0,1838.15
6166,2407.42381,434.3,23050.10414
6167,60.36666667,189.3,304.7
6168,78.51333333,63.4,1691.236147
6169,6.0,0.0,1177.506667
6170,0.0,0.0,6053.466667
6171,117.32,15.0,6978.613711
6173,67.6,0.0,183.8
6174,75.6,652.8,1143.666667
6175,0.0,0.0,753.3
6176,137.5,59.4,1844.65
6177,89.25,0.0,67.85
6178,0.0,0.0,281.5
6179,1104.2,0.0,1826.441667
6180,56.4,14.2,1183.826667
6181,0.0,0.0,4565.930621
6182,73.6,0.0,104.95
6183,152.0,64.4,358.4
6184,0.0,0.0,50.4
6185,65.4,0.0,1033.65
6186,0.0,0.0,64.0
6187,279.2666667,0.0,453.4
6188,318.2666667,0.0,1037.833333
6189,0.0,0.0,2385.666667
6191,217.6491228,1009.733333,1639.069361
6192,317.9142857,216.5666667,910.0809524
6193,30.3,0.0,493.4
6194,0.0,0.0,538.48
6195,289.0,0.0,5107.034928
6196,0.0,0.0,34.2
6197,0.0,0.0,788.5
6198,33.46666667,0.0,1576.252222
6199,0.0,0.0,223.8
6200,50.37333333,63.1,3827.498846
6201,50.93333333,0.0,860.021746
6202,45.8,43.2,1021.838095
6203,0.0,0.0,150.8
6204,0.0,66.4,668.3166667
6205,397.2644444,246.8,672.2644444
6206,105.4666667,0.0,778.9666667
6207,306.46,0.0,550.7095238
6208,67.86666667,12.0,393.0
6209,140.6,0.0,2408.312828
6210,60.8,0.0,20.6
6211,0.0,0.0,2611.747653
6212,0.0,0.0,458.2560317
6213,96.8,0.0,2041.626667
6214,779.0,0.0,1386.35
6215,778.4,0.0,827.5333333
6216,28.05714286,0.0,2260.857143
6217,0.0,0.0,158.3666667
6218,76.6,0.0,1932.716667
6219,134.0,0.0,284.1
6220,18.2,0.0,2007.206667
6221,368.4,0.0,481.9666667
6222,54.33333333,0.0,619.5333333
6223,87.8,0.0,842.4235931
6224,58.6,0.0,585.8833333
6225,0.0,0.0,599.6133333
6226,190.4,274.0,1321.853333
6227,0.0,0.0,60.9
6228,0.0,0.0,321.2333333
6229,213.6,108.0,989.3333333
6230,293.6333333,11.5,3539.944615
6231,7.0,0.0,533.11
6232,22.2,0.0,694.4549784
6233,0.0,0.0,6.0
6234,0.0,0.0,709.4
6235,126.0,13.4,217.7166667
6236,54.93333333,0.0,1126.666667
6237,0.0,0.0,1054.3
6238,27.2,0.0,1003.658333
6239,322.35,0.0,1845.394615
6240,52.4,0.0,447.2
6241,96.18666667,35.2,1345.136667
6242,254.253245,223.15,6606.726779
6243,169.2,0.0,315.4666667
6244,86.95,173.2,481.31
6245,49.8,0.0,955.3333333
6246,15.0,0.0,223.4666667
6247,0.0,0.0,982.757619
6248,298.2,0.0,1850.116667
6249,275.1,16.6,6984.611525
6250,29.2,322.4,126.9333333
6251,53.4,0.0,66.4
6252,46.4,0.0,2559.433333
6253,118.9,380.7,188.4
6254,169.8833333,160.4,489.15
6255,0.0,0.0,645.2
6256,12.0,0.0,63.4
6257,21.2,0.0,0.0
6258,26.2,0.0,245.1666667
6259,206.0666667,0.0,113.4333333
6260,3.0,0.0,342.0
6262,264.9,14.8,718.9566667
6263,0.0,0.0,1341.632619
6264,0.0,0.0,641.5166667
6265,0.0,0.0,477.7166667
6266,29.2,0.0,199.2844444
6267,101.0833333,0.0,349.1166667
6268,0.0,0.0,166.9
6270,39.2,0.0,1210.917778
6271,333.54,0.0,568.1
6272,569.825,0.0,6065.016218
6273,48.8,0.0,344.8
6274,304.5833333,0.0,761.2233333
6275,18.2,0.0,225.68
6276,0.0,0.0,34.2
6277,28.2,0.0,212.5
6278,82.6,316.0,1446.733333
6279,39.8,239.8,14577.08498
6280,0.0,0.0,35.4
6281,0.0,0.0,178.5
6282,81.4,0.0,240.3
6283,0.0,0.0,1165.84
6284,0.0,0.0,421.6
6285,48.4,0.0,3004.628109
6286,11.1,0.0,830.3142529
6287,53.85,0.0,161.2
6288,0.0,0.0,598.4333333
6289,89.9,20.0,1854.915556
6290,23.2,0.0,59.4
6291,29.2,0.0,0.0
6292,0.0,0.0,27.2
6293,27.46666667,245.8,524.06
6294,419.0,0.0,362.1029825
6295,0.0,0.0,422.1333333
6296,61.48,0.0,797.0033333
6297,268.95,153.0,5286.587577
6298,178.52,183.2666667,205.8566667
6299,175.2,0.0,1635.466667
6300,228.72,0.0,154.9
6301,80.6,0.0,936.4166667
6302,146.5333333,0.0,3739.635556
6303,0.0,297.2,320.2666667
6304,101.1428571,0.0,1370.127838
6305,201.84,0.0,2074.401905
6306,129.36,0.0,341.36
6307,142.35,0.0,3566.992857
6308,0.0,0.0,349.1111111
6309,32.2,0.0,396.4714286
6310,55.33333333,0.0,420.0
6311,103.9333333,0.0,172.1333333
6312,157.8883333,84.8,3888.278636
6313,0.0,0.0,641.6558915
6314,82.46666667,0.0,153.9
6315,0.0,0.0,296.7666667
6316,0.0,0.0,19.2
6317,94.8,0.0,223.1
6318,21.2,0.0,1123.246667
6319,69.0,0.0,2103.628837
6320,115.2,11.0,436.6
6321,118.8,0.0,805.5
6322,0.0,0.0,199.5
6323,296.86,179.5,16093.30941
6324,0.0,0.0,135.0
6325,361.6,112.6,147.7333333
6326,61.08,0.0,1324.85
6327,71.5,0.0,1854.26
6328,0.0,0.0,1049.05
6329,168.9066667,18.4,853.8502721
6330,42.4,0.0,163.2
6331,34.44242424,0.0,1843.759347
6332,7.0,15.0,2269.9
6333,99.8,466.4,839.7333333
6334,0.0,0.0,1195.8
6335,0.0,0.0,856.2
6336,43.2,32.2,13842.45833
6337,56.4,0.0,2101.467925
6338,84.5,0.0,12541.77628
6339,0.0,0.0,1566.333333
6340,28.2,0.0,942.6879221
6341,20.2,226.0,1308.573395
6342,58.4,0.0,589.8
6343,0.0,0.0,159.2
6344,40.55,0.0,151.0818182
6345,23.2,0.0,397.8
6346,0.0,0.0,31.2
6347,0.0,0.0,481.4
6348,471.6266667,235.6,883.12
6349,241.6,0.0,920.7
6350,0.0,0.0,336.3
6351,65.4,0.0,1954.4
6352,12.0,0.0,580.65
6353,0.0,0.0,323.3
6354,60.2,0.0,132.8
6355,56.3,0.0,353.9
6356,117.8,0.0,2032.39696
6357,0.0,0.0,66.9
6358,0.0,0.0,1413.768571
6359,179.3785714,0.0,131.9785714
6360,0.0,135.0,804.1899134
6361,98.6,0.0,131.8
6362,29.44,0.0,15.24
6363,158.6704505,430.2,5602.006712
6364,24.2,0.0,530.0
6365,27.2,0.0,1722.721127
6366,20.2,0.0,114.5333333
6367,0.0,0.0,657.42
6368,356.6,0.0,589.2510658
6369,24.0,0.0,1391.105556
6370,0.0,0.0,67.6
6371,249.8,722.9,2219.583333
6372,315.845679,382.4,1314.112346
6373,0.0,6.0,195.1666667
6374,15.1,0.0,248.05
6375,19.8,0.0,10.0
6377,0.0,0.0,1530.006667
6378,0.0,0.0,1423.0
6379,34.2,0.0,63.4
6380,143.0666667,6.5,1294.405
6381,65.68,42.4,285.68
6382,115.2,0.0,211.1
6383,0.0,0.0,159.2
6384,0.0,69.0,352.875
6385,140.9,18.2,318.7666667
6386,11.0,0.0,51.06666667
6387,32.0,0.0,276.3666667
6388,66.33333333,0.0,368.68
6389,12.1,0.0,38.3
6390,98.73333333,229.8,4249.12
6391,0.0,0.0,944.4055556
6392,0.0,0.0,72.0
6393,0.0,0.0,107.8
6394,64.4,0.0,2364.65
6395,145.2,0.0,425.0969048
6396,0.0,0.0,528.25
6397,0.0,0.0,276.35
6398,24.2,0.0,52.4
6399,0.0,0.0,905.1
6400,0.0,0.0,274.75
6401,8.0,0.0,1459.576667
6402,58.4,0.0,3528.69125
6403,0.0,0.0,351.4
6404,184.7333333,0.0,4590.381905
6405,0.0,0.0,60.4
6406,75.66349206,0.0,35.92777778
6407,49.4,0.0,1526.14119
6408,50.4,0.0,1463.48
6409,123.4,0.0,585.37
6410,0.0,0.0,211.6333333
6411,10.0,0.0,271.5785714
6412,432.2,0.0,363.677619
6413,139.0,0.0,274.7
6414,251.3090909,1655.4,1249.048358
6415,0.0,0.0,261.8
6416,0.0,0.0,89.86666667
6417,36.4,0.0,28.2
6418,0.0,0.0,54.4
6419,113.1,0.0,237.6066667
6420,38.3,0.0,929.2
6421,43.73333333,0.0,158.9333333
6422,131.34,38.2,6684.520952
6423,136.5,42.4,7604.397831
6424,275.1,43.4,1108.653333
6425,0.0,0.0,2285.2
6426,385.5666667,0.0,1256.293333
6427,59.53333333,0.0,183.65
6428,0.0,0.0,232.0
6429,54.4,0.0,101.2727273
6430,64.4,0.0,443.5666667
6431,31.2,468.4,1388.0
6432,0.0,0.0,557.4
6433,16.0,0.0,1004.383333
6434,0.0,0.0,113.8
6435,0.0,0.0,249.41
6436,119.4,0.0,743.5314286
6437,23.2,0.0,809.4333333
6438,22.2,44.4,400.8
6439,82.95714286,0.0,951.4412698
6440,2.0,0.0,86.6
6441,0.0,0.0,30.4
6442,0.0,0.0,339.5
6443,0.0,0.0,1010.633333
6444,68.6,29.2,4318.668082
6445,4.0,10.0,5876.459165
6446,60.4,0.0,25.8
6447,89.33333333,0.0,502.5083333
6448,66.26666667,348.6,233.1666667
6449,98.46666667,0.0,257.9333333
6450,0.0,0.0,236.8
6451,667.25,0.0,101.8
6452,0.0,0.0,266.8
6453,206.03,0.0,3778.345
6454,82.6,0.0,598.7611111
6455,498.9,0.0,3111.362121
6456,109.8,0.0,897.3619048
6457,115.7,0.0,2159.5
6458,149.0316092,1529.2,2128.704568
6459,20.2,0.0,1261.316667
6460,86.1,28.4,5.0
6462,0.0,0.0,48.4
6463,903.7,26.2,3297.491311
6464,0.0,0.0,431.5333333
6465,73.6,31.2,1761.156667
6467,28.2,0.0,271.0
6468,236.8,0.0,5523.926505
6469,24.13333333,0.0,263.7128571
6470,23.0,0.0,1225.2
6471,0.0,0.0,98.6
6472,80.6,112.8,390.2
6473,0.0,0.0,272.9
6474,82.01111111,211.6,6117.814359
6475,416.2,0.0,8024.509197
6476,0.0,0.0,18.2
6477,125.4533333,44.4,2240.996667
6478,319.4,251.8,2525.307766
6479,117.8,0.0,267.8
6480,126.0,6.0,1101.803333
6481,4.0,0.0,877.6666667
6482,0.0,0.0,401.9
6483,114.2,0.0,360.1816667
6484,0.0,0.0,923.22
6485,165.2,0.0,983.425
6486,0.0,0.0,41.13333333
6487,191.4,0.0,789.5333333
6488,484.4615789,14.0,898.4915789
6489,419.1795254,0.0,10278.90421
6490,149.95,0.0,57.4
6491,36.86666667,0.0,3886.823333
6492,79.6,0.0,627.6542857
6493,0.0,0.0,16.2
6494,69.6,53.0,92.7
6495,58.4,0.0,3708.392857
6496,202.1333333,0.0,721.1833333
6497,0.0,0.0,132.4
6498,34.3,0.0,722.1333333
6499,0.0,27.6,1167.187143
6500,70.93333333,560.0,810.8333333
6501,243.65,0.0,234.0166667
6502,0.0,0.0,252.3
6503,170.15,0.0,71.35
6504,0.0,0.0,1543.423333
6505,134.0,0.0,1429.616667
6506,0.0,0.0,2214.666667
6507,67.5,100.2,1770.8
6509,30.2,0.0,293.0333333
6510,49.2,0.0,300.7666667
6511,81.6,0.0,2230.600476
6512,98.1,28.2,4994.848002
6513,67.0,0.0,533.3
6514,706.5566667,0.0,1572.816667
6515,0.0,5.0,122.4
6516,0.0,0.0,426.0666667
6517,0.0,0.0,161.15
6518,88.6,0.0,458.61
6519,155.0,0.0,252.9833333
6520,0.0,0.0,7091.697778
6521,49.2,379.0,74.6
6522,84.6,0.0,674.5333333
6523,85.1,0.0,194.2285714
6524,0.0,0.0,1076.65
6525,0.0,0.0,41.4
6526,24.2,0.0,1376.3
6527,0.0,91.2,1017.775758
6528,31.2,0.0,824.86
6529,91.9,0.0,273.8
6530,31.6,0.0,75.6
6531,99.2,0.0,106.9666667
6532,175.1,0.0,27.6
6533,0.0,0.0,338.2
6534,0.0,0.0,987.77
6535,80.06666667,812.0,3282.583983
6536,70.5,0.0,51.3
6537,128.5,0.0,796.7066667
6538,0.0,0.0,587.9
6540,23.2,0.0,0.0
6541,11.0,0.0,2149.190195
6542,0.0,0.0,507.5
6543,173.9666667,0.0,930.3666667
6544,174.3,0.0,794.7131148
6545,7.0,0.0,1739.575
6546,415.55,0.0,4424.621667
6547,21.2,0.0,897.8
6548,59.4,0.0,891.568795
6549,115.8,0.0,1516.73
6550,399.2,34.3,1713.21619
6551,106.9,0.0,7442.388149
6552,0.0,0.0,245.4
6553,0.0,0.0,922.3
6554,32.0,0.0,425.0333333
6555,54.4,0.0,2889.946154
6556,217.8666667,0.0,614.6409524
6557,0.0,0.0,150.6
6558,212.6,0.0,3898.816667
6559,160.2,0.0,381.6166667
6560,85.48223443,5.5,3818.308629
6561,0.0,0.0,169.1666667
6562,169.2,0.0,1433.163333
6563,125.7333333,0.0,81.66666667
6564,22.2,0.0,348.54
6565,0.0,0.0,447.7166667
6566,86.6,0.0,1678.4
6567,154.0229167,0.0,1388.052366
6568,132.92,212.8,1335.773333
6569,260.7361111,186.5,2921.902778
6570,0.0,0.0,535.3995238
6571,0.0,0.0,650.1333333
6572,162.625,0.0,841.3583333
6573,72.6,0.0,544.1
6574,92.6,0.0,626.6
6575,0.0,0.0,5332.547778
6576,4.0,0.0,44.4
6577,43.0,0.0,725.3333333
6579,0.0,0.0,297.3
6580,81.6,0.0,1096.42
6581,0.0,39.4,169.9666667
6582,0.0,0.0,2084.479524
6583,287.5,12.5,979.0
6584,189.8,0.0,208.8333333
6585,129.9,0.0,1438.71
6586,50.06666667,0.0,2184.484938
6587,0.0,0.0,803.5833333
6588,3.0,0.0,133.3666667
6589,35.2,0.0,1535.666667
6590,31.7,239.2,78.5
6591,159.7,72.6,531.72
6592,246.6,0.0,1805.146667
6593,227.6,0.0,5284.816825
6594,215.5,12.0,245.6
6595,0.0,0.0,950.0166667
6596,28.2,37.3,70.46666667
6597,173.4115512,0.0,5721.800123
6598,0.0,0.0,336.8833333
6599,217.4,67.4,428.3
6600,22.2,0.0,163.9
6601,0.0,0.0,44.4
6602,608.14,733.8,4948.398759
6603,444.7,0.0,3296.55
6604,376.3333333,69.4,7263.957157
6605,81.6,0.0,107.2
6606,31.1,31.2,792.7333333
6607,0.0,0.0,1555.601212
6608,294.6587879,97.64,3173.210417
6609,23.2,0.0,119.2
6610,0.0,0.0,2021.4
6611,47.2,0.0,12.0
6612,0.0,0.0,65.4
6613,0.0,0.0,493.58
6614,314.505,0.0,1048.663333
6615,0.0,0.0,1023.506667
6616,0.0,0.0,44.8
6617,0.0,17.2,5496.25
6618,0.0,0.0,526.8
6619,140.1666667,244.3,307.4435055
6620,515.6133333,85.14,1558.62
6621,0.0,0.0,469.1
6622,20.2,0.0,357.4
6623,19.2,0.0,2197.0
6624,47.4,0.0,146.4
6625,0.0,0.0,150.4
6626,168.7,0.0,1062.704762
6627,0.0,0.0,566.4866667
6628,178.92,6.0,1017.576667
6629,0.0,0.0,690.3133333
6630,26.2,0.0,487.6
6632,46.3,0.0,9.0
6633,0.0,0.0,24.0
6634,209.2,0.0,447.1666667
6635,0.0,0.0,1190.941667
6636,55.4,96.8,600.5733333
6637,0.0,0.0,34.2
6638,0.0,0.0,527.8333333
6639,103.6,0.0,1933.559259
6640,182.4,0.0,1165.944762
6641,190.55,6.0,280.65
6642,161.1076923,108.3,2982.063248
6643,33.2,0.0,7.0
6644,0.0,0.0,152.0
6645,308.5859649,0.0,1784.755219
6646,1660.3,0.0,45.7
6647,36.2,0.0,1805.083333
6648,913.5222222,141.88,1293.652222
6649,0.0,0.0,616.5
6650,180.0666667,0.0,111.8
6651,20.2,0.0,3107.173333
6652,0.0,0.0,478.26
6653,0.0,0.0,598.6
6654,0.0,0.0,747.9077778
6655,74.4,0.0,2810.797158
6656,0.0,0.0,453.9
6657,94.6,0.0,4.0
6658,0.0,105.1333333,526.3761905
6659,73.95833333,0.0,864.9983333
6660,0.0,0.0,252.8
6661,0.0,0.0,269.4
6662,177.2,0.0,817.4333333
6663,0.0,0.0,589.5
6664,94.86666667,0.0,812.1357143
6665,33.4,0.0,1795.925
6666,143.8,94.8,890.1952381
6667,327.2357143,260.0,443.4990476
6668,16.2,0.0,60.6
6669,0.0,0.0,748.2333333
6671,57.4,0.0,423.5
6672,186.6666667,790.0066667,1720.444748
6673,54.8,28.2,203.0677778
6674,27.2,0.0,396.0
6675,341.8166667,51.4,9661.585763
6676,80.6,0.0,639.4933333
6677,0.0,0.0,934.8704274
6678,0.0,0.0,3371.05
6679,240.8,4.0,279.8333333
6680,0.0,0.0,58.6
6681,16.0,0.0,3908.754762
6682,0.0,105.8,868.1636364
6683,52.4,0.0,176.1
6684,8.0,0.0,699.2671429
6685,199.4562728,299.0333333,23342.08205
6686,666.2,173.54,1581.48831
6687,5.0,0.0,246.3933333
6688,446.3833333,0.0,789.1266667
6689,106.6,0.0,203.98
6690,221.7279167,144.2,5944.387373
6692,167.0,0.0,1113.898538
6693,5.0,0.0,119.6
6694,141.6333333,0.0,386.3
6695,35.3,0.0,20.1
6696,26.2,0.0,2451.346667
6697,46.4,0.0,349.0
6698,0.0,13.1,1918.966667
6699,0.0,11.4,763.6614286
6700,137.0,0.0,185.4
6702,0.0,0.0,317.0666667
6703,0.0,0.0,72.4
6704,103.6,0.0,1003.38
6705,0.0,0.0,90.8
6706,0.0,0.0,4157.633333
6707,141.0,0.0,830.3411669
6708,391.3,0.0,1015.3
6709,73.3,0.0,2872.719031
6710,40.2,16.13333333,229.8833333
6711,178.3,148.1,2237.775
6712,176.9133333,40.8,1548.194444
6713,26.7,49.4,703.3
6714,178.65,0.0,999.0133333
6715,72.2952381,103.8,1211.066667
6716,130.0,14.2,2472.24
6717,0.0,0.0,1057.2
6718,0.0,0.0,1721.666667
6720,351.0833333,131.0,3271.030448
6721,0.0,0.0,601.0333333
6722,0.0,0.0,1017.966667
6723,113.8,0.0,336.1383333
6724,0.0,0.0,1858.566667
6725,143.28,0.0,787.2433333
6726,141.14,0.0,305.24
6727,135.2833333,92.33333333,892.7244444
6728,519.0,0.0,2577.960349
6729,0.0,594.1333333,922.4006061
6730,76.6,0.0,3872.716667
6731,49.4,7.0,53.2
6732,0.0,0.0,260.8666667
6733,29.53333333,0.0,814.7093939
6734,35.2,98.8,8365.602222
6735,40.2,0.0,2339.207143
6736,0.0,0.0,2102.75
6737,24.2,0.0,1014.2
6738,216.6,0.0,1463.8
6739,0.0,0.0,1121.433333
6740,98.6,0.0,63.6
6741,79.4,0.0,394.0
6742,122.5171429,0.0,3890.865924
6743,107.8,1236.2,1483.457143
6745,69.8,0.0,1764.180047
6746,0.0,194.4,197.9
6747,0.0,0.0,676.6
6748,0.0,0.0,860.5603175
6749,202.1,0.0,3633.953333
6750,85.16666667,365.9666667,538.72
6751,27.2,0.0,1299.833333
6752,92.6,0.0,1126.392821
6753,136.5,0.0,3507.365152
6754,55.05,0.0,4916.583333
6755,16.2,8.1,1180.366667
6757,21.1,341.6,2668.712121
6758,430.1570175,622.4,3684.855282
6760,71.6,0.0,559.8666667
6761,53.3,0.0,102.2
6762,7.0,0.0,98.1
6763,175.48,0.0,12449.9
6764,96.4,53.4,338.34
6765,287.7,0.0,531.56
6766,150.1333333,0.0,231.0
6767,70.6,0.0,2244.416667
6768,42.2,0.0,721.8
6769,0.0,0.0,372.6
6770,83.4,385.8,1194.988132
6771,140.55,24.7,8147.111565
6772,449.8166667,0.0,200.95
6773,123.4333333,0.0,132.8833333
6774,67.4,0.0,51.3
6775,0.0,0.0,707.7
6776,78.6,0.0,744.8
6777,52.7,0.0,1568.533333
6778,76.15,0.0,1553.696667
6779,81.36666667,0.0,35.16666667
6780,61.65,380.9571429,3025.290325
6781,187.7,0.0,881.35
6782,579.1333333,0.0,539.8357143
6783,146.0,0.0,221.4
6784,0.0,0.0,280.2
6785,0.0,0.0,32.2
6786,20.06666667,189.4,297.1666667
6787,79.7,0.0,1051.55
6788,161.6685714,0.0,11976.72135
6789,267.5,0.0,8.0
6790,285.2,0.0,619.48
6791,28.2,0.0,536.0857143
6792,246.5333333,0.0,892.0
6793,113.7,0.0,181.2666667
6794,215.244507,245.1714286,3558.576942
6795,29.86666667,99.6,534.4833333
6797,0.0,0.0,872.5916667
6798,53.4,113.8,13453.25103
6799,128.8,49.3,700.55
6800,213.0,0.0,338.0
6801,82.6,0.0,243.4666667
6802,0.0,0.0,74.6
6803,337.58,0.0,443.5
6804,69.9,0.0,1846.666667
6805,93.8,0.0,526.6853968
6806,76.6,0.0,368.4666667
6807,46.4,0.0,689.1
6808,18.2,0.0,725.2
6809,0.0,0.0,167.5
6810,214.7833333,30.2,1968.942963
6812,420.1,14.2,591.72
6813,0.0,2.0,2601.231408
6814,0.0,0.0,109.8
6815,0.0,0.0,1197.8
6816,88.6,0.0,59.4
6817,156.2,0.0,50.4
6818,264.1333333,152.2,906.1166667
6819,0.0,0.0,204.6
6820,0.0,0.0,3637.985674
6821,255.9159289,0.0,8467.584379
6822,0.0,0.0,1372.455556
6823,61.4,0.0,32.1
6824,12.0,0.0,919.8995238
6825,230.3948365,48.3,3276.190541
6826,0.0,146.0,1249.216667
6827,19.2,0.0,663.5
6828,0.0,0.0,198.9
6829,21.2,141.0,307.8666667
6830,20.2,0.0,1561.2
6832,734.6333333,0.0,3523.331111
6833,0.0,0.0,1387.267857
6834,104.9733333,41.2,572.8733333
6835,57.5,66.13333333,2772.278333
6836,23.2,0.0,290.0
6837,15.2,62.6,4941.698611
6838,0.0,232.7333333,1669.024978
6839,132.05,137.0,1775.89
6840,0.0,0.0,1186.6
6841,0.0,7.0,672.5142857
6842,58.4,0.0,197.0
6843,224.8,0.0,974.9
6844,49.3,0.0,524.9692308
6845,242.8,0.0,238.6
6846,56.4,7.0,2163.569524
6847,91.65,0.0,553.3433333
6848,0.0,0.0,985.0
6849,86.06190476,186.2333333,1088.636905
6850,231.9,0.0,188.3
6851,151.8,0.0,265.4
6852,0.0,0.0,367.8166667
6853,1305.114737,629.5142857,1161.479023
6854,0.0,0.0,490.3
6855,109.4,93.6,427.0666667
6856,76.8,0.0,2050.292399
6858,0.0,0.0,171.8
6859,6.0,0.0,1643.365907
6860,0.0,0.0,42.2
6861,120.6,183.8,1813.753466
6862,110.5666667,0.0,1203.72
6863,146.6,18.2,8006.695205
6864,147.4,0.0,1226.1
6865,47.8,0.0,451.1890072
6866,0.0,0.0,600.3966667
6867,37.0,0.0,3043.916667
6868,0.0,0.0,64.4
6869,213.9722222,92.3,3908.03349
6870,1427.025,99.8,1446.520523
6871,295.2,56.9,1242.063095
6872,196.55,0.0,422.5333333
6873,19.1,0.0,137.7
6874,32.06666667,0.0,1921.10307
6875,0.0,0.0,952.1598198
6876,22.2,0.0,606.2
6877,253.15,0.0,1839.13
6878,293.0,0.0,399.0666667
6879,46.4,0.0,168.2
6880,0.0,0.0,145.9
6881,4.0,0.0,244.0
6882,10.0,0.0,624.4333333
6883,275.74,64.4,273.7066667
6884,327.4,0.0,2806.846825
6885,183.6,0.0,457.9
6886,132.0,256.0666667,3674.803673
6887,101.2,438.7,1692.694155
6888,12.6,0.0,140.7
6889,59.5,0.0,13.1
6890,28.58333333,0.0,649.8632035
6891,10.0,0.0,8.0
6892,92.10151515,0.0,2183.007024
6893,279.28,0.0,835.4180952
6894,410.55,0.0,2791.060635
6895,131.0,0.0,548.96
6896,0.0,0.0,825.3333333
6897,20.2,0.0,204.4
6898,155.6,0.0,248.6
6899,1097.016667,291.2,4100.255455
6900,0.0,108.8,322.3666667
6901,253.0666667,36.2,2568.675541
6902,5.0,0.0,15.2
6903,83.6,0.0,314.4
6904,0.0,0.0,991.4222222
6905,102.2,0.0,226.4
6906,96.16060606,174.7,2549.529127
6907,176.68,249.8,700.58
6908,54.9,0.0,111.1333333
6909,0.0,20.2,473.8333333
6910,150.2,31.7,93.9
6911,27.2,0.0,1596.412698
6912,257.4,0.0,244.7333333
6913,10.77142857,0.0,2094.138889
6914,88.7,0.0,620.13
6915,251.8142857,101.8,1722.814286
6916,119.8,22.2,643.5
6917,0.0,0.0,316.1333333
6918,9.0,0.0,269.96
6919,287.0,0.0,5046.056667
6920,35.4,0.0,473.0833333
6921,0.0,0.0,340.1
6922,344.1,477.6,1475.608427
6923,0.0,0.0,956.3333333
6925,119.0295082,696.2,1305.527286
6926,133.8,0.0,299.5
6927,0.0,0.0,706.2
6928,62.6,0.0,272.5
6929,0.0,0.0,1510.383333
6931,62.0,87.6,3634.585714
6932,0.0,0.0,1298.20326
6933,68.6,0.0,184.6
6934,78.9,0.0,718.8
6935,85.16666667,8.0,3715.777564
6936,19.6,0.0,0.0
6937,88.19047619,218.65,4316.262171
6938,104.2,0.0,456.9
6939,90.6,0.0,608.3033333
6940,456.9,0.0,1113.783333
6941,0.0,0.0,487.3209524
6942,428.0222222,11.0,10338.67177
6943,205.7,0.0,157.1
6944,0.0,0.0,565.38
6945,39.7,0.0,253.6
6946,51.4,0.0,883.1395238
6947,0.0,0.0,2960.971429
6948,0.0,0.0,66.4
6949,221.33,70.6,5245.277619
6950,46.9,0.0,561.4
6951,124.4266667,0.0,720.6766667
6952,82.0,0.0,269.0
6953,0.0,0.0,2072.605556
6954,0.0,0.0,199.4904762
6955,31.6,0.0,1760.7
6956,0.0,0.0,138.8733333
6957,659.5066667,92.7,2006.59312
6958,135.1,0.0,620.0333333
6959,360.9166667,114.2,806.65
6960,445.35,0.0,2091.037588
6961,49.4,0.0,285.6
6962,76.6,89.53333333,4131.156044
6963,37.2,0.0,14.0
6964,53.4,0.0,216.7
6965,0.0,34.2,3051.525518
6966,22.2,0.0,836.2
6967,43.2,0.0,264.4
6968,58.6,0.0,906.2333333
6969,16.6,0.0,581.9419883
6970,219.475,0.0,1828.884048
6971,0.0,0.0,219.8
6972,168.85,0.0,383.2
6973,92.1,28.2,852.0
6974,3.5,0.0,433.6366667
6975,0.0,5.0,354.2833333
6976,0.0,0.0,43.4
6977,0.0,0.0,1653.6
6978,0.0,0.0,169.9866667
6979,0.0,0.0,649.02
6980,299.45,48.3,2802.367821
6981,0.0,0.0,1429.501111
6982,337.6,0.0,8.0
6983,120.9,0.0,534.0
6984,61.26666667,0.0,216.3333333
6985,162.2,0.0,156.2
6986,43.4,0.0,278.0
6987,0.0,0.0,2593.808333
6988,57.4,69.4,1316.533333
6989,0.0,0.0,925.2933333
6990,109.5,0.0,349.6969697
6991,0.0,0.0,40.4
6992,67.0,0.0,141.2
6993,314.6107143,0.0,9760.690488
6994,26.2,6.0,677.5333333
6996,113.6666667,0.0,733.1666667
6997,97.8,0.0,60.4
6998,49.4,321.4,6418.819048
6999,549.0,608.45,9151.494242
7000,70.4,47.4,97.9
7001,0.0,0.0,39.2
7002,0.0,0.0,137.0
7003,0.0,0.0,409.3
7004,52.46666667,34.8,106.3
7005,0.0,0.0,1340.3
7007,59.5,0.0,47.2
7008,593.4666667,21.2,1110.966667
7009,0.0,0.0,346.1333333
7010,76.5,0.0,2846.295305
7011,44.2,801.8,235.3
7012,398.0,0.0,770.3133333
7013,0.0,0.0,1544.533333
7014,20.0,0.0,3220.887143
7015,0.0,0.0,621.7266667
7016,54.6,22.13333333,1100.789082
7017,0.0,0.0,19.2
7018,43.4,0.0,775.8883333
7019,74.4,0.0,1481.866667
7020,0.0,0.0,49.86666667
7021,128.1142857,0.0,811.3809524
7022,0.0,0.0,889.72
7023,287.2,0.0,473.2833333
7024,43.95,56.4,577.65
7025,29.2,0.0,1364.873333
7026,0.0,0.0,778.6437229
7027,70.6,0.0,213.0157143
7028,46.4,29.2,303.2464286
7029,5.0,0.0,95.1
7030,46.3,0.0,48.4
7031,66.2,276.0,641.8
7032,0.0,0.0,345.12
7033,51.48,0.0,164.8133333
7034,39.2,0.0,86.4
7035,0.0,0.0,373.5
7036,0.0,0.0,1076.073649
7037,345.0166667,0.0,1816.555008
7038,119.8,0.0,175.35
7039,218.8,0.0,71.4
7040,373.62,322.8,3677.258176
7041,193.4,0.0,364.7
7042,318.2,0.0,414.8666667
7043,0.0,0.0,234.8
7045,24.0,0.0,445.3333333
7046,225.22,106.8,1607.173333
7047,0.0,0.0,343.52
7048,49.4,9.0,330.5333333
7049,63.4,0.0,70.93333333
7050,7.0,0.0,2064.5
7051,0.0,0.0,1475.366667
7052,0.0,0.0,999.8
7053,141.6,0.0,728.18
7054,240.1,0.0,668.0333333
7055,0.0,62.4,708.1666667
7056,109.2,0.0,663.2777778
7057,75.6,68.4,44.66666667
7058,346.0,15.2,1107.216667
7059,60.73333333,0.0,696.9
7060,114.08,0.0,747.48
7061,0.0,0.0,447.1333333
7062,91.31666667,0.0,1352.976722
7063,0.0,0.0,159.9
7064,170.9263566,0.0,4339.924841
7065,0.0,0.0,2787.692619
7066,146.3,137.8166667,197.0666667
7067,35.8,0.0,785.05
7068,72.6,0.0,198.7
7069,23.2,0.0,3044.356667
7070,153.5666667,0.0,742.2095238
7071,0.0,0.0,987.6
7072,23.2,0.0,0.0
7073,174.6,0.0,251.2
7074,178.7995495,47.64,5946.275777
7075,128.0,136.1714286,847.6142857
7076,0.0,0.0,3038.38
7077,0.0,0.0,347.6666667
7078,0.0,0.0,710.0
7079,0.0,0.0,19.0
7080,390.87,29.2,2251.116667
7081,291.2357143,0.0,940.1044266
7082,60.5,0.0,1145.17
7083,218.9666667,0.0,672.7
7084,0.0,0.0,47.4
7085,0.0,0.0,4749.25
7086,0.0,0.0,494.6333333
7087,101.8511111,161.9666667,591.1542063
7088,405.55,23.53333333,568.9633333
7089,75.4,0.0,1051.42
7090,75.6,0.0,1655.57
7091,85.96666667,2.0,1464.209618
7092,192.4333333,53.4,1372.875238
7093,136.1,0.0,1424.804887
7094,40.2,26.1,186.7
7095,473.1666667,195.4,4022.812148
7096,0.0,0.0,1338.8
7097,341.6,0.0,77.0
7098,25.2,0.0,238.5333333
7099,0.0,924.0,3198.186667
7100,0.0,0.0,1875.103333
7101,41.4,0.0,684.6
7102,79.93333333,0.0,348.85
7103,0.0,0.0,319.2771429
7104,202.4,0.0,2006.046667
7105,0.0,0.0,12.0
7106,0.0,0.0,1146.469048
7107,134.3733333,256.75,1773.610152
7108,0.0,0.0,1218.1
7109,0.0,0.0,4339.366667
7110,20.2,0.0,580.9357143
7111,93.6,0.0,69.4
7112,0.0,0.0,2593.1
7113,168.4,0.0,208.0
7114,109.6,0.0,495.1
7115,56.73333333,14.6,1123.993333
7116,111.93,0.0,860.77
7117,0.0,0.0,2163.96
7118,28.2,0.0,679.5666667
7119,338.0,0.0,724.76
7120,180.9,0.0,1030.06
7121,0.0,0.0,717.4666667
7122,337.9,6.0,2396.272456
7123,130.3,5.0,1903.45
7124,0.0,0.0,503.6333333
7125,48.35,358.6,676.2666667
7126,0.0,0.0,337.1
7127,30.2,0.0,630.3266667
7128,177.88,0.0,311.6133333
7129,234.4333333,0.0,6743.39876
7130,380.4333333,0.0,1526.213333
7131,102.4,44.4,688.3142857
7132,149.2,0.0,272.0083333
7133,0.0,0.0,1153.54
7134,122.0,0.0,1096.876822
7135,382.3466667,21.6,1718.387778
7136,266.7,0.0,843.0166667
7137,504.3,0.0,7.0
7138,0.0,0.0,1012.2
7139,23.2,0.0,52.4
7140,82.6,0.0,1375.133333
7141,87.8,12.0,2016.564401
7143,250.8,270.6,1424.4
7144,170.8333333,0.0,1193.517172
7145,256.1,99.7,417.4
7146,312.8,4.0,2374.966713
7147,259.1833333,0.0,784.7342857
7148,301.0777778,0.0,1538.056725
7149,106.3,0.0,2331.15
7150,116.2,0.0,1057.033333
7151,39.4,0.0,2021.747727
7153,81.2,0.0,269.9018182
7154,41.3,0.0,55.9
7155,98.85,129.0,22.05
7156,30.7,0.0,1148.333333
7157,61.5,0.0,99.0
7158,0.0,0.0,562.1666667
7159,38.2,9.0,1290.5
7160,0.0,0.0,581.5
7161,831.6222222,0.0,845.2788889
7163,73.6,0.0,813.6016667
7164,0.0,0.0,59.2
7165,292.3,0.0,1953.537512
7166,25.6,0.0,1199.916667
7167,10.0,0.0,583.35
7168,335.8,0.0,910.41
7169,203.28,241.7,1975.125
7170,302.9,0.0,651.665
7171,20.2,0.0,2129.8
7172,0.0,0.0,1063.666667
7173,47.4,0.0,961.52
7174,61.4,0.0,779.6066667
7175,353.7,181.95,959.9
7176,105.2666667,0.0,655.6847619
7177,185.8,0.0,631.2766667
7178,35.1,0.0,6440.235256
7179,145.8833333,0.0,112.0833333
7180,116.8,0.0,170.4
7181,0.0,0.0,153.2
7182,174.75,123.0,773.2566667
7183,146.9,0.0,6707.54
7184,108.8,0.0,387.4
7185,0.0,0.0,631.4
7187,433.8,6.0,728.7
7188,29.2,0.0,75.6
7189,11.0,0.0,938.9333333
7190,95.6,0.0,337.1
7191,0.0,0.0,353.7866667
7192,0.0,0.0,67.0
7193,204.1,0.0,128.7
7194,32.33333333,0.0,374.6
7195,400.65,0.0,952.2833333
7196,118.55,0.0,1948.088333
7197,152.0,0.0,241.5833333
7198,257.0933333,39.4,3364.64045
7199,33.86666667,32.7,1759.686519
7200,0.0,0.0,476.3600939
7201,84.0,0.0,1720.422222
7202,9.0,0.0,1516.2
7203,14.2,0.0,2016.566667
7204,97.6,0.0,498.9
7205,47.4,0.0,238.2
7206,0.0,0.0,653.4
7207,158.3555639,177.8,4162.538005
7208,264.0,0.0,769.9
7209,0.0,0.0,1085.9
7210,0.0,269.6666667,518.85
7212,90.6,0.0,166.0
7213,0.0,0.0,291.2
7214,0.0,0.0,2064.766667
7215,10.1,0.0,256.1857143
7216,0.0,217.6,1690.489222
7217,0.0,0.0,436.1
7218,0.0,0.0,315.58
7219,0.0,0.0,1203.817143
7220,296.2,0.0,920.4
7221,55.4,0.0,949.6
7222,229.8,0.0,1083.716667
7223,34.26666667,21.2,2398.766667
7224,34.93333333,0.0,22.8
7225,294.2,108.9,1994.023778
7226,205.0,0.0,221.78
7227,280.3366667,0.0,337.8533333
7228,179.4533333,277.6333333,829.1871429
7229,0.0,0.0,146.4
7230,36.05,0.0,344.45
7231,46.4,0.0,25.2
7232,0.0,0.0,1001.3
7233,0.0,0.0,794.16
7234,260.1,0.0,341.6166667
7235,18.2,0.0,624.76
7236,198.99,28.2,2387.596667
7237,109.8,518.8,3987.386667
7238,0.0,0.0,157.0
7239,0.0,0.0,2159.4
7240,0.0,0.0,1558.529048
7241,407.57,0.0,2650.780526
7242,0.0,0.0,145.04
7243,0.0,0.0,687.3848485
7244,44.4,0.0,1926.701905
7245,14.2,26.2,25.2
7246,171.7333333,0.0,2087.64987
7247,145.98,0.0,646.1533333
7248,23.2,73.6,566.5666667
7249,66.4,0.0,641.4809524
7250,71.1,0.0,529.8
7251,0.0,0.0,980.5666667
7252,77.1,0.0,41.7
7253,117.8,0.0,586.1
7254,0.0,0.0,12.0
7255,112.8,0.0,375.8
7256,0.0,0.0,118.3
7257,36.2,0.0,166.7062706
7258,11.0,0.0,474.3066667
7259,187.7166667,11.0,277.35
7260,42.4,0.0,331.8914286
7261,135.0,0.0,1684.375
7262,106.8,0.0,470.8666667
7263,0.0,0.0,1348.45
7264,420.0666667,230.7,1251.6
7265,153.2,24.2,615.0666667
7268,265.0,0.0,616.2033333
7269,423.0,0.0,1203.533333
7270,0.0,0.0,309.3666667
7271,138.15,0.0,232.31
7272,0.0,0.0,318.0666667
7273,512.5805785,211.0,2362.724563
7274,6.0,0.0,501.7666667
7275,9.0,0.0,1889.25
7278,0.0,0.0,82.2
7279,0.0,0.0,320.25
7280,0.0,0.0,43.9
7281,144.8,96.2,1374.630952
7282,187.9,100.1,2107.033333
7283,56.89,0.0,1296.916144
7284,127.8,0.0,766.8238095
7285,352.3666667,0.0,605.6166667
7286,0.0,0.0,17.2
7287,36.3,11.0,3287.216667
7288,32.1,0.0,21.1
7290,118.7,0.0,89.5
7291,266.047619,985.4833333,11492.20838
7292,383.8,0.0,92.4
7293,91.0,232.8,9227.371429
7294,365.0333333,0.0,461.7333333
7295,98.4,0.0,156.3333333
7296,78.6,0.0,18.2
7297,13.0,0.0,2061.926508
7298,0.0,0.0,226.8
7299,0.0,0.0,116.6666667
7300,109.8,0.0,418.8233333
7301,5.0,31.7,104.25
7302,163.425,0.0,1077.511667
7303,0.0,0.0,1926.133333
7304,184.32,0.0,163.22
7305,13.1,0.0,5556.932698
7306,132.4,0.0,296.3
7307,39.48,0.0,549.78
7308,211.0333333,173.2333333,1340.676667
7309,51.8,0.0,864.0071429
7310,309.6333333,45.8,2230.986667
7311,67.4,0.0,590.5533333
7312,28.2,0.0,0.0
7313,15.2,13.0,1706.119697
7314,46.8,0.0,743.2666667
7315,584.2,0.0,2693.963452
7316,356.7464198,1109.533333,6847.936896
7317,32.2,0.0,222.5
7318,0.0,0.0,123.3
7320,604.73,0.0,1276.843158
7321,464.5,0.0,635.7238095
7322,240.9,201.4,9437.769068
7323,32.2,0.0,876.4285714
7324,102.5,0.0,351.0333333
7325,16.2,0.0,1369.7
7326,77.6,0.0,8.0
7327,150.6,0.0,2554.562381
7328,94.0,44.2,1430.208205
7329,4.333333333,0.0,14.33333333
7330,72.57333333,208.6,1091.323333
7331,85.6,0.0,5.0
7332,233.6224044,0.0,1941.066667
7333,0.0,0.0,190.6
7334,0.0,0.0,1161.9
7335,102.6,0.0,2633.4
7336,109.6,3.0,1980.266667
7337,6.0,0.0,1496.466667
7338,0.0,0.0,344.1714286
7339,35.4,0.0,937.8075758
7340,46.3,0.0,22.83333333
7341,611.0333333,13.0,1719.375714
7342,95.1,116.8,1696.567619
7343,0.0,0.0,445.9
7344,50.9,0.0,2686.402922
7345,0.0,0.0,852.2
7346,81.6,0.0,2017.520714
7347,0.0,0.0,1978.7
7348,43.4,16.2,1279.806667
7349,0.0,0.0,65.4
7350,74.6,43.4,1207.653333
7351,822.7666667,0.0,1229.466667
7352,71.6,0.0,286.7
7353,0.0,0.0,71.6
7354,664.0866667,18.5,1494.053333
7355,19.2,0.0,443.8333333
7356,34.4,0.0,189.4333333
7357,0.0,0.0,817.9590698
7358,54.4,505.6,838.15
7359,0.0,80.0,3835.564121
7360,13.0,0.0,611.94
7362,126.3333333,0.0,401.0133333
7363,869.1666667,28.2,2865.817778
7364,524.9333333,30.66666667,1157.444833
7365,44.22857143,0.0,311.79
7366,0.0,0.0,238.9333333
7367,105.2,0.0,830.9366667
7368,0.0,0.0,27.2
7369,0.0,0.0,2195.580952
7370,17.0,0.0,2026.2
7371,66.4,41.2,4031.561667
7372,466.6166667,81.4,1220.175
7373,63.0,0.0,14.6
7374,93.9,0.0,323.3740476
7375,79.6,0.0,433.36
7376,159.2,0.0,526.5
7377,34.4,0.0,379.6166667
7378,825.9400176,120.8,2110.422354
7379,49.75,0.0,547.4007937
7380,0.0,12.0,330.0
7381,19.6,0.0,1089.5
7382,54.8,0.0,20.25714286
7383,92.93333333,0.0,2063.642844
7384,246.8,0.0,175.7666667
7385,263.46,145.0,1683.744444
7387,0.0,0.0,4006.352857
7388,551.7944444,124.2,5579.315873
7389,56.4,0.0,3166.333333
7390,90.1,0.0,643.05
7391,62.9,482.4,128.5
7392,128.8095238,41.6,1584.770476
7393,148.9,0.0,692.22
7394,94.6,108.8,1157.783333
7395,90.6,0.0,384.8
7396,71.2,0.0,178.8
7397,45.7,0.0,94.6
7398,164.4666667,0.0,26.7
7399,352.2333333,0.0,2268.900677
7400,66.4,0.0,516.4785714
7401,194.4,0.0,46.2
7402,0.0,0.0,257.4
7403,1178.6,124.8,1716.373333
7404,12.0,0.0,380.8066667
7405,0.0,0.0,1737.016667
7406,34.2,0.0,929.91
7407,0.0,0.0,158.6
7408,51.2,0.0,1297.25
7409,181.0733333,58.4,450.5066667
7411,169.35,182.2,1612.983333
7412,175.1,0.0,615.5595238
7413,52.5,0.0,234.4
7414,269.8,0.0,312.3333333
7415,369.8333333,109.8,5962.205556
7416,5.0,0.0,228.8
7417,107.7,0.0,135.0666667
7418,237.8326007,0.0,2759.135058
7419,6.0,0.0,506.4
7420,93.3,0.0,2678.055238
7421,0.0,0.0,337.0
7422,343.0666667,0.0,1108.369762
7423,73.8,0.0,82.5
7424,161.52,0.0,295.6974359
7425,292.88,48.35,3645.909048
7426,83.6,0.0,3333.076068
7427,0.0,0.0,749.8
7428,0.0,0.0,2532.960656
7429,55.4,0.0,630.6466667
7431,17.6,0.0,1192.866667
7432,81.12,0.0,2134.103333
7433,139.0,871.4,7672.152381
7434,50.4,0.0,497.8
7435,18.6,54.4,1390.40359
7437,36.3,0.0,0.0
7438,184.3666667,0.0,52.26666667
7439,0.0,114.8,583.0933333
7440,0.0,0.0,35.2
7441,18.2,0.0,0.0
7442,185.0,0.0,368.9
7443,15.2,55.4,3019.805397
7444,902.16,39.2,1171.471429
7446,131.1,0.0,777.05
7447,124.0,0.0,112.8
7448,17.0,0.0,35.2
7449,100.92,0.0,168.02
7450,268.2,71.1,1758.25
7451,0.0,0.0,381.0
7452,95.8,35.7,380.2666667
7453,182.4,0.0,555.4
7454,7.0,0.0,445.4333333
7455,41.2,0.0,820.4833333
7456,28.2,0.0,312.2
7457,5.0,0.0,1252.766667
7458,209.5,0.0,2436.287879
7459,204.4,0.0,117.0
7460,46.4,0.0,61.4
7461,45.4,0.0,339.0
7462,27.2,0.0,976.3333333
7463,45.4,0.0,114.9
7465,0.0,0.0,1985.933333
7466,47.8,0.0,183.0
7467,23.2,0.0,704.5666667
7468,80.5,0.0,2337.196667
7469,124.7,88.9,577.6
7470,155.0,0.0,2130.693837
7471,0.0,0.0,96.0
7472,282.1,0.0,107.6
7473,148.6,99.6,144.9
7474,83.4,102.3,970.6266667
7475,0.0,0.0,3528.060714
7476,0.0,0.0,798.3
7478,0.0,0.0,286.2
7479,228.2,0.0,186.4
7480,271.2,0.0,144.6
7481,140.5733333,108.8,1912.751905
7483,31.2,42.4,134.45
7484,0.0,0.0,2121.311111
7485,229.0,40.02,2576.432121
7486,68.4,0.0,337.5333333
7487,165.1,0.0,1422.103333
7488,15.2,0.0,515.5333333
7489,18.2,0.0,1310.5
7490,0.0,0.0,460.2
7491,0.0,201.9,393.3
7492,0.0,0.0,390.9
7493,237.0,87.7,379.3
7494,145.2,0.0,1646.366667
7495,286.5333333,118.8,835.71
7496,0.0,0.0,150.8666667
7497,0.0,0.0,652.7
7498,0.0,0.0,62.4
7499,44.4,0.0,2001.7
7500,75.86666667,0.0,1822.866667
7501,68.6,0.0,2265.492857
7502,47.3,0.0,1870.966667
7503,180.4,0.0,2646.4
7504,172.4,134.0,569.4933333
7505,335.1309524,399.8,1839.098106
7506,210.6,0.0,97.6
7507,152.2,0.0,494.88
7508,15.2,0.0,201.6333333
7509,352.4,49.73333333,309.7
7510,167.0,0.0,1246.12
7511,40.2,0.0,41.3
7512,174.8,0.0,237.5
7513,0.0,0.0,472.4333333
7514,0.0,0.0,641.4083333
7515,0.0,0.0,335.0
7516,236.4,0.0,341.7
7517,0.0,0.0,607.9666667
7518,0.0,30.26666667,835.3
7519,154.0,0.0,422.08
7520,22.8,0.0,1342.75
7521,171.2,0.0,218.0
7522,0.0,0.0,1294.637143
7523,86.6,0.0,596.0333333
7524,367.6333333,74.5,4287.960606
7525,15.2,0.0,348.6
7526,5.0,7.0,561.0940141
7527,196.4,0.0,397.0
7528,83.16666667,0.0,585.5666667
7529,70.4,0.0,144.0666667
7530,0.0,0.0,3177.366667
7531,0.0,0.0,1970.0
7532,138.1,0.0,1708.98
7533,93.10666667,87.6,810.0816667
7534,36.7032967,42.2,1187.737297
7535,6.0,0.0,89.5
7536,66.76,0.0,267.9
7537,0.0,0.0,471.4
7538,60.2,0.0,409.8371212
7539,245.9333333,15.2,1333.8
7540,285.7,0.0,587.9228571
7541,0.0,0.0,997.3142857
7542,81.6,0.0,308.7
7543,262.02,0.0,688.4533333
7544,126.0,0.0,14.35
7545,22.2,0.0,781.8
7546,76.4,0.0,49.4
7547,94.7,0.0,366.6166667
7548,149.0666667,0.0,285.6166667
7549,0.0,0.0,101.6
7550,132.22,18.0,418.8444444
7551,421.25,0.0,1945.896667
7552,73.2,124.2666667,239.7
7553,115.7272727,0.0,2660.283333
7554,473.7,42.4,2101.691541
7555,0.0,0.0,60.4
7556,0.0,0.0,406.8666667
7557,203.6,0.0,1052.4
7558,72.4,0.0,86.6
7559,140.0,0.0,1629.438095
7560,107.75,1021.6,1454.75
7561,0.0,56.4,103.7579088
7562,31.2,0.0,36.2
7563,0.0,0.0,701.8833333
7564,590.925,0.0,2214.230303
7565,0.0,0.0,728.8
7566,0.0,0.0,848.8407143
7567,46.5,0.0,1729.716667
7569,0.0,0.0,29.2
7570,37.3,0.0,317.8
7571,49.2,0.0,22.0
7572,52.9,0.0,278.58
7573,201.85,20.6,1458.93619
7574,253.4,0.0,832.7
7575,131.08,124.9,4362.009752
7576,95.17,11.1,824.1573062
7577,325.48,22.6,359.63
7578,174.4571429,24.2,1688.2494
7579,0.0,0.0,170.5333333
7580,285.9,0.0,291.3
7581,0.0,0.0,427.3
7582,247.1,0.0,1188.2
7583,0.0,0.0,251.8
7584,103.6,27.2,2609.0
7585,141.8388889,0.0,486.5600582
7586,45.4,0.0,1227.713333
7587,0.0,0.0,650.1666667
7588,30.2,0.0,776.8833333
7589,90.6,0.0,424.5957143
7590,196.25,46.4,12292.46381
7591,163.0,0.0,25.0
7592,0.0,0.0,231.8
7593,9.0,0.0,623.0266667
7594,0.0,0.0,1183.2
7595,38.57777778,9.0,584.3777778
7596,0.0,0.0,39.8
7597,133.8666667,0.0,128.0
7598,69.1,0.0,368.6
7599,142.1333333,141.2,361.2333333
7600,206.6,0.0,282.8
7604,0.0,62.8,2167.900476
7605,39.4,0.0,673.65
7606,0.0,0.0,771.4133333
7607,95.8,0.0,4052.358631
7608,182.7,0.0,632.25
7609,0.0,0.0,463.4
7610,21.2,0.0,1808.953333
7611,121.4,6.0,1418.377619
7612,171.9,145.1666667,4554.692744
7613,230.1,0.0,381.4
7614,19.2,0.0,3134.066667
7615,151.0,0.0,840.2863203
7616,342.1,0.0,895.1111111
7617,133.4666667,199.4,4935.536124
7618,72.04,206.6,709.4333333
7619,4.0,0.0,360.65
7620,44.3,0.0,468.85
7621,0.0,0.0,2805.038095
7622,5.0,33.3,521.5
7623,73.6,155.5666667,1993.396667
7624,82.85,0.0,2289.079157
7625,41.2,0.0,142.4
7626,70.20765027,0.0,2542.60431
7627,42.1,0.0,527.6666667
7628,63.4,0.0,137.6
7629,69.03333333,0.0,658.8466667
7630,81.6,0.0,443.9
7631,508.8,0.0,379.8
7632,156.2,0.0,742.0
7633,65.4,0.0,2426.006667
7634,18.1,72.5,136.2833333
7635,0.0,0.0,1116.473333
7637,0.0,0.0,835.6809524
7638,154.9333333,0.0,910.04
7639,0.0,0.0,232.4
7640,0.0,0.0,701.9
7641,82.7,0.0,405.2833333
7642,0.0,0.0,1219.054286
7644,94.23333333,72.0,2935.255477
7645,0.0,0.0,5465.320175
7646,23.53333333,0.0,118.0
7647,216.4,0.0,825.205
7648,821.0754098,0.0,2400.782077
7649,7.6,0.0,14.6
7650,277.8,0.0,884.5
7651,62.13333333,0.0,3421.653333
7652,55.8,0.0,2023.2
7653,34.2,0.0,502.4533333
7654,0.0,37.2,2767.753333
7655,76.6,23.2,4598.433333
7656,64.66666667,0.0,936.81
7657,0.0,0.0,8.0
7658,8.0,0.0,701.0
7659,318.2,0.0,117.0
7660,0.0,0.0,176.5
7661,218.6,0.0,513.1622222
7662,254.5,0.0,712.2714286
7663,1251.2,250.0,23888.81
7664,79.1,0.0,1081.108333
7665,0.0,53.0,318.5333333
7666,0.0,0.0,11.0
7667,94.6,74.6,199.0
7669,60.4,0.0,207.6
7670,381.6731217,199.4,1618.40328
7671,0.0,68.5,1066.393635
7672,150.2,20.0,392.6
7673,75.1,0.0,102.7
7674,81.5,0.0,857.7355067
7675,0.0,0.0,660.8
7676,0.0,0.0,376.7
7677,303.2,0.0,181.0666667
7678,0.0,111.9,360.5111111
7679,21.2,0.0,1053.175758
7680,73.23333333,0.0,7710.731416
7681,76.6,0.0,488.91
7682,7.0,0.0,906.4
7683,0.0,0.0,20.2
7684,0.0,0.0,883.9333333
7685,0.0,6.0,2349.101818
7686,0.0,0.0,15.2
7687,130.35,21.2,314.85
7688,23.31428571,0.0,124.9142857
7689,0.0,0.0,31.0
7690,574.4511905,0.0,2688.864762
7691,72.6,15.2,425.0
7692,24.2,0.0,0.0
7693,190.5,0.0,867.9915152
7694,4.0,0.0,417.5333333
7695,0.0,0.0,536.7333333
7696,120.7,0.0,74.4
7697,0.0,0.0,4391.666667
7698,83.4,0.0,2013.659524
7699,272.0333333,0.0,295.1
7700,76.76666667,9.0,1566.2
7701,0.0,0.0,213.8
7702,138.5666667,21.2,977.4128571
7703,0.0,0.0,1884.7
7704,199.8333333,0.0,669.9333333
7706,43.4,0.0,432.0222222
7707,95.6,0.0,582.7333333
7708,0.0,242.8,1860.95
7709,630.5333333,0.0,357.8895238
7710,124.0,0.0,265.9333333
7711,0.0,0.0,313.8
7712,0.0,3.0,780.5
7713,0.0,0.0,131.8333333
7714,110.8,0.0,85.76666667
7715,125.1,34.6,887.75
7716,0.0,42.4,1140.796667
7717,0.0,0.0,122.8
7718,0.0,0.0,58.4
7719,110.3,21.8,3621.606667
7720,99.8,0.0,2056.48859
7721,83.8,0.0,798.3
7722,0.0,0.0,1094.310476
7723,0.0,22.2,240.6
7724,40.8,12.0,96.0
7725,98.6,0.0,1200.2
7726,92.3,68.2,81.7
7727,21.2,0.0,2224.633333
7728,96.6,0.0,230.62
7729,157.3889922,338.4,1624.935625
7730,75.5,0.0,158.9733333
7731,371.8,0.0,255.0
7732,73.9,0.0,3441.806667
7733,216.6,0.0,937.8653488
7735,16.6,18.46666667,783.2085714
7736,215.4,0.0,1221.7
7737,1415.5,0.0,588.3666667
7738,6.0,0.0,876.4766667
7739,121.0333333,0.0,230.8333333
7740,380.8,0.0,2653.196667
7741,0.0,0.0,1855.6
7742,0.0,0.0,228.9
7743,0.0,0.0,5.0
7744,132.0571429,207.6,1243.976108
7745,6.0,0.0,15.0
7747,564.9,522.1666667,3410.697592
7748,250.8,194.4,194.4
7749,96.6,0.0,2664.416667
7750,89.95,0.0,552.04
7751,273.0,0.0,385.74
7752,63.4,0.0,1115.4
7753,0.0,0.0,1618.203333
7754,0.0,0.0,154.8
7755,0.0,0.0,1016.883333
7756,0.0,0.0,504.0833333
7757,0.0,55.4,1018.018025
7758,574.55,0.0,571.4238596
7759,289.6833333,0.0,678.4833333
7760,20.2,0.0,227.6
7761,0.0,0.0,343.0333333
7762,0.0,0.0,261.6666667
7763,245.4,0.0,3773.3
7764,266.25,0.0,4098.699853
7765,0.0,0.0,724.2
7766,67.4,0.0,297.5
7767,107.3666667,0.0,151.3
7768,46.2,0.0,280.0466667
7769,291.9600939,52.4,6747.414492
7770,81.4,0.0,2487.52
7771,49.4,0.0,6847.736667
7773,0.0,0.0,602.8833333
7774,226.09,0.0,692.87
7775,75.5,0.0,66.05
7776,70.58,0.0,296.58
7777,64.3,0.0,2199.52
7778,0.0,0.0,372.3833333
7779,89.66666667,0.0,2022.117778
7780,53.9,0.0,422.5230769
7781,263.7333333,16.2,6079.82
7782,9.1,0.0,115.6
7783,109.8,0.0,1988.931429
7784,0.0,0.0,294.7
7785,69.6,0.0,1292.449762
7786,180.4,36.2,1907.08
7787,149.2,0.0,133.7333333
7788,122.8,0.0,175.4
7789,151.0,0.0,1547.233333
7790,375.12,0.0,288.7133333
7791,49.4,0.0,111.6
7792,226.6,7.0,849.7444444
7793,53.2,0.0,496.9666667
7794,141.0,0.0,606.6666667
7795,41.4,0.0,1576.966667
7796,0.0,0.0,921.6233333
7797,157.3166667,0.0,691.95
7798,44.74,129.75,390.4566667
7799,94.83333333,38.9,6774.82
7800,11.0,0.0,15.0
7801,0.0,0.0,3389.8
7802,85.04,0.0,2139.156647
7803,803.47,0.0,634.6880952
7804,210.5666667,61.6,124.8666667
7805,132.025,79.7,1620.141667
7806,0.0,0.0,1110.866667
7807,0.0,0.0,292.7
7808,189.4,130.76,3856.82978
7809,0.0,0.0,4800.574762
7810,107.7,0.0,290.8
7811,4.0,0.0,242.1095238
7812,58.4,24.2,503.2666667
7813,130.55,214.1,385.75
7814,23.2,0.0,58.0
7815,59.4,0.0,157.2
7816,103.6,0.0,7.0
7817,0.0,0.0,70.4
7818,0.0,0.0,15.6
7819,97.8,0.0,1228.289524
7820,266.7433333,1312.4,743.4766667
7821,71.4,0.0,449.4
7822,105.6333333,105.95,246.3865079
7823,32.7,0.0,812.35
7824,0.0,0.0,75.4
7825,301.2,0.0,1836.983333
7826,48.4,0.0,37.2
7828,0.0,0.0,381.8
7829,239.7445344,624.6,9100.402959
7830,243.68,0.0,1256.0
7831,259.2836478,12.0,1854.242845
7832,0.0,0.0,941.4666667
7833,292.2,0.0,1391.383333
7834,52.4,0.0,324.2666667
7835,16.2,0.0,268.0
7836,94.6,0.0,265.5
7837,25.7,0.0,143.3
7838,0.0,0.0,218.6666667
7839,100.6,216.6,432.0
7840,0.0,0.0,121.2704225
7841,785.2166667,0.0,450.8
7842,124.2,0.0,94.6
7843,74.6,0.0,810.0
7844,252.8,0.0,1191.616667
7845,0.0,0.0,54.4
7846,0.0,0.0,683.3
7847,398.0666667,19.2,452.0
7849,53.4,0.0,292.0
7850,112.8,0.0,543.7333333
7851,100.6,5.0,2002.76
7852,31.2,0.0,385.3
7853,97.2,16.0,690.5666667
7854,51.4,0.0,562.3
7855,107.4,96.7,833.325
7856,102.2,0.0,72.0
7857,580.2,145.6,2734.966667
7858,471.06,0.0,5830.91
7859,146.5,277.1333333,700.0466667
7860,378.4666667,0.0,950.6666667
7861,173.8,124.8,411.6
7862,115.8,0.0,2557.35
7863,114.8,0.0,951.4333333
7865,310.0666667,49.4,1441.974535
7867,33.2,0.0,162.2333333
7868,0.0,0.0,166.12
7869,0.0,0.0,1624.320952
7870,101.7,0.0,708.5547619
7871,191.4,0.0,679.9033333
7872,83.9952381,99.8,364.9619048
7873,118.9,0.0,1216.726667
7874,109.7,0.0,852.3
7875,293.6222222,42.2,1831.942222
7876,15.2,104.8,2725.708571
7877,66.9,0.0,86.63333333
7878,341.6,0.0,177.9
7879,130.55,23.2,128.2333333
7880,0.0,0.0,31.2
7881,0.0,0.0,846.6
7882,30.2,0.0,323.4
7883,25.0,0.0,8.0
7884,75.6,0.0,178.59
7885,134.39,191.9,1592.533333
7886,0.0,0.0,103.8
7888,0.0,0.0,1257.946667
7889,108.8,0.0,542.0
7890,70.6,0.0,93.5
7891,56.63333333,309.7333333,1280.149821
7892,0.0,0.0,192.45
7893,181.6,722.52,1717.873278
7894,184.4173601,13.0,6137.14491
7895,100.0666667,0.0,310.3355556
7896,27.4,0.0,51.2
7897,0.0,0.0,1231.79046
7898,23.0,0.0,723.4833333
7899,93.4,0.0,689.65
7900,93.8,0.0,2139.7
7901,383.3,256.3,15454.43857
7902,0.0,0.0,643.9
7903,15.2,43.4,94.2
7904,81.6,0.0,27.2
7905,77.1,60.3,944.8
7906,103.6,0.0,440.5333333
7907,0.0,0.0,98.73333333
7908,0.0,0.0,402.6
7909,39.8,0.0,132.4
7910,0.0,0.0,3564.590227
7911,155.7,0.0,595.0
7912,200.42,0.0,697.5866667
7913,0.0,0.0,741.4
7914,0.0,0.0,502.9666667
7915,94.6,0.0,2222.419048
7916,104.4,0.0,879.75
7917,0.0,35.2,275.1
7918,0.0,15.2,1227.153333
7919,83.6,0.0,1582.7
7920,19.2,0.0,60.6
7921,63.5,0.0,99.06666667
7923,0.0,0.0,360.4733333
7924,0.0,0.0,636.7
7925,98.8,0.0,69.4
7926,504.2533333,1665.066667,8768.477228
7927,30.2,30.7,348.0611111
7928,275.8,39.68,1354.8
7930,30.2,0.0,613.9933333
7931,78.64980843,0.0,4185.096695
7932,0.0,0.0,73.1
7933,67.4,0.0,544.6833333
7934,54.4,0.0,351.4
7935,0.0,0.0,8.0
7936,136.4,0.0,1275.26927
7937,31.2,0.0,2077.166667
7938,59.4,0.0,3334.506667
7939,143.4428571,19.6,3579.7859
7940,0.0,0.0,593.7019802
7941,135.15,0.0,1199.22619
7942,127.1,0.0,2590.8
7943,410.9,406.9,1220.257143
7944,0.0,0.0,117.8
7945,398.5727115,132.0,985.0802412
7946,0.0,0.0,2479.342857
7947,171.1190476,0.0,472.752381
7948,0.0,0.0,7.0
7949,70.6,0.0,571.35
7950,0.0,0.0,344.4
7951,326.0,0.0,364.5333333
7952,6.0,0.0,1046.32
7953,0.0,0.0,883.6
7954,248.2285714,0.0,1158.782857
7955,0.0,0.0,89.38333333
7956,28.53333333,0.0,2006.688158
7957,117.85,0.0,492.9
7958,180.1333333,34.2,242.45
7959,12.1,493.0,1572.486399
7960,53.5,0.0,3801.680397
7961,124.4,7.0,294.6
7962,64.4,0.0,47.3
7963,0.0,0.0,570.2
7964,46.4,0.0,463.36
7965,0.0,112.6,2299.97
7966,95.83333333,303.65,438.3833333
7967,36.25,0.0,585.7
7968,54.0,32.0,46.0
7969,103.3,0.0,1649.766667
7970,0.0,13.0,1620.024762
7971,177.3333333,69.6,402.6166667
7972,626.4933333,0.0,1985.894203
7973,0.0,0.0,120.79
7974,77.6,0.0,1477.154762
7975,356.675,0.0,1636.258333
7976,142.9111111,0.0,264.3396825
7977,975.6466667,276.08,2822.623603
7978,89.6,12.0,182.5
7979,265.4,0.0,161.6
7980,284.2,0.0,2366.6
7981,52.53333333,0.0,2059.3
7982,17.13333333,0.0,1078.2
7984,0.0,663.9166667,2059.7
7985,15.0,0.0,1412.270833
7986,0.0,0.0,561.6666667
7987,0.0,0.0,157.5
7988,0.0,0.0,438.6666667
7989,0.0,521.9791667,733.2871212
7990,106.5,0.0,806.25
7991,0.0,0.0,242.0833333
7992,113.25,38.5,4066.207476
7993,22.0,0.0,180.5
7994,0.0,0.0,821.8333333
7995,209.625,118.75,398.0
7996,0.0,68.5,927.0
7997,0.0,0.0,3025.058333
7998,0.0,0.0,80.0
7999,93.125,0.0,424.125
8000,60.0,0.0,2339.805556
8001,0.0,0.0,275.0
8002,0.0,0.0,73.5
8003,0.0,0.0,168.75
8004,77.33333333,7.0,1051.291667
8005,139.0,0.0,631.9333333
8006,0.0,0.0,1132.791667
8007,446.25,0.0,815.25
8008,0.0,0.0,351.75
8009,0.0,0.0,4446.625
8010,65.5,38.5,3902.664774
8011,0.0,0.0,2524.194444
8013,4.0,0.0,947.4166667
8014,5.0,0.0,203.0
8015,0.0,0.0,410.25
8016,6.5,0.0,511.25
8017,21.0,802.5,2073.916667
8018,83.0,40.0,5194.79857
8019,0.0,0.0,610.6333333
8020,0.0,0.0,9.0
8021,0.0,0.0,2174.708333
8023,32.3,26.5,1068.357692
8024,0.0,0.0,541.0625
8025,0.0,0.0,562.0071429
8026,0.0,0.0,390.5
8027,441.85,0.0,2577.449603
8028,0.0,116.0,419.75
8029,106.8333333,96.0,373.4583333
8030,0.0,0.0,202.75
8031,49.5,0.0,3804.2875
8032,0.0,0.0,655.0416667
8033,0.0,0.0,462.2678571
8034,97.33333333,447.5,967.625
8035,0.0,0.0,219.0
8036,38.5,0.0,770.3095238
8037,539.5,0.0,602.5833333
8038,0.0,0.0,475.025
8039,21.0,0.0,750.2083333
8040,0.0,0.0,5300.291667
8041,188.5322344,197.4166667,1758.912393
8042,179.5,43.5,482.75
8043,0.0,0.0,147.5
8044,0.0,0.0,279.547619
8045,64.66666667,0.0,1445.666667
8046,77.66666667,0.0,159.75
8047,11.0,0.0,835.5833333
8048,0.0,0.0,99.5
8049,0.0,0.0,720.5
8050,36.5,0.0,770.375
8051,43.5,230.1666667,3773.715179
8052,33.0,0.0,2023.75
8054,286.8333333,0.0,1493.695238
8055,56.6,0.0,1058.338095
8056,0.0,0.0,60.0
8057,82.5,56.5,2295.0
8058,0.0,0.0,198.1333333
8059,0.0,0.0,729.2916667
8060,49.5,0.0,180.5
8061,0.0,0.0,1185.986275
8062,0.0,0.0,1473.701515
8063,43.5,0.0,1055.583333
8064,0.0,0.0,1211.166667
8066,0.0,0.0,82.5
8067,524.75,258.625,6309.427034
8068,0.0,0.0,163.5
8069,26.5,0.0,1260.441758
8071,23.0,0.0,281.75
8072,3398.75,2549.375,63973.52223
8073,0.0,0.0,372.0833333
8074,65.92857143,0.0,557.6869048
8076,0.0,0.0,170.5
8077,15.0,0.0,4021.172222
8078,0.0,0.0,81.08333333
8079,83.0,0.0,630.0
8081,12.0,0.0,2138.383333
8082,0.0,0.0,4977.850893
8083,0.0,0.0,1312.333333
8084,0.0,0.0,61.75
8085,0.0,0.0,1131.208333
8086,0.0,0.0,17.0
8087,0.0,0.0,57.5
8088,67.5,0.0,475.65
8089,75.75,0.0,3534.298611
8090,0.0,0.0,1093.083333
8091,0.0,0.0,516.75
8092,90.17857143,88.5,1214.307692
8093,123.5,0.0,759.5833333
8094,825.0,55.5,8629.783691
8095,935.1,21.0,10524.35936
8096,1145.25,91.30357143,2756.19246
8097,35.75,0.0,1173.0
8098,65.0,0.0,40.0
8099,50.5,0.0,2147.375
8100,0.0,0.0,1175.488095
8101,0.0,0.0,404.5
8102,0.0,0.0,264.75
8103,169.5,0.0,1557.916667
8104,49.5,0.0,207.5416667
8105,0.0,0.0,135.25
8106,0.0,0.0,493.75
8107,256.5,0.0,117.25
8108,19.0,0.0,349.8333333
8109,0.0,0.0,1579.333333
8110,0.0,6.0,1375.264286
8111,141.5,0.0,59.5
8112,90.0,0.0,592.8375
8113,0.0,0.0,499.0
8114,28.0,0.0,434.5
8115,0.0,0.0,1375.916667
8116,0.0,0.0,87.0
8117,150.0,0.0,4966.520661
8118,416.0,121.0,2881.684524
8119,20.0,0.0,442.0
8120,247.15,788.0,2556.373335
8121,333.8674242,121.625,1406.917424
8122,0.0,0.0,955.375
8123,192.9204545,114.5,1394.236526
8124,0.0,0.0,704.0
8125,0.0,0.0,197.0
8126,171.2916667,55.5,7443.407447
8127,0.0,0.0,455.0
8128,0.0,57.5,1980.238095
8129,46.5,0.0,26.0
8130,81.0,0.0,914.5
8131,0.0,0.0,804.25
8132,49.85714286,0.0,4804.834524
8133,0.0,0.0,536.0
8135,41.75,30.0,596.075
8136,0.0,0.0,2076.966667
8137,126.75,0.0,2281.583333
8138,2.0,0.0,5149.434919
8139,0.0,41.5,2400.037843
8140,67.0,0.0,234.6384615
8141,0.0,0.0,947.3928571
8142,0.0,0.0,186.5
8143,0.0,62.5,2876.441667
8144,0.0,0.0,478.5
8145,29.75,0.0,398.9803922
8146,122.25,0.0,2007.522619
8147,60.29166667,0.0,108.5
8148,0.0,0.0,246.5
8149,131.8333333,0.0,2074.611111
8150,0.0,0.0,291.0
8151,4.0,123.3333333,2387.139881
8152,56.5,0.0,541.875
8153,0.0,0.0,187.5
8154,0.0,0.0,341.4583333
8155,0.0,0.0,173.5
8156,84.0,0.0,597.6330532
8157,0.0,0.0,69.0
8158,548.5,0.0,117.0
8159,0.0,0.0,294.75
8160,19.25,0.0,713.5833333
8161,2.0,0.0,1319.547421
8162,63.0,0.0,458.5
8163,0.0,0.0,41.5
8164,0.0,0.0,267.25
8165,0.0,0.0,1059.575
8166,0.0,0.0,173.0
8168,14.0,0.0,2130.447802
8169,58.5,0.0,1351.908333
8170,0.0,0.0,24.5
8171,0.0,0.0,561.5
8172,0.0,0.0,805.7916667
8173,140.5833333,87.0,1918.902722
8174,492.1666667,0.0,4518.297619
8175,0.0,0.0,2199.5
8176,63.875,0.0,1329.686508
8177,104.0,0.0,243.5
8178,0.0,0.0,166.0
8179,0.0,0.0,184.375
8180,51.5,0.0,730.15
8181,0.0,0.0,35.25
8182,0.0,0.0,2180.217803
8183,109.6666667,0.0,86.16666667
8184,0.0,0.0,1027.0
8185,0.0,0.0,173.25
8186,588.2972222,0.0,631.0674603
8187,9.0,29.5,1157.583333
8188,0.0,0.0,129.5
8189,72.01960784,343.0,4461.28524
8190,0.0,0.0,1377.25
8191,265.0416667,0.0,2934.236722
8192,35.5,0.0,3296.65
8193,0.0,0.0,1065.25641
8194,157.5,433.5,599.5
8195,537.5,0.0,748.9583333
8197,0.0,0.0,566.8833333
8198,0.0,89.0,5728.673611
8199,0.0,0.0,203.25
8200,171.5,0.0,2416.060484
8201,21.25,0.0,305.2083333
8202,0.0,0.0,335.4166667
8203,0.0,0.0,960.125
8204,191.1666667,0.0,4656.331746
8205,98.75,0.0,683.1653846
8206,0.0,0.0,823.5
8207,386.0,0.0,712.2960784
8208,0.0,0.0,279.3333333
8209,0.0,0.0,2193.541667
8210,0.0,0.0,611.0833333
8211,0.0,0.0,14.0
8212,24.5,0.0,1792.466667
8213,162.4166667,102.0,357.1666667
8214,0.0,0.0,1666.5
8215,0.0,0.0,846.25
8216,0.0,0.0,129.5
8217,156.25,0.0,1481.108333
8218,95.33333333,0.0,819.3333333
8219,51.5,0.0,549.25
8220,33.5,0.0,1181.85119
8221,0.0,0.0,355.5
8223,0.0,0.0,230.1666667
8224,0.0,193.5,2141.902778
8226,490.5,0.0,1286.916667
8227,191.25,0.0,1109.25
8229,60.16666667,164.5,5608.913545
8230,234.4333333,0.0,590.5833333
8231,82.76666667,47.0,15025.23302
8232,4.0,12.0,1012.964286
8233,70.33333333,0.0,1049.313889
8234,68.58333333,0.0,1781.191667
8235,294.0705128,1343.25,3472.870513
8236,147.1666667,0.0,146.0
8237,0.0,0.0,562.0
8238,0.0,0.0,1369.775
8239,317.0189394,126.75,9956.225533
8240,0.0,0.0,16.0
8241,190.0,0.0,307.6666667
8242,0.0,0.0,2403.25
8244,0.0,0.0,773.2
8245,110.95,0.0,448.25
8246,224.3,487.0,1845.958333
8247,0.0,147.5,1424.839744
8249,159.8958333,0.0,3648.5625
8250,0.0,0.0,300.5
8251,0.0,0.0,756.0416667
8252,0.0,0.0,642.0
8253,110.5357143,330.2666667,396.3452381
8254,79.0,0.0,1017.166667
8255,239.3333333,0.0,1875.169444
8256,16.0,0.0,821.275
8257,390.0,0.0,1325.833333
8258,0.0,0.0,228.625
8259,0.0,0.0,1517.416739
8260,0.0,0.0,44.5
8261,69.66666667,23.0,6524.035369
8263,47.5,0.0,839.2083333
8264,0.0,0.0,426.325
8265,11.16666667,63.5,2245.333333
8266,0.0,0.0,428.5
8267,82.5,0.0,221.125
8268,0.0,0.0,67.0
8269,0.0,0.0,731.5
8270,752.3833333,14.0,4575.477552
8271,66.5,65.75,3684.321458
8272,0.0,0.0,882.75
8273,0.0,6.333333333,301.3333333
8274,29.0,0.0,11.0
8275,233.475,0.0,4251.208187
8276,0.0,0.0,157.5
8277,0.0,0.0,148.75
8278,134.75,16.0,6323.853465
8279,93.5,0.0,12268.24477
8280,34.0,9.0,4994.24915
8281,46.5,0.0,219.5
8282,365.1166667,65.5,6082.873739
8283,111.5416667,226.0,1664.14881
8284,0.0,0.0,35.0
8285,118.1785714,91.5,5399.231269
8286,0.0,0.0,50.83333333
8287,0.0,0.0,1723.753711
8288,643.8333333,0.0,508.25
8289,0.0,0.0,65.5
8290,0.0,0.0,968.75
8291,56.5,0.0,1089.75
8292,165.9166667,150.5,3127.078788
8293,0.0,0.0,418.375
8294,0.0,0.0,2052.125
8295,0.0,12.0,0.0
8296,0.0,0.0,545.5
8297,37.0,0.0,1193.0
8298,143.0,0.0,331.8375
8299,0.0,0.0,2107.583333
8300,0.0,0.0,222.0
8301,13.0,28.5,1028.775
8302,993.0833333,28.5,2776.013582
8303,95.0,0.0,360.5416667
8304,0.0,50.5,4379.863158
8305,0.0,0.0,118.25
8306,0.0,0.0,347.0
8307,159.0,27.75,821.6825397
8309,853.735949,126.5,24844.1562
8310,91.0,0.0,197.0
8311,0.0,0.0,26.0
8312,0.0,75.5,2050.191803
8313,84.75,0.0,962.9011905
8314,183.0,0.0,586.3722222
8315,0.0,0.0,284.5
8318,0.0,0.0,732.0916667
8320,0.0,0.0,59.0
8321,70.5,0.0,855.6666667
8322,111.0,0.0,274.5833333
8323,0.0,0.0,111.0
8324,4.0,0.0,1828.375
8325,0.0,0.0,82.0
8326,0.0,0.0,247.5
8327,4.0,0.0,2123.5
8328,189.25,0.0,635.4916667
8329,60.5,0.0,50.0
8330,18.0,0.0,1332.25
8331,121.75,0.0,5253.069444
8332,0.0,0.0,593.75
8333,145.0,37.5,5252.861501
8334,33.5,0.0,1169.0
8335,0.0,0.0,987.9
8336,0.0,0.0,2886.841667
8337,30.75,0.0,473.1666667
8338,3.0,161.5,4791.460889
8339,30.7,45.0,1481.783333
8340,65.0,0.0,386.2621212
8341,0.0,0.0,1144.972222
8342,44.29545455,0.0,2747.616288
8343,0.0,0.0,271.5
8344,70.25,139.5,3022.370406
8345,479.25,0.0,2156.525403
8346,123.75,0.0,938.3333333
8347,355.0,0.0,1039.599344
8348,0.0,0.0,721.4166667
8349,0.0,0.0,3480.811706
8350,438.3309524,703.5,6241.687398
8351,0.0,0.0,749.25
8352,78.0,0.0,225.1666667
8353,40.5,0.0,1587.25
8354,0.0,0.0,1397.666667
8355,201.15,0.0,506.1833333
8356,0.0,14.0,7181.877778
8357,75.16666667,0.0,1173.417614
8358,0.0,36.5,318.25
8359,11.0,0.0,2855.166667
8360,0.0,0.0,1165.95
8361,31.25,0.0,1470.208333
8362,160.0,0.0,1707.666667
8363,0.0,0.0,532.0
8364,0.0,0.0,2636.138889
8365,0.0,0.0,452.4166667
8366,0.0,0.0,447.047619
8367,125.75,0.0,1113.309524
8369,1652.0,0.0,446.375
8370,0.0,0.0,952.6777778
8371,0.0,0.0,276.0
8372,505.4,10.0,4434.281746
8373,155.5,121.0,311.25
8374,2.0,0.0,323.2333333
8375,0.0,102.0,2835.417641
8376,223.0,93.0,2893.940476
8377,48.66666667,155.3333333,540.75
8378,98.75,0.0,6085.002381
8379,0.0,0.0,1390.083333
8380,95.0,0.0,1031.083333
8381,0.0,0.0,539.15
8382,112.5,0.0,1657.0
8383,334.5,29.0,939.0833333
8384,671.0833333,0.0,1403.828355
8385,0.0,0.0,46.0
8386,83.0,0.0,29.5
8387,28.25,0.0,1862.333333
8388,0.0,0.0,894.5809524
8389,0.0,0.0,475.6666667
8390,356.125,0.0,2187.338725
8391,144.4615385,167.1666667,2312.337853
8392,0.0,0.0,1652.486111
8393,0.0,6.5,5826.333333
8394,0.0,0.0,198.75
8395,0.0,0.0,197.0
8396,0.0,0.0,464.3833333
8397,0.0,0.0,266.1666667
8398,113.75,28.5,1047.0
8399,74.75,0.0,512.5
8400,18.0,0.0,765.3928571
8401,0.0,0.0,314.75
8402,0.0,0.0,1682.275
8403,0.0,0.0,580.0833333
8404,0.0,0.0,1388.2
8405,0.0,0.0,470.8166667
8406,0.0,0.0,1184.269841
8407,301.625,9.0,6919.899495
8408,0.0,0.0,303.5
8409,42.0,0.0,1074.333333
8410,0.0,0.0,588.5
8411,0.0,0.0,21.0
8412,0.0,0.0,11.0
8413,173.55,0.0,4155.746883
8414,12.5,0.0,55.5
8415,0.0,0.0,64.0
8416,32.0,43.5,12500.35306
8417,276.0,0.0,1021.2
8418,156.6071429,156.75,2694.507143
8419,257.5,0.0,2533.333333
8420,0.0,0.0,1658.125
8421,0.0,0.0,1440.166667
8422,60.5,0.0,449.5
8423,0.0,0.0,1315.177778
8424,62.0,0.0,1935.335516
8425,0.0,0.0,2404.831006
8426,0.0,0.0,346.5666667
8427,0.0,0.0,695.5
8428,0.0,0.0,415.2738095
8429,21.0,0.0,256.95
8430,13.875,0.0,1939.155952
8432,0.0,0.0,1975.455952
8433,0.0,0.0,28.25
8434,118.75,0.0,2556.220833
8436,192.6654762,211.0,3812.161753
8437,67.5,0.0,592.25
8438,0.0,0.0,190.3333333
8439,147.175,254.0,10902.45826
8440,0.0,0.0,130.5
8441,0.0,0.0,273.25
8442,0.0,0.0,3543.809524
8443,0.0,0.0,1159.541667
8444,0.0,0.0,18.0
8445,47.25,0.0,24.25
8446,0.0,0.0,2300.891317
8447,221.8333333,51.5,841.7833333
8448,0.0,386.0,1609.939744
8449,0.0,0.0,424.3333333
8450,54.5,0.0,1267.0625
8451,33.5,0.0,1631.416667
8452,58.41666667,0.0,1043.583333
8453,112.5,0.0,2041.23355
8454,153.85,0.0,504.6
8455,328.75,0.0,2793.733084
8456,106.0,0.0,180.4166667
8457,0.0,0.0,530.5833333
8458,0.0,0.0,329.2142857
8459,110.625,106.0,1508.521825
8460,29.0,0.0,803.5077381
8461,98.0,0.0,947.0
8462,0.0,0.0,2251.28
8463,0.0,0.0,48.0
8464,0.0,0.0,1286.5
8465,0.0,0.0,396.25
8466,0.0,0.0,4293.4
8467,27.9,0.0,3875.427778
8468,61.0,31.0,43.0
8469,0.0,8.0,936.6428571
8470,0.0,0.0,756.8611111
8471,0.0,0.0,46.5
8472,0.0,0.0,1385.85
8473,0.0,0.0,3197.755638
8474,0.0,0.0,1779.886905
8475,29.0,0.0,1191.8875
8476,0.0,0.0,51.5
8477,0.0,497.8333333,851.6666667
8478,0.0,0.0,3111.683333
8479,101.75,0.0,561.25
8480,110.5,20.0,5380.686996
8481,25.5,0.0,860.2083333
8482,75.0,0.0,2058.3
8483,264.9,11.0,1032.3
8484,0.0,0.0,11.0
8486,107.0,15.0,8622.38
8487,42.25714286,0.0,4067.010247
8488,513.8333333,0.0,2690.333333
8489,79.25,0.0,150.1666667
8490,0.0,0.0,267.5
8491,74.0,0.0,844.9416667
8493,0.0,0.0,918.5416667
8494,0.0,0.0,11.0
8495,0.0,0.0,46.75
8496,0.0,0.0,121.0
8497,297.75,352.5,2422.375
8498,337.5416667,23.0,1249.866144
8499,98.5,0.0,702.3333333
8500,12.0,0.0,4097.708838
8501,0.0,13.0,1042.507143
8502,0.0,0.0,169.9166667
8503,67.5,0.0,834.6666667
8504,33.5,15.75,1421.25
8505,5.5,0.0,2429.279762
8506,177.5,312.0,1123.050824
8507,171.0,0.0,441.1369048
8508,128.5,0.0,209.0
8509,0.0,0.0,1475.254167
8510,32.5,0.0,73.5
8511,98.26666667,144.5,1630.137415
8512,96.75,0.0,3216.920172
8513,0.0,0.0,32.5
8514,0.0,0.0,623.725
8515,52.5,0.0,3674.737578
8516,172.0833333,0.0,486.1472222
8517,0.0,100.0,1645.679762
8518,77.5,0.0,1361.780952
8519,0.0,0.0,257.0
8520,223.375,0.0,3152.5
8521,0.0,0.0,339.0
8522,275.75,97.0,5209.820361
8523,0.0,0.0,558.4761905
8524,73.75,0.0,2244.616667
8525,0.0,0.0,2032.272727
8526,0.0,3.0,1904.183333
8527,0.0,0.0,883.55
8528,61.875,0.0,4389.887512
8529,0.0,0.0,214.3333333
8530,121.5,0.0,34.0
8531,0.0,7.0,598.8738095
8533,73.0,0.0,593.0
8534,118.5,0.0,829.2083333
8535,0.0,0.0,183.3333333
8536,322.25,0.0,4875.106113
8538,0.0,0.0,14.0
8539,0.0,0.0,1344.291667
8540,15.0,0.0,817.5
8541,28.5,0.0,500.5
8542,0.0,11.0,0.0
8543,78.5,32.75,1897.833333
8544,112.1666667,0.0,1883.866667
8546,0.0,0.0,3033.689449
8547,0.0,0.0,2922.497511
8548,135.25,0.0,794.9928571
8549,1106.389831,627.4583333,7444.938071
8551,65.5,0.0,783.75
8552,0.0,0.0,1732.066667
8553,0.0,0.0,2304.15
8554,0.0,0.0,584.3333333
8555,0.0,0.0,678.0
8556,0.0,0.0,2492.166667
8557,0.0,0.0,1656.615043
8558,232.3535714,0.0,17550.58486
8559,0.0,118.0,224.3916667
8560,11.0,8.0,2693.582331
8561,125.25,89.0,3697.731633
8562,0.0,0.0,135.75
8563,0.0,0.0,795.0
8564,0.0,80.16666667,759.75
8565,0.0,21.0,525.1666667
8566,0.0,0.0,195.25
8567,0.0,0.0,499.75
8568,31.0,0.0,583.0694444
8569,0.0,0.0,231.75
8570,0.0,0.0,1441.636905
8571,662.3392857,0.0,4284.422619
8572,0.0,0.0,151.0
8573,0.0,0.0,909.75
8574,15.0,0.0,691.8333333
8575,368.75,0.0,3368.305556
8576,0.0,0.0,121.375
8577,0.0,0.0,386.5
8578,36.0,0.0,29.5
8579,0.0,0.0,2335.125
8580,64.46428571,0.0,1414.589286
8581,0.0,0.0,2334.105159
8582,21.0,0.0,1474.5
8583,94.1,0.0,4212.141886
8584,0.0,0.0,677.9166667
8585,507.0,36.25,431.0
8586,194.575,0.0,2126.077501
8587,229.0,0.0,760.7708333
8588,114.75,15.75,1615.660256
8589,474.0,0.0,805.65
8590,0.0,0.0,546.2291667
8591,0.0,0.0,809.0
8592,0.0,0.0,7.0
8593,0.0,0.0,604.0
8594,651.875,20.0,3066.695513
8595,199.625,10.0,4272.607937
8596,0.0,0.0,751.0
8597,315.3333333,141.5,3009.0875
8598,0.0,0.0,242.5833333
8599,0.0,0.0,347.8522727
8600,0.0,0.0,27.0
8601,148.2083333,139.5,3714.352664
8602,0.0,0.0,738.8861111
8603,174.2083333,383.75,9018.123741
8604,0.0,0.0,1726.5
8605,0.0,0.0,1361.833333
8606,0.0,0.0,271.0
8607,0.0,0.0,546.9583333
8608,18.2,9.0,3959.45
8609,250.0833333,30.5,4643.283732
8610,268.4166667,0.0,1124.875
8611,0.0,0.0,98.0
8612,4.0,0.0,67.25
8613,101.625,0.0,7097.582291
8614,0.0,249.5,1458.97619
8615,20.14285714,0.0,33.14285714
8616,0.0,0.0,572.9
8617,0.0,0.0,208.0
8618,0.0,0.0,824.0
8619,238.775641,9.0,7972.322431
8620,71.08333333,0.0,1249.708333
8621,0.0,0.0,480.6055556
8622,5.0,0.0,258.6166667
8623,0.0,23.0,57.75
8624,195.0,86.0,3408.266667
8625,0.0,0.0,73.5
8626,0.0,52.5,2533.008333
8627,0.0,0.0,85.75
8628,73.0,0.0,2156.5
8629,0.0,0.0,111.25
8630,677.1911765,0.0,3561.130212
8631,68.5,34.25,14505.72725
8632,8.0,15.0,2801.75119
8633,451.2836134,961.45,2460.323686
8634,530.5,9.0,452.25
8635,26.66666667,0.0,2619.109709
8636,0.0,0.0,784.8833333
8638,62.5,0.0,775.3333333
8639,0.0,0.0,269.75
8640,20.0,0.0,1264.0
8641,0.0,0.0,508.558547
8643,0.0,0.0,61.5
8644,0.0,0.0,12.0
8645,45.5,0.0,122.25
8646,147.5,209.0,698.6715201
8647,0.0,11.0,1799.666667
8648,36.5,0.0,496.25
8649,47.0,49.5,687.4670635
8650,49.5,0.0,458.25
8651,0.0,0.0,53.5
8653,100.5,0.0,332.5833333
8654,0.0,0.0,749.75
8656,346.7096405,207.25,8282.214508
8658,0.0,0.0,142.125
8659,91.0,0.0,3007.6875
8660,126.5,0.0,1894.39384
8661,561.5,31.0,4817.924102
8663,86.0,0.0,905.5
8664,0.0,0.0,1254.75
8665,209.0625,0.0,3401.050687
8666,67.41666667,0.0,523.5416667
8667,147.0,0.0,627.0
8668,0.0,0.0,1514.037879
8670,0.0,0.0,135.5
8671,72.5,0.0,2429.8125
8672,0.0,0.0,156.4047619
8673,173.1666667,24.5,1288.733333
8674,598.375,0.0,4446.303175
8675,0.0,0.0,920.55
8676,0.0,0.0,885.0
8677,15.0,4.0,950.625
8678,42.0,0.0,5932.596554
8679,645.6666667,0.0,1358.166667
8680,0.0,0.0,89.66666667
8681,0.0,0.0,694.5166667
8682,66.83333333,0.0,3075.978608
8683,0.0,0.0,2857.712454
8684,190.4375,0.0,1967.780163
8686,138.9166667,0.0,1352.75
8687,0.0,0.0,866.3333333
8688,258.1444444,0.0,1878.996825
8689,89.16666667,94.875,138.4166667
8690,0.0,24.5,1031.133333
8691,0.0,0.0,1208.333333
8692,68.5,0.0,5426.823764
8693,49.5,0.0,1570.362302
8695,718.0,0.0,644.25
8696,38.5,0.0,705.1166667
8697,222.5,0.0,1183.9
8698,48.5,0.0,2438.075
8699,0.0,0.0,106.0833333
8700,69.0,18.0,409.4666667
8702,128.125,134.5,2697.17535
8703,0.0,0.0,166.1666667
8704,0.0,0.0,2622.600281
8705,0.0,0.0,5793.52381
8706,0.0,0.0,631.75
8707,327.5,0.0,570.5
8708,1715.0,0.0,536.6166667
8709,0.0,0.0,1661.833333
8710,53.5,18.0,2553.858333
8711,0.0,0.0,490.8333333
8712,0.0,0.0,334.75
8713,0.0,0.0,270.5833333
8714,0.0,0.0,61.5
8715,170.5,0.0,1052.833333
8716,0.0,0.0,301.0
8717,0.0,0.0,535.5
8718,0.0,0.0,667.9166667
8719,14.75,0.0,839.4305556
8720,0.0,0.0,4509.0
8721,0.0,0.0,273.7083333
8722,99.33333333,0.0,715.875
8723,0.0,0.0,903.3571429
8724,46.5,64.5,3309.448776
8725,0.0,0.0,339.5
8726,33.91666667,785.875,9297.575489
8727,0.0,0.0,4096.090152
8728,5.0,0.0,1480.233333
8729,47.5,0.0,735.5833333
8730,0.0,0.0,332.0
8731,0.0,0.0,581.0833333
8732,0.0,0.0,877.9166667
8734,99.75,0.0,835.5833333
8735,104.875,0.0,805.625
8736,21.0,0.0,375.9166667
8737,0.0,0.0,555.5029412
8738,153.9166667,0.0,1935.887111
8739,378.75,0.0,638.9166667
8740,135.5,0.0,2040.166667
8741,169.5,105.0,990.4642857
8742,82.0,0.0,155.9833333
8744,143.5,303.0,2199.976786
8745,0.0,0.0,44.5
8746,0.0,0.0,246.6458333
8747,0.0,0.0,2493.985714
8748,143.5142857,0.0,1359.957586
8749,0.0,0.0,46.75
8750,138.5,0.0,831.0
8751,52.5,0.0,812.875
8752,0.0,0.0,201.9166667
8753,0.0,0.0,17.0
8754,0.0,0.0,54.5
8755,0.0,0.0,722.0833333
8756,0.0,0.0,135.225
8757,125.2659091,115.0,3231.853672
8758,24.75,0.0,74.75
8759,41.5,0.0,4215.961111
8761,0.0,0.0,624.5
8762,316.0,0.0,1618.532967
8763,0.0,0.0,1924.505952
8764,21.5,79.0,4899.626984
8765,18.0,6.0,7141.214642
8766,97.5,0.0,454.5
8768,0.0,0.0,23.0
8769,88.25,546.5,2304.5
8770,109.3333333,118.0,1573.895833
8771,290.2934078,302.0,2011.513765
8772,0.0,0.0,21.0
8773,0.0,6.0,3831.1
8774,0.0,0.0,326.5
8775,13.0,0.0,441.0
8776,0.0,0.0,164.0
8777,0.0,0.0,275.5
8778,248.5,192.25,1176.5
8779,260.2083333,0.0,1436.690476
8780,97.75,46.5,257.4166667
8781,35.5,0.0,9.5
8782,0.0,0.0,10.0
8783,0.0,0.0,303.5
8784,0.0,0.0,1264.833333
8785,1307.675,132.6666667,27009.85943
8786,73.5,0.0,4679.029167
8787,0.0,0.0,1252.75
8788,116.1,97.66666667,5639.22176
8789,119.5,0.0,347.9166667
8790,96.5,0.0,323.5
8792,72.5,0.0,2354.979058
8793,73.70833333,188.0,3313.073936
8794,0.0,0.0,147.5833333
8795,27.5,0.0,1403.720238
8796,0.0,0.0,66.5
8797,0.0,0.0,47.5
8798,13.0,0.0,200.0
8799,471.25,0.0,883.0
8800,136.0,13.0,2155.653752
8801,34.5,0.0,3026.374242
8803,26.5,58.5,760.7632353
8804,487.0,0.0,839.5178571
8805,51.04166667,0.0,837.375
8806,22.5,0.0,362.6333333
8807,0.0,0.0,1625.583333
8808,0.0,0.0,4152.083333
8809,155.9,0.0,1400.958333
8810,0.0,0.0,892.0833333
8811,0.0,0.0,75.5
8812,0.0,0.0,1066.25
8813,0.0,0.0,322.75
8814,0.0,0.0,873.75
8815,122.1,0.0,695.19375
8816,0.0,37.0,4112.394444
8817,210.427451,435.45,6515.45431
8818,0.0,0.0,1140.166667
8819,0.0,0.0,5212.708333
8820,0.0,0.0,1297.25
8821,407.25,67.5,195.4166667
8822,0.0,0.0,1535.0
8823,40.5,0.0,170.0
8824,0.0,0.0,53.625
8825,77.5,17.0,1066.566667
8826,135.5,0.0,2106.894048
8827,179.275,0.0,5276.594444
8828,36.0,763.0,163.5
8830,0.0,0.0,849.5416667
8831,1443.1,205.0,9595.649629
8832,0.0,105.0,6460.192638
8833,23.0,0.0,1828.966667
8834,543.3549065,243.2833333,6920.973243
8835,104.0,0.0,2991.319444
8836,0.0,0.0,78.75
8837,235.1861702,138.5,2512.51742
8838,0.0,0.0,335.0
8839,0.0,0.0,1297.75
8840,115.0,0.0,132.75
8841,65.41666667,0.0,1904.541667
8842,0.0,0.0,270.75
8843,346.25,0.0,1692.25
8844,86.2,0.0,2259.736508
8845,0.0,0.0,1775.241667
8846,0.0,0.0,664.5
8847,0.0,1830.5,5000.739116
8848,0.0,0.0,69.5
8850,0.0,0.0,2716.666667
8851,179.75,8.0,1876.333333
8852,0.0,0.0,95.0
8853,9.0,0.0,2368.111111
8854,0.0,0.0,229.9166667
8855,0.0,0.0,903.1634615
8856,197.25,0.0,3296.940476
8857,0.0,0.0,238.6666667
8858,0.0,19.0,2163.132326
8859,151.7,0.0,799.327381
8860,0.0,0.0,122.75
8861,0.0,0.0,2787.678571
8862,54.5,0.0,531.5
8863,0.0,0.0,165.0
8864,0.0,0.0,898.2388889
8865,8.0,0.0,109.1944444
8866,0.0,0.0,15.0
8867,231.75,0.0,805.7833333
8868,19.0,11.0,66.83333333
8870,52.16666667,110.75,2019.769468
8871,163.6333333,294.0,1979.3
8872,0.0,0.0,1425.583333
8873,95.75,886.25,7838.556598
8875,218.741707,808.5,3591.744196
8876,0.0,0.0,555.625
8877,0.0,0.0,242.5
8878,318.6410256,991.25,7761.034859
8879,78.35714286,210.6666667,12158.19639
8880,143.0,0.0,2289.1
8881,0.0,0.0,42.0
8882,0.0,0.0,138.0
8884,36.0,74.0,7712.375
8885,0.0,0.0,436.0
8886,241.8611111,228.0,4755.224054
8887,0.0,0.0,465.25
8888,0.0,0.0,1210.1
8889,0.0,0.0,313.0178571
8890,34.5,0.0,279.8333333
8891,0.0,141.5,3044.047222
8892,0.0,0.0,946.5952381
8893,112.25,0.0,97.41666667
8894,60.5,0.0,1574.375
8895,121.0,0.0,1830.583333
8896,179.875,0.0,1011.319444
8897,0.0,0.0,385.5
8898,0.0,0.0,669.4833333
8899,0.0,0.0,795.3611111
8900,71.2,72.125,1061.816667
8901,111.0,0.0,1206.833333
8902,110.7583333,3.0,858.9464286
8903,0.0,103.5,1093.175
8905,0.0,13.83333333,3174.088455
8906,0.0,0.0,228.0
8907,286.4642857,29.5,2058.604545
8908,111.0,5.0,5396.264881
8909,284.0,0.0,2014.416667
8910,0.0,0.0,1837.204167
8911,0.0,0.0,1326.430556
8912,0.0,0.0,2558.5
8914,115.0833333,3.0,930.5
8916,50.5,0.0,37.5
8917,142.5,0.0,1052.255952
8918,48.1875,121.5,1792.814481
8919,0.0,0.0,3301.222222
8920,75.0,312.0,1887.232143
8921,0.0,0.0,111.75
8922,115.375,0.0,473.5
8923,0.0,0.0,578.0
8924,0.0,0.0,251.0
8925,0.0,0.0,217.9166667
8926,196.8571429,0.0,1533.025834
8927,0.0,0.0,582.2666667
8928,0.0,0.0,6867.193847
8929,79.0,0.0,1366.058333
8930,69.125,13.0,6854.604365
8931,0.0,0.0,305.5
8932,0.0,0.0,859.3333333
8933,334.25,92.16666667,70.75
8934,19.0,0.0,88.0
8935,0.0,0.0,192.875
8936,0.0,33.75,1460.908333
8937,0.0,0.0,2070.325
8938,107.0,143.75,17.0
8940,0.0,0.0,551.5
8941,0.0,0.0,295.8333333
8942,0.0,0.0,181.0
8943,452.5,0.0,762.2380952
8945,19.0,0.0,296.9166667
8946,0.0,0.0,9.0
8947,0.0,0.0,2197.780952
8948,26.0,0.0,10046.80771
8949,19.0,106.0,475.6666667
8950,0.0,0.0,11.0
8951,0.0,0.0,54.5
8952,126.2631579,50.83333333,2004.371491
8953,55.75,0.0,3817.203846
8954,0.0,0.0,3178.5
8955,22.0,69.5,1671.583333
8956,0.0,0.0,1985.0
8957,6.0,0.0,762.0
8958,739.125,0.0,1655.190476
8959,0.0,0.0,1412.316667
8960,0.0,0.0,29.16666667
8961,0.0,0.0,306.5
8962,0.0,0.0,3978.245833
8963,0.0,0.0,103.5
8964,0.0,0.0,47.0
8965,0.0,0.0,38.5
8966,334.1666667,34.0,4817.369546
8967,0.0,0.0,447.0
8969,0.0,0.0,829.0833333
8970,307.360119,77.91666667,2989.780952
8973,631.4166667,1037.15,21672.24425
8974,0.0,0.0,371.0
8975,0.0,45.75,1931.630952
8976,32.64285714,189.0,6095.481945
8977,184.9333333,277.5,3993.135714
8978,62.66666667,0.0,1805.277375
8981,55.575,0.0,42.575
8982,0.0,0.0,30.0
8983,0.0,0.0,566.8
8984,0.0,0.0,2189.5
8985,0.0,39.5,2811.47807
8986,107.0,0.0,777.2125
8987,0.0,0.0,876.25
8988,0.0,0.0,75.5
8989,0.0,0.0,1077.25
8990,104.25,0.0,1429.875
8991,9.0,0.0,688.1833333
8992,0.0,0.0,1022.384615
8994,227.6,0.0,1935.06131
8995,0.0,0.0,354.5
8996,67.75,0.0,417.9892857
8997,554.75,0.0,1466.088462
8998,0.0,0.0,3971.515278
8999,0.0,0.0,124.2166667
9000,256.5,0.0,1319.366667
9002,0.0,861.0,2250.35
9004,3.0,63.5,5250.891667
9005,0.0,0.0,2494.8171
9006,249.8,50.0,8866.167386
9007,0.0,0.0,219.0
9009,0.0,0.0,143.5
9010,0.0,0.0,1050.25
9011,0.0,0.0,520.0
9012,201.0,0.0,3646.083333
9013,0.0,0.0,141.6666667
9014,0.0,0.0,577.75
9015,89.0,0.0,655.5357143
9016,149.013357,138.0,2207.366936
9017,113.25,0.0,1746.108683
9018,562.0,0.0,1945.5
9019,305.905303,89.95454545,6038.244769
9020,203.9166667,114.75,3903.167094
9021,7.625,0.0,1104.9
9022,4.0,0.0,1199.160606
9023,1230.333333,286.0833333,3147.245589
9024,0.0,0.0,1401.458333
9025,0.0,0.0,2861.966667
9026,0.0,0.0,379.0833333
9027,0.0,0.0,283.75
9028,129.0208333,0.0,755.4178922
9029,5.0,70.5,3507.010877
9030,0.0,0.0,364.5416667
9031,45.75,0.0,1273.083333
9032,189.1098485,39.0,3059.013889
9033,156.5,0.0,143.0
9034,0.0,0.0,255.0833333
9035,0.0,0.0,2749.15
9036,89.0625,888.0,9139.496696
9037,0.0,0.0,938.0416667
9038,20.5,0.0,1806.558333
9039,0.0,0.0,58.5
9040,0.0,0.0,1296.0
9041,79.25,500.8,1080.875
9042,155.6078431,14.0,2942.021588
9043,175.9166667,0.0,276.25
9044,634.2666667,89.5,2864.633333
9045,49.25,17.0,4130.937879
9046,16.0,0.0,3586.833333
9048,14.0,0.0,227.25
9049,0.0,0.0,52.5
9051,214.6214286,114.0,673.6380952
9052,0.0,0.0,975.5
9053,137.5,32.5,6165.878774
9054,0.0,0.0,1502.291667
9055,237.5,347.5,740.5
9056,0.0,0.0,134.75
9057,0.0,162.5,572.061039
9058,62.75,0.0,1098.524802
9059,964.25,182.1666667,5889.730504
9060,131.5,99.0,3541.324493
9062,19.0,0.0,658.9166667
9063,0.0,0.0,2641.416667
9064,0.0,0.0,364.75
9065,0.0,0.0,2781.125
9066,27.0,0.0,16.0
9067,0.0,115.8,2500.128052
9068,152.6964286,13.0,200.25
9069,0.0,0.0,19.0
9070,1012.5,114.3333333,3163.096825
9071,46.04166667,93.41666667,6057.928961
9072,17.0,0.0,1448.928571
9073,105.5,437.5,1984.025
9074,54.5,0.0,21.0
9075,44.5,0.0,739.6666667
9076,59.5,0.0,159.0
9077,0.0,0.0,56.5
9078,5.0,0.0,2235.828084
9079,322.9416667,0.0,3142.941176
9080,0.0,0.0,1289.333333
9081,34.25,0.0,3227.483333
9082,6.0,0.0,1183.0
9083,151.525,435.25,5251.382738
9084,0.0,0.0,685.1744048
9085,22.0,0.0,2209.75
9086,0.0,0.0,1102.5
9087,0.0,20.0,1686.354994
9088,0.0,0.0,704.1666667
9089,5.0,0.0,1240.65
9090,103.0,0.0,1140.666667
9091,21.0,0.0,56.25
9092,44.0,0.0,310.25
9093,0.0,0.0,53.0
9094,12.0,0.0,91.25
9095,0.0,0.0,136.75
9096,116.5,0.0,320.25
9097,67.5,0.0,816.5
9098,0.0,0.0,3208.208333
9099,0.0,0.0,109.25
9100,169.7916667,0.0,1547.625
9101,0.0,0.0,139.0
9102,113.25,19.0,2049.75
9103,474.4764124,167.1428571,2324.820965
9104,0.0,0.0,17.0
9105,263.3583333,0.0,3416.279167
9106,0.0,0.0,1245.25
9107,440.4615385,0.0,3236.865632
9108,42.0,0.0,682.1333333
9109,80.625,54.0,314.25
9110,5.0,0.0,2492.22402
9111,93.5,0.0,1197.93254
9112,0.0,0.0,3972.0
9113,48.625,0.0,211.4702381
9114,866.4280303,691.0,1617.612554
9115,234.1666667,0.0,1589.583333
9116,459.3333333,0.0,2408.815476
9117,0.0,0.0,120.5
9118,0.0,0.0,226.0
9119,0.0,9.0,1512.75
9120,0.0,0.0,591.9
9121,0.0,0.0,514.4166667
9122,0.0,0.0,771.75
9123,572.5833333,37.5,13717.40205
9124,0.0,13.5,531.0369048
9125,171.75,16.0,1494.083333
9126,46.0,0.0,3478.75
9127,0.0,0.0,18.0
9128,0.0,0.0,677.6666667
9129,63.5,0.0,4620.088889
9130,0.0,0.0,27.5
9131,53.75,199.0,2194.490404
9132,0.0,0.0,650.25
9133,0.0,0.0,54.5
9134,0.0,0.0,402.0
9135,0.0,0.0,44.33333333
9136,66.375,0.0,3344.958929
9137,0.0,0.0,306.25
9138,32.75,0.0,553.8333333
9139,0.0,0.0,273.75
9140,0.0,0.0,79.5
9141,96.0,0.0,175.175
9142,0.0,0.0,892.9679487
9143,152.0,0.0,72.5
9144,0.0,0.0,668.0
9145,0.0,0.0,269.25
9146,0.0,0.0,332.2916667
9147,178.1666667,162.6666667,214.8333333
9148,301.5616883,14.0,3328.903752
9149,0.0,0.0,89.5
9150,0.0,0.0,734.25
9151,57.0,0.0,3556.516667
9152,34.25,17.0,2335.125
9153,7.0,0.0,454.9166667
9154,164.625,0.0,1110.579167
9155,331.25,365.25,267.0
9156,0.0,0.0,950.8166667
9157,286.9333333,0.0,7609.82065
9158,13.75,0.0,855.5416667
9159,42.4,0.0,2095.819048
9160,46.5,418.5,2085.972565
9161,133.3333333,398.0,4653.190245
9162,0.0,0.0,1156.416667
9163,0.0,0.0,46.75
9164,198.2585034,492.9,2237.757205
9165,73.125,53.5,6671.290144
9166,76.75,0.0,1356.458333
9167,25.5,0.0,0.0
9169,358.0833333,18.0,3422.525
9170,0.0,0.0,1777.520455
9171,0.0,0.0,191.5625
9172,0.0,0.0,221.5
9173,31.1,0.0,975.2893939
9174,27.33333333,0.0,20.0
9175,0.0,0.0,461.0
9176,0.0,0.0,201.3333333
9177,0.0,0.0,51.0
9178,186.6730769,0.0,1606.30825
9179,67.5,0.0,1828.733333
9180,5.0,17.75,3009.042857
9182,42.5,0.0,5972.416667
9183,0.0,34.0,5485.017857
9184,0.0,0.0,1773.25
9185,0.0,0.0,496.0
9186,0.0,0.0,185.6666667
9187,0.0,0.0,1461.833333
9189,0.0,0.0,914.5
9190,0.0,0.0,128.0
9191,0.0,0.0,468.5416667
9192,4.0,0.0,1409.53355
9193,126.25,0.0,286.5166667
9194,0.0,0.0,842.75
9195,0.0,0.0,910.2333333
9196,298.0820225,138.5,11940.0165
9197,62.0,0.0,3815.166667
9198,222.875,285.625,1622.883333
9199,0.0,0.0,96.33333333
9200,131.75,0.0,789.4166667
9201,0.0,0.0,221.0
9202,0.0,0.0,1916.873737
9203,182.6428571,119.375,2671.06994
9204,0.0,0.0,6505.333333
9205,571.25,0.0,470.9166667
9206,0.0,0.0,565.6666667
9207,67.5,0.0,294.0
9208,0.0,0.0,278.2916667
9209,103.0,58.5,2807.149729
9210,88.0,0.0,64.0
9211,509.8333333,23.0,1438.854167
9212,90.0,47.5,1186.141667
9213,0.0,0.0,70.0
9214,226.0,0.0,4836.486905
9215,283.25,0.0,1166.166667
9216,99.125,0.0,876.3
9217,390.5,0.0,1285.583333
9218,0.0,0.0,357.3333333
9219,571.5,0.0,1196.25
9220,0.0,0.0,94.8
9221,133.5,0.0,454.3333333
9222,0.0,0.0,777.1166667
9223,0.0,0.0,84.0
9224,278.1519608,46.5,5575.614608
9225,227.2272727,0.0,2038.052273
9226,33.0,0.0,386.4166667
9227,0.0,0.0,79.75
9228,0.0,0.0,18.0
9229,0.0,0.0,999.8333333
9230,112.75,287.5,1491.5
9231,0.0,0.0,35.5
9232,0.0,0.0,444.6333333
9233,0.0,0.0,93.0
9234,0.0,248.5,4218.074847
9235,10.0,0.0,700.0
9236,115.0,0.0,1940.293452
9237,55.25,0.0,705.5
9238,91.75,0.0,380.6666667
9239,2657.318056,1949.166667,29970.46597
9240,37.5,0.0,607.5
9241,0.0,0.0,53.0
9242,0.0,0.0,112.7083333
9243,274.25,247.75,2267.330952
9244,0.0,0.0,252.75
9245,0.0,0.0,857.1833333
9246,0.0,15.0,3626.003223
9247,0.0,0.0,512.25
9249,196.5,72.5,7569.248612
9250,427.0666667,111.0,3492.316304
9251,214.05,0.0,536.3227273
9252,92.0,59.5,2207.757143
9253,86.58333333,160.0,1119.854167
9254,65.16666667,0.0,5969.573168
9255,218.6666667,0.0,1737.0
9256,0.0,0.0,5178.531731
9257,0.0,0.0,426.5
9258,56.5,8.0,198.25
9259,57.5,0.0,1226.0
9260,0.0,0.0,108.9166667
9261,115.8888889,45.5,1198.024145
9262,0.0,0.0,2606.779545
9263,131.0,0.0,285.5
9264,202.25,0.0,4877.122575
9265,0.0,8.0,1514.83631
9266,0.0,0.0,896.5
9267,89.5,0.0,1572.2
9268,30.0,0.0,567.25
9269,0.0,0.0,5878.940603
9270,0.0,0.0,314.6964286
9271,0.0,0.0,445.625
9272,302.5,0.0,257.1666667
9273,39.5,0.0,986.9333333
9274,140.25,282.0,213.5
9275,0.0,0.0,549.2
9276,38.5,0.0,130.05
9278,92.75,7.0,1347.9625
9279,0.0,0.0,1040.1
9280,295.9619048,0.0,2033.845238
9281,115.5,0.0,1833.244643
9282,0.0,0.0,138.375
9283,0.0,0.0,445.0
9284,207.0,0.0,1592.233333
9285,0.0,10.0,2366.192105
9286,47.5,0.0,472.4166667
9287,0.0,0.0,1438.0
9288,0.0,0.0,125.5
9289,0.0,0.0,143.25
9290,0.0,0.0,145.5
9291,0.0,0.0,117.75
9292,269.0416667,64.5,6400.430101
9293,134.5,0.0,237.6666667
9294,126.0769231,43.33333333,1395.445862
9295,67.5,0.0,1660.0
9297,0.0,0.0,1368.0
9298,85.5,0.0,2188.258333
9299,241.8541667,27.5,10014.26935
9300,130.5,0.0,876.55
9301,0.0,0.0,3184.815705
9302,138.5,0.0,546.6071429
9303,0.0,0.0,186.25
9304,15.0,0.0,523.25
9305,0.0,0.0,801.05
9306,0.0,0.0,92.25
9308,303.9279762,0.0,1853.286538
9309,0.0,0.0,1558.25
9310,0.0,0.0,312.35
9311,0.0,0.0,573.75
9312,350.6,406.9166667,2435.74375
9313,0.0,0.0,241.4
9314,0.0,0.0,2259.047619
9315,251.75,0.0,50.0
9316,0.0,0.0,1338.778571
9317,0.0,98.66666667,3085.25
9318,0.0,0.0,3723.529739
9319,65.5,0.0,354.5833333
9320,14.0,0.0,1317.795833
9322,0.0,0.0,661.4455285
9323,163.3333333,0.0,1949.647252
9324,65.5,0.0,1544.855159
9325,173.2632132,0.0,1465.555338
9326,0.0,0.0,70.5
9327,0.0,0.0,3247.583333
9328,12.0,0.0,1733.658333
9329,0.0,0.0,82.5
9330,13.0,0.0,477.5
9331,45.5,1021.666667,3376.027564
9332,0.0,0.0,629.8583333
9333,249.3916667,103.0,2582.699717
9334,41.0,0.0,2428.35
9335,0.0,34.3,4045.726634
9336,103.0,0.0,2081.5
9337,187.6944444,495.5,2743.213113
9338,0.0,0.0,203.5
9339,0.0,0.0,254.5
9340,34.0,0.0,161.55
9341,92.0,0.0,4155.620833
9342,12.625,95.0,1268.125
9343,0.0,0.0,155.5
9344,0.0,0.0,2374.5
9345,216.25,107.0,1056.511364
9347,129.0,0.0,2378.263492
9348,21.0,0.0,2587.530411
9349,150.375,0.0,219.5833333
9350,0.0,0.0,1542.35
9351,55.5,18.0,444.75
9352,66.0,0.0,1423.790476
9353,0.0,0.0,184.0
9354,1528.25,91.0,1548.08631
9355,0.0,0.0,234.1
9356,88.0,1174.0,6014.398401
9357,0.0,0.0,251.0
9358,0.0,0.0,3181.5
9359,0.0,0.0,383.0
9360,0.0,0.0,530.625
9361,47.5,0.0,1202.875
9362,35.0,0.0,117.0833333
9363,0.0,38.5,1835.556213
9364,0.0,0.0,867.7777778
9365,31.70833333,4.0,946.3934211
9367,52.66666667,0.0,2303.183333
9368,54.5,0.0,66.5
9369,175.9345238,54.5,6606.783899
9370,0.0,0.0,15.0
9371,42.0,28.5,1367.0
9372,160.1115392,1079.833333,7405.360281
9373,63.08333333,0.0,3486.370682
9374,0.0,0.0,1267.25
9375,96.0,0.0,1260.524994
9376,0.0,0.0,2239.363889
9377,37.0,0.0,224.25
9378,0.0,16.0,1621.766667
9379,71.2,0.0,3800.089234
9380,0.0,0.0,925.8988095
9381,0.0,0.0,212.9166667
9382,47.5,17.0,1202.916667
9383,162.2291667,0.0,2681.998105
9384,80.25,0.0,2618.681061
9386,0.0,0.0,740.1666667
9387,30.75,0.0,4760.778303
9388,0.0,0.0,4262.966667
9389,0.0,0.0,130.75
9390,0.0,45.5,3228.502137
9391,37.5,0.0,2018.3
9392,0.0,0.0,47.0
9393,0.0,0.0,658.25
9394,0.0,0.0,109.25
9395,195.4864719,60.5,2267.472565
9396,0.0,0.0,4.0
9397,0.0,0.0,206.5
9398,0.0,0.0,82.0
9399,22.0,0.0,4251.74125
9400,644.5,166.5,1629.641667
9401,212.7616279,109.0,9049.534024
9402,0.0,0.0,125.5
9403,76.0,0.0,5106.262991
9404,0.0,191.3333333,1315.455182
9406,0.0,0.0,98.66666667
9408,6.333333333,0.0,1378.166667
9409,0.0,0.0,348.25
9410,0.0,0.0,382.25
9411,0.0,0.0,256.5
9412,0.0,0.0,249.0
9413,98.91666667,0.0,4096.712716
9414,18.0,0.0,1288.130556
9415,0.0,0.0,594.0
9416,158.7,0.0,1364.266667
9418,0.0,0.0,189.25
9419,98.5,0.0,281.75
9420,87.91666667,0.0,1621.025379
9421,0.0,0.0,2323.166667
9422,324.0,40.5,338.25
9423,38.0,0.0,15.0
9424,0.0,0.0,459.6666667
9425,30.5,0.0,2431.242995
9426,0.0,0.0,1151.0
9427,0.0,0.0,155.0
9428,0.0,0.0,32.0
9429,0.0,0.0,1048.980263
9430,0.0,0.0,115.6666667
9431,0.0,0.0,94.75
9432,82.0,0.0,1243.17619
9433,120.5,260.5,1148.166667
9434,150.4444444,0.0,659.6361111
9435,0.0,0.0,42.0
9437,5.0,0.0,1990.125
9438,33.5,0.0,398.4
9439,42.5,0.0,2413.754403
9440,0.0,0.0,422.1666667
9441,0.0,0.0,62.25
9442,0.0,35.5,3313.455754
9443,0.0,0.0,651.0
9444,0.0,0.0,96.0
9445,0.0,0.0,126.25
9446,0.0,0.0,11.5
9447,42.5,54.5,3954.95
9449,726.0,0.0,3993.833333
9450,0.0,0.0,1071.083333
9451,0.0,0.0,148.5
9452,0.0,0.0,315.3
9453,86.0,0.0,3188.483333
9454,0.0,0.0,1056.658333
9455,0.0,0.0,115.0
9456,22.0,41.5,3397.957955
9457,23.375,231.6,996.1480769
9458,201.5625,2.0,5696.165963
9459,74.75,86.75,2003.375779
9461,235.625,0.0,629.2916667
9462,0.0,0.0,819.5892857
9463,109.0,0.0,652.5
9464,0.0,0.0,974.0833333
9466,133.4,0.0,2666.066667
9467,636.0,0.0,3374.016667
9468,237.25,181.0,3445.0125
9469,0.0,0.0,66.25
9470,0.0,0.0,348.75
9471,19.0,0.0,51.5
9472,0.0,0.0,748.25
9473,27.0,0.0,1579.375
9474,0.0,0.0,11.0
9475,0.0,0.0,104.6666667
9476,74.5,88.0,3770.021698
9477,65.83333333,39.66666667,5520.175505
9478,0.0,0.0,171.0
9479,0.0,0.0,130.0
9480,0.0,0.0,22.0
9481,0.0,0.0,1078.583117
9482,162.7,205.0,2983.358135
9483,0.0,0.0,69.75
9484,722.2083333,151.5,10340.36916
9485,122.1,158.5,8701.851617
9486,250.5,0.0,0.0
9487,69.83333333,0.0,4885.049069
9488,158.5,15.0,2193.383333
9489,84.4375,147.0,1092.354167
9490,0.0,0.0,977.125
9491,79.5,31.5,5410.956705
9492,268.0,84.0,1679.666667
9493,30.5,0.0,1333.166667
9494,25.5,0.0,914.2294372
9496,0.0,0.0,349.5
9497,0.0,0.0,105.0
9498,0.0,0.0,315.0833333
9499,0.0,0.0,3873.02197
9500,353.5,0.0,583.0833333
9501,0.0,0.0,155.5
9502,0.0,0.0,2780.609524
9503,0.0,0.0,612.2083333
9504,266.875,0.0,2092.5
9506,48.5,32.0,2336.319444
9507,0.0,0.0,747.0428571
9508,205.9924242,65.0,1090.385281
9509,0.0,0.0,1975.825
9510,225.25,0.0,3367.041281
9511,0.0,0.0,647.1428571
9512,98.0,0.0,60.0
9513,0.0,0.0,138.5416667
9514,0.0,0.0,298.0
9515,0.0,1729.0,1401.083333
9516,0.0,0.0,393.7888889
9517,0.0,0.0,2478.0
9518,33.5,0.0,1702.916667
9519,0.0,0.0,1401.50873
9521,57.425,55.0,281.425
9522,0.0,0.0,1491.775
9523,0.0,0.0,2056.106981
9524,0.0,0.0,63.0
9525,36.25,10.0,2109.919048
9526,63.25,0.0,460.75
9527,103.0833333,39.25,1406.95
9528,4.0,161.5,3757.079762
9529,37.25,5.0,1295.008333
9530,0.0,0.0,1002.104167
9531,96.625,0.0,1883.725
9532,95.0,0.0,445.0
9533,0.0,0.0,2243.676587
9534,0.0,0.0,191.0
9535,0.0,0.0,193.3666667
9536,0.0,0.0,1690.778409
9537,48.0,58.5,1698.0
9538,7.0,103.75,3517.039683
9539,80.5,0.0,472.5
9540,106.0,0.0,8684.983333
9541,29.5,0.0,1653.395833
9542,24.91666667,7.666666667,3561.139286
9543,22.27777778,0.0,36.90277778
9544,522.25,0.0,1899.058333
9545,0.0,0.0,46.25
9546,224.0,42.0,5098.75498
9548,0.0,0.0,90.5
9549,132.0,8.5,5080.233631
9550,161.35,0.0,251.9
9551,12.0,0.0,851.25
9554,3.0,0.0,543.0
9555,0.0,0.0,185.5
9556,18.83333333,0.0,23.83333333
9557,0.0,0.0,1964.847222
9559,293.5785714,26.0,3457.628812
9560,88.60416667,0.0,2997.00203
9561,0.0,0.0,4022.0
9562,0.0,0.0,41.5
9563,1172.0,0.0,1542.791667
9564,347.7916667,0.0,2434.144872
9565,283.375,590.0,5442.085417
9566,0.0,0.0,3299.525
9567,0.0,0.0,885.75
9568,0.0,0.0,219.55
9570,0.0,0.0,47.5
9571,113.8333333,0.0,23.66666667
9572,243.1666667,0.0,671.6428571
9573,145.7708333,408.5,6566.867562
9574,102.0,0.0,501.5
9575,0.0,0.0,770.25
9576,68.33333333,0.0,1370.038095
9577,743.5824176,909.25,11835.10389
9579,218.8333333,0.0,916.4583333
9580,0.0,0.0,132.5
9581,30.0,0.0,14.0
9583,170.25,0.0,3057.045833
9584,0.0,0.0,442.5
9585,151.5666667,0.0,2446.144571
9586,238.4833333,0.0,269.2333333
9587,110.5,48.0,156.0
9588,34.5,0.0,819.15
9589,0.0,0.0,1434.908333
9590,122.0,0.0,177.25
9591,0.0,0.0,1950.840873
9592,0.0,0.0,116.75
9593,75.41666667,105.0,752.5666667
9594,736.0,9.0,2171.547149
9595,463.75,337.5,6123.741494
9596,0.0,5.5,4310.775
9597,42.0,0.0,502.525
9598,171.5,178.5,1565.958333
9599,82.0,137.5,2595.095833
9600,41.5,0.0,1140.15
9602,488.462963,0.0,3327.537566
9603,0.0,0.0,664.5
9604,140.875,0.0,2625.185014
9605,0.0,485.8333333,3747.814286
9606,8.0,61.5,1126.25
9607,36.75,9.0,393.5833333
9608,22.9,0.0,5962.732411
9609,99.5,0.0,21.25
9610,0.0,0.0,121.75
9611,65.5,0.0,263.0
9612,78.0,0.0,325.0
9613,0.0,0.0,178.8333333
9614,0.0,0.0,165.5833333
9615,63.5,0.0,58.9
9616,0.0,447.5,1381.75
9617,408.4083333,47.5,1547.477273
9618,0.0,0.0,465.6333333
9619,0.0,0.0,328.5
9620,70.5,0.0,737.1819347
9621,0.0,0.0,55.5
9622,0.0,0.0,145.0
9623,0.0,478.9166667,204.0
9624,17.0,0.0,1340.583333
9625,0.0,0.0,742.9603175
9626,0.0,0.0,2186.961538
9627,21.75,0.0,84.25
9628,0.0,0.0,4492.311111
9629,49.8,0.0,857.2666667
9630,75.0,0.0,1773.375
9631,46.14285714,0.0,1346.630231
9633,0.0,0.0,805.8333333
9634,1668.5,35.0,1372.975
9635,0.0,14.75,2445.066667
9636,426.7,200.0,4140.333766
9637,0.0,0.0,348.3833333
9638,0.0,0.0,325.5
9639,0.0,0.0,1911.610665
9640,388.7916667,944.75,1464.416667
9641,40.5,4.0,472.5416667
9642,0.0,0.0,1593.583333
9643,87.75,0.0,135.0833333
9644,0.0,0.0,4350.647321
9645,56.0,0.0,1399.15
9646,3.5,0.0,663.5277778
9647,146.7,195.0,1717.666667
9648,0.0,0.0,740.3071429
9649,0.0,0.0,105.0
9650,173.5416667,109.75,1859.382937
9651,0.0,0.0,874.952381
9652,264.4166667,0.0,1275.092424
9653,97.0,0.0,3372.748214
9654,190.0,0.0,1328.626894
9655,175.4666667,7.0,2378.377381
9656,0.0,0.0,67.5
9657,276.75,0.0,342.125
9658,0.0,0.0,1009.375
9659,0.0,52.5,502.0
9660,0.0,0.0,530.0
9661,146.0,52.25,0.0
9662,0.0,0.0,340.5
9663,1946.0,0.0,731.0
9664,0.0,0.0,948.3428571
9665,75.0,34.5,4436.376299
9666,9.0,0.0,219.5
9667,0.0,0.0,56.75
9668,40.5,0.0,758.75
9669,0.0,0.0,72.5
9670,64.58333333,0.0,1334.083333
9671,152.0,0.0,450.75
9672,0.0,0.0,1952.5
9673,0.0,0.0,121.5
9675,320.0,0.0,776.1666667
9676,0.0,0.0,3091.146033
9677,51.5,0.0,818.3166667
9678,0.0,0.0,684.75
9679,0.0,0.0,1224.541667
9680,0.0,0.0,459.0833333
9681,0.0,0.0,474.3333333
9682,0.0,0.0,315.0
9683,93.0,23.0,783.875
9684,167.0,0.0,1445.458333
9685,0.0,0.0,517.0
9686,0.0,0.0,444.0
9687,0.0,0.0,1197.700198
9688,0.0,0.0,16.0
9689,185.9904762,111.1666667,10415.78364
9690,114.2591575,352.0833333,6245.704152
9691,399.25,298.0,2409.875
9692,0.0,0.0,2004.708333
9693,113.75,0.0,1905.078571
9694,0.0,0.0,903.4305556
9696,943.0,16.0,935.6666667
9697,0.0,22.0,979.375
9698,126.0,0.0,127.1666667
9699,73.0,0.0,1280.45
9700,0.0,0.0,427.0
9701,0.0,0.0,93.0
9702,8.0,0.0,787.5357143
9703,0.0,0.0,210.4
9704,0.0,0.0,257.75
9705,180.6666667,649.25,8041.58887
9706,634.5,312.75,7017.192635
9707,0.0,0.0,1244.35
9708,253.1,0.0,1591.888095
9709,121.2666667,0.0,114.6
9710,176.9638554,266.875,8650.048771
9711,0.0,0.0,123.0
9713,88.0,719.0,1986.553118
9714,381.45,64.5,1363.7
9715,30.0,33.0,3753.19449
9717,180.5,0.0,1070.625
9718,20.0,0.0,1839.25
9720,255.75,0.0,1787.479365
9721,323.3636364,0.0,1534.825143
9722,58.5,0.0,1568.5
9723,60.5,0.0,111.5
9724,131.5,0.0,2332.109524
9725,0.0,0.0,598.5
9726,163.375,0.0,24.0
9727,18.0,13.0,1287.27381
9728,216.3333333,9.0,985.3151515
9729,0.0,0.0,2420.65
9730,0.0,0.0,300.3333333
9731,114.125,13.0,1602.94026
9732,1455.35,0.0,1646.612195
9733,198.5,0.0,1824.083333
9734,493.75,0.0,1525.0
9735,0.0,0.0,114.4166667
9736,0.0,0.0,1768.657051
9737,2086.75,46.5,5546.0
9738,177.3333333,0.0,2346.220238
9739,0.0,0.0,2177.333333
9740,239.9288462,60.5,1929.185664
9741,136.5,0.0,1261.5
9742,0.0,0.0,898.15
9743,111.3,0.0,4172.11572
9744,0.0,0.0,143.0
9745,85.0,0.0,43.5
9746,24.5,0.0,749.125
9747,448.5,52.0,2537.807082
9748,0.0,0.0,580.25
9749,111.0,11.0,3494.06746
9750,16.0,137.8333333,1605.583333
9751,45.0,0.0,1100.475
9752,112.875,0.0,134.675
9753,0.0,0.0,296.3928571
9754,0.0,0.0,691.75
9755,0.0,0.0,444.0
9756,311.8300935,201.5,6850.499335
9757,152.5,0.0,291.1666667
9758,0.0,0.0,232.5
9759,0.0,0.0,2046.832418
9760,83.0,220.25,2974.734799
9761,0.0,0.0,277.0
9762,92.75,0.0,108.25
9763,64.5,0.0,1151.136905
9764,0.0,584.0,2060.508333
9765,201.3666667,204.0,2764.290278
9766,11.0,0.0,175.75
9767,466.0,0.0,609.5416667
9768,0.0,0.0,2264.091667
9769,75.0,0.0,349.0
9771,0.0,0.0,546.75
9772,317.9583333,821.0,781.425
9773,0.0,0.0,463.6666667
9774,20.0,0.0,3391.68588
9775,63.0,0.0,43.75
9776,0.0,0.0,1423.833333
9778,157.0,0.0,834.075
9779,0.0,0.0,706.7
9780,0.0,0.0,806.125
9781,295.9285714,17.9,6759.311928
9783,0.0,0.0,440.75
9784,20.0,115.0,1404.459091
9785,288.0875,0.0,326.9277778
9786,92.5625,0.0,99.5
9787,0.0,0.0,137.0
9788,0.0,0.0,64.5
9789,83.0,0.0,2517.216667
9790,7.5,0.0,3060.055556
9791,322.8333333,12.0,866.2166667
9792,0.0,0.0,188.0
9793,0.0,0.0,2110.124603
9794,65.5,0.0,5316.459524
9795,0.0,0.0,176.7666667
9796,0.0,0.0,591.25
9797,197.5,0.0,820.5
9798,0.0,0.0,368.0
9799,0.0,0.0,158.0
9800,0.0,0.0,72.0
9801,0.0,0.0,2990.3125
9802,0.0,0.0,2152.588889
9803,1592.916667,146.6666667,1722.583333
9804,44.5,0.0,7012.266796
9805,60.5,0.0,320.9833333
9807,183.0833333,40.5,6879.801826
9808,49.0,0.0,2237.603885
9809,284.0,0.0,2270.75
9810,50.0,0.0,602.25
9811,158.5952381,167.0,1256.291667
9812,47.0,0.0,1796.583333
9813,0.0,0.0,269.7
9814,33.75,0.0,96.0
9815,53.75,0.0,1130.80754
9816,0.0,0.0,1333.914286
9817,34.0,0.0,1907.135417
9818,0.0,0.0,1085.333333
9819,272.0416667,502.75,3239.418207
9821,109.0,0.0,2002.25
9822,0.0,77.0,3757.75
9823,0.0,0.0,115.25
9824,0.0,0.0,204.75
9825,33.5,0.0,556.0
9826,0.0,50.5,238.55
9827,0.0,0.0,423.1833333
9828,0.0,0.0,1664.0
9829,0.0,0.0,46.5
9830,159.1666667,8.0,2766.942172
9832,64.5,0.0,2696.10873
9833,34.5,0.0,154.5
9834,139.5,0.0,1831.149084
9836,45.0,0.0,246.5
9837,6.0,0.0,1626.0
9838,43.92857143,0.0,9951.359644
9839,569.0,58.5,941.6994048
9840,5.0,66.5,1716.583333
9841,0.0,0.0,597.25
9842,0.0,0.0,43.0
9843,37.58333333,0.0,1982.523611
9844,2.0,0.0,1335.737854
9845,0.0,0.0,690.9583333
9846,331.9833333,128.0,8217.678753
9847,0.0,157.5,5999.808333
9848,56.25,0.0,182.25
9849,224.875,0.0,845.75
9850,279.0,69.5,1430.25
9851,0.0,0.0,179.25
9852,197.7083333,130.5166667,1359.771429
9853,3.0,34.0,1021.519444
9854,34.5,0.0,491.8333333
9855,0.0,0.0,907.943254
9856,0.0,78.0,8402.715986
9857,0.0,0.0,184.3333333
9858,49.7,0.0,1991.822567
9859,61.25,0.0,595.75
9860,0.0,588.0,5315.211905
9861,110.0,1188.5,9648.177094
9862,0.0,0.0,73.0
9863,47.0,0.0,738.9107143
9864,20.5,59.0,83.5
9866,4.0,0.0,1749.0
9867,0.0,0.0,140.4583333
9868,0.0,0.0,698.5416667
9869,76.5,0.0,123.2291667
9870,576.0,0.0,587.75
9871,0.0,0.0,17.0
9872,0.0,21.0,0.0
9873,121.0,0.0,589.875
9874,904.5833333,83.5,4096.15859
9875,0.0,0.0,723.0
9876,45.25,0.0,4126.448611
9877,0.0,0.0,5504.695238
9878,17.0,1231.0,27.375
9880,16.0,0.0,2939.625
9881,102.5555556,79.5,3713.580105
9882,0.0,84.25,2596.204762
9883,36.5,0.0,1668.116667
9884,66.4,0.0,742.6875
9885,18.0,0.0,1218.75
9886,77.7,2.0,551.1583333
9887,72.0,0.0,46.5
9888,237.5,0.0,1302.518056
9889,0.0,0.0,929.5833333
9890,0.0,0.0,1309.658333
9891,0.0,0.0,2852.013141
9892,0.0,0.0,272.1666667
9893,424.0,0.0,61.5
9894,0.0,0.0,295.0
9895,68.75,0.0,3770.916071
9896,43.0,0.0,834.3611111
9898,0.0,0.0,668.5
9899,0.0,0.0,521.925
9900,0.0,0.0,1544.595238
9901,0.0,0.0,12.0
9902,0.0,77.95833333,17086.23424
9903,14.25,0.0,1082.75
9904,0.0,0.0,1803.666667
9905,58.0,28.5,4729.065909
9906,52.5,0.0,463.5
9907,0.0,0.0,1355.366667
9909,21.0,0.0,529.75
9910,0.0,0.0,836.5
9911,0.0,0.0,719.2
9912,66.0,0.0,146.5
9913,0.0,0.0,2632.7
9914,198.6666667,89.0,8178.226923
9915,395.7083333,182.8,1461.725
9916,403.0,0.0,1616.54816
9917,38.5,0.0,197.75
9918,0.0,0.0,11.0
9919,20.0,39.5,8613.257312
9920,494.5333333,0.0,2070.616667
9921,225.45,0.0,1449.608333
9922,28.0,0.0,163.375
9923,87.0,242.75,4081.041667
9924,57.5,0.0,353.1527778
9925,0.0,0.0,791.9166667
9926,0.0,0.0,1088.866667
9927,265.75,0.0,168.75
9928,0.0,0.0,181.0
9930,0.0,0.0,198.75
9931,396.960452,168.8333333,9247.383869
9932,0.0,0.0,1659.25
9933,0.0,0.0,39.5
9934,175.3333333,0.0,2638.244429
9935,235.0,0.0,127.6
9936,90.0,48.5,3789.583333
9937,0.0,0.0,122.0
9939,0.0,0.0,375.0
9940,352.1071429,759.0,3660.342875
9941,63.0,0.0,565.5
9942,0.0,0.0,2021.320833
9943,0.0,0.0,20.0
9945,0.0,0.0,97.5
9946,0.0,0.0,2614.209722
9947,0.0,0.0,308.25
9948,0.0,0.0,1020.013889
9951,0.0,0.0,93.0
9952,74.0,0.0,5154.777093
9953,64.5,0.0,1443.641667
9954,0.0,0.0,480.0
9955,0.0,0.0,548.2678571
9956,0.0,0.0,828.25
9957,132.7222222,104.0,3608.346752
9958,19.83333333,0.0,545.0833333
9959,301.1369048,886.5,5097.41833
9960,446.9333333,597.5833333,2350.667857
9961,0.0,0.0,129.5
9962,0.0,10.0,1310.636905
9963,184.4583333,8.166666667,1398.390775
9964,74.08333333,3.0,2915.571429
9965,61.5,0.0,949.75
9966,0.0,0.0,2381.097222
9967,32.25,0.0,1273.25
9968,0.0,0.0,3002.902778
9969,54.5,0.0,148.75
9970,335.1666667,219.0,6235.06603
9972,1103.330357,696.8333333,12959.91515
9973,0.0,0.0,1361.203175
9974,0.0,28.75,2375.114286
9975,0.0,0.0,1404.75
9976,875.0,0.0,780.7916667
9977,250.25,0.0,8276.292565
9978,104.5,0.0,1206.75
9979,166.375,0.0,1858.833333
9980,11.83333333,27.0,424.75
9982,261.1619048,0.0,1992.717308
9983,364.3333333,19.0,3642.066026
9984,0.0,0.0,480.9166667
9985,0.0,0.0,77.5
9986,64.5,0.0,2120.630952
9987,84.25,0.0,1725.966667
9988,0.0,0.0,1200.5
9989,0.0,0.0,1314.083333
9990,0.0,0.0,2225.288889
9991,0.0,0.0,528.5833333
9992,0.0,0.0,42.0
9993,147.4583333,216.5,1587.765598
9995,8.0,134.5,507.2916667
9996,0.0,6.0,162.625
9997,0.0,0.0,442.5
9998,0.0,0.0,185.0
9999,252.8125,78.5,4597.124242
10000,142.5,0.0,1885.33744
10001,965.5,0.0,1895.133333
10002,22.0,39.0,1903.081639
10003,0.0,0.0,2872.125
10004,196.25,62.5,148.75
10005,55.5,0.0,4048.583333
10006,140.5,0.0,431.5
10007,0.0,0.0,60.5
10008,0.0,0.0,105.5
10009,0.0,0.0,1902.25
10011,106.5,49.5,1433.634921
10012,0.0,0.0,709.75
10013,218.6666667,0.0,145.6666667
10014,115.5833333,0.0,1076.958333
10015,242.5,0.0,5004.229167
10016,0.0,0.0,1038.0
10017,0.0,0.0,337.0
10018,0.0,0.0,98.0
10019,0.0,0.0,1029.583333
10020,0.0,0.0,1437.75
10021,0.0,0.0,534.875
10022,89.75,16.0,1751.847727
10023,0.0,0.0,1435.375
10024,0.0,0.0,638.25
10025,97.83333333,0.0,489.0
10026,0.0,0.0,954.0833333
10027,48.97619048,65.0,1159.5671
10028,0.0,0.0,80.5
10029,0.0,0.0,27.5
10030,0.0,0.0,258.2916667
10031,0.0,0.0,101.8333333
10032,247.0833333,0.0,4600.540873
10033,25.75,452.0833333,953.5892857
10034,222.75,15.75,1749.842262
10035,230.6666667,0.0,2178.85
10036,167.4061355,0.0,1512.574405
10037,19.66666667,254.9166667,4254.666667
10039,0.0,0.0,506.452381
10040,0.0,36.5,1383.661111
10041,99.0,0.0,1261.658333
10042,0.0,0.0,466.125
10043,96.0,0.0,2833.814103
10044,0.0,0.0,711.1666667
10045,0.0,207.25,3788.8
10046,0.0,0.0,213.5
10047,94.0,4.0,8584.025049
10048,0.0,0.0,1004.5
10049,46.5,0.0,1322.004437
10050,0.0,0.0,2051.466667
10051,60.25,0.0,131.5833333
10052,69.5,0.0,308.4583333
10053,15.0,0.0,8.0
10054,70.5,0.0,541.5357143
10055,0.0,0.0,282.0833333
10056,191.8333333,17.0,209.3333333
10057,0.0,121.25,3296.602091
10058,136.0,0.0,1426.583333
10059,0.0,288.0,6725.66369
10060,110.75,0.0,146.75
10062,0.0,0.0,10.0
10063,0.0,0.0,864.4583333
10064,22.0,0.0,259.75
10065,0.0,0.0,1215.666667
10066,0.0,0.0,66.5
10067,164.5833333,28.5,3427.665476
10068,0.0,62.75,680.2559524
10069,4.0,0.0,492.25
10070,0.0,0.0,799.375
10071,140.5,0.0,1475.166667
10072,31.5,0.0,32.83333333
10073,0.0,82.0,4772.919574
10074,105.0,24.5,5778.966667
10075,0.0,0.0,20.0
10076,139.5,0.0,816.8333333
10077,59.5,662.0,1586.154762
10078,208.8888889,134.0,1335.809127
10079,0.0,0.0,743.75
10080,0.0,17.75,6203.690476
10081,41.5,57.5,2689.625
10082,63.75,0.0,774.7288136
10083,9.0,0.0,6617.791228
10084,0.0,65.5,71.5
10085,67.5,0.0,393.5
10086,37.5,82.0,96.625
10088,181.275,65.0,3283.715359
10089,0.0,0.0,62.75
10090,149.7619048,267.25,3934.201024
10091,104.0,136.5,977.5333333
10092,0.0,0.0,4373.847619
10093,0.0,0.0,162.25
10095,0.0,0.0,584.3083333
10096,0.0,0.0,559.0
10097,0.0,0.0,305.0
10098,27.5,0.0,922.7083333
10099,0.0,0.0,97.5
10100,88.0,0.0,516.8333333
10101,29.75,0.0,689.202381
10102,497.1666667,0.0,1170.166667
10103,135.2,430.3333333,3974.534501
10104,27.5,17.0,10.0
10105,0.0,14.0,1666.75
10106,311.25,428.547619,3891.214286
10107,93.75,0.0,2161.388889
10108,43.5,0.0,2006.834416
10109,0.0,29.5,103.5208333
10110,0.0,0.0,123.75
10111,140.475,0.0,1252.561414
10112,0.0,0.0,478.0333333
10113,0.0,0.0,22.0
10114,140.8,254.75,1740.052778
10115,162.5,0.0,156.5
10117,0.0,0.0,242.0833333
10118,200.5,390.0,904.5666667
10119,179.0,0.0,432.75
10120,52.5,0.0,2714.958333
10121,72.0,0.0,871.5
10122,0.0,27.0,735.5151515
10123,68.28571429,0.0,741.0555556
10124,58.25,47.75,833.1666667
10125,0.0,0.0,87.0
10126,0.0,0.0,136.5
10127,0.0,0.0,212.25
10128,47.5,0.0,1870.791667
10129,3.0,0.0,577.1666667
10130,51.5,0.0,1954.754167
10131,36.0,0.0,2359.375
10132,109.0416667,0.0,1136.083333
10133,0.0,0.0,686.5
10134,184.2727273,0.0,1427.689394
10135,1079.184314,176.5,2162.840879
10136,0.0,174.0,5254.158333
10137,154.5,0.0,108.4166667
10138,570.25,0.0,1728.25
10139,0.0,0.0,156.5
10140,116.5416667,208.6666667,1813.250382
10141,21.0,0.0,1998.25
10142,0.0,0.0,396.1666667
10143,0.0,0.0,576.3
10144,0.0,0.0,1035.083333
10145,81.54166667,0.0,808.0416667
10146,63.5,0.0,552.3333333
10148,0.0,0.0,491.75
10149,0.0,0.0,901.2666667
10150,0.0,0.0,158.75
10151,0.0,0.0,1599.5
10152,7.0,0.0,78.5
10153,13.0,37.5,675.6666667
10154,0.0,0.0,4590.431277
10155,55.5,0.0,158.25
10156,53.5,0.0,287.3333333
10157,0.0,0.0,253.5833333
10158,0.0,0.0,1768.980303
10159,119.3333333,0.0,5602.593506
10160,13.83333333,0.0,8336.039583
10161,302.0,0.0,675.375
10162,0.0,0.0,2627.756494
10163,0.0,0.0,244.75
10164,790.9,0.0,2702.390385
10165,52.75,0.0,3069.077778
10168,36.5,0.0,1073.31002
10169,125.6309524,75.0,13379.36658
10170,105.75,0.0,1124.888889
10171,0.0,26.5,6001.171475
10172,56.5,41.5,2504.870761
10173,8.0,181.25,4722.568651
10174,63.0,204.25,457.25
10175,54.0,0.0,816.7761905
10176,0.0,0.0,3279.238428
10177,305.0,0.0,4123.956674
10178,0.0,0.0,1995.416667
10179,0.0,0.0,1242.0
10180,54.5,0.0,2891.744571
10181,934.5,92.0,937.7166667
10182,4.0,0.0,983.1388889
10183,0.0,1368.0,650.8083333
10184,65.5,0.0,99.0
10185,142.75,0.0,1523.57803
10186,0.0,0.0,729.0
10187,241.8416667,0.0,673.0333333
10188,0.0,21.0,190.7083333
10189,34.5,0.0,277.0357143
10190,61.0125,0.0,1141.066667
10191,0.0,0.0,1506.916667
10192,0.0,0.0,1346.966667
10193,0.0,0.0,60.5
10194,51.5,99.5,771.875
10195,178.5,0.0,558.0
10196,152.75,0.0,7044.064508
10197,8.0,0.0,709.3333333
10198,770.7388889,138.6666667,726.0388889
10199,172.375,52.5,12900.7676
10200,0.0,82.5,1087.986111
10201,0.0,0.0,188.4583333
10202,0.0,0.0,4218.916667
10203,316.5,185.5,5757.853961
10204,315.1666667,85.0,402.8055556
10205,0.0,0.0,2787.75
10206,40.5,0.0,4815.701606
10207,0.0,0.0,4766.021032
10208,0.0,59.5,925.6666667
10209,856.8333333,0.0,4716.572619
10210,0.0,0.0,15.0
10211,0.0,0.0,184.0
10212,0.0,0.0,1245.57619
10213,504.2833333,0.0,2451.058466
10214,0.0,0.0,292.875
10215,0.0,0.0,2296.25
10216,59.2,0.0,38.35833333
10217,0.0,0.0,476.8666667
10218,0.0,0.0,435.3333333
10219,0.0,0.0,597.625
10220,120.5,0.0,1677.805952
10221,170.0,22.0,1177.291667
10222,387.75,0.0,980.5021994
10224,44.5,0.0,1330.666667
10225,0.0,0.0,1050.5
10226,101.3333333,693.5,9119.885413
10227,55.0,0.0,13.0
10228,0.0,0.0,1053.952381
10229,192.5714286,1193.125,8150.556716
10230,0.0,0.0,1385.666667
10231,39.0,0.0,137.0
10232,0.0,0.0,88.0
10233,3.0,0.0,1046.666667
10234,10.0,0.0,548.2833333
10235,0.0,0.0,526.5
10236,190.9231928,0.0,603.2565261
10237,0.0,0.0,67.75
10238,0.0,0.0,559.75
10239,30.5,0.0,14213.63652
10240,0.0,0.0,8.0
10241,0.0,0.0,2807.164836
10242,86.5,0.0,2623.916667
10243,0.0,0.0,2112.101515
10244,0.0,0.0,34.5
10245,526.85,143.25,9770.812093
10246,209.375,0.0,2754.117424
10247,0.0,0.0,1682.25
10248,64.9,0.0,1922.15
10249,0.0,0.0,1293.083333
10250,0.0,0.0,34.0
10252,238.05,1488.0,3275.87381
10253,0.0,0.0,935.0
10254,0.0,0.0,208.9
10255,79.0,255.0,2668.725046
10256,55.5,0.0,26.0
10257,73.33333333,0.0,1543.75
10258,0.0,0.0,352.5
10259,56.5,0.0,544.8333333
10260,102.5,0.0,64.75
10261,0.0,0.0,289.5
10263,0.0,0.0,285.5
10264,49.5,0.0,8555.765985
10265,0.0,0.0,76.75
10266,0.0,84.5,2762.408333
10267,199.125,0.0,430.6071429
10268,0.0,0.0,851.1666667
10269,0.0,0.0,205.7
10271,0.0,0.0,1092.333333
10272,21.0,19.0,754.3194444
10273,0.0,0.0,1806.166667
10274,0.0,0.0,674.9583333
10275,446.2380952,94.0,866.7071429
10276,0.0,0.0,72.25
10277,0.0,0.0,737.1666667
10278,13.0,0.0,637.4285714
10279,0.0,0.0,586.375
10280,123.0,12.25,934.15
10281,167.8888889,825.5,5256.472341
10282,111.1666667,25.75,411.9375
10283,0.0,0.0,318.5
10285,15.0,4.0,6740.557143
10286,10.0,0.0,1277.75
10287,0.0,0.0,304.5416667
10288,0.0,0.0,1125.875
10289,371.7,106.0,2128.730927
10290,44.0,0.0,1391.733333
10291,0.0,324.5,64.25
10292,0.0,0.0,113.25
10293,0.0,0.0,691.252381
10294,37.75,10.0,274.5
10295,202.4254386,1767.666667,13265.35595
10296,0.0,0.0,2846.833333
10297,51.70833333,280.5,7569.182143
10298,47.0,0.0,3436.975
10299,900.5,0.0,1957.5
10300,19.75,0.0,942.3958333
10301,0.0,758.5,1133.333333
10302,30.5,789.125,7434.743073
10303,367.0,2256.916667,8981.580128
10304,46.45833333,0.0,2875.615909
10305,33.5,0.0,2270.908333
10306,33.5,0.0,710.25
10307,43.225,0.0,293.725
10308,77.5,0.0,678.25
10309,0.0,0.0,1636.466667
10310,0.0,0.0,99.75
10311,76.25,0.0,301.6666667
10312,0.0,0.0,2354.958333
10313,296.75,0.0,183.7083333
10314,1449.666667,559.0833333,4876.007712
10315,0.0,0.0,1598.25
10316,0.0,0.0,385.0
10317,0.0,0.0,180.1470588
10318,0.0,5.0,2744.541071
10319,444.2847222,0.0,18504.12621
10320,171.75,0.0,486.6666667
10321,0.0,0.0,54.0
10322,55.375,566.0,1978.14881
10323,0.0,0.0,421.0
10324,218.8333333,54.0,1430.854167
10325,100.0,131.0,2611.651923
10326,0.0,0.0,161.6666667
10327,0.0,0.0,357.5555556
10328,793.5,0.0,2440.473611
10329,0.0,0.0,348.4333333
10330,303.8666667,0.0,3752.66697
10331,0.0,0.0,41.66666667
10332,11.0,47.75,1925.979167
10333,0.0,0.0,263.25
10334,394.1,0.0,917.25
10335,342.75,0.0,653.125
10336,0.0,0.0,3284.5
10337,0.0,0.0,408.0
10339,0.0,0.0,1731.5
10340,0.0,0.0,6793.383281
10341,36.0,16.0,4377.708157
10343,0.0,0.0,289.625
10344,0.0,0.0,135.875
10345,0.0,0.0,1678.333333
10346,0.0,0.0,418.3333333
10347,49.0,0.0,283.7916667
10348,0.0,0.0,4156.9
10349,91.0,0.0,297.125
10350,0.0,0.0,562.25
10351,613.5,0.0,14129.8808
10352,87.83333333,113.0,4868.0
10353,68.0,9.0,1195.583333
10354,0.0,0.0,118.75
10355,62.5,0.0,1048.107143
10356,0.0,0.0,349.375
10357,0.0,0.0,190.0
10358,214.6666667,112.0,2822.172118
10359,335.5,15.0,96.0
10360,0.0,0.0,112.0
10361,506.3883929,5.0,2528.287431
10362,139.9833333,0.0,677.8833333
10363,395.8785714,0.0,3959.145344
10364,83.25,0.0,4307.409559
10365,131.5,0.0,1960.475
10366,474.6666667,30.5,1789.954762
10367,0.0,59.5,2284.488095
10368,27.0,0.0,6481.483333
10369,0.0,0.0,74.5
10370,0.0,0.0,1051.166667
10371,0.0,96.5,1966.092332
10372,0.0,0.0,127.5
10373,1040.25,0.0,5160.451362
10374,11.0,0.0,651.0666667
10375,12.0,0.0,565.4166667
10376,0.0,0.0,77.0
10377,0.0,0.0,1250.125
10378,75.25,0.0,572.9761905
10379,98.0,0.0,2555.994444
10380,0.0,0.0,113.6666667
10381,0.0,0.0,706.05
10382,75.5,0.0,4737.087716
10383,78.0,0.0,25.75
10384,53.0,9.5,8205.68794
10385,137.3222222,418.5,1933.244444
10386,154.0,248.1666667,886.4791667
10387,77.5,0.0,1000.8
10388,235.75,66.5,729.7916667
10389,0.0,0.0,335.0
10390,0.0,0.0,96.0
10391,118.0,0.0,96.25
10392,0.0,0.0,386.75
10393,320.2708333,298.3333333,1788.370821
10394,0.0,0.0,251.2916667
10395,7.0,0.0,656.7681818
10396,21.25,0.0,968.6444444
10397,0.0,0.0,159.0
10398,0.0,0.0,2455.147619
10399,0.0,0.0,203.0
10400,131.5,19.0,1524.962997
10401,64.0,0.0,341.25
10402,68.10769231,1022.25,8130.964914
10403,5.0,17.0,5276.227193
10404,0.0,0.0,381.3583333
10405,54.5,7.0,23.0
10406,243.25,1475.25,3497.214286
10407,150.25,0.0,2065.838165
10408,14.0,0.0,1441.910588
10409,7.0,0.0,2330.727381
10410,118.5,8.5,2910.632251
10411,0.0,0.0,1626.0
10412,0.0,0.0,2719.734091
10413,86.27777778,21.0,2170.286706
10414,0.0,0.0,837.25
10415,155.75,0.0,2038.772727
10416,31.0,0.0,1494.25
10417,0.0,0.0,249.0
10418,0.0,0.0,316.25
10419,25.0,0.0,243.1666667
10420,1115.5,0.0,1469.666667
10421,143.5833333,92.0,7793.158685
10422,144.5,0.0,416.5
10423,0.0,0.0,1130.92619
10424,0.0,0.0,371.5
10425,28.0,0.0,2587.766667
10426,6.0,0.0,125.0
10427,0.0,0.0,39.33333333
10428,5.0,0.0,1405.327056
10429,0.0,0.0,612.0
10430,0.0,0.0,183.0
10431,222.8166667,0.0,1032.75
10432,130.7,0.0,87.5
10433,75.0,0.0,1279.089286
10434,22.75,0.0,0.0
10435,84.5,0.0,53.375
10436,195.5,0.0,1028.533333
10437,11.0,0.0,976.0
10438,0.0,59.5,760.875
10439,218.5714286,0.0,1760.613095
10440,0.0,0.0,284.5
10441,198.4333333,636.75,3312.879422
10442,0.0,0.0,348.25
10443,90.0,0.0,921.6
10444,0.0,0.0,83.5
10445,0.0,0.0,244.25
10446,0.0,0.0,151.4166667
10447,279.0,0.0,553.3333333
10448,0.0,0.0,612.5
10449,0.0,0.0,109.5
10450,0.0,0.0,5389.883333
10451,30.0,0.0,625.3
10452,86.75,0.0,3094.366667
10453,0.0,0.0,630.75
10454,0.0,0.0,276.1666667
10455,193.75,0.0,1316.434982
10456,122.25,33.5,2719.654762
10457,65.54166667,0.0,744.1666667
10458,0.0,0.0,163.0
10459,0.0,0.0,200.9333333
10460,507.3333333,286.6666667,3616.008121
10461,324.5,0.0,696.225
10462,0.0,0.0,275.1666667
10463,0.0,4.0,2984.130952
10464,11.0,0.0,4424.916667
10465,0.0,0.0,168.9
10466,122.875,0.0,250.0357143
10467,87.5,0.0,1352.133333
10469,0.0,0.0,169.375
10470,176.25,0.0,1183.05
10471,0.0,0.0,158.25
10472,0.0,0.0,513.3333333
10473,509.53125,11.0,2032.599702
10475,0.0,0.0,464.6583333
10476,0.0,0.0,1238.586029
10478,0.0,0.0,3621.066667
10479,6.0,0.0,1836.775
10480,0.0,0.0,23.0
10481,0.0,0.0,898.7583333
10482,80.0,0.0,11945.62954
10483,0.0,0.0,824.2291667
10484,0.0,0.0,451.7142857
10485,8.0,0.0,636.5833333
10486,214.0,0.0,830.1041667
10487,0.0,0.0,249.5
10488,51.5,0.0,2689.291667
10489,0.0,0.0,2167.126924
10490,0.0,0.0,943.5
10491,0.0,0.0,62.5
10492,82.2,0.0,5505.401209
10493,268.5,0.0,407.5
10494,0.0,0.0,363.25
10495,0.0,0.0,610.1916667
10496,133.4666667,46.5,1357.833333
10497,0.0,0.0,97.0
10498,0.0,0.0,133.5
10499,19.0,0.0,336.5833333
10500,379.5,0.0,8618.031872
10501,0.0,0.0,281.7380952
10503,150.75,14.0,308.5
10504,0.0,0.0,1289.0
10505,217.0,0.0,409.5
10506,39.83333333,0.0,2348.8125
10508,189.6666667,0.0,687.5
10510,501.75,0.0,628.5833333
10511,217.0833333,480.125,1996.565909
10512,2.0,0.0,2476.154789
10513,0.0,0.0,211.4166667
10514,21.0,0.0,2930.722222
10515,67.5,0.0,268.0
10516,334.0,0.0,4316.833333
10517,0.0,0.0,2710.381731
10518,183.3,34.0,2904.922294
10519,0.0,0.0,427.75
10520,14.0,0.0,988.0625
10521,0.0,0.0,428.5
10522,157.25,0.0,2999.716667
10523,369.375,59.0,1328.5
10524,0.0,0.0,691.3572797
10525,0.0,0.0,912.4348485
10526,108.8333333,0.0,780.5833333
10527,0.0,0.0,1931.512121
10528,0.0,0.0,2334.916667
10529,0.0,0.0,754.3
10530,0.0,0.0,167.8333333
10531,194.2916667,759.5,1291.35119
10532,0.0,0.0,335.25
10533,0.0,0.0,783.375
10534,0.0,5.0,1095.658333
10535,0.0,0.0,71.5
10536,91.5,0.0,187.9166667
10537,145.5,0.0,1258.791667
10538,0.0,0.0,71.5
10539,230.3263889,0.0,2351.834722
10540,52.5,0.0,605.5
10541,4.0,0.0,5767.465043
10542,0.0,0.0,1726.75
10543,138.75,0.0,2464.294444
10544,0.0,22.0,1284.569048
10545,0.0,0.0,1787.395833
10546,55.75,0.0,1139.638889
10547,0.0,9.0,814.1547619
10548,143.25,0.0,2508.413853
10549,17.0,0.0,2086.666667
10550,29.0,0.0,7.0
10551,88.625,170.5833333,124.9583333
10552,0.0,16.0,902.0833333
10553,144.5,52.5,1299.5
10554,197.5,0.0,343.25
10555,13.0,10.0,445.0
10556,131.5,464.875,660.8039683
10557,123.5416667,0.0,189.0
10558,0.0,0.0,46.25
10559,131.9642857,1039.166667,1407.446429
10560,0.0,0.0,428.0
10561,19.0,0.0,208.0
10562,190.75,0.0,1604.791667
10563,32.83333333,0.0,877.6666667
10564,0.0,0.0,1030.0
10565,0.0,0.0,2076.75
10566,0.0,0.0,17.0
10567,9.0,0.0,602.0
10568,223.3333333,19.75,1118.987027
10569,22.91666667,0.0,221.25
10571,50.33333333,0.0,28.33333333
10572,205.25,0.0,3679.128882
10574,0.0,0.0,242.75
10575,0.0,0.0,26.0
10576,0.0,0.0,1643.958333
10577,236.5,1373.75,2834.697619
10579,0.0,0.0,946.3636364
10580,32.0,9.0,1760.6
10582,0.0,0.0,677.0
10583,168.5,0.0,84.0
10584,13.0,0.0,1380.166667
10585,0.0,0.0,381.2142857
10586,0.0,0.0,58.5
10587,0.0,0.0,1784.516667
10588,59.52777778,124.25,5189.960659
10589,17.0,0.0,247.0
10590,0.0,0.0,532.75
10591,0.0,0.0,228.0
10592,0.0,0.0,728.9791667
10593,65.5,60.0,1383.375
10594,107.2083333,0.0,513.25
10595,0.0,0.0,3247.433333
10596,0.0,0.0,1017.5
10597,0.0,0.0,2553.625
10598,0.0,0.0,108.25
10599,0.0,0.0,144.5
10600,0.0,0.0,142.75
10601,0.0,0.0,214.75
10602,61.0,0.0,585.3916667
10603,142.5,48.5,733.25
10604,0.0,0.0,121.5
10605,0.0,83.0,2162.657393
10606,0.0,0.0,20.0
10607,216.2285714,704.75,11250.48672
10608,0.0,0.0,159.5
10609,0.0,86.0,86.0
10610,0.0,0.0,862.7916667
10611,5.0,0.0,3441.439286
10612,0.0,0.0,4894.851299
10613,341.0,0.0,1538.950794
10614,0.0,0.0,242.9166667
10615,0.0,0.0,202.25
10616,0.0,0.0,71.16666667
10617,44.75,51.5,3074.852778
10618,0.0,0.0,263.175
10619,0.0,0.0,618.25
10620,0.0,137.5,2487.061777
10621,251.6190476,44.0,2269.732143
10622,321.2666667,230.0,2310.083333
10623,30.5,0.0,374.5
10624,296.1166667,26.5,5057.175
10625,0.0,0.0,604.5
10626,0.0,0.0,2634.476245
10627,207.5,0.0,56.5
10628,0.0,0.0,58.5
10629,440.5833333,0.0,1777.702381
10630,0.0,0.0,1558.361111
10631,0.0,21.0,1825.557143
10633,90.41666667,0.0,100.4166667
10634,0.0,0.0,95.0
10635,0.0,0.0,28.0
10636,0.0,360.0,6858.672122
10637,27.0,0.0,79.25
10638,81.83333333,0.0,166.5
10639,152.75,1024.25,3247.644636
10640,0.0,0.0,41.0
10641,1153.682251,108.0,4295.305066
10642,521.075,0.0,5124.691667
10643,150.125,26.5,1332.695346
10644,20.16666667,0.0,2467.256349
10645,194.2857143,162.75,5325.234886
10646,0.0,0.0,123.1666667
10647,0.0,0.0,902.6527778
10648,24.5,0.0,1330.375
10649,52.85,33.5,1714.778571
10650,0.0,0.0,205.0833333
10651,0.0,0.0,517.0357143
10652,27.5,0.0,1026.450758
10653,0.0,0.0,57.66666667
10654,0.0,0.0,25.5
10655,0.0,0.0,3575.0
10656,0.0,0.0,3696.225342
10657,0.0,0.0,1600.0
10658,417.5,151.25,1739.25
10659,61.25,1083.0,2230.5
10660,0.0,0.0,153.625
10661,16.0,585.625,765.0416667
10662,165.25,0.0,1256.383333
10663,0.0,19.25,95.0
10664,424.475,185.75,2642.458333
10665,356.5,0.0,1992.916667
10666,779.45,0.0,1002.491667
10667,88.83333333,0.0,494.6440476
10668,0.0,0.0,835.2380952
10669,166.9166667,115.0,7952.491839
10670,0.0,0.0,1433.71256
10671,0.0,0.0,277.3
10672,0.0,0.0,907.5
10673,73.25,0.0,2923.25
10674,98.17261905,0.0,1889.953409
10675,244.7083333,0.0,8125.852288
10677,0.0,0.0,199.6666667
10678,0.0,0.0,48.5
10679,108.3844538,0.0,2008.900974
10680,215.25,0.0,672.125
10681,0.0,0.0,140.1666667
10683,404.7666667,240.5,4173.131061
10684,227.375,102.25,2849.482143
10685,0.0,0.0,444.5
10686,0.0,0.0,3079.083333
10687,37.25,0.0,656.25
10688,0.0,0.0,205.75
10689,0.0,0.0,470.0
10690,225.5,258.25,1352.833333
10691,0.0,0.0,497.25
10692,0.0,0.0,23.0
10693,192.847619,0.0,6975.887249
10694,0.0,0.0,125.75
10695,0.0,0.0,3734.958333
10697,82.5,0.0,299.5
10698,0.0,0.0,75.0
10699,0.0,0.0,318.75
10700,0.0,0.0,1766.833333
10701,0.0,0.0,608.75
10702,0.0,0.0,186.0
10703,41.5,0.0,237.5
10704,38.0,0.0,279.0833333
10705,0.0,0.0,1098.5
10706,98.0,61.0,2355.682738
10707,0.0,0.0,39.5
10708,0.0,686.0,288.125
10709,94.0,0.0,1210.921324
10710,340.5916667,0.0,863.3468254
10711,0.0,0.0,412.875
10712,5.0,0.0,850.6666667
10713,85.33333333,8.0,8591.591742
10714,0.0,0.0,1903.601743
10715,60.7,110.25,1585.60873
10716,1098.5,0.0,6367.506345
10717,0.0,0.0,79.0
10718,167.0083333,0.0,978.0916667
10719,0.0,0.0,118.3333333
10720,0.0,0.0,4293.833333
10721,114.25,0.0,9126.982468
10722,0.0,53.83333333,31.16666667
10723,288.5208333,0.0,402.3958333
10724,48.5,0.0,396.1666667
10725,0.0,0.0,1632.533333
10726,0.0,0.0,399.5
10727,0.0,0.0,59.5
10728,0.0,0.0,624.0083333
10729,0.0,0.0,116.5
10730,0.0,0.0,391.5833333
10731,0.0,0.0,664.85
10732,225.4166667,0.0,1254.112179
10733,31.0,0.0,5321.441032
10734,0.0,0.0,751.5416667
10735,99.75,0.0,2520.056936
10736,14.0,0.0,45.25
10737,48.5,0.0,31.5
10738,0.0,0.0,1456.916667
10739,0.0,51.5,618.75
10740,0.0,0.0,1699.583333
10741,0.0,0.0,935.0972222
10742,0.0,0.0,541.9166667
10743,0.0,0.0,559.25
10744,0.0,63.5,376.0
10745,0.0,0.0,93.5
10746,31.5,0.0,811.8630952
10747,7.0,25.16666667,446.0
10748,0.0,0.0,1166.683333
10749,80.66666667,278.25,233.375
10750,200.4166667,0.0,72.41666667
10751,0.0,0.0,301.0
10753,240.1666667,0.0,2371.371545
10754,20.0,402.0,3881.79359
10755,52.83333333,0.0,1761.285714
10756,0.0,0.0,333.3333333
10757,171.375,0.0,1343.946429
10758,0.0,0.0,87.91666667
10759,152.6,50.5,1089.285714
10760,0.0,0.0,143.5
10761,365.0,0.0,737.75
10762,0.0,0.0,1102.85
10763,96.25,0.0,3763.000758
10765,107.125,0.0,916.0
10766,0.0,0.0,491.5833333
10767,224.5,0.0,26.5
10768,46.95833333,0.0,585.8
10769,0.0,0.0,630.0833333
10770,23.0,0.0,657.25
10771,0.0,0.0,366.5
10772,0.0,0.0,1478.07381
10773,52.875,0.0,152.4166667
10774,15.0,4.0,711.3630952
10775,146.0,125.5,3881.938907
10776,173.9444444,0.0,890.5277778
10777,105.0,0.0,1125.904762
10778,111.6666667,123.5,1610.783197
10779,100.9166667,0.0,3488.070803
10780,27.33333333,0.0,78.83333333
10781,36.5,0.0,2762.770833
10783,0.0,0.0,460.8333333
10785,0.0,0.0,211.8333333
10786,0.0,0.0,13.25
10787,0.0,0.0,166.0
10788,0.0,0.0,5244.471512
10789,131.0,9.0,237.75
10791,0.0,0.0,671.0886525
10792,0.0,0.0,107.1666667
10794,0.0,0.0,443.75
10797,0.0,0.0,99.0
10798,0.0,0.0,517.5416667
10799,3.0,0.0,1767.4
10800,0.0,0.0,338.5833333
10801,0.0,27.0,1218.030952
10802,271.3,627.75,1358.874152
10803,29.5,0.0,1831.903509
10804,340.9333333,0.0,1076.861905
10805,24.0,0.0,529.2916667
10806,0.0,0.0,194.5
10807,0.0,0.0,1297.464286
10808,274.6666667,0.0,720.4257937
10809,0.0,8.0,2370.729167
10810,0.0,0.0,391.25
10811,31.5,0.0,48.5
10812,121.0,0.0,65.5
10813,30.25,0.0,392.1875
10814,0.0,0.0,8.0
10815,0.0,0.0,33.0
10816,41.7,114.0,14568.16201
10817,86.32857143,24.0,5619.384897
10818,15.41666667,160.8333333,143.3333333
10819,0.0,0.0,1655.358333
10820,0.0,0.0,3511.833059
10821,0.0,0.0,405.1
10822,18.75,355.5,1182.590278
10823,0.0,0.0,103.5
10824,5.0,0.0,2367.4
10825,25.625,0.0,8596.669979
10826,40.25,9.0,683.0292208
10827,0.0,0.0,671.425
10828,167.375,135.0,4263.977734
10829,0.0,0.0,87.875
10830,0.0,0.0,427.8166667
10831,0.0,0.0,192.0833333
10833,0.0,0.0,2183.8875
10834,448.0621212,504.5,5341.784253
10835,0.0,0.0,3650.316667
10836,58.28571429,685.25,4041.734915
10837,0.0,0.0,120.5
10838,0.0,0.0,3986.789646
10839,130.625,0.0,707.1666667
10840,63.5,0.0,253.25
10841,0.0,0.0,119.0
10844,0.0,0.0,259.0
10845,0.0,0.0,1900.675
10846,0.0,0.0,47.0
10847,0.0,0.0,549.95
10848,0.0,34.0,271.1666667
10849,0.0,0.0,138.5
10850,0.0,0.0,556.9166667
10851,0.0,0.0,125.25
10852,0.0,0.0,263.0
10853,86.38888889,0.0,897.0902778
10854,0.0,0.0,366.5
10855,0.0,0.0,535.25
10856,0.0,0.0,1091.005876
10857,34.0,66.0,374.4166667
10858,16.0,0.0,1743.517857
10859,90.5,16.0,2986.916667
10860,0.0,0.0,1731.625
10861,0.0,0.0,104.0
10862,0.0,0.0,797.8333333
10863,68.54545455,60.0,2345.58914
10864,248.9214286,0.0,6225.988835
10865,0.0,0.0,810.5
10866,0.0,0.0,504.5
10867,100.0,0.0,137.25
10868,0.0,3.0,1174.666667
10870,0.0,122.5,11208.35506
10871,0.0,0.0,107.9291667
10872,0.0,0.0,661.5
10873,0.0,0.0,803.3333333
10874,104.45,0.0,1242.661699
10875,0.0,0.0,267.25
10876,176.489011,32.75,3879.83176
10877,0.0,0.0,1055.333333
10878,212.625,124.5,968.1964286
10879,98.91666667,0.0,177.5833333
10880,0.0,0.0,183.625
10881,14.0,0.0,92.33333333
10882,69.875,0.0,1051.125
10883,248.9166667,0.0,1581.5
10884,104.0,0.0,152.5
10885,92.0,0.0,755.0
10886,105.0,0.0,9952.349817
10887,19.0,0.0,702.125
10888,444.4444444,0.0,641.6944444
10889,60.0,0.0,783.6363636
10890,555.5,0.0,2034.261905
10891,0.0,0.0,1361.63442
10892,4.0,0.0,724.0
10893,52.5,0.0,753.1
10894,0.0,0.0,2107.258333
10895,58.83333333,0.0,6483.0804
10896,37.66666667,0.0,686.8789683
10897,18.0,0.0,1550.916667
10898,0.0,60.5,3105.365207
10899,43.5,0.0,110.3333333
10900,0.0,0.0,327.65
10901,3.5,0.0,309.1666667
10902,0.0,0.0,383.5
10903,124.0,61.5,432.1666667
10904,0.0,0.0,140.25
10905,186.5,0.0,476.25
10906,0.0,0.0,419.375
10907,0.0,0.0,348.5
10908,0.0,0.0,57.75
10909,392.0,193.1666667,3711.605357
10910,47.33333333,0.0,1267.502814
10911,0.0,0.0,2997.083333
10912,0.0,0.0,1493.958333
10913,257.5625,70.25,10415.32566
10914,99.5,0.0,139.5
10915,0.0,0.0,697.5
10916,26.17857143,665.5,484.8452381
10917,623.5,0.0,3068.062904
10919,0.0,0.0,47.0
10920,3.0,0.0,3763.447588
10921,0.0,16.0,2863.400427
10922,0.0,0.0,1277.741667
10923,48.5,0.0,1069.97381
10924,0.0,0.0,75.0
10925,0.0,840.5833333,5918.308915
10926,0.0,0.0,29.5
10927,36.0,0.0,125.125
10928,397.6309524,88.5,6449.457197
10929,28.5,0.0,1608.214286
10930,0.0,0.0,299.5
10931,210.625,143.5,8249.106771
10932,107.4,0.0,382.0333333
10933,0.0,0.0,90.16666667
10934,23.0,0.0,2473.196429
10935,211.25,0.0,1344.75
10936,71.0,0.0,1422.909324
10937,34.5,0.0,1473.658333
10938,922.75,0.0,4681.420833
10939,40.5,0.0,1938.996646
10940,10.0,342.5,3165.958333
10942,485.9065934,19.0,753.6373626
10943,5.0,0.0,1263.9
10944,0.0,0.0,98.25
10945,32.83333333,13.25,1470.629167
10946,44.0,0.0,28.0
10947,0.0,0.0,782.5
10948,63.0,0.0,770.5833333
10949,242.125,176.0,225.8333333
10950,29.75,0.0,1410.428571
10951,0.0,0.0,124.0
10953,0.0,56.0,0.0
10955,122.0,40.0,3154.970833
10956,396.5,0.0,415.5
10957,238.5833333,119.5,2933.695013
10958,0.0,0.0,411.9166667
10959,0.0,0.0,268.75
10961,0.0,0.0,363.0
10962,0.0,0.0,126.0833333
10963,0.0,0.0,489.7083333
10965,0.0,112.0,1866.107143
10966,0.0,0.0,54.0
10967,29.33333333,0.0,330.4166667
10968,44.3125,7.0,2447.548611
10969,9.0,26.5,2269.336111
10970,28.5,44.5,445.5
10971,56.0,0.0,1669.988095
10972,0.0,0.0,569.75
10973,81.0,0.0,3359.625
10974,0.0,39.5,8864.036841
10975,0.0,0.0,93.0
10976,0.0,0.0,440.5833333
10977,0.0,0.0,19.25
10978,974.0,0.0,1003.416667
10979,185.75,0.0,2128.416667
10980,0.0,129.125,1117.642857
10981,0.0,0.0,1241.75
10982,0.0,0.0,423.5
10983,265.2916667,191.75,991.8270202
10984,0.0,0.0,2786.916667
10985,54.5,132.5,516.5
10986,339.0,188.0,376.0
10987,0.0,67.5,2028.172619
10988,204.0952381,170.0,4042.949908
10990,0.0,38.25,2767.97619
10991,0.0,0.0,3237.114166
10992,165.5,0.0,1708.625
10993,30.0,0.0,2531.342297
10994,108.0,0.0,212.5
10995,12.0,39.5,488.75
10996,354.2916667,0.0,4409.3
10997,18.0,0.0,495.0
10998,6.0,0.0,212.0
10999,0.0,0.0,1066.339286
11000,59.5,0.0,3363.182143
11001,8.0,358.75,991.5
11002,107.4285714,0.0,1843.187696
11003,0.0,0.0,2352.166667
11004,57.5,0.0,1269.645833
11005,160.5,5.0,1167.321429
11006,0.0,0.0,72.75
11007,19.0,0.0,1457.113095
11008,0.0,0.0,1262.651515
11009,43.5,0.0,971.6666667
11010,0.0,0.0,4279.966667
11011,0.0,0.0,694.0178571
11012,0.0,0.0,1531.920136
11013,0.0,0.0,2147.983333
11014,80.0,141.75,3573.472222
11015,21.5,70.875,1338.225
11016,0.0,0.0,181.5
11017,0.0,0.0,3559.375
11018,0.0,0.0,1231.791667
11019,0.0,0.0,146.5
11020,0.0,0.0,115.625
11021,0.0,0.0,13.0
11022,0.0,0.0,357.0
11024,2.0,0.0,1016.160714
11025,190.2628205,195.0,3197.290064
11026,215.0,0.0,1481.429167
11027,164.5833333,880.25,2587.150595
11028,0.0,0.0,390.7738095
11029,0.0,0.0,402.9583333
11030,47.83333333,0.0,2499.990079
11031,0.0,0.0,1212.0
11032,84.5,0.0,710.5416667
11033,0.0,0.0,313.25
11034,199.0,0.0,1425.566667
11035,236.0795455,5.0,2589.881537
11036,0.0,0.0,17.0
11037,33.0,10.0,1142.195833
11038,0.0,0.0,777.3333333
11039,0.0,0.0,736.2333333
11041,0.0,0.0,210.25
11042,0.0,0.0,1266.094048
11043,75.5,0.0,1009.95
11045,0.0,0.0,1661.133333
11046,0.0,0.0,907.5083333
11047,0.0,0.0,105.6166667
11049,0.0,0.0,521.0
11050,0.0,0.0,411.0833333
11051,0.0,118.5,558.3988095
11052,0.0,0.0,104.0
11053,0.0,0.0,3421.575758
11054,0.0,0.0,806.125
11055,0.0,0.0,2158.5
11056,261.5,0.0,3484.269118
11057,28.5,0.0,11232.65691
11058,82.0,0.0,587.25
11059,330.0555556,251.5,2971.435101
11060,12.0,11.0,974.1666667
11061,102.0833333,0.0,863.1666667
11062,0.0,0.0,103.5
11063,23.0,284.0,2448.536054
11065,50.5,0.0,192.5
11066,8.214285714,62.5,9666.857845
11067,0.0,0.0,783.6944444
11068,34.83333333,33.75,929.0833333
11069,296.0416667,46.25,1249.481746
11070,222.75,0.0,4374.416667
11071,11.5,0.0,887.8
11072,559.1666667,0.0,4558.372222
11073,0.0,0.0,2549.534524
11074,0.0,0.0,168.0
11075,0.0,0.0,849.8333333
11076,0.0,0.0,621.4166667
11077,0.0,273.0,2386.0
11078,63.79166667,74.0,385.2916667
11079,5.0,0.0,2498.833658
11082,0.0,0.0,550.1666667
11084,11.0,0.0,1166.333333
11085,0.0,0.0,814.0
11086,194.0833333,71.25,446.25
11087,0.0,0.0,143.2
11088,141.0,16.0,4081.248718
11089,0.0,0.0,1607.191667
11090,316.8229167,10.0,1233.307765
11091,142.0,234.5,60.5
11092,0.0,0.0,47.5
11093,0.0,0.0,676.25
11094,294.0,0.0,639.0
11095,0.0,0.0,4709.992857
11096,0.0,0.0,168.5
11097,0.0,0.0,11246.13379
11098,29.25,0.0,1729.75
11099,45.5,0.0,661.9166667
11100,392.5,0.0,8437.099188
11101,0.0,0.0,1145.416667
11102,0.0,0.0,174.0833333
11103,229.25,0.0,372.25
11104,353.125,230.25,3725.670725
11105,39.58333333,0.0,2547.717986
11106,140.75,8.0,2073.383333
11107,0.0,0.0,2784.8
11108,20.0,35.5,946.5952381
11109,305.6666667,0.0,796.25
11110,25.0,0.0,181.75
11112,12.0,0.0,2209.554876
11113,0.0,14.0,284.7
11114,39.875,414.5,4937.639583
11115,37.5,0.0,593.2916667
11116,0.0,0.0,752.7619048
11117,170.5,161.5,3494.831225
11118,0.0,0.0,248.0
11119,992.7142857,809.5,1793.214286
11120,228.25,0.0,968.0924451
11121,145.0,349.0,2161.133333
11123,164.4,0.0,865.8071429
11124,0.0,0.0,1202.75
11125,318.8012821,164.0,4447.110508
11126,0.0,0.0,1669.940186
11127,0.0,0.0,290.1
11128,145.0,0.0,1704.580556
11129,77.08333333,96.5,2106.833333
11130,0.0,0.0,398.6944444
11131,39.5,62.25,16138.2908
11132,0.0,0.0,2123.0
11133,0.0,0.0,133.5
11134,12.0,0.0,851.8857143
11135,113.0,501.0,381.75
11136,45.5,0.0,535.0
11138,250.2222222,343.875,5076.380556
11139,42.5,10.0,1543.5
11141,0.0,0.0,60.0
11142,0.0,0.0,3675.5
11143,0.0,0.0,41.5
11144,8.0,47.5,689.0606061
11145,0.0,0.0,323.6833333
11146,0.0,0.0,935.25
11147,50.0,486.6666667,555.6666667
11149,224.75,0.0,235.4166667
11150,0.0,0.0,524.0
11151,0.0,0.0,445.5833333
11152,112.375,0.0,916.5
11153,162.75,67.5,2453.177381
11154,119.5,0.0,673.625
11156,0.0,0.0,384.0
11157,10.0,0.0,220.2666667
11158,93.5,0.0,170.25
11159,0.0,0.0,242.75
11160,11.0,0.0,91.75
11161,0.0,0.0,316.5416667
11162,198.75,0.0,818.5833333
11163,15.0,0.0,620.5
11164,0.0,0.0,275.5
11165,237.35,0.0,1143.833333
11166,45.5,0.0,2011.041667
11169,1463.333333,0.0,1410.238889
11170,87.7,60.5,448.1945887
11171,0.0,0.0,953.6666667
11172,268.25,0.0,2426.791667
11173,14.0,189.0,6732.124414
11174,38.0,0.0,33.33333333
11175,44.75,0.0,404.5
11176,0.0,0.0,81.66666667
11177,0.0,0.0,48.5
11178,0.0,0.0,544.0
11179,0.0,0.0,31.0
11180,9.0,0.0,858.8333333
11181,49.125,0.0,344.3452381
11182,0.0,48.5,2195.283333
11183,105.2083333,139.5,3452.2625
11184,0.0,0.0,865.5833333
11185,0.0,0.0,3614.105147
11186,0.0,0.0,1893.444444
11187,305.0,0.0,1090.7
11188,21.0,0.0,682.9583333
11189,19.0,0.0,1183.65
11190,59.0,0.0,7114.798341
11191,33.5,0.0,880.6333333
11192,0.0,0.0,191.0
11193,214.25,0.0,2652.552904
11194,55.5,132.5,2190.429367
11195,72.5,523.75,178.75
11196,0.0,0.0,356.0833333
11197,229.5,29.75,212.75
11198,0.0,0.0,357.75
11199,96.66666667,0.0,1605.875
11200,52.5,0.0,3608.432937
11201,20.0,0.0,9354.484111
11202,70.0,35.0,4442.394444
11203,0.0,0.0,343.0
11204,0.0,0.0,2767.625
11205,319.8333333,18.0,332.3333333
11207,0.0,0.0,4568.338675
11208,270.0166667,122.0,2780.6
11209,31.0,106.0,825.1401515
11210,0.0,0.0,172.2083333
11211,0.0,0.0,416.6666667
11212,0.0,0.0,226.6666667
11213,0.0,0.0,95.0
11214,0.0,0.0,66.0
11215,34.0,1530.0,3989.485553
11216,17.33333333,0.0,3401.3
11217,48.66666667,0.0,2436.106169
11218,0.0,0.0,314.5
11219,198.7727273,11.0,4514.739394
11220,184.1556741,360.1666667,3418.696975
11221,28.5,0.0,181.6666667
11222,0.0,0.0,689.9916667
11224,0.0,0.0,755.25
11225,2.0,0.0,106.75
11226,0.0,0.0,180.5
11227,40.0,0.0,3830.0
11228,0.0,97.0,8060.963948
11229,175.125,0.0,96.125
11230,96.0,251.6666667,261.0
11232,0.0,0.0,1544.75
11233,1276.264286,0.0,3215.173074
11234,17.0,23.75,3688.846861
11235,0.0,0.0,827.1666667
11236,11.0,0.0,4165.13869
11237,0.0,246.5,1838.85
11238,12.0,0.0,3887.222321
11239,82.25,144.0,3174.642793
11240,0.0,0.0,700.1277778
11242,0.0,0.0,1316.035714
11243,49.08333333,619.5,2572.429487
11244,0.0,0.0,1287.958333
11245,53.5,0.0,2019.828571
11246,93.0,221.0,716.7916667
11247,0.0,1494.5,3339.07598
11248,60.75,0.0,355.1666667
11249,151.5,0.0,304.75
11250,36.0,0.0,6817.942235
11251,712.0,0.0,3785.5625
11252,0.0,0.0,361.0
11253,406.0,0.0,2570.42619
11254,108.0,0.0,1209.558333
11255,393.2666667,0.0,366.5833333
11256,367.6666667,9.0,4191.031746
11257,344.4922161,271.25,5402.78526
11258,270.0,228.5,2451.0
11259,367.25,400.375,7980.363439
11260,33.0,0.0,20.0
11261,0.0,0.0,910.0
11262,0.0,0.0,866.0
11263,58.5,0.0,968.6666667
11264,0.0,0.0,1390.583333
11265,400.0,0.0,991.5
11267,55.5,0.0,2466.533333
11268,0.0,0.0,592.5
11269,0.0,0.0,1933.423611
11270,166.3333333,0.0,1869.45119
11271,177.6666667,23.0,2581.355128
11272,32.5,0.0,39.0
11273,0.0,0.0,170.6666667
11274,0.0,0.0,875.1559524
11275,208.25,109.0,2871.104167
11276,0.0,0.0,185.0
11277,72.0,0.0,2258.175
11278,57.0,0.0,1982.884524
11279,91.0,9.5,2856.9936
11280,0.0,0.0,2232.833333
11281,364.5,0.0,955.525
11282,39.5,0.0,3329.1
11283,0.0,0.0,1283.75
11284,16.0,0.0,423.1666667
11285,123.4642857,0.0,1570.469048
11286,0.0,117.0,404.0
11288,17.0,0.0,602.9166667
11289,0.0,0.0,205.5
11290,793.75,0.0,3186.958333
11291,59.5,0.0,646.1666667
11292,28.0,0.0,633.75
11293,0.0,0.0,100.25
11294,283.0166667,235.75,1338.933333
11295,0.0,0.0,542.9333333
11296,116.6973684,0.0,9405.836721
11298,0.0,0.0,249.3333333
11299,14.5,1007.5,672.875
11300,99.0,112.25,930.0141026
11301,0.0,0.0,5093.3
11302,164.5833333,0.0,3580.333333
11303,134.5,0.0,362.5
11304,0.0,0.0,2034.466667
11305,0.0,0.0,101.75
11306,0.0,620.25,997.2878788
11307,7.0,12.0,412.25
11308,0.0,0.0,680.5
11309,723.5,410.5,109.0
11310,0.0,0.0,1093.833333
11311,0.0,0.0,343.25
11312,205.25,0.0,4502.511111
11313,21.25,0.0,2716.519048
11314,576.6208333,0.0,1878.195833
11315,264.8095238,0.0,1039.887446
11316,76.25,0.0,3274.521154
11317,244.2666667,0.0,4484.669445
11318,59.5,0.0,67.66666667
11319,0.0,0.0,5208.65
11320,106.0,0.0,646.825
11321,29.0,0.0,1617.519048
11322,91.25,0.0,955.5432151
11323,25.5,0.0,361.5
11324,49.5,0.0,350.25
11325,46.61111111,0.0,1873.589297
11326,0.0,0.0,1712.416667
11327,0.0,0.0,26.5
11328,0.0,0.0,696.875
11329,0.0,321.0,916.625
11330,0.0,0.0,56.5
11331,0.0,0.0,83.41666667
11332,0.0,0.0,255.0
11333,7.125,1043.928571,3585.177579
11334,26.75,49.5,2964.650595
11335,88.75,0.0,757.375
11336,190.4166667,0.0,3913.98703
11337,0.0,0.0,685.75
11338,0.0,0.0,572.0
11339,0.0,0.0,112.0
11340,12.0,0.0,213.0
11341,18.0,0.0,180.75
11342,0.0,0.0,933.85
11343,137.9166667,0.0,3163.14329
11344,204.1071429,0.0,347.7321429
11345,585.5,0.0,3634.141512
11346,0.0,889.5,784.0833333
11347,234.9285714,902.5,6050.883117
11348,335.0636364,738.0833333,2228.707287
11349,33.0,0.0,702.9166667
11350,72.5,0.0,936.1333333
11351,0.0,0.0,2706.595238
11352,335.875,75.25,1494.125
11353,0.0,0.0,60.0
11354,0.0,0.0,249.0
11355,0.0,0.0,648.0
11356,0.0,0.0,1178.25
11357,307.3,0.0,2447.3
11358,0.0,0.0,487.0
11359,98.5,21.25,1438.1
11360,0.0,0.0,533.7
11361,28.25,0.0,128.5
11362,0.0,0.0,316.6
11364,0.0,0.0,2180.933333
11365,297.2083333,0.0,778.675
11366,0.0,0.0,724.7666667
11367,0.0,0.0,1189.053571
11368,213.75,45.5,2054.841667
11369,0.0,0.0,192.75
11370,0.0,0.0,9.0
11371,20.0,0.0,375.5547619
11372,198.2430556,276.25,4344.919986
11373,0.0,0.0,63.5
11374,280.2666667,0.0,329.6833333
11375,0.0,0.0,338.75
11376,137.0,5.0,8425.870475
11377,0.0,0.0,109.1666667
11378,0.0,0.0,1996.816667
11380,26.5,0.0,470.5
11381,0.0,0.0,267.75
11382,0.0,0.0,244.6666667
11383,19.0,0.0,3013.116917
11384,87.25,0.0,1336.208333
11385,34.91666667,33.5,496.4821429
11386,106.0,0.0,1384.197436
11387,0.0,0.0,404.3392857
11388,7.0,0.0,1118.833333
11389,46.5,0.0,578.8106061
11390,0.0,0.0,129.25
11391,0.0,0.0,586.85
11392,75.5,0.0,1661.166667
11393,19.0,0.0,3457.285317
11394,208.0,0.0,1037.819444
11395,87.25,199.5,4984.542857
11396,0.0,0.0,80.5
11397,0.0,0.0,1591.0
11398,0.0,0.0,196.5
11399,0.0,0.0,315.7797619
11400,54.5,0.0,1599.994589
11401,10.5,264.75,10044.75756
11402,32.5,0.0,603.25
11403,0.0,0.0,549.0
11404,0.0,0.0,686.5833333
11406,389.5,0.0,117.625
11407,243.7469512,1073.0,4931.198912
11408,60.13636364,522.1666667,3708.383949
11409,261.5,55.5,3411.955853
11410,0.0,82.5,143.375
11411,0.0,0.0,194.75
11412,125.25,0.0,119.25
11413,16.25,0.0,456.525
11414,0.0,0.0,262.9166667
11415,0.0,0.0,250.25
11416,49.5,0.0,2853.020833
11417,26.75,0.0,1029.25
11418,1535.355556,0.0,3606.088889
11419,0.0,0.0,24.5
11421,0.0,19.0,2267.833333
11422,14.0,0.0,18.0
11423,113.5,0.0,1344.340476
11424,0.0,0.0,2415.416667
11425,70.5,0.0,1398.9375
11426,279.5,0.0,313.5833333
11427,26.75,0.0,2546.856685
11428,0.0,0.0,163.5
11429,62.5,0.0,1253.176407
11430,0.0,0.0,938.5833333
11431,57.5,0.0,914.3333333
11432,33.5,0.0,833.6695513
11433,32.75,0.0,704.0
11434,0.0,22.0,2253.799603
11435,46.875,10.0,5358.375439
11436,120.375,0.0,446.3833333
11437,119.5666667,0.0,499.6083333
11438,37.0,0.0,1231.5
11440,258.0,34.625,1364.8125
11441,6.0,0.0,339.75
11442,0.0,0.0,362.75
11443,190.5,575.0,2375.083333
11444,0.0,0.0,577.5416667
11445,0.0,0.0,1483.8
11446,0.0,0.0,943.25
11447,281.3333333,0.0,1167.95
11448,94.25,79.5,3719.643711
11449,81.33333333,32.5,733.5
11450,0.0,0.0,63.5
11451,252.0,56.5,947.357702
11452,71.375,0.0,2335.633333
11453,26.0,0.0,1671.375
11454,0.0,0.0,1109.083333
11455,0.0,0.0,225.5
11456,0.0,0.0,662.5
11457,64.5,0.0,269.6833333
11458,6.0,0.0,293.0
11459,40.25,0.0,766.25
11460,11.0,10.0,3487.12471
11461,70.4,645.5,11257.1083
11462,0.0,0.0,89.0
11463,0.0,0.0,755.175
11464,0.0,0.0,100.0
11466,0.0,0.0,1265.892857
11467,0.0,0.0,81.75
11468,14.0,0.0,170.75
11469,247.75,0.0,1182.416667
11470,68.75,0.0,585.65
11471,145.1,2166.5,1805.425
11472,148.5,25.5,2590.016667
11473,102.0,0.0,374.0
11474,0.0,0.0,3346.041667
11475,0.0,0.0,1212.441667
11476,0.0,0.0,429.0
11477,1284.3375,303.625,2478.070833
11478,360.75,0.0,10497.15443
11479,149.5,0.0,326.0
11480,177.25,0.0,297.8333333
11481,26.0,0.0,1689.708333
11482,65.25,0.0,829.3333333
11483,29.5,0.0,1659.866667
11484,59.5,0.0,650.8333333
11485,244.25,0.0,4006.359314
11486,0.0,0.0,1285.166667
11487,56.5,28.75,1753.083333
11488,0.0,0.0,1952.75
11489,0.0,0.0,83.5
11490,0.0,0.0,1194.75
11491,0.0,0.0,235.5
11492,0.0,0.0,2631.473214
11493,77.83333333,0.0,812.1047619
11494,0.0,0.0,422.5
11495,68.5,0.0,372.8166667
11496,229.3333333,115.25,1474.530303
11497,0.0,0.0,832.0833333
11498,60.08333333,0.0,1204.416667
11499,0.0,0.0,58.0
11500,252.5,0.0,930.0535714
11501,0.0,0.0,190.1590909
11502,45.83333333,0.0,1692.257143
11503,0.0,0.0,178.25
11504,0.0,0.0,2663.583333
11505,218.4027778,0.0,897.7837302
11506,0.0,0.0,3998.333333
11507,0.0,0.0,18.0
11508,67.75,0.0,19.25
11509,0.0,0.0,15.0
11510,141.75,310.5,123.5
11512,203.4166667,0.0,3505.087955
11513,109.5714286,0.0,12499.37711
11514,9.0,31.0,12433.21865
11515,100.75,0.0,221.375
11516,0.0,0.0,5947.97123
11517,0.0,0.0,134.5
11518,53.5,0.0,4478.699416
11519,0.0,26.0,4875.609432
11520,101.6428571,0.0,3978.626167
11521,48.5,0.0,138.1666667
11522,0.0,0.0,66.5
11523,26.5,0.0,110.0
11525,0.0,7.0,794.5416667
11526,0.0,0.0,2426.266667
11527,188.8333333,27.0,4829.625
11528,15.0,0.0,1776.083333
11529,7.0,0.0,98.55
11530,0.0,0.0,66.0
11531,105.375,0.0,1268.116667
11532,157.0,0.0,85.5
11533,68.33333333,0.0,1263.864951
11534,95.75,0.0,1164.202381
11535,0.0,0.0,599.5833333
11536,0.0,154.8333333,5209.958128
11537,0.0,0.0,1005.833333
11538,1028.833333,3.0,6794.735417
11539,43.0,0.0,2544.053571
11540,0.0,0.0,56.625
11542,279.25,1652.0,1717.740476
11543,302.0833333,0.0,1778.663263
11544,0.0,0.0,1246.708333
11545,0.0,0.0,342.9202381
11546,121.425,273.5,2565.797222
11547,0.0,0.0,488.4090909
11548,0.0,0.0,148.3333333
11549,81.75,0.0,4838.29406
11550,7.0,364.9166667,7445.957075
11551,0.0,14.0,2763.011332
11552,191.0,26.5,1874.841667
11553,0.0,0.0,493.0
11554,0.0,0.0,293.4166667
11555,123.875,0.0,2903.764417
11556,191.0,0.0,8956.097502
11557,0.0,0.0,182.25
11558,206.0,69.5,1140.791667
11559,0.0,8.0,723.7666667
11560,0.0,0.0,1584.25
11561,0.0,0.0,723.0
11562,262.1212121,0.0,7468.860173
11563,17.75,0.0,610.975
11564,21.0,0.0,276.5
11565,0.0,0.0,47.25
11566,0.0,0.0,0.5
11567,0.0,0.0,431.1666667
11568,0.0,19.5,1249.75
11569,0.0,0.0,242.75
11570,0.0,0.0,366.75
11571,0.0,0.0,182.5
11572,88.375,0.0,3230.546573
11573,0.0,0.0,1195.375
11574,69.8,0.0,7514.790476
11575,720.5,88.725,10580.34479
11576,112.25,0.0,1170.711048
11577,50.0,248.75,1034.3125
11578,40.41666667,0.0,1477.734676
11579,0.0,18.0,0.0
11580,449.75,0.0,1786.109649
11581,0.0,0.0,1787.5
11583,117.5,0.0,104.5
11584,107.75,0.0,369.05
11585,98.0,0.0,1407.375
11586,172.8492647,0.0,2002.814281
11587,0.0,75.5,4008.578283
11588,0.0,183.0,866.4166667
11589,0.0,0.0,436.0
11590,0.0,0.0,381.25
11591,18.25,0.0,2796.316667
11592,0.0,0.0,8068.742154
11593,0.0,0.0,160.25
11594,229.5,0.0,1909.232143
11595,186.5,138.75,2002.230612
11596,0.0,0.0,1677.178571
11597,98.35,0.0,9485.374568
11598,162.4911765,0.0,1162.797222
11599,164.925,66.875,1899.598899
11600,28.5,0.0,1089.625
11601,171.75,264.1,1435.772114
11602,514.075,67.5,6630.479365
11603,12.0,11.0,6194.852381
11604,172.125,0.0,2767.366071
11605,0.0,148.5,2271.553571
11606,0.0,0.0,325.1666667
11607,30.75,0.0,1477.394841
11608,0.0,0.0,56.5
11609,15.0,0.0,343.8333333
11610,255.0,0.0,173.4333333
11611,0.0,0.0,1697.058333
11612,344.0,0.0,1860.25
11613,25.5,0.0,122.6666667
11614,127.6666667,0.0,107.0
11615,0.0,0.0,267.7333333
11616,22.0,0.0,53.83333333
11617,154.5,0.0,308.3333333
11619,5.5,28.0,929.3333333
11620,181.5,0.0,2265.571429
11621,0.0,0.0,168.0
11623,0.0,0.0,663.0
11624,0.0,0.0,1009.430952
11626,112.0,0.0,601.0864146
11627,0.0,0.0,529.5
11628,0.0,0.0,640.875
11629,90.5,0.0,369.5
11630,57.5,0.0,534.2638889
11631,0.0,0.0,305.4
11632,18.6,0.0,2834.280117
11633,64.5,0.0,145.5
11634,78.75,0.0,465.7321429
11635,0.0,0.0,1073.295779
11636,20.75,0.0,868.6785714
11637,0.0,0.0,39.25
11638,0.0,0.0,351.5
11639,138.5,292.0,807.0833333
11640,91.5,333.8333333,3041.676452
11641,163.375,0.0,403.4166667
11642,16.0,0.0,399.0
11643,93.5,0.0,2186.145833
11644,461.0,0.0,111.0
11645,0.0,6.0,720.15
11646,19.0,14.0,2408.579762
11647,13.33333333,68.5,1602.35
11648,0.0,0.0,150.25
11649,146.0,0.0,879.5
11650,0.0,0.0,1234.525
11651,100.0,0.0,954.9083333
11652,0.0,13.0,3740.291667
11653,0.0,0.0,759.0833333
11654,76.0,0.0,831.1111111
11655,0.0,0.0,168.0
11656,91.0,0.0,537.625
11657,37.5,0.0,65.5
11658,0.0,0.0,333.0
11660,0.0,0.0,1234.5
11661,8.0,0.0,690.2541667
11662,0.0,0.0,152.75
11663,0.0,0.0,339.5
11664,37.33333333,5.0,797.7619048
11665,0.0,82.0,2895.129762
11666,6.0,0.0,2011.305556
11667,0.0,0.0,614.75
11668,89.0,0.0,417.75
11669,0.0,0.0,649.5
11670,26.0,6.0,3400.248897
11671,0.0,0.0,22.0
11672,42.75,0.0,2526.483333
11673,0.0,0.0,66.5
11674,0.0,0.0,185.0
11675,202.8333333,0.0,613.8958333
11676,0.0,0.0,1237.0
11677,122.0,0.0,651.8666667
11678,0.0,98.0,491.375
11679,0.0,0.0,469.9761905
11680,27.25,0.0,219.25
11681,0.0,0.0,607.5892857
11683,213.5,0.0,303.5
11684,0.0,0.0,107.25
11685,86.33333333,0.0,1256.333333
11686,0.0,0.0,1624.941667
11687,45.5,0.0,333.25
11688,4.0,0.0,2386.066667
11689,0.0,0.0,3324.597222
11690,0.0,0.0,59.25
11691,0.0,0.0,29.0
11692,86.08333333,0.0,396.5
11693,11.0,0.0,249.6666667
11694,225.5386364,368.1547619,3874.240873
11695,57.25,0.0,1930.410714
11696,29.0,0.0,3554.64902
11697,64.5,0.0,766.2166667
11700,101.75,65.5,1307.472222
11701,0.0,199.0,661.1388889
11702,79.66666667,220.0,3556.346795
11703,66.5,0.0,1141.175
11704,22.25,0.0,2958.216667
11705,0.0,0.0,1553.269048
11706,0.0,0.0,39.5
11708,0.0,0.0,221.5
11709,6.0,0.0,579.0
11710,44.5,376.5,1222.25
11711,0.0,0.0,1947.5
11712,0.0,0.0,166.0833333
11713,2137.112745,0.0,4223.409838
11714,107.6666667,505.1666667,14988.59151
11715,0.0,218.25,402.0430403
11716,0.0,0.0,935.9
11717,136.5,0.0,412.0833333
11718,0.0,0.0,215.952381
11719,0.0,0.0,275.1666667
11720,41.5,0.0,68.75
11721,0.0,0.0,455.0833333
11722,44.5,0.0,1300.041667
11723,310.0,407.0,7767.32556
11724,0.0,0.0,199.5
11725,0.0,0.0,701.8032468
11726,32.25,0.0,434.5833333
11727,35.83333333,0.0,92.33333333
11728,0.0,0.0,1919.55
11729,0.0,0.0,1251.932143
11730,304.5,56.5,2350.905769
11731,0.0,0.0,210.5
11732,0.0,0.0,124.5
11733,0.0,0.0,12.0
11735,0.0,0.0,171.5
11736,647.3333333,191.5833333,10886.87692
11737,51.0,68.75,12460.67006
11738,0.0,0.0,4403.382777
11739,96.75,0.0,2151.097436
11740,54.5,29.5,1055.75
11741,229.75,0.0,760.6190476
11742,58.5,0.0,1012.166667
11743,17.5,0.0,810.3333333
11744,0.0,139.75,4567.942696
11745,0.0,0.0,502.9166667
11746,37.5,0.0,45.25
11747,0.0,0.0,1251.316667
11749,63.5,0.0,222.5
11751,43.625,16.0,3624.056349
11752,0.0,0.0,155.25
11753,5.0,0.0,900.5
11754,281.9166667,6.0,2616.905952
11755,157.5,0.0,138.75
11756,9.0,0.0,4334.815476
11757,57.0,0.0,772.9166667
11758,0.0,0.0,482.5
11759,15.0,0.0,1138.25
11760,0.0,0.0,61.5
11761,0.0,0.0,82.5
11762,0.0,0.0,36.0
11763,0.0,0.0,231.0
11765,211.5,222.0,2266.270833
11766,0.0,0.0,1892.005556
11767,115.9666667,0.0,181.3
11768,14.0,0.0,947.8833333
11769,0.0,0.0,579.0
11770,187.875,32.5,2719.525974
11771,48.5,0.0,668.1
11772,50.5,7.0,916.9222222
11773,82.0,0.0,57.0
11774,0.0,40.0,5617.092505
11775,52.25,0.0,28.0
11776,0.0,0.0,38.75
11777,50.0,0.0,3095.200725
11778,0.0,0.0,70.5
11779,266.0,0.0,730.35
11780,255.4166667,94.16666667,612.8194444
11781,49.5,0.0,702.6431624
11782,0.0,0.0,461.1083333
11783,111.0,0.0,155.0
11784,76.0,0.0,535.25
11785,0.0,0.0,513.25
11786,0.0,0.0,115.25
11787,0.0,0.0,642.4642857
11788,190.3125,43.5,1259.872817
11789,28.125,0.0,1032.008333
11790,0.0,0.0,94.0
11792,0.0,0.0,153.75
11793,0.0,0.0,380.9464286
11794,45.41666667,0.0,653.8595238
11795,254.0,0.0,1740.525631
11796,453.6,12.0,1889.833333
11797,0.0,0.0,984.5
11798,50.0,0.0,5246.435176
11799,0.0,0.0,81.75
11800,102.1666667,20.0,1222.625
11801,9.0,0.0,1597.10609
11803,0.0,0.0,1204.664683
11804,0.0,30.5,1689.134524
11805,15.75,0.0,11231.41012
11806,45.5,0.0,317.25
11807,159.9166667,47.5,1262.488779
11808,0.0,0.0,160.5
11809,0.0,0.0,587.9166667
11810,0.0,0.0,302.0
11811,0.0,0.0,1324.133333
11812,0.0,0.0,378.5
11813,0.0,0.0,78.0
11815,0.0,0.0,365.1666667
11816,103.875,0.0,81.375
11817,0.0,0.0,432.0
11818,29.25,0.0,67.66666667
11819,30.5,285.0,296.0
11820,0.0,0.0,315.6944444
11821,40.0,0.0,189.4166667
11823,188.5638298,0.0,7750.537279
11824,53.5,0.0,681.5
11825,0.0,0.0,4312.225
11826,122.0416667,0.0,338.7916667
11827,0.0,117.25,5286.208333
11829,28.66666667,0.0,3486.194444
11830,314.0833333,27.0,6560.00754
11831,152.875,54.91666667,2971.254167
11832,0.0,0.0,2612.0
11833,0.0,193.0,3085.620238
11834,105.75,152.5,4609.626389
11835,144.6666667,0.0,123.6666667
11836,0.0,0.0,446.4166667
11838,72.5,0.0,1248.058333
11839,7.0,0.0,541.2071429
11840,879.5,0.0,2365.429545
11841,152.0,0.0,44.5
11842,4.0,0.0,2706.375
11843,0.0,0.0,783.6666667
11844,0.0,0.0,13.0
11845,10.0,19.0,845.8333333
11846,246.252381,56.5,4264.419078
11847,0.0,0.0,163.0
11848,143.8333333,0.0,997.7083333
11849,86.75,51.0,145.6666667
11850,0.0,0.0,548.1666667
11851,135.6666667,190.4166667,7356.402381
11852,183.0,0.0,6375.065753
11853,515.9821429,0.0,7128.75377
11854,56.5,0.0,4803.82717
11855,447.125,168.375,4777.812554
11856,878.7121212,256.5,4479.116226
11857,65.0,0.0,501.8
11858,598.8727273,0.0,2591.795346
11859,42.5,12.83333333,4054.755952
11860,0.0,0.0,471.4166667
11861,27.375,0.0,1157.416667
11862,165.9487179,114.0,2016.115385
11863,140.0,0.0,839.4166667
11864,13.0,425.0,2633.0849
11865,0.0,0.0,190.5
11867,349.775,145.5,7532.511111
11868,0.0,0.0,76.66666667
11869,218.5833333,0.0,370.4583333
11870,233.25,9.0,2277.555556
11871,150.5,0.0,635.3333333
11872,524.95,248.3333333,5948.998311
11873,0.0,0.0,228.5
11874,0.0,0.0,1089.208333
11875,0.0,0.0,51.0
11876,0.0,0.0,1320.189881
11877,100.0,0.0,246.1666667
11878,671.0,0.0,1106.0
11879,41.5,0.0,264.25
11880,76.125,0.0,487.4583333
11881,0.0,0.0,1352.0
11882,0.0,0.0,676.1666667
11883,0.0,0.0,644.875
11884,0.0,0.0,887.0
11885,0.0,0.0,161.0
11886,23.16666667,0.0,122.225
11887,153.5,0.0,1002.847222
11888,64.5,0.0,961.25
11889,337.0,693.0,14150.54613
11890,0.0,0.0,137.5
11891,161.8333333,858.5708333,2701.337954
11892,79.0,0.0,823.0
11893,0.0,0.0,41.5
11894,84.83333333,0.0,1897.6875
11895,0.0,0.0,220.5
11896,0.0,0.0,2218.717208
11897,247.05,72.0,159.3
11898,160.5,0.0,759.75
11899,213.5,0.0,108.9166667
11900,0.0,0.0,183.5
11901,0.0,0.0,146.9166667
11902,0.0,494.0,3269.256933
11903,0.0,0.0,444.25
11904,170.0,0.0,619.5208333
11905,27.5,376.0,2925.677607
11906,0.0,13.0,4097.403993
11907,104.1944444,8.0,1753.761111
11908,216.5,127.5,7700.501461
11909,0.0,0.0,65.5
11910,0.0,0.0,787.75
11911,0.0,0.0,1589.625
11912,0.0,0.0,2994.827381
11913,0.0,0.0,3211.344872
11914,0.0,0.0,1958.833333
11915,98.0,0.0,2628.0
11916,0.0,0.0,124.75
11917,161.25,0.0,2709.522357
11918,35.0,32.5,11240.97669
11920,0.0,0.0,790.0
11921,0.0,91.0,3006.883631
11922,0.0,0.0,376.5166667
11923,29.81515152,0.0,7190.547947
11924,0.0,0.0,772.625
11925,0.0,0.0,901.2888889
11926,0.0,0.0,54.33333333
11927,148.25,0.0,179.9583333
11928,140.675,97.75,2721.555108
11929,27.5,0.0,1673.593939
11930,153.75,0.0,670.0
11931,0.0,36.5,1121.416667
11932,55.0,17.25,1284.361822
11933,0.0,0.0,281.9
11934,0.0,20.0,1085.25
11936,0.0,0.0,353.0833333
11937,321.5,0.0,5395.201794
11938,129.625,15.0,389.4107143
11941,0.0,0.0,483.2916667
11942,17.0,0.0,1493.353846
11943,0.0,0.0,350.375
11944,26.5,0.0,0.0
11945,50.875,0.0,1375.8
11946,44.5,66.5,568.25
11947,80.0,0.0,442.1666667
11948,0.0,0.0,1254.295238
11949,107.5,0.0,2221.0
11950,0.0,0.0,4597.575252
11951,0.0,0.0,234.5
11952,0.0,0.0,472.5
11953,0.0,0.0,146.375
11954,0.0,0.0,18.0
11955,29.5,0.0,1119.541667
11956,0.0,0.0,329.25
11957,0.0,0.0,156.5
11958,0.0,0.0,429.9166667
11959,0.0,0.0,1127.566667
11960,0.0,0.0,1500.033333
11961,0.0,0.0,1032.9
11962,183.7857143,90.0,3346.501984
11963,0.0,0.0,253.25
11964,14.0,0.0,0.0
11965,1005.608333,0.0,732.3448718
11966,442.6,164.625,4928.927389
11967,40.5,1415.0,1568.65
11968,0.0,30.5,327.0
11969,0.0,0.0,57.0
11971,0.0,0.0,430.1666667
11972,126.5,0.0,576.8571429
11973,0.0,0.0,891.5
11974,0.0,0.0,3779.444444
11975,0.0,0.0,557.35
11976,115.0833333,0.0,50.25
11977,0.0,0.0,1065.45
11978,155.8458333,155.375,4391.876232
11979,150.2083333,0.0,221.2083333
11980,0.0,0.0,593.75
11981,34.5,0.0,298.875
11982,0.0,0.0,166.0
11983,56.0,0.0,2117.654762
11984,345.8065476,195.0,5610.686899
11985,0.0,0.0,1460.256115
11986,0.0,0.0,764.6666667
11987,397.7166667,431.3333333,12595.62776
11988,67.5,0.0,761.75
11989,228.748539,121.5833333,12166.69424
11991,0.0,0.0,2007.0
11992,47.5,0.0,3944.384921
11993,76.54166667,0.0,64.20833333
11995,164.3333333,0.0,4227.094444
11996,0.0,0.0,631.775
11997,0.0,0.0,46.0
11998,0.0,0.0,416.5833333
12000,89.625,11.5,1063.420238
12001,0.0,0.0,1934.225758
12002,96.75,73.75,2527.083333
12003,67.16666667,0.0,2495.615079
12004,0.0,0.0,655.875
12005,0.0,0.0,443.0
12006,76.0,0.0,1415.3875
12007,112.75,0.0,658.75
12008,29.0,0.0,233.5
12009,0.0,0.0,332.1666667
12010,57.95833333,0.0,498.2
12011,0.0,0.0,330.1666667
12012,0.0,0.0,97.83333333
12014,363.05,0.0,345.0
12015,0.0,12.0,1668.95
12016,0.0,0.0,247.0
12017,0.0,0.0,1327.666667
12018,1922.0,0.0,941.672619
12019,0.0,0.0,735.4392857
12020,43.0,81.0,5091.890896
12021,0.0,0.0,131.0
12022,0.0,0.0,277.1666667
12023,0.0,0.0,242.9166667
12024,199.3856838,0.0,1342.434295
12025,32.0,0.0,371.25
12026,0.0,0.0,205.5
12027,29.5,0.0,1110.666667
12028,795.2083333,0.0,4947.358038
12029,11.0,0.0,1706.064885
12030,0.0,0.0,383.4583333
12031,0.0,0.0,82.75
12032,0.0,0.0,68.25
12033,58.5,0.0,1033.0
12034,483.3333333,0.0,161.3333333
12035,0.0,0.0,687.4833333
12036,3.0,302.0,539.5
12037,381.75,0.0,2599.015278
12038,0.0,0.0,2371.122222
12039,64.5,0.0,671.625
12040,0.0,0.0,1461.416667
12041,289.0,0.0,708.25
12042,0.0,0.0,386.25
12043,479.25,81.0,1355.483333
12044,0.0,0.0,331.0833333
12045,0.0,8.0,651.6666667
12046,200.8333333,0.0,1909.080556
12047,0.0,0.0,58.5
12048,0.0,0.0,874.4047619
12049,255.5,0.0,770.5
12050,0.0,0.0,199.5
12051,53.125,184.5,612.625
12052,51.0,0.0,116.0
12053,323.5,0.0,320.75
12054,146.4166667,0.0,2405.652778
12055,25.65,0.0,343.625
12056,0.0,0.0,22.0
12057,0.0,0.0,19.0
12058,0.0,0.0,182.625
12059,83.5,125.5,213.9472222
12060,20.15,0.0,1521.15
12061,0.0,0.0,1344.458333
12063,233.5,0.0,1081.666667
12064,0.0,0.0,135.5
12065,0.0,0.0,296.5
12066,194.3333333,38.0,2632.189286
12067,0.0,0.0,2588.154762
12068,251.0,172.0,4326.666667
12069,0.0,0.0,1119.543056
12070,163.0,0.0,4201.508333
12071,118.5,0.0,241.625
12072,0.0,0.0,157.0
12073,10.0,0.0,753.5
12074,0.0,0.0,48.5
12075,127.5,46.5,1440.933333
12076,90.0,0.0,677.0
12078,61.5,10.0,210.0
12079,822.6666667,225.3333333,1896.966667
12080,14.75,0.0,609.3488095
12081,0.0,0.0,437.8333333
12083,20.0,0.0,1038.791667
12084,86.75,0.0,1102.5
12085,91.66666667,12.0,1347.266667
12086,0.0,0.0,370.6666667
12087,0.0,0.0,60.25
12088,30.25,0.0,543.9583333
12089,4.0,0.0,377.5
12090,127.4166667,0.0,5509.717928
12091,0.0,0.0,43.5
12092,54.5,0.0,449.25
12093,0.0,0.0,332.125
12094,260.25,0.0,1694.333333
12095,441.1,0.0,249.8214286
12096,889.1666667,0.0,5588.185426
12097,169.975,106.0,4792.380767
12098,0.0,0.0,174.0
12099,495.1666667,0.0,988.2595238
12100,0.0,0.0,331.0
12101,85.25,0.0,36.25
12102,21.25,0.0,1171.071429
12103,91.0,0.0,4698.796429
12104,275.5166667,288.375,1276.594048
12105,0.0,0.0,392.5
12106,0.0,0.0,16.0
12107,57.33333333,167.8,6942.783547
12108,0.0,0.0,966.3583333
12109,0.0,0.0,1107.922619
12110,105.5,0.0,1403.541667
12111,0.0,518.25,2068.248473
12112,141.0357143,213.0,829.5190476
12113,10.0,0.0,602.5
12114,121.425,8.0,792.75
12115,60.0,37.83333333,868.0166667
12116,113.75,125.0,933.55
12118,46.5,0.0,398.9791667
12119,0.0,0.0,3.0
12120,0.0,0.0,152.0
12121,91.25,0.0,2900.791667
12122,0.0,0.0,1232.083333
12123,441.8333333,102.5,9230.890838
12124,0.0,0.0,761.75
12125,27.25,0.0,31.5
12126,0.0,0.0,105.0
12127,0.0,0.0,636.5
12128,46.5,0.0,2338.95
12129,77.75,0.0,941.9166667
12130,141.9166667,1060.75,8777.613879
12131,183.25,80.5,1883.444231
12132,297.8333333,290.225,1467.654221
12133,0.0,407.5,1043.15
12134,97.0,103.25,1509.5
12135,14.5,0.0,1277.842857
12136,0.0,0.0,282.75
12137,0.0,0.0,654.875
12138,0.0,0.0,610.3095238
12139,0.0,0.0,586.0
12140,172.0595238,0.0,5155.351132
12141,0.0,0.0,640.375
12142,28.0,37.83333333,12003.31758
12143,0.0,0.0,161.25
12144,44.0,0.0,3865.838889
12145,0.0,0.0,348.75
12146,143.625,0.0,2801.131746
12147,0.0,0.0,979.0833333
12148,62.5,0.0,1840.369156
12149,326.4946809,0.0,4637.53842
12150,58.0,0.0,647.625
12151,0.0,0.0,2018.762066
12152,63.25,7.0,297.0833333
12153,10.0,0.0,6308.063793
12154,0.0,0.0,278.75
12155,0.0,0.0,85.25
12156,21.0,182.7916667,1836.214249
12158,0.0,0.0,289.5555556
12159,189.0,0.0,704.3
12161,0.0,0.0,316.0
12162,0.0,0.0,4108.808442
12163,0.0,0.0,44.5
12164,43.72727273,0.0,3354.078463
12165,0.0,0.0,1121.5
12166,84.66666667,0.0,1387.5
12167,0.0,0.0,2924.432937
12168,134.625,0.0,1010.375
12169,109.0,0.0,3116.5
12170,888.8333333,0.0,1570.791667
12171,112.0,231.875,2163.5
12172,11.5,94.0,6212.779517
12173,37.5,0.0,6384.366987
12174,0.0,0.0,1023.125
12177,1489.041667,0.0,879.8
12178,0.0,0.0,86.0
12179,1561.717567,503.7222222,9676.09318
12180,298.581761,0.0,8115.845852
12182,0.0,0.0,25.5
12183,102.8666667,339.5,693.2541667
12184,0.0,0.0,278.6666667
12185,1294.9,32.66666667,1012.233333
12187,0.0,0.0,1014.375
12188,0.0,0.0,1107.267857
12189,533.5913534,333.5,5496.630355
12190,140.5833333,385.0,1609.990079
12191,76.3125,0.0,6338.256636
12192,112.125,224.0,3459.479978
12193,344.5,0.0,186.0
12194,0.0,0.0,52.66666667
12195,698.5,0.0,1053.841565
12196,60.875,0.0,3671.675
12197,7.0,0.0,2219.866667
12199,81.5,0.0,40.5
12200,97.5,0.0,155.3333333
12202,0.0,0.0,1134.455556
12203,0.0,0.0,389.1666667
12204,0.0,0.0,902.6666667
12205,500.0,0.0,2201.710714
12206,7.0,0.0,803.0
12207,0.0,0.0,102.75
12208,117.0,0.0,3653.641667
12209,0.0,0.0,264.0833333
12210,257.75,0.0,97.5
12211,0.0,0.0,853.4166667
12212,270.75,0.0,217.5
12213,0.0,0.0,223.4166667
12214,8.0,0.0,1893.650488
12215,0.0,0.0,2077.806007
12216,0.0,120.5,1389.216667
12217,0.0,23.75,6784.671131
12218,43.5,0.0,183.875
12219,17.5,171.0,101.0
12220,0.0,0.0,199.25
12222,317.6282051,256.5,3675.940705
12223,0.0,0.0,541.9166667
12224,40.13636364,0.0,840.9952922
12225,0.0,97.16666667,3466.794048
12226,0.0,0.0,52.5
12227,0.0,0.0,833.75
12228,116.0,0.0,1350.258333
12229,0.0,0.0,999.0
12230,0.0,0.0,1624.75
12231,580.3333333,0.0,1326.107143
12232,14.0,0.0,239.5833333
12233,0.0,0.0,413.6666667
12234,399.75,47.75,1458.993056
12235,0.0,0.0,872.8333333
12236,108.5,0.0,1287.852778
12237,219.274359,857.1666667,2640.135697
12238,0.0,0.0,6673.291392
12239,0.0,46.5,671.8666667
12240,0.0,0.0,486.5
12241,8.0,0.0,189.75
12242,0.0,0.0,472.3611111
12243,243.75,0.0,171.25
12244,18.0,0.0,8.0
12245,739.1948718,8.0,4269.493146
12246,0.0,0.0,3109.404167
12247,0.0,0.0,1236.638095
12248,311.1361111,0.0,1699.073611
12249,0.0,0.0,1749.0
12250,0.0,0.0,420.0
12251,41.125,0.0,4310.004668
12252,0.0,5.0,279.0
12253,0.0,0.0,1010.25
12254,0.0,0.0,178.25
12255,0.0,0.0,540.3333333
12256,127.2,33.0,2720.265368
12257,0.0,0.0,867.0
12258,0.0,0.0,812.3
12259,50.5,0.0,2802.116667
12260,91.0,0.0,22.0
12261,262.6666667,112.0,4214.779822
12262,157.3333333,0.0,3923.586111
12263,0.0,0.0,3414.875
12264,23.0,0.0,284.5
12265,0.0,0.0,53.0
12266,413.4996124,0.0,6072.032391
12267,223.75,165.0,2159.004167
12268,0.0,0.0,277.5
12269,95.91666667,0.0,671.55
12270,111.0833333,0.0,431.5
12271,81.5,0.0,2773.010873
12272,52.75,0.0,909.1548701
12273,133.4666667,0.0,2664.445833
12274,134.3333333,0.0,959.8117424
12275,0.0,0.0,205.5
12276,0.0,0.0,2001.833333
12277,139.575,0.0,986.5
12278,0.0,0.0,40.5
12279,181.8666667,0.0,4845.989214
12280,0.0,0.0,1445.840909
12281,73.75,0.0,2674.339216
12282,88.0,540.3333333,1656.410714
12283,0.0,0.0,7453.766667
12284,0.0,0.0,854.55
12285,0.0,0.0,2650.416667
12286,369.3333333,225.5,3918.363736
12287,0.0,0.0,197.4166667
12288,167.9107143,547.75,6340.152381
12289,100.0,0.0,730.7916667
12290,0.0,0.0,88.5
12291,0.0,0.0,1008.5
12292,0.0,0.0,35.0
12293,0.0,0.0,189.5
12294,0.0,21.0,144.5
12295,0.0,0.0,1422.85
12296,0.0,33.75,313.9285714
12297,0.0,0.0,108.0
12298,0.0,0.0,139.75
12299,0.0,0.0,472.875
12300,9.0,0.0,372.25
12301,0.0,0.0,719.5833333
12303,0.0,0.0,185.25
12304,0.0,0.0,172.0
12305,0.0,0.0,655.5428571
12306,0.0,0.0,1168.619841
12307,0.0,0.0,1041.75
12308,305.125,368.25,1121.25
12309,19.0,0.0,4018.45
12310,54.0,0.0,262.9
12311,5.0,0.0,411.0833333
12312,0.0,211.25,4627.489571
12313,150.3571429,9.0,11431.00124
12314,16.0,86.0,2773.5
12315,0.0,0.0,705.8333333
12316,0.0,0.0,212.5
12317,0.0,0.0,615.0
12318,100.5,0.0,1453.640882
12319,0.0,0.0,279.0
12320,0.0,0.0,1128.583333
12321,0.0,0.0,143.5833333
12323,76.25,0.0,1075.25
12324,64.75,0.0,1157.97619
12325,0.0,0.0,503.0
12326,145.0,0.0,1783.791667
12327,0.0,0.0,465.75
12328,0.0,0.0,184.25
12329,75.0,0.0,346.0
12330,0.0,0.0,21.25
