customer_id,stock_code,description,quantity
12747,21136,PAINTED METAL PEARS ASSORTED,8
12747,21754,HOME BUILDING BLOCK WORD,3
12747,22795,SWEETHEART RECIPE BOOK STAND,16
12747,48138,DOORMAT UNION FLAG,2
12747,82482,WOODEN PICTURE FRAME WHITE FINISH,12
12747,82484,WOOD BLACK BOARD ANT WHITE FINISH,48
12747,82494L,WOODEN FRAME ANTIQUE WHITE,24
12747,84879,ASSORTED COLOUR BIRD ORNAMENT,40
12747,85062,PEARL CRYSTAL PUMPKIN T-LIGHT HLDR,36
12747,85064,CREAM SWEETHEART LETTER RACK,6
12747,85124B,BLUE JUICY FRUIT PHOTO FRAME,6
12747,85124C,GREEN JUICY FRUIT PHOTO FRAME,12
12748,10120,DOGGY RUBBER,1
12748,10133,COLOURING PENCILS BROWN TUBE,13
12748,15036,ASSORTED COLOURS SILK FAN,12
12748,15039,SANDALWOOD FAN,12
12748,15056BL,EDWARDIAN PARASOL BLACK,1
12748,16010,FOLDING CAMPING SCISSOR W/KNIF & S,12
12748,16011,ANIMAL STICKERS,5
12748,16054,POPART RECT PENCIL SHARPENER ASST,2
12748,16161U,WRAP SUKI AND FRIENDS,25
12748,16169K,WRAP FOLK ART,25
12748,16169P,WRAP GREEN RUSSIAN FOLKART,25
12748,16236,KITTY PENCIL ERASERS,1
12748,16237,SLEEPING CAT ERASERS,11
12748,17091J,VANILLA INCENSE IN TIN,2
12748,17107D,"FLOWER FAIRY,5 SUMMER B'DRAW LINERS",2
12748,20657,TROPICAL LUGGAGE TAG,1
12748,20658,RED RETROSPOT LUGGAGE TAG,1
12748,20674,GREEN POLKADOT BOWL,1
12748,20684,STRAWBERRY DREAM CHILDS UMBRELLA,1
12748,20685,DOORMAT RED RETROSPOT,2
12748,20686,DOLLY MIXTURE CHILDREN'S UMBRELLA,1
12748,20700,GREEN CAT FLORAL CUSHION COVER,1
12748,20719,WOODLAND CHARLOTTE BAG,6
12748,20724,RED RETROSPOT CHARLOTTE BAG,5
12748,20725,LUNCH BAG RED RETROSPOT,3
12748,20726,LUNCH BAG WOODLAND,2
12748,20727,LUNCH BAG  BLACK SKULL.,4
12748,20728,LUNCH BAG CARS BLUE,3
12748,20748,KENSINGTON COFFEE SET,1
12748,20751,FUNKY WASHING UP GLOVES ASSORTED,1
12748,20754,RETROSPOT RED WASHING UP GLOVES,1
12748,20757,RED DAISY POCKET BOOK,15
12748,20764,ABSTRACT CIRCLES SKETCHBOOK,1
12748,20765,CHRYSANTHEMUM SKETCHBOOK,1
12748,20770,ABSTRACT CIRCLE JOURNAL,1
12748,20771,CHRYSANTHEMUM  JOURNAL,2
12748,20773,BLUE PAISLEY NOTEBOOK,2
12748,20774,GREEN FERN NOTEBOOK,3
12748,20780,BLACK EAR MUFF HEADPHONES,1
12748,20798,CLEAR MILKSHAKE GLASS,2
12748,20839,FRENCH PAISLEY CUSHION COVER,6
12748,20861,GOLD COSMETIC BAG PINK STAR,1
12748,20894,HANGING BAUBLE T-LIGHT HOLDER LARGE,1
12748,20931,BLUE POT PLANT CANDLE,1
12748,20961,STRAWBERRY BATH SPONGE,1
12748,20963,APPLE BATH SPONGE,1
12748,20966,SANDWICH BATH SPONGE,1
12748,20967,GREY FLORAL FELTCRAFT SHOULDER BAG,3
12748,20969,RED FLORAL FELTCRAFT SHOULDER BAG,1
12748,20970,PINK FLORAL FELTCRAFT SHOULDER BAG,3
12748,20973,12 PENCIL SMALL TUBE WOODLAND,4
12748,20975,12 PENCILS SMALL TUBE RED RETROSPOT,50
12748,20978,36 PENCILS TUBE SKULLS,1
12748,20980,36 PENCILS TUBE POSY,1
12748,20981,12 PENCILS TALL TUBE WOODLAND,2
12748,20982,12 PENCILS TALL TUBE SKULLS,7
12748,21033,JUMBO BAG CHARLIE AND LOLA TOYS,2
12748,21034,REX CASH+CARRY JUMBO SHOPPER,16
12748,21058,PARTY INVITES WOODLAND,8
12748,21062,PARTY INVITES SPACEMAN,2
12748,21063,PARTY INVITES JAZZ HEARTS,3
12748,21064,BOOM BOX SPEAKER BOYS,1
12748,21090,SET/6 COLLAGE PAPER PLATES,4
12748,21098,CHRISTMAS TOILET ROLL,17
12748,21107,CREAM SLICE FLANNEL PINK SPOT,3
12748,21110,LARGE CAKE TOWEL PINK SPOTS,1
12748,21121,SET/10 RED POLKADOT PARTY CANDLES,8
12748,21143,ANTIQUE GLASS HEART DECORATION,84
12748,21154,RED RETROSPOT OVEN GLOVE,3
12748,21155,RED RETROSPOT PEG BAG,2
12748,21159,MOODY BOY  DOOR HANGER,1
12748,21162,TOXIC AREA  DOOR HANGER,1
12748,21165,BEWARE OF THE CAT METAL SIGN,1
12748,21166,COOK WITH WINE METAL SIGN,3
12748,21167,WHITE SAGE INCENSE,50
12748,21174,POTTERING IN THE SHED METAL SIGN,1
12748,21175,GIN + TONIC DIET METAL SIGN,2
12748,21179,NO JUNK MAIL METAL SIGN,1
12748,21181,PLEASE ONE PERSON METAL SIGN,1
12748,21209,MULTICOLOUR HONEYCOMB FAN,1
12748,21231,SWEETHEART CERAMIC TRINKET BOX,6
12748,21232,STRAWBERRY CERAMIC TRINKET BOX,4
12748,21239,PINK  POLKADOT CUP,6
12748,21243,PINK  POLKADOT PLATE,6
12748,21326,AGED GLASS SILVER T-LIGHT HOLDER,4
12748,21327,SKULLS WRITING SET,1
12748,21328,BALLOONS  WRITING SET,4
12748,21329,DINOSAURS  WRITING SET,5
12748,21351,CINAMMON & ORANGE WREATH,18
12748,21360,JOY LARGE WOOD LETTERS,1
12748,21361,LOVE LARGE WOOD LETTERS,1
12748,21363,HOME SMALL WOOD LETTERS,1
12748,21367,MIRRORED WALL ART GENTS,1
12748,21380,WOODEN HAPPY BIRTHDAY GARLAND,1
12748,21383,PACK OF 12 STICKY BUNNIES,2
12748,21413,PERIWINKLE T-LIGHT HOLDER,1
12748,21427,SKULLS STORAGE BOX SMALL,2
12748,21428,SET3 BOOK BOX GREEN GINGHAM FLOWER,1
12748,21446,12 RED ROSE PEG PLACE SETTINGS,2
12748,21447,12 IVORY ROSE PEG PLACE SETTINGS,2
12748,21467,CHERRY CROCHET FOOD COVER,1
12748,21479,WHITE SKULL HOT WATER BOTTLE,2
12748,21499,BLUE POLKADOT WRAP,50
12748,21500,PINK POLKADOT WRAP,25
12748,21544,SKULLS  WATER TRANSFER TATTOOS,1
12748,21556,CERAMIC STRAWBERRY MONEY BOX,1
12748,21563,RED HEART SHAPE LOVE BUCKET,1
12748,21576,LETS GO SHOPPING COTTON TOTE BAG,1
12748,21581,SKULLS  DESIGN  COTTON TOTE BAG,1
12748,21584,RETROSPOT SMALL TUBE MATCHES,4
12748,21586,KINGS CHOICE GIANT TUBE MATCHES,1
12748,21591,COSY HOUR CIGAR BOX MATCHES,1
12748,21621,VINTAGE UNION JACK BUNTING,1
12748,21624,VINTAGE UNION JACK DOORSTOP,1
12748,21635,MADRAS NOTEBOOK LARGE,1
12748,21640,ASSORTED TUTTI FRUTTI  FOB NOTEBOOK,2
12748,21644,ASSORTED TUTTI FRUTTI HEART BOX,2
12748,21650,ASSORTED TUTTI FRUTTI BRACELET,8
12748,21657,MILK BOTTLE WITH GLASS STOPPER,2
12748,21658,GLASS  BEURRE DISH,1
12748,21664,RIDGED GLASS STORAGE JAR CREAM LID,4
12748,21669,BLUE STRIPE CERAMIC DRAWER KNOB,1
12748,21677,HEARTS  STICKERS,6
12748,21682,LARGE MEDINA STAMPED METAL BOWL,4
12748,21683,MEDIUM MEDINA STAMPED METAL BOWL,12
12748,21700,BIG DOUGHNUT FRIDGE MAGNETS,2
12748,21707,FOLDING UMBRELLA BLACKBLUE POLKADOT,1
12748,21709,FOLDING UMBRELLA CHOCOLATE POLKADOT,1
12748,21719,LOVELY BONBON STICKER SHEET,1
12748,21720,CAKE SHOP  STICKER SHEET,1
12748,21721,CANDY SHOP  STICKER SHEET,1
12748,21722,SWEET PUDDING STICKER SHEET,1
12748,21723,ALPHABET HEARTS STICKER SHEET,1
12748,21724,PANDA AND BUNNIES STICKER SHEET,2
12748,21725,SWEETIES  STICKERS,1
12748,21726,MULTI HEARTS  STICKERS,1
12748,21785,RAIN PONCHO,3
12748,21786,POLKADOT RAIN HAT,3
12748,21787,RAIN PONCHO RETROSPOT,4
12748,21788,KIDS RAIN MAC BLUE,3
12748,21789,KIDS RAIN MAC PINK,3
12748,21790,VINTAGE SNAP CARDS,1
12748,21791,VINTAGE HEADS AND TAILS CARD GAME,2
12748,21807,WHITE CHRISTMAS STAR DECORATION,36
12748,21817,GLITTER CHRISTMAS TREE,3
12748,21820,GLITTER HEART GARLAND WITH BELLS,1
12748,21826,EIGHT PIECE DINOSAUR SET,5
12748,21827,EIGHT PIECE CREEPY CRAWLIE SET,4
12748,21828,EIGHT PIECE SNAKE  SET,1
12748,21830,ASSORTED CREEPY CRAWLIES,96
12748,21843,RED RETROSPOT CAKE STAND,1
12748,21866,UNION JACK FLAG LUGGAGE TAG,2
12748,21870,I CAN ONLY PLEASE ONE PERSON MUG,13
12748,21871,SAVE THE PLANET MUG,12
12748,21872,GLAMOROUS  MUG,18
12748,21873,IF YOU CAN'T STAND THE HEAT MUG,18
12748,21875,KINGS CHOICE MUG,12
12748,21876,POTTERING MUG,12
12748,21877,HOME SWEET HOME MUG,6
12748,21889,WOODEN BOX OF DOMINOES,2
12748,21890,S/6 WOODEN SKITTLES IN COTTON BAG,2
12748,21891,TRADITIONAL WOODEN SKIPPING ROPE,2
12748,21892,TRADITIONAL WOODEN CATCH CUP GAME,6
12748,21902,"KEY FOB , FRONT  DOOR",1
12748,21912,VINTAGE SNAKES & LADDERS,1
12748,21915,RED  HARMONICA IN BOX,10
12748,21916,SET 12 RETRO WHITE CHALK STICKS,1
12748,21930,JUMBO STORAGE BAG SKULLS,4
12748,21934,SKULL SHOULDER BAG,1
12748,21936,RED RETROSPOT PICNIC BAG,1
12748,21976,PACK OF 60 MUSHROOM CAKE CASES,48
12748,21977,PACK OF 60 PINK PAISLEY CAKE CASES,1
12748,21980,PACK OF 12 RED RETROSPOT TISSUES,24
12748,21982,PACK OF 12 SUKI TISSUES,15
12748,21983,PACK OF 12 BLUE PAISLEY TISSUES,12
12748,21985,PACK OF 12 HEARTS DESIGN TISSUES,36
12748,22026,BANQUET BIRTHDAY  CARD,12
12748,22030,SWALLOWS GREETING CARD,12
12748,22035,VINTAGE CARAVAN GREETING CARD,24
12748,22049,WRAP CHRISTMAS SCREEN PRINT,125
12748,22055,MINI CAKE STAND  HANGING STRAWBERY,64
12748,22059,CERAMIC STRAWBERRY DESIGN MUG,48
12748,22068,BLACK PIRATE TREASURE CHEST,1
12748,22071,SMALL WHITE RETROSPOT MUG IN BOX,1
12748,22074,6 RIBBONS SHIMMERING PINKS,2
12748,22075,6 RIBBONS ELEGANT CHRISTMAS,1
12748,22076,6 RIBBONS EMPIRE,1
12748,22077,6 RIBBONS RUSTIC CHARM,1
12748,22086,PAPER CHAIN KIT 50'S CHRISTMAS,3
12748,22095,LADS ONLY TISSUE BOX,1
12748,22100,SKULLS SQUARE TISSUE BOX,1
12748,22101,MIRROR MOSAIC VOTIVE HOLDER,2
12748,22112,CHOCOLATE HOT WATER BOTTLE,2
12748,22116,METAL SIGN HIS DINNER IS SERVED,1
12748,22118,JOY WOODEN BLOCK LETTERS,1
12748,22119,PEACE WOODEN BLOCK LETTERS,1
12748,22121,NOEL WOODEN BLOCK LETTERS,1
12748,22123,PING MICROWAVE APRON,1
12748,22130,PARTY CONE CHRISTMAS DECORATION,6
12748,22136,LOVE HEART SOCK HANGER,1
12748,22139,RETROSPOT TEA SET CERAMIC 11 PC,1
12748,22141,CHRISTMAS CRAFT TREE TOP ANGEL,83
12748,22144,CHRISTMAS CRAFT LITTLE FRIENDS,3
12748,22150,3 STRIPEY MICE FELTCRAFT,2
12748,22153,ANGEL DECORATION STARS ON DRESS,2
12748,22158,3 HEARTS HANGING DECORATION RUSTIC,1
12748,22170,PICTURE FRAME WOOD TRIPLE PORTRAIT,1
12748,22174,PHOTO CUBE,1
12748,22181,SNOWSTORM PHOTO FRAME FRIDGE MAGNET,2
12748,22187,GREEN CHRISTMAS TREE CARD HOLDER,1
12748,22190,LOCAL CAFE MUG,1
12748,22197,SMALL POPCORN HOLDER,10
12748,22207,FRYING PAN UNION FLAG,1
12748,22208,WOOD STAMP SET THANK YOU,5
12748,22209,WOOD STAMP SET HAPPY BIRTHDAY,1
12748,22210,WOOD STAMP SET BEST WISHES,1
12748,22211,WOOD STAMP SET FLOWERS,1
12748,22222,CAKE PLATE LOVEBIRD WHITE,1
12748,22228,BUNNY WOODEN PAINTED WITH BIRD,1
12748,22229,BUNNY WOODEN PAINTED WITH FLOWER,1
12748,22262,FELT EGG COSY CHICKEN,1
12748,22276,WASH BAG VINTAGE ROSE PAISLEY,1
12748,22278,OVERNIGHT BAG VINTAGE ROSE PAISLEY,4
12748,22283,6 EGG HOUSE PAINTED WOOD,2
12748,22294,HEART FILIGREE DOVE  SMALL,24
12748,22295,HEART FILIGREE DOVE LARGE,48
12748,22300,COFFEE MUG DOG + BALL DESIGN,2
12748,22301,COFFEE MUG CAT + BIRD DESIGN,2
12748,22315,200 RED + WHITE BENDY STRAWS,2
12748,22316,200 BENDY SKULL STRAWS,1
12748,22318,FIVE HEART HANGING DECORATION,1
12748,22319,HAIRCLIPS FORTIES FABRIC ASSORTED,24
12748,22327,ROUND SNACK BOXES SET OF 4 SKULLS,1
12748,22348,TEA BAG PLATE RED RETROSPOT,2
12748,22352,LUNCH BOX WITH CUTLERY RETROSPOT,1
12748,22354,RETROSPOT PADDED SEAT CUSHION,4
12748,22355,CHARLOTTE BAG SUKI DESIGN,4
12748,22356,CHARLOTTE BAG PINK POLKADOT,2
12748,22371,AIRLINE BAG VINTAGE TOKYO 78,1
12748,22374,AIRLINE BAG VINTAGE JET SET RED,1
12748,22375,AIRLINE BAG VINTAGE JET SET BROWN,1
12748,22377,BOTTLE BAG RETROSPOT,2
12748,22382,LUNCH BAG SPACEBOY DESIGN,3
12748,22383,LUNCH BAG SUKI  DESIGN,1
12748,22384,LUNCH BAG PINK POLKADOT,2
12748,22385,JUMBO BAG SPACEBOY DESIGN,2
12748,22407,MONEY BOX FIRST ADE DESIGN,1
12748,22411,JUMBO SHOPPER VINTAGE RED PAISLEY,1
12748,22415,WHITE TISSUE REAM,1
12748,22419,LIPSTICK PEN RED,2
12748,22423,REGENCY CAKESTAND 3 TIER,1
12748,22424,ENAMEL BREAD BIN CREAM,2
12748,22426,ENAMEL WASH BOWL CREAM,2
12748,22428,ENAMEL FIRE BUCKET CREAM,1
12748,22429,ENAMEL MEASURING JUG CREAM,2
12748,22430,ENAMEL WATERING CAN CREAM,2
12748,22434,BALLOON PUMP WITH 10 BALLOONS,2
12748,22439,6 ROCKET BALLOONS,2
12748,22440,BALLOON WATER BOMB PACK OF 35,12
12748,22441,GROW YOUR OWN BASIL IN ENAMEL MUG,2
12748,22443,GROW YOUR OWN HERBS SET OF 3,2
12748,22444,GROW YOUR OWN PLANT IN A CAN,24
12748,22469,HEART OF WICKER SMALL,3
12748,22470,HEART OF WICKER LARGE,6
12748,22477,WATERING CAN GARDEN MARKER,2
12748,22480,RED TEA TOWEL CLASSIC DESIGN,2
12748,22482,BLUE TEA TOWEL CLASSIC DESIGN,4
12748,22483,RED GINGHAM TEDDY BEAR,1
12748,22488,NATURAL SLATE RECTANGLE CHALKBOARD,1
12748,22489,PACK OF 12 TRADITIONAL CRAYONS,11
12748,22493,PAINT YOUR OWN CANVAS SET,6
12748,22494,EMERGENCY FIRST AID TIN,3
12748,22498,WOODEN REGATTA BUNTING,1
12748,22502,PICNIC BASKET WICKER SMALL,2
12748,22529,MAGIC DRAWING SLATE GO TO THE FAIR,2
12748,22530,MAGIC DRAWING SLATE DOLLY GIRL,1
12748,22531,MAGIC DRAWING SLATE CIRCUS PARADE,3
12748,22532,MAGIC DRAWING SLATE LEAP FROG,1
12748,22534,MAGIC DRAWING SLATE SPACEBOY,1
12748,22535,MAGIC DRAWING SLATE BUNNIES,4
12748,22536,MAGIC DRAWING SLATE PURDEY,3
12748,22537,MAGIC DRAWING SLATE DINOSAUR,2
12748,22548,HEADS AND TAILS SPORTING FUN,1
12748,22549,PICTURE DOMINOES,8
12748,22553,PLASTERS IN TIN SKULLS,3
12748,22554,PLASTERS IN TIN WOODLAND ANIMALS,4
12748,22556,PLASTERS IN TIN CIRCUS PARADE,1
12748,22558,CLOTHES PEGS RETROSPOT PACK 24,1
12748,22560,TRADITIONAL MODELLING CLAY,3
12748,22561,WOODEN SCHOOL COLOURING SET,5
12748,22562,MONSTERS STENCIL CRAFT,2
12748,22563,HAPPY STENCIL CRAFT,4
12748,22564,ALPHABET STENCIL CRAFT,1
12748,22577,WOODEN HEART CHRISTMAS SCANDINAVIAN,12
12748,22578,WOODEN STAR CHRISTMAS SCANDINAVIAN,1
12748,22582,PACK OF 6 SWEETIE GIFT BOXES,5
12748,22584,PACK OF 6 PANNETONE GIFT BOXES,5
12748,22585,PACK OF 6 BIRDY GIFT TAGS,6
12748,22586,FELTCRAFT HAIRBAND PINK AND BLUE,2
12748,22606,WOODEN SKITTLES GARDEN SET,1
12748,22616,PACK OF 12 LONDON TISSUES,1
12748,22617,BAKING SET SPACEBOY DESIGN,6
12748,22618,COOKING SET RETROSPOT,4
12748,22624,IVORY KITCHEN SCALES,1
12748,22625,RED KITCHEN SCALES,1
12748,22631,CIRCUS PARADE LUNCH BOX,1
12748,22632,HAND WARMER RED RETROSPOT,2
12748,22633,HAND WARMER UNION JACK,4
12748,22654,DELUXE SEWING KIT,1
12748,22659,LUNCH BOX I LOVE LONDON,4
12748,22662,LUNCH BAG DOLLY GIRL DESIGN,2
12748,22666,RECIPE BOX PANTRY YELLOW DESIGN,2
12748,22667,RECIPE BOX RETROSPOT,1
12748,22669,RED BABY BUNTING,5
12748,22674,FRENCH TOILET SIGN BLUE METAL,1
12748,22694,WICKER STAR,2
12748,22703,PINK CAT BOWL,1
12748,22721,SET OF 3 CAKE TINS SKETCHBOOK,1
12748,22725,ALARM CLOCK BAKELIKE CHOCOLATE,1
12748,22727,ALARM CLOCK BAKELIKE RED,1
12748,22728,ALARM CLOCK BAKELIKE PINK,1
12748,22733,3D TRADITIONAL CHRISTMAS STICKERS,3
12748,22737,RIBBON REEL CHRISTMAS PRESENT,5
12748,22739,RIBBON REEL CHRISTMAS SOCK BAUBLE,1
12748,22744,MAKE YOUR OWN MONSOON CARD KIT,1
12748,22745,POPPY'S PLAYHOUSE BEDROOM,4
12748,22746,POPPY'S PLAYHOUSE LIVINGROOM,4
12748,22747,POPPY'S PLAYHOUSE BATHROOM,4
12748,22748,POPPY'S PLAYHOUSE KITCHEN,5
12748,22752,SET 7 BABUSHKA NESTING BOXES,1
12748,22753,SMALL YELLOW BABUSHKA NOTEBOOK,2
12748,22755,SMALL PURPLE BABUSHKA NOTEBOOK,2
12748,22766,PHOTO FRAME CORNICE,1
12748,22778,GLASS CLOCHE SMALL,2
12748,22786,CUSHION COVER PINK UNION JACK,2
12748,22796,PHOTO FRAME 3 CLASSIC HANGING,4
12748,22797,CHEST OF DRAWERS GINGHAM HEART,1
12748,22798,ANTIQUE GLASS DRESSING TABLE POT,2
12748,22807,SET OF 6 T-LIGHTS TOADSTOOLS,2
12748,22809,SET OF 6 T-LIGHTS SANTA,1
12748,22810,SET OF 6 T-LIGHTS SNOWMEN,1
12748,22812,PACK 3 BOXES CHRISTMAS PANNETONE,5
12748,22816,CARD MOTORBIKE SANTA,12
12748,22817,CARD SUKI BIRTHDAY,12
12748,22818,CARD CHRISTMAS VILLAGE,12
12748,22831,WHITE BROCANTE SOAP DISH,2
12748,22832,BROCANTE SHELF WITH HOOKS,2
12748,22834,HAND WARMER BABUSHKA DESIGN,12
12748,22835,HOT WATER BOTTLE I AM SO POORLY,1
12748,22844,VINTAGE CREAM DOG FOOD CONTAINER,1
12748,22854,CREAM SWEETHEART EGG HOLDER,1
12748,22862,LOVE HEART NAPKIN BOX,1
12748,22863,SOAP DISH BROCANTE,4
12748,22865,HAND WARMER OWL DESIGN,2
12748,22866,HAND WARMER SCOTTY DOG DESIGN,1
12748,22867,HAND WARMER BIRD DESIGN,3
12748,22894,TABLECLOTH RED APPLES DESIGN,1
12748,22900,SET 2 TEA TOWELS I LOVE LONDON,3
12748,22903,CALENDAR FAMILY FAVOURITES,1
12748,22905,CALENDAR IN SEASON DESIGN,5
12748,22906,12 MESSAGE CARDS WITH ENVELOPES,2
12748,22909,SET OF 20 VINTAGE CHRISTMAS NAPKINS,5
12748,22926,IVORY GIANT GARDEN THERMOMETER,1
12748,22927,GREEN GIANT GARDEN THERMOMETER,1
12748,22940,FELTCRAFT CHRISTMAS FAIRY,3
12748,22941,CHRISTMAS LIGHTS 10 REINDEER,2
12748,22942,CHRISTMAS LIGHTS 10 SANTAS,6
12748,22949,36 DOILIES DOLLY GIRL,2
12748,22951,60 CAKE CASES DOLLY GIRL DESIGN,2
12748,22952,60 CAKE CASES VINTAGE CHRISTMAS,2
12748,22961,JAM MAKING SET PRINTED,1
12748,22965,3 TRADITIONAl BISCUIT CUTTERS  SET,2
12748,22968,ROSE COTTAGE KEEPSAKE BOX,3
12748,22983,CARD BILLBOARD FONT,12
12748,22988,SOLDIERS EGG CUP,7
12748,35001W,HAND OPEN SHAPE DECO.WHITE,1
12748,35471D,SET OF 3 BIRD LIGHT PINK FEATHER,2
12748,35915B,BLUE KNITTED HEN,2
12748,35954,SMALL FOLKART STAR CHRISTMAS DEC,8
12748,35958,FOLKART ZINC STAR CHRISTMAS DEC,4
12748,35965,FOLKART HEART NAPKIN RINGS,1
12748,35968,FOLK ART METAL HEART T-LIGHT HOLDER,24
12748,35971,ROSE FOLKART HEART DECORATIONS,6
12748,37327,ASSTD MULTICOLOUR CIRCLES MUG,6
12748,37340,MULTICOLOUR SPRING FLOWER MUG,4
12748,46000M,POLYESTER FILLER PAD 45x45cm,1
12748,47348A,FUSCHIA VOILE POINTY SHOE DEC,1
12748,47471,RAINBOW PEGS PHOTO CLIP STRING,4
12748,47566,PARTY BUNTING,2
12748,47567B,TEA TIME KITCHEN APRON,1
12748,48116,DOORMAT MULTICOLOUR STRIPE,2
12748,48184,DOORMAT ENGLISH ROSE,2
12748,51008,AFGHAN SLIPPER SOCK PAIR,10
12748,51020B,STRIPY DESIGN SHOWER CAP,1
12748,62018,SOMBRERO,2
12748,70007,HI TEC ALPINE HAND WARMER,2
12748,71406C,BLACK ORANGE SQUEEZER,1
12748,71477,COLOUR GLASS. STAR T-LIGHT HOLDER,3
12748,72127,COLUMBIAN CANDLE ROUND,20
12748,72128,COLUMBIAN CANDLE ROUND,9
12748,72130,COLUMBIAN CANDLE ROUND,24
12748,72131,COLUMBIAN CANDLE RECTANGLE,12
12748,72132,COLUMBIAN CUBE CANDLE,12
12748,72351B,SET/6 PINK  BUTTERFLY T-LIGHTS,72
12748,72598,SET/12 TAPER CANDLES,1
12748,72709,IVORY SCULPTED RND CANDLE,18
12748,72799E,IVORY PILLAR CANDLE SILVER FLOCK,14
12748,72800E,4 IVORY DINNER CANDLES SILVER FLOCK,15
12748,72802B,OCEAN SCENT CANDLE IN JEWELLED BOX,1
12748,72802C,VANILLA SCENT CANDLE JEWELLED BOX,2
12748,72807C,SET/3 VANILLA SCENTED CANDLE IN BOX,1
12748,75013B,"STRING OF 8 BUTTERFLIES,PINK",2
12748,78034B,BLUE NETTING STORAGE HANGER,1
12748,79067,CORONA MEXICAN TRAY,2
12748,79149B,SILICON STAR BULB  BLUE,1
12748,79151B,"SILICON CUBE 25W, BLUE",1
12748,79190B,RETRO PLASTIC POLKA TRAY,2
12748,79191B,RETRO PLASTIC POLKA TRAY,5
12748,79321,CHILLI LIGHTS,12
12748,79403,FROSTED WHITE BASE,1
12748,82578,KITCHEN METAL SIGN,1
12748,82582,AREA PATROLLED METAL SIGN,2
12748,82599,FANNY'S REST STOPMETAL SIGN,1
12748,82600,NO SINGING METAL SIGN,1
12748,84029E,RED WOOLLY HOTTIE WHITE HEART.,1
12748,84029G,KNITTED UNION FLAG HOT WATER BOTTLE,1
12748,84077,WORLD WAR 2 GLIDERS ASSTD DESIGNS,48
12748,84341B,SMALL PINK MAGIC CHRISTMAS TREE,1
12748,84347,ROTATING SILVER ANGELS T-LIGHT HLDR,4
12748,84459B,YELLOW METAL CHICKEN HEART,2
12748,84531A,PINK KNITTED EGG COSY,3
12748,84531B,BLUE KNITTED EGG COSY,3
12748,84536A,ENGLISH ROSE NOTEBOOK A7 SIZE,10
12748,84580,MOUSE TOY WITH PINK T-SHIRT,1
12748,84595E,LARGE TORTILLA DESIGN RED BOWL,1
12748,84596B,SMALL DOLLY MIX DESIGN ORANGE BOWL,1
12748,84596E,SMALL LICORICE DES PINK BOWL,2
12748,84596F,SMALL MARSHMALLOWS PINK BOWL,2
12748,84596L,BISCUITS SMALL BOWL LIGHT BLUE,1
12748,84692,BOX OF 24 COCKTAIL PARASOLS,2
12748,84707B,PINK JEWELLED MIRROR TRINKET TRAY,1
12748,84709B,PINK OVAL JEWELLED MIRROR,1
12748,84754,S/15 SILVER GLASS BAUBLES IN BAG,72
12748,84795B,SUNSET CHECK HAMMOCK,4
12748,84827,ASS DES PHONE SPONGE CRAFT STICKER,4
12748,84836,ZINC METAL HEART DECORATION,1
12748,84849D,HOT BATHS SOAP HOLDER,1
12748,84874B,BLUE TRAVEL FIRST AID KIT,1
12748,84879,ASSORTED COLOUR BIRD ORNAMENT,52
12748,84944,SET OF 6 KASHMIR FOLKART BAUBLES,4
12748,84952B,BLACK LOVE BIRD T-LIGHT HOLDER,2
12748,84952C,MIRROR LOVE BIRD T-LIGHT HOLDER,1
12748,84970S,HANGING HEART ZINC T-LIGHT HOLDER,12
12748,84988,SET OF 72 PINK HEART PAPER DOILIES,1
12748,84991,60 TEATIME FAIRY CAKE CASES,1
12748,84992,72 SWEETHEART FAIRY CAKE CASES,3
12748,84997C,BLUE 3 PIECE POLKADOT CUTLERY SET,1
12748,85014A,BLACK/BLUE POLKADOT UMBRELLA,1
12748,85017C,ENVELOPE 50 CURIOUS IMAGES,5
12748,85018D,YULETIDE IMAGES S/6 PAPER BOXES,2
12748,85027L,FRENCH CHATEAU LARGE PLATTER,1
12748,85035A,GARDENIA 3 WICK MORRIS BOXED CANDLE,7
12748,85035B,CHOCOLATE 3 WICK MORRIS BOX CANDLE,4
12748,85038,6 CHOCOLATE LOVE HEART T-LIGHTS,3
12748,85049A,TRADITIONAL CHRISTMAS RIBBONS,7
12748,85049C,ROMANTIC PINKS RIBBONS,2
12748,85049D,BRIGHT BLUES RIBBONS,3
12748,85049E,SCANDINAVIAN REDS RIBBONS,4
12748,85086A,CANDY SPOT HEART DECORATION,1
12748,85099B,JUMBO BAG RED RETROSPOT,6
12748,85099F,JUMBO BAG STRAWBERRY,7
12748,85104,SILVER GLASS T-LIGHT SET,1
12748,85118,HEART T-LIGHT HOLDER,22
12748,85127,SMALL SQUARE CUT GLASS CANDLESTICK,2
12748,85150,LADIES & GENTLEMEN METAL SIGN,2
12748,85167B,BLACK GRAND BAROQUE PHOTO FRAME,1
12748,85178,VICTORIAN SEWING KIT,1
12748,85179A,GREEN BITTY LIGHT CHAIN,3
12748,85208,SET/12 FUNKY FELT FLOWER PEG IN BAG,2
12748,85214,TUB 24 PINK FLOWER PEGS,2
12748,85215,ASSORTED CHEESE FRIDGE MAGNETS,1
12748,85227,SET OF 6 3D KIT CARDS FOR KIDS,1
12748,90082B,DIAMANTE BOW BROOCH RED COLOUR,1
12748,90082D,DIAMANTE BOW BROOCH BLACK COLOUR,1
12748,90086,CRYSTAL FROG PHONE CHARM,1
12748,90145,SILVER HOOP EARRINGS WITH FLOWER,2
12748,90160C,TURQ+RED BOUDICCA LARGE BRACELET,2
12748,90161A,ANT COPPER RED BOUDICCA BRACELET,1
12748,90177B,DROP DIAMANTE EARRINGS BLACK DIAMON,1
12748,90177D,DROP DIAMANTE EARRINGS PURPLE,1
12748,90194,SILVER LARIAT BLACK STONE EARRINGS,1
12748,90198A,VINTAGE ROSE BEAD BRACELET RASPBERR,1
12748,M,Manual,39
12826,20977,36 PENCILS TUBE WOODLAND,16
12826,20978,36 PENCILS TUBE SKULLS,16
12826,21479,WHITE SKULL HOT WATER BOTTLE,4
12826,21481,FAWN BLUE HOT WATER BOTTLE,6
12826,22086,PAPER CHAIN KIT 50'S CHRISTMAS,6
12826,22355,CHARLOTTE BAG SUKI DESIGN,10
12826,22553,PLASTERS IN TIN SKULLS,12
12826,22837,HOT WATER BOTTLE BABUSHKA,4
12826,22910,PAPER CHAIN KIT VINTAGE CHRISTMAS,6
12829,22794,SWEETHEART WIRE MAGAZINE RACK,2
12829,84616,SILVER ROCCOCO CHANDELIER,1
12829,84823,DANISH ROSE FOLDING CHAIR,2
12829,84826,ASSTD DESIGN 3D PAPER STICKERS,60
12829,84827,ASS DES PHONE SPONGE CRAFT STICKER,60
12838,21212,PACK OF 72 RETROSPOT CAKE CASES,2
12838,21790,VINTAGE SNAP CARDS,3
12838,21791,VINTAGE HEADS AND TAILS CARD GAME,3
12838,21916,SET 12 RETRO WHITE CHALK STICKS,2
12838,21976,PACK OF 60 MUSHROOM CAKE CASES,2
12838,21977,PACK OF 60 PINK PAISLEY CAKE CASES,3
12838,21986,PACK OF 12 PINK POLKADOT TISSUES,12
12838,22086,PAPER CHAIN KIT 50'S CHRISTMAS,6
12838,22130,PARTY CONE CHRISTMAS DECORATION,6
12838,22147,FELTCRAFT BUTTERFLY HEARTS,4
12838,22149,FELTCRAFT 6 FLOWER FRIENDS,4
12838,22186,RED STAR CARD HOLDER,5
12838,22321,BIRD DECORATION RED RETROSPOT,12
12838,22367,CHILDRENS APRON SPACEBOY DESIGN,3
12838,22469,HEART OF WICKER SMALL,5
12838,22470,HEART OF WICKER LARGE,1
12838,22472,TV DINNER TRAY DOLLY GIRL,2
12838,22529,MAGIC DRAWING SLATE GO TO THE FAIR,3
12838,22530,MAGIC DRAWING SLATE DOLLY GIRL,3
12838,22531,MAGIC DRAWING SLATE CIRCUS PARADE,3
12838,22534,MAGIC DRAWING SLATE SPACEBOY,3
12838,22551,PLASTERS IN TIN SPACEBOY,3
12838,22554,PLASTERS IN TIN WOODLAND ANIMALS,3
12838,22557,PLASTERS IN TIN VINTAGE PAISLEY,3
12838,22565,FELTCRAFT HAIRBANDS PINK AND WHITE,3
12838,22566,FELTCRAFT HAIRBAND PINK AND PURPLE,3
12838,22580,ADVENT CALENDAR GINGHAM SACK,1
12838,22587,FELTCRAFT HAIRBAND RED AND BLUE,4
12838,22593,CHRISTMAS GINGHAM STAR,4
12838,22594,CHRISTMAS GINGHAM TREE,5
12838,22595,CHRISTMAS GINGHAM HEART,6
12838,22616,PACK OF 12 LONDON TISSUES,12
12838,22632,HAND WARMER RED RETROSPOT,3
12838,22694,WICKER STAR,5
12838,22695,WICKER WREATH SMALL,3
12838,22736,RIBBON REEL MAKING SNOWMEN,3
12838,22738,RIBBON REEL SNOWY VILLAGE,3
12838,22739,RIBBON REEL CHRISTMAS SOCK BAUBLE,3
12838,22749,FELTCRAFT PRINCESS CHARLOTTE DOLL,2
12838,22750,FELTCRAFT PRINCESS LOLA DOLL,2
12838,22775,PURPLE DRAWERKNOB ACRYLIC EDWARDIAN,1
12838,22807,SET OF 6 T-LIGHTS TOADSTOOLS,12
12838,22834,HAND WARMER BABUSHKA DESIGN,3
12838,22837,HOT WATER BOTTLE BABUSHKA,3
12838,22865,HAND WARMER OWL DESIGN,3
12838,22867,HAND WARMER BIRD DESIGN,3
12838,22899,CHILDREN'S APRON DOLLY GIRL,2
12838,22900,SET 2 TEA TOWELS I LOVE LONDON,3
12838,22909,SET OF 20 VINTAGE CHRISTMAS NAPKINS,5
12838,22910,PAPER CHAIN KIT VINTAGE CHRISTMAS,5
12838,22940,FELTCRAFT CHRISTMAS FAIRY,2
12838,22941,CHRISTMAS LIGHTS 10 REINDEER,3
12838,22942,CHRISTMAS LIGHTS 10 SANTAS,3
12838,22951,60 CAKE CASES DOLLY GIRL DESIGN,2
12838,22952,60 CAKE CASES VINTAGE CHRISTMAS,10
12838,22961,JAM MAKING SET PRINTED,3
12838,35591T,TURQUOISE CHRISTMAS TREE,2
12838,84032B,CHARLIE + LOLA RED HOT WATER BOTTLE,3
12838,85049H,URBAN BLACK RIBBONS,2
12839,20719,WOODLAND CHARLOTTE BAG,10
12839,20723,STRAWBERRY CHARLOTTE BAG,10
12839,20724,RED RETROSPOT CHARLOTTE BAG,10
12839,20971,PINK BLUE FELT CRAFT TRINKET BOX,12
12839,21137,BLACK RECORD COVER FRAME,11
12839,21231,SWEETHEART CERAMIC TRINKET BOX,36
12839,21232,STRAWBERRY CERAMIC TRINKET BOX,53
12839,21481,FAWN BLUE HOT WATER BOTTLE,11
12839,21557,SET OF 6 FUNKY BEAKERS,13
12839,22059,CERAMIC STRAWBERRY DESIGN MUG,36
12839,22064,PINK DOUGHNUT TRINKET POT,28
12839,22111,SCOTTIE DOG HOT WATER BOTTLE,9
12839,22174,PHOTO CUBE,12
12839,22188,BLACK HEART CARD HOLDER,3
12839,22189,CREAM HEART CARD HOLDER,11
12839,22197,SMALL POPCORN HOLDER,36
12839,22355,CHARLOTTE BAG SUKI DESIGN,20
12839,22356,CHARLOTTE BAG PINK POLKADOT,10
12839,22385,JUMBO BAG SPACEBOY DESIGN,10
12839,22555,PLASTERS IN TIN STRONGMAN,12
12839,22661,CHARLOTTE BAG DOLLY GIRL DESIGN,10
12839,22834,HAND WARMER BABUSHKA DESIGN,5
12839,22837,HOT WATER BOTTLE BABUSHKA,4
12839,37448,CERAMIC CAKE DESIGN SPOTTED MUG,19
12839,48188,DOORMAT WELCOME PUPPIES,1
12839,82494L,WOODEN FRAME ANTIQUE WHITE,12
12839,84006,MAGIC TREE -PAPER FLOWERS,12
12839,84050,PINK HEART SHAPE EGG FRYING PAN,12
12839,85099F,JUMBO BAG STRAWBERRY,10
12841,21445,12 PINK ROSE PEG PLACE SETTINGS,4
12841,21447,12 IVORY ROSE PEG PLACE SETTINGS,4
12841,21462,"NURSERY A,B,C PAINTED LETTERS",2
12841,21733,RED HANGING HEART T-LIGHT HOLDER,2
12841,21878,PACK OF 6 SANDCASTLE FLAGS ASSORTED,3
12841,21949,SET OF 6 STRAWBERRY CHOPSTICKS,3
12841,22083,PAPER CHAIN KIT RETROSPOT,14
12841,22084,PAPER CHAIN KIT EMPIRE,4
12841,22086,PAPER CHAIN KIT 50'S CHRISTMAS,7
12841,22130,PARTY CONE CHRISTMAS DECORATION,18
12841,22190,LOCAL CAFE MUG,1
12841,22314,OFFICE MUG WARMER CHOC+BLUE,1
12841,22468,BABUSHKA LIGHTS STRING OF 10,7
12841,22499,WOODEN UNION JACK BUNTING,2
12841,22569,FELTCRAFT CUSHION BUTTERFLY,1
12841,22572,ROCKING HORSE GREEN CHRISTMAS,5
12841,22573,STAR WOODEN CHRISTMAS DECORATION,30
12841,22574,HEART WOODEN CHRISTMAS DECORATION,10
12841,22582,PACK OF 6 SWEETIE GIFT BOXES,4
12841,22584,PACK OF 6 PANNETONE GIFT BOXES,3
12841,22585,PACK OF 6 BIRDY GIFT TAGS,10
12841,22593,CHRISTMAS GINGHAM STAR,36
12841,22594,CHRISTMAS GINGHAM TREE,36
12841,22595,CHRISTMAS GINGHAM HEART,36
12841,22666,RECIPE BOX PANTRY YELLOW DESIGN,1
12841,22737,RIBBON REEL CHRISTMAS PRESENT,10
12841,22745,POPPY'S PLAYHOUSE BEDROOM,1
12841,22812,PACK 3 BOXES CHRISTMAS PANNETONE,4
12841,22841,ROUND CAKE TIN VINTAGE GREEN,1
12841,22890,NOVELTY BISCUITS CAKE STAND 3 TIER,1
12841,22943,CHRISTMAS LIGHTS 10 VINTAGE BAUBLES,2
12841,22945,CHRISTMAS METAL TAGS ASSORTED,12
12841,22956,36 FOIL HEART CAKE CASES,2
12841,47566,PARTY BUNTING,2
12841,72741,GRAND CHOCOLATECANDLE,9
12841,77101A,UNION FLAG WINDSOCK,4
12841,79321,CHILLI LIGHTS,7
12841,84375,SET OF 20 KIDS COOKIE CUTTERS,1
12841,84692,BOX OF 24 COCKTAIL PARASOLS,5
12841,84898F,YELLOW FLOWERS FELT HANDBAG KIT,1
12841,85032D,YULETIDE IMAGES GIFT WRAP SET,1
12841,85123A,WHITE HANGING HEART T-LIGHT HOLDER,2
12841,85199S,SMALL HANGING IVORY/RED WOOD BIRD,12
12855,22863,SOAP DISH BROCANTE,6
12855,22962,JAM JAR WITH PINK LID,12
12855,22963,JAM JAR WITH GREEN LID,12
12867,10002,INFLATABLE POLITICAL GLOBE,3
12867,17013D,ORIGAMI ROSE INCENSE IN TUBE,3
12867,20724,RED RETROSPOT CHARLOTTE BAG,5
12867,20971,PINK BLUE FELT CRAFT TRINKET BOX,5
12867,20972,PINK CREAM FELT CRAFT TRINKET BOX,5
12867,21069,VINTAGE BILLBOARD TEA MUG,6
12867,21071,VINTAGE BILLBOARD DRINK ME MUG,6
12867,21212,PACK OF 72 RETROSPOT CAKE CASES,5
12867,21213,PACK OF 72 SKULL CAKE CASES,5
12867,21494,ROTATING LEAVES T-LIGHT HOLDER,14
12867,21791,VINTAGE HEADS AND TAILS CARD GAME,5
12867,21871,SAVE THE PLANET MUG,18
12867,21877,HOME SWEET HOME MUG,12
12867,21975,PACK OF 60 DINOSAUR CAKE CASES,5
12867,21976,PACK OF 60 MUSHROOM CAKE CASES,5
12867,21977,PACK OF 60 PINK PAISLEY CAKE CASES,5
12867,22029,SPACEBOY BIRTHDAY CARD,12
12867,22037,ROBOT BIRTHDAY CARD,12
12867,22153,ANGEL DECORATION STARS ON DRESS,5
12867,22355,CHARLOTTE BAG SUKI DESIGN,5
12867,22411,JUMBO SHOPPER VINTAGE RED PAISLEY,5
12867,22417,PACK OF 60 SPACEBOY CAKE CASES,5
12867,22529,MAGIC DRAWING SLATE GO TO THE FAIR,2
12867,22530,MAGIC DRAWING SLATE DOLLY GIRL,2
12867,22531,MAGIC DRAWING SLATE CIRCUS PARADE,2
12867,22532,MAGIC DRAWING SLATE LEAP FROG,2
12867,22533,MAGIC DRAWING SLATE BAKE A CAKE,2
12867,22534,MAGIC DRAWING SLATE SPACEBOY,4
12867,22535,MAGIC DRAWING SLATE BUNNIES,2
12867,22536,MAGIC DRAWING SLATE PURDEY,2
12867,22537,MAGIC DRAWING SLATE DINOSAUR,2
12867,22568,FELTCRAFT CUSHION OWL,2
12867,22569,FELTCRAFT CUSHION BUTTERFLY,5
12867,22570,FELTCRAFT CUSHION RABBIT,2
12867,22620,4 TRADITIONAL SPINNING TOPS,3
12867,22661,CHARLOTTE BAG DOLLY GIRL DESIGN,5
12867,22708,WRAP DOLLY GIRL,25
12867,22717,CARD DOG AND BALL,12
12867,22718,CARD CAT AND TREE,24
12867,22753,SMALL YELLOW BABUSHKA NOTEBOOK,6
12867,22754,SMALL RED BABUSHKA NOTEBOOK,6
12867,22755,SMALL PURPLE BABUSHKA NOTEBOOK,6
12867,22815,CARD PSYCHEDELIC APPLES,24
12867,22834,HAND WARMER BABUSHKA DESIGN,8
12867,22952,60 CAKE CASES VINTAGE CHRISTMAS,5
12867,82482,WOODEN PICTURE FRAME WHITE FINISH,6
12867,84347,ROTATING SILVER ANGELS T-LIGHT HLDR,10
12867,84879,ASSORTED COLOUR BIRD ORNAMENT,8
12867,84991,60 TEATIME FAIRY CAKE CASES,5
12867,84992,72 SWEETHEART FAIRY CAKE CASES,5
12867,85048,15CM CHRISTMAS GLASS BALL 20 LIGHTS,2
12867,85099B,JUMBO BAG RED RETROSPOT,5
12867,85175,CACTI T-LIGHT CANDLES,32
12868,21259,VICTORIAN SEWING BOX SMALL,2
12868,21485,RETROSPOT HEART HOT WATER BOTTLE,3
12868,22111,SCOTTIE DOG HOT WATER BOTTLE,3
12868,22149,FELTCRAFT 6 FLOWER FRIENDS,6
12868,22217,T-LIGHT HOLDER HANGING LACE,12
12868,22219,LOVEBIRD HANGING DECORATION WHITE,12
12868,22227,HANGING HEART MIRROR DECORATION,24
12868,22294,HEART FILIGREE DOVE  SMALL,24
12868,22468,BABUSHKA LIGHTS STRING OF 10,2
12868,22699,ROSES REGENCY TEACUP AND SAUCER,6
12868,22943,CHRISTMAS LIGHTS 10 VINTAGE BAUBLES,6
12868,22969,HOMEMADE JAM SCENTED CANDLES,12
12872,10002,INFLATABLE POLITICAL GLOBE,10
12872,21034,REX CASH+CARRY JUMBO SHOPPER,2
12872,21136,PAINTED METAL PEARS ASSORTED,16
12872,21166,COOK WITH WINE METAL SIGN,2
12872,21452,TOADSTOOL MONEY BOX,6
12872,21623,VINTAGE UNION JACK MEMOBOARD,1
12872,21754,HOME BUILDING BLOCK WORD,2
12872,21755,LOVE BUILDING BLOCK WORD,1
12872,21907,I'M ON HOLIDAY METAL SIGN,2
12872,21908,CHOCOLATE THIS WAY METAL SIGN,1
12872,22086,PAPER CHAIN KIT 50'S CHRISTMAS,8
12872,22178,VICTORIAN GLASS HANGING T-LIGHT,30
12872,22212,FOUR HOOK  WHITE LOVEBIRDS,2
12872,22405,MONEY BOX POCKET MONEY DESIGN,3
12872,22505,MEMO BOARD COTTAGE DESIGN,1
12872,22573,STAR WOODEN CHRISTMAS DECORATION,11
12872,22578,WOODEN STAR CHRISTMAS SCANDINAVIAN,6
12872,22581,WOOD STOCKING CHRISTMAS SCANDISPOT,5
12872,22652,TRAVEL SEWING KIT,2
12872,22653,BUTTON BOX,2
12872,22732,3D VINTAGE CHRISTMAS STICKERS,2
12872,22736,RIBBON REEL MAKING SNOWMEN,4
12872,22738,RIBBON REEL SNOWY VILLAGE,2
12872,22739,RIBBON REEL CHRISTMAS SOCK BAUBLE,2
12872,22834,HAND WARMER BABUSHKA DESIGN,3
12872,22910,PAPER CHAIN KIT VINTAGE CHRISTMAS,6
12872,22940,FELTCRAFT CHRISTMAS FAIRY,2
12872,22952,60 CAKE CASES VINTAGE CHRISTMAS,9
12872,22961,JAM MAKING SET PRINTED,4
12872,22968,ROSE COTTAGE KEEPSAKE BOX,2
12872,47566,PARTY BUNTING,1
12872,82600,NO SINGING METAL SIGN,2
12872,84378,SET OF 3 HEART COOKIE CUTTERS,3
12872,84625C,BLUE NEW BAROQUE CANDLESTICK CANDLE,2
12872,84879,ASSORTED COLOUR BIRD ORNAMENT,16
12872,84970L,SINGLE HEART ZINC T-LIGHT HOLDER,12
12872,85123A,WHITE HANGING HEART T-LIGHT HOLDER,14
12872,85152,HAND OVER THE CHOCOLATE   SIGN,4
12875,17096,ASSORTED LAQUERED INCENSE HOLDERS,1728
12877,16011,ANIMAL STICKERS,24
12877,16012,FOOD/DRINK SPONGE STICKERS,24
12877,20716,PARTY FOOD SHOPPER BAG,10
12877,20719,WOODLAND CHARLOTTE BAG,10
12877,20723,STRAWBERRY CHARLOTTE BAG,10
12877,20724,RED RETROSPOT CHARLOTTE BAG,10
12877,22355,CHARLOTTE BAG SUKI DESIGN,10
12877,22356,CHARLOTTE BAG PINK POLKADOT,10
12877,22501,PICNIC BASKET WICKER LARGE,2
12877,22502,PICNIC BASKET WICKER SMALL,4
12877,22530,MAGIC DRAWING SLATE DOLLY GIRL,24
12877,22661,CHARLOTTE BAG DOLLY GIRL DESIGN,10
12877,22922,FRIDGE MAGNETS US DINER ASSORTED,12
12877,47559B,TEA TIME OVEN GLOVE,10
12913,21754,HOME BUILDING BLOCK WORD,18
12913,22086,PAPER CHAIN KIT 50'S CHRISTMAS,80
12913,22910,PAPER CHAIN KIT VINTAGE CHRISTMAS,40
12913,84879,ASSORTED COLOUR BIRD ORNAMENT,8
12915,21217,RED RETROSPOT ROUND CAKE TINS,1
12915,21218,RED SPOTTY BISCUIT TIN,6
12915,21843,RED RETROSPOT CAKE STAND,1
12915,22215,CAKE STAND WHITE TWO TIER LACE,2
12915,22423,REGENCY CAKESTAND 3 TIER,2
12915,22626,BLACK KITCHEN SCALES,2
12915,22840,ROUND CAKE TIN VINTAGE RED,2
12915,22938,CUPCAKE LACE PAPER SET 6,12
12915,22955,36 FOIL STAR CAKE CASES,6
12915,37495,FAIRY CAKE BIRTHDAY CANDLE SET,4
12915,85132A,CHARLIE + LOLA BISCUITS TINS,1
12915,85132B,CHARLIE AND LOLA TABLE TINS,1
12915,85132C,CHARLIE AND LOLA FIGURES TINS,1
12921,20725,LUNCH BAG RED RETROSPOT,20
12921,20728,LUNCH BAG CARS BLUE,10
12921,20972,PINK CREAM FELT CRAFT TRINKET BOX,12
12921,21035,SET/2 RED RETROSPOT TEA TOWELS,6
12921,21042,RED RETROSPOT APRON,3
12921,21080,SET/20 RED RETROSPOT PAPER NAPKINS,12
12921,21086,SET/6 RED SPOTTY PAPER CUPS,12
12921,21122,SET/10 PINK POLKADOT PARTY CANDLES,24
12921,21212,PACK OF 72 RETROSPOT CAKE CASES,24
12921,21217,RED RETROSPOT ROUND CAKE TINS,3
12921,21218,RED SPOTTY BISCUIT TIN,6
12921,21231,SWEETHEART CERAMIC TRINKET BOX,24
12921,21238,RED RETROSPOT CUP,8
12921,21239,PINK  POLKADOT CUP,8
12921,21240,BLUE POLKADOT CUP,8
12921,21731,RED TOADSTOOL LED NIGHT LIGHT,12
12921,22274,FELTCRAFT DOLL EMILY,6
12921,22318,FIVE HEART HANGING DECORATION,6
12921,22466,FAIRY TALE COTTAGE NIGHTLIGHT,12
12921,22551,PLASTERS IN TIN SPACEBOY,12
12921,22632,HAND WARMER RED RETROSPOT,12
12921,22745,POPPY'S PLAYHOUSE BEDROOM,6
12921,22748,POPPY'S PLAYHOUSE KITCHEN,6
12921,22750,FELTCRAFT PRINCESS LOLA DOLL,4
12921,22779,WOODEN OWLS LIGHT GARLAND,8
12921,22780,LIGHT GARLAND BUTTERFILES PINK,8
12921,22865,HAND WARMER OWL DESIGN,12
12921,22866,HAND WARMER SCOTTY DOG DESIGN,12
12921,22867,HAND WARMER BIRD DESIGN,12
12921,84991,60 TEATIME FAIRY CAKE CASES,24
12921,84992,72 SWEETHEART FAIRY CAKE CASES,24
12921,84997A,GREEN 3 PIECE POLKADOT CUTLERY SET,6
12921,84997B,RED 3 PIECE RETROSPOT CUTLERY SET,6
12921,84997C,BLUE 3 PIECE POLKADOT CUTLERY SET,6
12921,84997D,PINK 3 PIECE POLKADOT CUTLERY SET,6
12928,20725,LUNCH BAG RED RETROSPOT,20
12928,20726,LUNCH BAG WOODLAND,10
12928,20728,LUNCH BAG CARS BLUE,20
12928,21733,RED HANGING HEART T-LIGHT HOLDER,6
12928,21935,SUKI  SHOULDER BAG,20
12928,22111,SCOTTIE DOG HOT WATER BOTTLE,8
12928,22382,LUNCH BAG SPACEBOY DESIGN,10
12928,22383,LUNCH BAG SUKI  DESIGN,20
12928,22384,LUNCH BAG PINK POLKADOT,20
12928,22419,LIPSTICK PEN RED,24
12928,22420,LIPSTICK PEN BABY PINK,24
12928,22421,LIPSTICK PEN FUSCHIA,24
12928,22662,LUNCH BAG DOLLY GIRL DESIGN,20
12928,22834,HAND WARMER BABUSHKA DESIGN,12
12928,22837,HOT WATER BOTTLE BABUSHKA,4
12928,84029E,RED WOOLLY HOTTIE WHITE HEART.,4
12928,84029G,KNITTED UNION FLAG HOT WATER BOTTLE,4
12931,21731,RED TOADSTOOL LED NIGHT LIGHT,20
12931,22197,SMALL POPCORN HOLDER,200
12942,20675,BLUE POLKADOT BOWL,8
12942,21240,BLUE POLKADOT CUP,8
12942,21411,GINGHAM HEART  DOORSTOP RED,3
12942,21735,TWO DOOR CURIO CABINET,2
12942,22168,ORGANISER WOOD ANTIQUE WHITE,2
12942,22189,CREAM HEART CARD HOLDER,4
12942,22427,ENAMEL FLOWER JUG CREAM,3
12942,22429,ENAMEL MEASURING JUG CREAM,4
12942,22457,NATURAL SLATE HEART CHALKBOARD,6
12942,22595,CHRISTMAS GINGHAM HEART,12
12942,22784,LANTERN CREAM GAZEBO,3
12942,22795,SWEETHEART RECIPE BOOK STAND,2
12942,22854,CREAM SWEETHEART EGG HOLDER,4
12942,48185,DOORMAT FAIRY CAKE,2
12942,84792,ENCHANTED BIRD COATHANGER 5 HOOK,4
12942,85066,CREAM SWEETHEART MINI CHEST,2
12944,20975,12 PENCILS SMALL TUBE RED RETROSPOT,24
12944,21039,RED RETROSPOT SHOPPING BAG,12
12944,21069,VINTAGE BILLBOARD TEA MUG,12
12944,21166,COOK WITH WINE METAL SIGN,12
12944,21484,CHICK GREY HOT WATER BOTTLE,8
12944,21485,RETROSPOT HEART HOT WATER BOTTLE,3
12944,21623,VINTAGE UNION JACK MEMOBOARD,2
12944,21790,VINTAGE SNAP CARDS,12
12944,22398,MAGNETS PACK OF 4 SWALLOWS,12
12944,22491,PACK OF 12 COLOURED PENCILS,12
12944,22549,PICTURE DOMINOES,24
12944,22622,BOX OF VINTAGE ALPHABET BLOCKS,4
12944,22727,ALARM CLOCK BAKELIKE RED,4
12944,22729,ALARM CLOCK BAKELIKE ORANGE,4
12947,21365,MIRRORED WALL ART STARS,6
12947,21374,MIRRORED WALL ART SKULLS,4
12947,21479,WHITE SKULL HOT WATER BOTTLE,8
12947,21481,FAWN BLUE HOT WATER BOTTLE,6
12947,21509,COWBOYS AND INDIANS BIRTHDAY CARD,12
12947,21668,RED STRIPE CERAMIC DRAWER KNOB,12
12947,21672,WHITE SPOT RED CERAMIC DRAWER KNOB,12
12947,22025,RING OF ROSES BIRTHDAY CARD,12
12947,22530,MAGIC DRAWING SLATE DOLLY GIRL,24
12947,22534,MAGIC DRAWING SLATE SPACEBOY,24
12947,22634,CHILDS BREAKFAST SET SPACEBOY,2
12947,22635,CHILDS BREAKFAST SET DOLLY GIRL,2
12947,22637,PIGGY BANK RETROSPOT,12
12947,22650,CERAMIC PIRATE CHEST MONEY BANK,12
12947,22771,CLEAR DRAWER KNOB ACRYLIC EDWARDIAN,24
12947,84031A,CHARLIE+LOLA RED HOT WATER BOTTLE,6
12947,84032A,CHARLIE+LOLA PINK HOT WATER BOTTLE,6
12963,21181,PLEASE ONE PERSON METAL SIGN,24
12963,21588,RETROSPOT GIANT TUBE MATCHES,12
12963,21669,BLUE STRIPE CERAMIC DRAWER KNOB,12
12963,21891,TRADITIONAL WOODEN SKIPPING ROPE,12
12963,21892,TRADITIONAL WOODEN CATCH CUP GAME,12
12963,21914,BLUE HARMONICA IN BOX,12
12963,21955,DOORMAT UNION JACK GUNS AND ROSES,2
12963,22114,HOT WATER BOTTLE TEA AND SYMPATHY,8
12963,22150,3 STRIPEY MICE FELTCRAFT,12
12963,22569,FELTCRAFT CUSHION BUTTERFLY,8
12963,22570,FELTCRAFT CUSHION RABBIT,8
12963,22620,4 TRADITIONAL SPINNING TOPS,12
12963,22805,BLUE DRAWER KNOB ACRYLIC EDWARDIAN,12
12963,22969,HOMEMADE JAM SCENTED CANDLES,12
12963,48187,DOORMAT NEW ENGLAND,2
12963,85150,LADIES & GENTLEMEN METAL SIGN,12
12967,20682,RED RETROSPOT CHILDRENS UMBRELLA,24
12967,20749,ASSORTED COLOUR MINI CASES,12
12967,21086,SET/6 RED SPOTTY PAPER CUPS,12
12967,21094,SET/6 RED SPOTTY PAPER PLATES,12
12967,21428,SET3 BOOK BOX GREEN GINGHAM FLOWER,8
12967,21429,RED GINGHAM ROSE JEWELLERY BOX,56
12967,21430,SET/3 RED GINGHAM ROSE STORAGE BOX,48
12967,21485,RETROSPOT HEART HOT WATER BOTTLE,6
12967,22111,SCOTTIE DOG HOT WATER BOTTLE,36
12967,22128,PARTY CONES CANDY ASSORTED,60
12967,22180,RETROSPOT LAMP,6
12967,22276,WASH BAG VINTAGE ROSE PAISLEY,36
12967,22333,RETROSPOT PARTY BAG + STICKER SET,32
12967,22503,CABIN BAG VINTAGE PAISLEY,6
12967,22504,CABIN BAG VINTAGE RETROSPOT,6
12967,84997A,GREEN 3 PIECE POLKADOT CUTLERY SET,18
12967,84997B,RED 3 PIECE RETROSPOT CUTLERY SET,18
12967,84997C,BLUE 3 PIECE POLKADOT CUTLERY SET,18
12967,84997D,PINK 3 PIECE POLKADOT CUTLERY SET,24
12971,21463,MIRRORED DISCO BALL,16
12971,21464,DISCO BALL ROTATOR BATTERY OPERATED,6
12971,21801,CHRISTMAS TREE DECORATION WITH BELL,36
12971,21802,CHRISTMAS TREE HEART DECORATION,36
12971,21803,CHRISTMAS TREE STAR DECORATION,36
12971,21815,STAR  T-LIGHT HOLDER,12
12971,22086,PAPER CHAIN KIT 50'S CHRISTMAS,12
12971,22152,PLACE SETTING WHITE STAR,24
12971,22158,3 HEARTS HANGING DECORATION RUSTIC,8
12971,22579,WOODEN TREE CHRISTMAS SCANDINAVIAN,12
12971,22580,ADVENT CALENDAR GINGHAM SACK,3
12971,22593,CHRISTMAS GINGHAM STAR,12
12971,22594,CHRISTMAS GINGHAM TREE,24
12971,22595,CHRISTMAS GINGHAM HEART,12
12971,22807,SET OF 6 T-LIGHTS TOADSTOOLS,12
12971,22810,SET OF 6 T-LIGHTS SNOWMEN,12
12971,82578,KITCHEN METAL SIGN,12
12971,82580,BATHROOM METAL SIGN,12
12971,82581,TOILET METAL SIGN,12
12971,84347,ROTATING SILVER ANGELS T-LIGHT HLDR,6
12971,84946,ANTIQUE SILVER TEA GLASS ETCHED,12
12971,84949,SILVER HANGING T-LIGHT HOLDER,6
12980,35004C,SET OF 3 COLOURED  FLYING DUCKS,36
12980,82001S,VINYL RECORD FRAME SILVER,48
12980,84078A,SET/4 WHITE RETRO STORAGE CUBES,16
12989,48138,DOORMAT UNION FLAG,30
13000,20685,DOORMAT RED RETROSPOT,2
13000,21166,COOK WITH WINE METAL SIGN,12
13000,21175,GIN + TONIC DIET METAL SIGN,12
13000,21326,AGED GLASS SILVER T-LIGHT HOLDER,12
13000,21484,CHICK GREY HOT WATER BOTTLE,4
13000,21485,RETROSPOT HEART HOT WATER BOTTLE,3
13000,21524,DOORMAT SPOTTY HOME SWEET HOME,2
13000,22791,T-LIGHT GLASS FLUTED ANTIQUE,12
13000,22837,HOT WATER BOTTLE BABUSHKA,4
13000,48138,DOORMAT UNION FLAG,2
13000,85123A,WHITE HANGING HEART T-LIGHT HOLDER,12
13004,21481,FAWN BLUE HOT WATER BOTTLE,6
13004,21671,RED SPOT CERAMIC DRAWER KNOB,12
13004,22061,LARGE CAKE STAND  HANGING STRAWBERY,2
13004,22367,CHILDRENS APRON SPACEBOY DESIGN,8
13004,22620,4 TRADITIONAL SPINNING TOPS,12
13004,22645,CERAMIC HEART FAIRY CAKE MONEY BANK,12
13004,22720,SET OF 3 CAKE TINS PANTRY DESIGN,3
13004,22722,SET OF 6 SPICE TINS PANTRY DESIGN,4
13004,22771,CLEAR DRAWER KNOB ACRYLIC EDWARDIAN,12
13004,22773,GREEN DRAWER KNOB ACRYLIC EDWARDIAN,12
13004,22915,ASSORTED BOTTLE TOP  MAGNETS,12
13004,22922,FRIDGE MAGNETS US DINER ASSORTED,12
13004,22923,FRIDGE MAGNETS LES ENFANTS ASSORTED,12
13004,37446,MINI CAKE STAND WITH HANGING CAKES,8
13004,37449,CERAMIC CAKE STAND + HANGING CAKES,2
13004,47504K,ENGLISH ROSE GARDEN SECATEURS,24
13004,82483,WOOD 2 DRAWER CABINET WHITE FINISH,4
13004,82486,WOOD S/3 CABINET ANT WHITE FINISH,2
13004,84029G,KNITTED UNION FLAG HOT WATER BOTTLE,4
13004,84823,DANISH ROSE FOLDING CHAIR,2
13004,84978,HANGING HEART JAR T-LIGHT HOLDER,12
13004,85123A,WHITE HANGING HEART T-LIGHT HOLDER,6
13004,85212,MINI PAINTED GARDEN DECORATION,72
13011,22508,DOORSTOP RETROSPOT HEART,4
13011,82494L,WOODEN FRAME ANTIQUE WHITE,6
13011,85014A,BLACK/BLUE POLKADOT UMBRELLA,3
13013,15036,ASSORTED COLOURS SILK FAN,12
13013,20665,RED RETROSPOT PURSE,6
13013,20750,RED RETROSPOT MINI CASES,4
13013,20983,12 PENCILS TALL TUBE RED RETROSPOT,12
13013,21035,SET/2 RED RETROSPOT TEA TOWELS,6
13013,21080,SET/20 RED RETROSPOT PAPER NAPKINS,12
13013,21086,SET/6 RED SPOTTY PAPER CUPS,12
13013,21094,SET/6 RED SPOTTY PAPER PLATES,12
13013,21098,CHRISTMAS TOILET ROLL,12
13013,21114,LAVENDER SCENTED FABRIC HEART,20
13013,21121,SET/10 RED POLKADOT PARTY CANDLES,24
13013,21154,RED RETROSPOT OVEN GLOVE,10
13013,21155,RED RETROSPOT PEG BAG,6
13013,21210,SET OF 72 RETROSPOT PAPER  DOILIES,12
13013,21212,PACK OF 72 RETROSPOT CAKE CASES,48
13013,21216,"SET 3 RETROSPOT TEA,COFFEE,SUGAR",4
13013,21217,RED RETROSPOT ROUND CAKE TINS,3
13013,21527,RED RETROSPOT TRADITIONAL TEAPOT,2
13013,21531,RED RETROSPOT SUGAR JAM BOWL,6
13013,21539,RED RETROSPOT BUTTER DISH,3
13013,21592,RETROSPOT CIGAR BOX MATCHES,24
13013,21843,RED RETROSPOT CAKE STAND,6
13013,21844,RED RETROSPOT MUG,6
13013,22041,"RECORD FRAME 7"" SINGLE SIZE",12
13013,22072,RED RETROSPOT TEA CUP AND SAUCER,4
13013,22083,PAPER CHAIN KIT RETROSPOT,12
13013,22086,PAPER CHAIN KIT 50'S CHRISTMAS,12
13013,22090,PAPER BUNTING RETROSPOT,6
13013,22333,RETROSPOT PARTY BAG + STICKER SET,8
13013,22423,REGENCY CAKESTAND 3 TIER,3
13013,22449,SILK PURSE BABUSHKA PINK,12
13013,22450,SILK PURSE BABUSHKA BLUE,6
13013,22451,SILK PURSE BABUSHKA RED,12
13013,22452,MEASURING TAPE BABUSHKA PINK,6
13013,22454,MEASURING TAPE BABUSHKA RED,6
13013,22468,BABUSHKA LIGHTS STRING OF 10,4
13013,22557,PLASTERS IN TIN VINTAGE PAISLEY,12
13013,22558,CLOTHES PEGS RETROSPOT PACK 24,12
13013,22567,20 DOLLY PEGS RETROSPOT,12
13013,22697,GREEN REGENCY TEACUP AND SAUCER,12
13013,22699,ROSES REGENCY TEACUP AND SAUCER,12
13013,22731,3D CHRISTMAS STAMPS STICKERS,18
13013,22738,RIBBON REEL SNOWY VILLAGE,20
13013,22740,POLKADOT PEN,48
13013,22754,SMALL RED BABUSHKA NOTEBOOK,12
13013,22812,PACK 3 BOXES CHRISTMAS PANNETONE,12
13013,22813,PACK 3 BOXES BIRD PANNETONE,12
13013,22909,SET OF 20 VINTAGE CHRISTMAS NAPKINS,12
13013,22910,PAPER CHAIN KIT VINTAGE CHRISTMAS,12
13013,22941,CHRISTMAS LIGHTS 10 REINDEER,12
13013,22942,CHRISTMAS LIGHTS 10 SANTAS,6
13013,22943,CHRISTMAS LIGHTS 10 VINTAGE BAUBLES,12
13013,22952,60 CAKE CASES VINTAGE CHRISTMAS,24
13013,35004C,SET OF 3 COLOURED  FLYING DUCKS,3
13013,37343,POLKADOT MUG PINK,6
13013,84030E,ENGLISH ROSE HOT WATER BOTTLE,4
13013,84510A,SET OF 4 ENGLISH ROSE COASTERS,10
13013,84520B,PACK 20 ENGLISH ROSE PAPER NAPKINS,12
13013,84534B,FAIRY CAKE NOTEBOOK A5 SIZE,24
13013,84536A,ENGLISH ROSE NOTEBOOK A7 SIZE,16
13013,84692,BOX OF 24 COCKTAIL PARASOLS,50
13013,84879,ASSORTED COLOUR BIRD ORNAMENT,16
13013,84991,60 TEATIME FAIRY CAKE CASES,24
13013,85049E,SCANDINAVIAN REDS RIBBONS,12
13021,20972,PINK CREAM FELT CRAFT TRINKET BOX,24
13021,21484,CHICK GREY HOT WATER BOTTLE,4
13021,21485,RETROSPOT HEART HOT WATER BOTTLE,9
13021,22569,FELTCRAFT CUSHION BUTTERFLY,4
13021,22835,HOT WATER BOTTLE I AM SO POORLY,4
13021,22840,ROUND CAKE TIN VINTAGE RED,2
13021,85099B,JUMBO BAG RED RETROSPOT,10
13027,21212,PACK OF 72 RETROSPOT CAKE CASES,960
13027,21213,PACK OF 72 SKULL CAKE CASES,480
13027,21975,PACK OF 60 DINOSAUR CAKE CASES,480
13027,21977,PACK OF 60 PINK PAISLEY CAKE CASES,480
13027,84991,60 TEATIME FAIRY CAKE CASES,480
13027,84992,72 SWEETHEART FAIRY CAKE CASES,720
13029,22504,CABIN BAG VINTAGE RETROSPOT,30
13030,20658,RED RETROSPOT LUGGAGE TAG,3
13030,20669,RED HEART LUGGAGE TAG,2
13030,20713,JUMBO BAG OWLS,2
13030,20986,BLUE CALCULATOR RULER,7
13030,21258,VICTORIAN SEWING BOX LARGE,2
13030,21327,SKULLS WRITING SET,7
13030,21328,BALLOONS  WRITING SET,5
13030,21407,BROWN CHECK CAT DOORSTOP,1
13030,21621,VINTAGE UNION JACK BUNTING,1
13030,21675,BUTTERFLIES STICKERS,6
13030,21677,HEARTS  STICKERS,6
13030,21784,SHOE SHINE BOX,1
13030,21866,UNION JACK FLAG LUGGAGE TAG,3
13030,21928,JUMBO BAG SCANDINAVIAN PAISLEY,3
13030,21931,JUMBO STORAGE BAG SUKI,3
13030,21990,MODERN FLORAL STATIONERY SET,3
13030,22141,CHRISTMAS CRAFT TREE TOP ANGEL,1
13030,22149,FELTCRAFT 6 FLOWER FRIENDS,3
13030,22295,HEART FILIGREE DOVE LARGE,12
13030,22301,COFFEE MUG CAT + BIRD DESIGN,12
13030,22372,AIRLINE BAG VINTAGE WORLD CHAMPION,1
13030,22374,AIRLINE BAG VINTAGE JET SET RED,1
13030,22375,AIRLINE BAG VINTAGE JET SET BROWN,1
13030,22430,ENAMEL WATERING CAN CREAM,1
13030,22480,RED TEA TOWEL CLASSIC DESIGN,4
13030,22494,EMERGENCY FIRST AID TIN,1
13030,22505,MEMO BOARD COTTAGE DESIGN,4
13030,22507,MEMO BOARD RETROSPOT  DESIGN,1
13030,22524,CHILDRENS GARDEN GLOVES BLUE,1
13030,22561,WOODEN SCHOOL COLOURING SET,5
13030,22605,WOODEN CROQUET GARDEN SET,3
13030,22616,PACK OF 12 LONDON TISSUES,12
13030,22625,RED KITCHEN SCALES,1
13030,22635,CHILDS BREAKFAST SET DOLLY GIRL,1
13030,22654,DELUXE SEWING KIT,2
13030,22659,LUNCH BOX I LOVE LONDON,3
13030,22718,CARD CAT AND TREE,24
13030,22815,CARD PSYCHEDELIC APPLES,24
13030,22845,VINTAGE CREAM CAT FOOD CONTAINER,1
13030,22900,SET 2 TEA TOWELS I LOVE LONDON,5
13030,22952,60 CAKE CASES VINTAGE CHRISTMAS,3
13030,22964,3 PIECE SPACEBOY COOKIE CUTTER SET,1
13030,22965,3 TRADITIONAl BISCUIT CUTTERS  SET,1
13030,47369A,PINK GREEN EMBROIDERY COSMETIC BAG,2
13030,72802C,VANILLA SCENT CANDLE JEWELLED BOX,6
13030,84029G,KNITTED UNION FLAG HOT WATER BOTTLE,2
13030,84378,SET OF 3 HEART COOKIE CUTTERS,1
13030,85062,PEARL CRYSTAL PUMPKIN T-LIGHT HLDR,6
13030,85099C,JUMBO  BAG BAROQUE BLACK WHITE,2
13030,85183B,CHARLIE & LOLA WASTEPAPER BIN FLORA,1
13033,22357,KINGS CHOICE BISCUIT TIN,4
13033,22358,KINGS CHOICE TEA CADDY,6
13033,22380,TOY TIDY SPACEBOY,5
13033,22381,TOY TIDY PINK POLKADOT,5
13033,22385,JUMBO BAG SPACEBOY DESIGN,10
13033,22386,JUMBO BAG PINK POLKADOT,10
13033,22411,JUMBO SHOPPER VINTAGE RED PAISLEY,10
13033,22654,DELUXE SEWING KIT,3
13033,22663,JUMBO BAG DOLLY GIRL DESIGN,10
13033,85099B,JUMBO BAG RED RETROSPOT,10
13033,85099C,JUMBO  BAG BAROQUE BLACK WHITE,10
13034,20754,RETROSPOT RED WASHING UP GLOVES,6
13034,21035,SET/2 RED RETROSPOT TEA TOWELS,6
13034,21385,IVORY HANGING DECORATION  HEART,24
13034,22131,FOOD CONTAINER SET 3 LOVE HEART,6
13034,22135,LADLE LOVE HEART PINK,12
13034,22231,JIGSAW TREE WITH BIRDHOUSE,12
13034,22251,BIRDHOUSE DECORATION MAGIC GARDEN,12
13034,22252,BIRDCAGE DECORATION TEALIGHT HOLDER,12
13034,22469,HEART OF WICKER SMALL,12
13034,22470,HEART OF WICKER LARGE,6
13034,84879,ASSORTED COLOUR BIRD ORNAMENT,8
13047,21754,HOME BUILDING BLOCK WORD,3
13047,21755,LOVE BUILDING BLOCK WORD,3
13047,21756,BATH BUILDING BLOCK WORD,3
13047,21777,RECIPE BOX WITH METAL HEART,4
13047,22310,IVORY KNITTED MUG COSY,6
13047,22622,BOX OF VINTAGE ALPHABET BLOCKS,2
13047,22623,BOX OF VINTAGE JIGSAW BLOCKS,3
13047,22745,POPPY'S PLAYHOUSE BEDROOM,6
13047,22748,POPPY'S PLAYHOUSE KITCHEN,6
13047,22749,FELTCRAFT PRINCESS CHARLOTTE DOLL,8
13047,22912,YELLOW COAT RACK PARIS FASHION,3
13047,22913,RED COAT RACK PARIS FASHION,3
13047,22914,BLUE COAT RACK PARIS FASHION,3
13047,22960,JAM MAKING SET WITH JARS,6
13047,48187,DOORMAT NEW ENGLAND,4
13047,84879,ASSORTED COLOUR BIRD ORNAMENT,32
13047,84969,BOX OF 6 ASSORTED COLOUR TEASPOONS,6
13050,20727,LUNCH BAG  BLACK SKULL.,10
13050,20802,SMALL GLASS SUNDAE DISH CLEAR,36
13050,20972,PINK CREAM FELT CRAFT TRINKET BOX,12
13050,21041,RED RETROSPOT OVEN GLOVE DOUBLE,6
13050,21217,RED RETROSPOT ROUND CAKE TINS,2
13050,21314,SMALL GLASS HEART TRINKET POT,8
13050,21385,IVORY HANGING DECORATION  HEART,24
13050,21481,FAWN BLUE HOT WATER BOTTLE,6
13050,21484,CHICK GREY HOT WATER BOTTLE,4
13050,21485,RETROSPOT HEART HOT WATER BOTTLE,3
13050,21498,RED RETROSPOT WRAP,25
13050,21527,RED RETROSPOT TRADITIONAL TEAPOT,2
13050,21704,BAG 250g SWIRLY MARBLES,12
13050,21731,RED TOADSTOOL LED NIGHT LIGHT,12
13050,21735,TWO DOOR CURIO CABINET,2
13050,21790,VINTAGE SNAP CARDS,12
13050,21843,RED RETROSPOT CAKE STAND,1
13050,21868,POTTING SHED TEA MUG,24
13050,21871,SAVE THE PLANET MUG,12
13050,21874,GIN AND TONIC MUG,12
13050,21875,KINGS CHOICE MUG,12
13050,21876,POTTERING MUG,36
13050,21908,CHOCOLATE THIS WAY METAL SIGN,12
13050,21914,BLUE HARMONICA IN BOX,12
13050,22086,PAPER CHAIN KIT 50'S CHRISTMAS,18
13050,22111,SCOTTIE DOG HOT WATER BOTTLE,3
13050,22147,FELTCRAFT BUTTERFLY HEARTS,12
13050,22149,FELTCRAFT 6 FLOWER FRIENDS,6
13050,22151,PLACE SETTING WHITE HEART,24
13050,22154,ANGEL DECORATION 3 BUTTONS,96
13050,22158,3 HEARTS HANGING DECORATION RUSTIC,16
13050,22178,VICTORIAN GLASS HANGING T-LIGHT,24
13050,22381,TOY TIDY PINK POLKADOT,5
13050,22423,REGENCY CAKESTAND 3 TIER,2
13050,22458,CAST IRON HOOK GARDEN FORK,8
13050,22465,HANGING METAL STAR LANTERN,12
13050,22469,HEART OF WICKER SMALL,36
13050,22491,PACK OF 12 COLOURED PENCILS,12
13050,22585,PACK OF 6 BIRDY GIFT TAGS,12
13050,22620,4 TRADITIONAL SPINNING TOPS,12
13050,22652,TRAVEL SEWING KIT,10
13050,22669,RED BABY BUNTING,5
13050,22720,SET OF 3 CAKE TINS PANTRY DESIGN,3
13050,22722,SET OF 6 SPICE TINS PANTRY DESIGN,4
13050,22766,PHOTO FRAME CORNICE,8
13050,22767,TRIPLE PHOTO FRAME CORNICE,2
13050,22768,FAMILY PHOTO FRAME CORNICE,2
13050,22795,SWEETHEART RECIPE BOOK STAND,2
13050,22803,IVORY EMBROIDERED QUILT,1
13050,22838,3 TIER CAKE TIN RED AND CREAM,2
13050,22961,JAM MAKING SET PRINTED,12
13050,47591D,PINK FAIRY CAKE CHILDRENS APRON,8
13050,72816,SET/3 CHRISTMAS DECOUPAGE CANDLES,12
13050,82483,WOOD 2 DRAWER CABINET WHITE FINISH,4
13050,82484,WOOD BLACK BOARD ANT WHITE FINISH,3
13050,82494L,WOODEN FRAME ANTIQUE WHITE,6
13050,84030E,ENGLISH ROSE HOT WATER BOTTLE,4
13050,84380,SET OF 3 BUTTERFLY COOKIE CUTTERS,12
13050,85038,6 CHOCOLATE LOVE HEART T-LIGHTS,6
13050,85049E,SCANDINAVIAN REDS RIBBONS,12
13050,85199S,SMALL HANGING IVORY/RED WOOD BIRD,24
13050,85227,SET OF 6 3D KIT CARDS FOR KIDS,12
13065,21055,TOOL BOX SOFT TOY,1
13065,21136,PAINTED METAL PEARS ASSORTED,8
13065,21166,COOK WITH WINE METAL SIGN,12
13065,21340,CLASSIC METAL BIRDCAGE PLANT HOLDER,1
13065,22030,SWALLOWS GREETING CARD,12
13065,22112,CHOCOLATE HOT WATER BOTTLE,3
13065,22114,HOT WATER BOTTLE TEA AND SYMPATHY,4
13065,22457,NATURAL SLATE HEART CHALKBOARD,6
13065,22622,BOX OF VINTAGE ALPHABET BLOCKS,2
13065,22776,SWEETHEART CAKESTAND 3 TIER,1
13065,22794,SWEETHEART WIRE MAGAZINE RACK,2
13065,22969,HOMEMADE JAM SCENTED CANDLES,12
13065,71477,COLOUR GLASS. STAR T-LIGHT HOLDER,4
13065,85123A,WHITE HANGING HEART T-LIGHT HOLDER,6
13069,10002,INFLATABLE POLITICAL GLOBE,1
13069,10125,MINI FUNKY DESIGN TAPES,20
13069,10135,COLOURING PENCILS BROWN TUBE,40
13069,15039,SANDALWOOD FAN,2
13069,20725,LUNCH BAG RED RETROSPOT,10
13069,20726,LUNCH BAG WOODLAND,10
13069,20751,FUNKY WASHING UP GLOVES ASSORTED,2
13069,21034,REX CASH+CARRY JUMBO SHOPPER,2
13069,21360,JOY LARGE WOOD LETTERS,1
13069,21390,FILIGRIS HEART WITH BUTTERFLY,2
13069,21754,HOME BUILDING BLOCK WORD,18
13069,21870,I CAN ONLY PLEASE ONE PERSON MUG,1
13069,21873,IF YOU CAN'T STAND THE HEAT MUG,36
13069,21876,POTTERING MUG,36
13069,21879,HEARTS GIFT TAPE,24
13069,21880,RED RETROSPOT TAPE,24
13069,21882,SKULLS TAPE,24
13069,21883,STARS GIFT TAPE,24
13069,21892,TRADITIONAL WOODEN CATCH CUP GAME,2
13069,22077,6 RIBBONS RUSTIC CHARM,1
13069,22079,RIBBON REEL HEARTS DESIGN,1
13069,22080,RIBBON REEL POLKADOTS,1
13069,22082,RIBBON REEL STRIPES DESIGN,1
13069,22086,PAPER CHAIN KIT 50'S CHRISTMAS,1
13069,22117,METAL SIGN HER DINNER IS SERVED,12
13069,22130,PARTY CONE CHRISTMAS DECORATION,6
13069,22222,CAKE PLATE LOVEBIRD WHITE,12
13069,22297,HEART IVORY TRELLIS SMALL,2
13069,22343,PARTY PIZZA DISH RED RETROSPOT,24
13069,22344,PARTY PIZZA DISH PINK POLKADOT,24
13069,22345,PARTY PIZZA DISH BLUE POLKADOT,24
13069,22346,PARTY PIZZA DISH GREEN POLKADOT,24
13069,22377,BOTTLE BAG RETROSPOT,20
13069,22378,WALL TIDY RETROSPOT,20
13069,22383,LUNCH BAG SUKI  DESIGN,10
13069,22384,LUNCH BAG PINK POLKADOT,10
13069,22467,GUMBALL COAT RACK,1
13069,22470,HEART OF WICKER LARGE,5
13069,22511,RETROSPOT BABUSHKA DOORSTOP,8
13069,22512,DOORSTOP RACING CAR DESIGN,8
13069,22577,WOODEN HEART CHRISTMAS SCANDINAVIAN,5
13069,22578,WOODEN STAR CHRISTMAS SCANDINAVIAN,5
13069,22579,WOODEN TREE CHRISTMAS SCANDINAVIAN,5
13069,22581,WOOD STOCKING CHRISTMAS SCANDISPOT,5
13069,22593,CHRISTMAS GINGHAM STAR,10
13069,22594,CHRISTMAS GINGHAM TREE,10
13069,22595,CHRISTMAS GINGHAM HEART,10
13069,22600,CHRISTMAS RETROSPOT STAR WOOD,5
13069,22601,CHRISTMAS RETROSPOT ANGEL WOOD,5
13069,22602,CHRISTMAS RETROSPOT HEART WOOD,5
13069,22603,CHRISTMAS RETROSPOT TREE WOOD,5
13069,22630,DOLLY GIRL LUNCH BOX,1
13069,22632,HAND WARMER RED RETROSPOT,2
13069,22662,LUNCH BAG DOLLY GIRL DESIGN,4
13069,22694,WICKER STAR,2
13069,22700,BLACK AND WHITE DOG BOWL,24
13069,22702,BLACK AND WHITE CAT BOWL,24
13069,22735,RIBBON REEL SOCKS AND MITTENS,2
13069,22736,RIBBON REEL MAKING SNOWMEN,2
13069,22737,RIBBON REEL CHRISTMAS PRESENT,3
13069,22738,RIBBON REEL SNOWY VILLAGE,2
13069,22739,RIBBON REEL CHRISTMAS SOCK BAUBLE,2
13069,22809,SET OF 6 T-LIGHTS SANTA,2
13069,22834,HAND WARMER BABUSHKA DESIGN,26
13069,22865,HAND WARMER OWL DESIGN,5
13069,22866,HAND WARMER SCOTTY DOG DESIGN,5
13069,22867,HAND WARMER BIRD DESIGN,5
13069,22974,CHILDRENS DOLLY GIRL MUG,2
13069,70006,LOVE HEART POCKET WARMER,30
13069,70007,HI TEC ALPINE HAND WARMER,30
13069,84520B,PACK 20 ENGLISH ROSE PAPER NAPKINS,1
13069,85018D,YULETIDE IMAGES S/6 PAPER BOXES,1
13069,85199S,SMALL HANGING IVORY/RED WOOD BIRD,4
13069,90120D,WHITE MURANO TWIST BRACELET,1
13069,90129A,PINK GLASS TASSLE BAG CHARM,1
13069,90162B,ANT SILVER LIME GREEN BOUDICCA RING,1
13069,90162D,ANT SILVER PURPLE BOUDICCA RING,1
13077,18094C,WHITE AND BLUE CERAMIC OIL BURNER,12
13077,20668,DISCO BALL CHRISTMAS DECORATION,96
13077,21452,TOADSTOOL MONEY BOX,6
13077,21481,FAWN BLUE HOT WATER BOTTLE,6
13077,21498,RED RETROSPOT WRAP,25
13077,22072,RED RETROSPOT TEA CUP AND SAUCER,12
13077,22187,GREEN CHRISTMAS TREE CARD HOLDER,4
13077,22507,MEMO BOARD RETROSPOT  DESIGN,4
13077,22667,RECIPE BOX RETROSPOT,6
13077,71038,WHITE HANGING BEADS CANDLE HOLDER,4
13077,84029E,RED WOOLLY HOTTIE WHITE HEART.,24
13077,85118,HEART T-LIGHT HOLDER,48
13077,85175,CACTI T-LIGHT CANDLES,32
13077,85230G,ORANGE VOTIVE CANDLE,24
13078,21463,MIRRORED DISCO BALL,4
13078,21464,DISCO BALL ROTATOR BATTERY OPERATED,2
13078,21519,GIN & TONIC DIET GREETING CARD,12
13078,21745,GAOLERS KEYS DECORATIVE GARDEN,4
13078,21754,HOME BUILDING BLOCK WORD,3
13078,21755,LOVE BUILDING BLOCK WORD,3
13078,21791,VINTAGE HEADS AND TAILS CARD GAME,12
13078,21832,CHOCOLATE CALCULATOR,12
13078,21871,SAVE THE PLANET MUG,24
13078,21889,WOODEN BOX OF DOMINOES,12
13078,22028,PENNY FARTHING BIRTHDAY CARD,12
13078,22107,PIZZA PLATE IN BOX,4
13078,22109,FULL ENGLISH BREAKFAST PLATE,16
13078,22111,SCOTTIE DOG HOT WATER BOTTLE,24
13078,22191,IVORY DINER WALL CLOCK,2
13078,22192,BLUE DINER WALL CLOCK,2
13078,22193,RED DINER WALL CLOCK,2
13078,22468,BABUSHKA LIGHTS STRING OF 10,6
13078,22568,FELTCRAFT CUSHION OWL,24
13078,22569,FELTCRAFT CUSHION BUTTERFLY,24
13078,22624,IVORY KITCHEN SCALES,2
13078,22626,BLACK KITCHEN SCALES,2
13078,22654,DELUXE SEWING KIT,6
13078,82001S,VINYL RECORD FRAME SILVER,24
13078,82582,AREA PATROLLED METAL SIGN,24
13078,84029E,RED WOOLLY HOTTIE WHITE HEART.,24
13081,15060B,FAIRY CAKE DESIGN UMBRELLA,4
13081,20676,RED RETROSPOT BOWL,8
13081,20829,GLITTER HANGING BUTTERFLY STRING,8
13081,20963,APPLE BATH SPONGE,20
13081,20971,PINK BLUE FELT CRAFT TRINKET BOX,12
13081,20972,PINK CREAM FELT CRAFT TRINKET BOX,12
13081,21086,SET/6 RED SPOTTY PAPER CUPS,12
13081,21094,SET/6 RED SPOTTY PAPER PLATES,36
13081,21125,SET 6 FOOTBALL CELEBRATION CANDLES,12
13081,21164,HOME SWEET HOME METAL SIGN,12
13081,21211,SET OF 72 SKULL PAPER  DOILIES,12
13081,21224,SET/4 SKULL BADGES,10
13081,21232,STRAWBERRY CERAMIC TRINKET BOX,12
13081,21243,PINK  POLKADOT PLATE,8
13081,21429,RED GINGHAM ROSE JEWELLERY BOX,8
13081,21481,FAWN BLUE HOT WATER BOTTLE,12
13081,21504,SKULLS GREETING CARD,24
13081,21559,STRAWBERRY LUNCH BOX WITH CUTLERY,6
13081,21677,HEARTS  STICKERS,12
13081,21721,CANDY SHOP  STICKER SHEET,24
13081,21724,PANDA AND BUNNIES STICKER SHEET,12
13081,21726,MULTI HEARTS  STICKERS,12
13081,21731,RED TOADSTOOL LED NIGHT LIGHT,24
13081,21843,RED RETROSPOT CAKE STAND,2
13081,21877,HOME SWEET HOME MUG,12
13081,21947,SET OF 6 HEART CHOPSTICKS,12
13081,22024,RAINY LADIES BIRTHDAY CARD,12
13081,22029,SPACEBOY BIRTHDAY CARD,24
13081,22090,PAPER BUNTING RETROSPOT,24
13081,22111,SCOTTIE DOG HOT WATER BOTTLE,12
13081,22131,FOOD CONTAINER SET 3 LOVE HEART,12
13081,22133,PINK LOVE HEART SHAPE CUP,12
13081,22142,CHRISTMAS CRAFT WHITE FAIRY,12
13081,22197,SMALL POPCORN HOLDER,24
13081,22198,LARGE POPCORN HOLDER,12
13081,22200,FRYING PAN PINK POLKADOT,4
13081,22314,OFFICE MUG WARMER CHOC+BLUE,6
13081,22327,ROUND SNACK BOXES SET OF 4 SKULLS,6
13081,22348,TEA BAG PLATE RED RETROSPOT,12
13081,22418,10 COLOUR SPACEBOY PEN,24
13081,22431,WATERING CAN BLUE ELEPHANT,24
13081,22432,WATERING CAN PINK BUNNY,6
13081,22433,WATERING CAN GREEN DINOSAUR,12
13081,22434,BALLOON PUMP WITH 10 BALLOONS,8
13081,22466,FAIRY TALE COTTAGE NIGHTLIGHT,12
13081,22553,PLASTERS IN TIN SKULLS,24
13081,22568,FELTCRAFT CUSHION OWL,8
13081,22569,FELTCRAFT CUSHION BUTTERFLY,12
13081,22570,FELTCRAFT CUSHION RABBIT,8
13081,22616,PACK OF 12 LONDON TISSUES,48
13081,22629,SPACEBOY LUNCH BOX,12
13081,22633,HAND WARMER UNION JACK,96
13081,22662,LUNCH BAG DOLLY GIRL DESIGN,20
13081,22732,3D VINTAGE CHRISTMAS STICKERS,18
13081,22738,RIBBON REEL SNOWY VILLAGE,10
13081,22745,POPPY'S PLAYHOUSE BEDROOM,6
13081,22746,POPPY'S PLAYHOUSE LIVINGROOM,6
13081,22747,POPPY'S PLAYHOUSE BATHROOM,6
13081,22748,POPPY'S PLAYHOUSE KITCHEN,6
13081,22780,LIGHT GARLAND BUTTERFILES PINK,8
13081,22837,HOT WATER BOTTLE BABUSHKA,12
13081,22865,HAND WARMER OWL DESIGN,96
13081,22866,HAND WARMER SCOTTY DOG DESIGN,96
13081,22867,HAND WARMER BIRD DESIGN,96
13081,22910,PAPER CHAIN KIT VINTAGE CHRISTMAS,40
13081,22940,FELTCRAFT CHRISTMAS FAIRY,12
13081,37446,MINI CAKE STAND WITH HANGING CAKES,8
13081,84006,MAGIC TREE -PAPER FLOWERS,36
13081,84029E,RED WOOLLY HOTTIE WHITE HEART.,12
13081,84030E,ENGLISH ROSE HOT WATER BOTTLE,12
13081,84247G,"DECOUPAGE,GREETING CARD,",12
13081,84375,SET OF 20 KIDS COOKIE CUTTERS,12
13081,84988,SET OF 72 PINK HEART PAPER DOILIES,12
13081,84997D,PINK 3 PIECE POLKADOT CUTLERY SET,6
13089,18098C,PORCELAIN BUTTERFLY OIL BURNER,6
13089,21258,VICTORIAN SEWING BOX LARGE,8
13089,21259,VICTORIAN SEWING BOX SMALL,24
13089,21363,HOME SMALL WOOD LETTERS,9
13089,21445,12 PINK ROSE PEG PLACE SETTINGS,12
13089,21447,12 IVORY ROSE PEG PLACE SETTINGS,12
13089,21471,STRAWBERRY RAFFIA FOOD COVER,6
13089,21479,WHITE SKULL HOT WATER BOTTLE,48
13089,21481,FAWN BLUE HOT WATER BOTTLE,36
13089,21484,CHICK GREY HOT WATER BOTTLE,48
13089,21485,RETROSPOT HEART HOT WATER BOTTLE,60
13089,21733,RED HANGING HEART T-LIGHT HOLDER,24
13089,21870,I CAN ONLY PLEASE ONE PERSON MUG,24
13089,21874,GIN AND TONIC MUG,24
13089,22077,6 RIBBONS RUSTIC CHARM,24
13089,22112,CHOCOLATE HOT WATER BOTTLE,24
13089,22114,HOT WATER BOTTLE TEA AND SYMPATHY,24
13089,22169,FAMILY ALBUM WHITE PICTURE FRAME,8
13089,22178,VICTORIAN GLASS HANGING T-LIGHT,168
13089,22297,HEART IVORY TRELLIS SMALL,24
13089,22360,GLASS JAR ENGLISH CONFECTIONERY,24
13089,22423,REGENCY CAKESTAND 3 TIER,48
13089,22441,GROW YOUR OWN BASIL IN ENAMEL MUG,24
13089,22457,NATURAL SLATE HEART CHALKBOARD,12
13089,22469,HEART OF WICKER SMALL,24
13089,22470,HEART OF WICKER LARGE,12
13089,22558,CLOTHES PEGS RETROSPOT PACK 24,36
13089,22629,SPACEBOY LUNCH BOX,24
13089,22630,DOLLY GIRL LUNCH BOX,24
13089,22633,HAND WARMER UNION JACK,48
13089,22652,TRAVEL SEWING KIT,24
13089,22653,BUTTON BOX,24
13089,22654,DELUXE SEWING KIT,12
13089,22666,RECIPE BOX PANTRY YELLOW DESIGN,24
13089,22694,WICKER STAR,24
13089,22720,SET OF 3 CAKE TINS PANTRY DESIGN,6
13089,22722,SET OF 6 SPICE TINS PANTRY DESIGN,4
13089,22723,SET OF 6 HERB TINS SKETCHBOOK,4
13089,22798,ANTIQUE GLASS DRESSING TABLE POT,8
13089,22801,ANTIQUE GLASS PEDESTAL BOWL,4
13089,22834,HAND WARMER BABUSHKA DESIGN,48
13089,22835,HOT WATER BOTTLE I AM SO POORLY,24
13089,22837,HOT WATER BOTTLE BABUSHKA,36
13089,22865,HAND WARMER OWL DESIGN,96
13089,22867,HAND WARMER BIRD DESIGN,96
13089,22909,SET OF 20 VINTAGE CHRISTMAS NAPKINS,60
13089,22930,BAKING MOULD HEART MILK CHOCOLATE,6
13089,22931,BAKING MOULD HEART WHITE CHOCOLATE,6
13089,22960,JAM MAKING SET WITH JARS,30
13089,22961,JAM MAKING SET PRINTED,36
13089,22962,JAM JAR WITH PINK LID,12
13089,22963,JAM JAR WITH GREEN LID,12
13089,35961,FOLKART ZINC HEART CHRISTMAS DEC,48
13089,47570B,TEA TIME TABLE CLOTH,2
13089,72760B,VINTAGE CREAM 3 BASKET CAKE STAND,2
13089,79000,MOROCCAN TEA GLASS,24
13089,82482,WOODEN PICTURE FRAME WHITE FINISH,36
13089,82483,WOOD 2 DRAWER CABINET WHITE FINISH,32
13089,82486,WOOD S/3 CABINET ANT WHITE FINISH,12
13089,82494L,WOODEN FRAME ANTIQUE WHITE,24
13089,84029E,RED WOOLLY HOTTIE WHITE HEART.,48
13089,84030E,ENGLISH ROSE HOT WATER BOTTLE,24
13089,84836,ZINC METAL HEART DECORATION,72
13089,84879,ASSORTED COLOUR BIRD ORNAMENT,48
13089,84946,ANTIQUE SILVER TEA GLASS ETCHED,60
13089,84947,ANTIQUE SILVER TEA GLASS ENGRAVED,24
13089,84949,SILVER HANGING T-LIGHT HOLDER,528
13089,85014A,BLACK/BLUE POLKADOT UMBRELLA,6
13089,85123A,WHITE HANGING HEART T-LIGHT HOLDER,56
13090,21259,VICTORIAN SEWING BOX SMALL,24
13090,21421,PORCELAIN ROSE LARGE,12
13090,21422,PORCELAIN ROSE SMALL,16
13090,22178,VICTORIAN GLASS HANGING T-LIGHT,24
13090,22617,BAKING SET SPACEBOY DESIGN,48
13090,22622,BOX OF VINTAGE ALPHABET BLOCKS,72
13090,M,Manual,1
13092,21054,NURSE'S BAG SOFT TOY,3
13092,21055,TOOL BOX SOFT TOY,3
13092,21056,DOCTOR'S BAG SOFT TOY,3
13092,21452,TOADSTOOL MONEY BOX,6
13092,21890,S/6 WOODEN SKITTLES IN COTTON BAG,6
13092,22622,BOX OF VINTAGE ALPHABET BLOCKS,4
13092,22623,BOX OF VINTAGE JIGSAW BLOCKS,6
13093,15056BL,EDWARDIAN PARASOL BLACK,3
13093,20685,DOORMAT RED RETROSPOT,20
13093,20725,LUNCH BAG RED RETROSPOT,40
13093,20726,LUNCH BAG WOODLAND,30
13093,20728,LUNCH BAG CARS BLUE,30
13093,21210,SET OF 72 RETROSPOT PAPER  DOILIES,12
13093,21929,JUMBO BAG PINK VINTAGE PAISLEY,100
13093,22086,PAPER CHAIN KIT 50'S CHRISTMAS,100
13093,22328,ROUND SNACK BOXES SET OF 4 FRUITS,12
13093,22352,LUNCH BOX WITH CUTLERY RETROSPOT,12
13093,22378,WALL TIDY RETROSPOT,15
13093,22379,RECYCLING BAG RETROSPOT,15
13093,22380,TOY TIDY SPACEBOY,15
13093,22381,TOY TIDY PINK POLKADOT,15
13093,22383,LUNCH BAG SUKI  DESIGN,40
13093,22399,MAGNETS PACK OF 4 CHILDHOOD MEMORY,12
13093,22400,MAGNETS PACK OF 4 HOME SWEET HOME,12
13093,22402,MAGNETS PACK OF 4 VINTAGE COLLAGE,12
13093,22418,10 COLOUR SPACEBOY PEN,96
13093,22502,PICNIC BASKET WICKER SMALL,16
13093,22621,TRADITIONAL KNITTING NANCY,48
13093,22629,SPACEBOY LUNCH BOX,24
13093,22630,DOLLY GIRL LUNCH BOX,24
13093,22652,TRAVEL SEWING KIT,10
13093,22665,RECIPE BOX BLUE SKETCHBOOK DESIGN,18
13093,22693,GROW A FLYTRAP OR SUNFLOWER IN TIN,96
13093,22706,WRAP COWBOYS,50
13093,22768,FAMILY PHOTO FRAME CORNICE,32
13093,22837,HOT WATER BOTTLE BABUSHKA,72
13093,22846,BREAD BIN DINER STYLE RED,4
13093,22847,BREAD BIN DINER STYLE IVORY,8
13093,22848,BREAD BIN DINER STYLE PINK,4
13093,22960,JAM MAKING SET WITH JARS,36
13093,48111,DOORMAT 3 SMILEY CATS,20
13093,48116,DOORMAT MULTICOLOUR STRIPE,10
13093,48129,DOORMAT TOPIARY,10
13093,48138,DOORMAT UNION FLAG,10
13093,79321,CHILLI LIGHTS,96
13093,84050,PINK HEART SHAPE EGG FRYING PAN,48
13093,84692,BOX OF 24 COCKTAIL PARASOLS,100
13093,85099B,JUMBO BAG RED RETROSPOT,100
13093,85099F,JUMBO BAG STRAWBERRY,100
13093,85123A,WHITE HANGING HEART T-LIGHT HOLDER,32
13094,22174,PHOTO CUBE,48
13094,22791,T-LIGHT GLASS FLUTED ANTIQUE,72
13094,84946,ANTIQUE SILVER TEA GLASS ETCHED,72
13097,22467,GUMBALL COAT RACK,36
13097,22725,ALARM CLOCK BAKELIKE CHOCOLATE,4
13097,22726,ALARM CLOCK BAKELIKE GREEN,8
13097,22727,ALARM CLOCK BAKELIKE RED,8
13097,22728,ALARM CLOCK BAKELIKE PINK,8
13097,22729,ALARM CLOCK BAKELIKE ORANGE,8
13097,22730,ALARM CLOCK BAKELIKE IVORY,4
13097,84358,FLOOR LAMP SHADE WOOD BASE,2
13097,84360,TABLE LAMP WHITE SHADE WOOD BASE,2
13097,84665,SQUARE CHERRY BLOSSOM CABINET,4
13097,84666,SQUARE CHERRY BLOSSOM CABINET,6
13102,20966,SANDWICH BATH SPONGE,10
13102,22174,PHOTO CUBE,24
13102,22191,IVORY DINER WALL CLOCK,2
13102,22192,BLUE DINER WALL CLOCK,2
13102,22418,10 COLOUR SPACEBOY PEN,24
13102,22551,PLASTERS IN TIN SPACEBOY,24
13102,22614,PACK OF 12 SPACEBOY TISSUES,24
13102,22616,PACK OF 12 LONDON TISSUES,24
13102,22629,SPACEBOY LUNCH BOX,60
13102,22630,DOLLY GIRL LUNCH BOX,24
13102,22659,LUNCH BOX I LOVE LONDON,36
13102,22725,ALARM CLOCK BAKELIKE CHOCOLATE,8
13102,22726,ALARM CLOCK BAKELIKE GREEN,8
13102,22738,RIBBON REEL SNOWY VILLAGE,10
13102,22745,POPPY'S PLAYHOUSE BEDROOM,6
13102,22746,POPPY'S PLAYHOUSE LIVINGROOM,6
13102,22748,POPPY'S PLAYHOUSE KITCHEN,6
13102,22837,HOT WATER BOTTLE BABUSHKA,12
13102,22909,SET OF 20 VINTAGE CHRISTMAS NAPKINS,24
13102,22943,CHRISTMAS LIGHTS 10 VINTAGE BAUBLES,12
13102,22988,SOLDIERS EGG CUP,12
13102,79067,CORONA MEXICAN TRAY,4
13104,22560,TRADITIONAL MODELLING CLAY,96
13108,10135,COLOURING PENCILS BROWN TUBE,10
13108,21790,VINTAGE SNAP CARDS,48
13108,21791,VINTAGE HEADS AND TAILS CARD GAME,36
13108,22422,TOOTHPASTE TUBE PEN,12
13108,22491,PACK OF 12 COLOURED PENCILS,24
13108,22492,MINI PAINT SET VINTAGE,72
13108,22536,MAGIC DRAWING SLATE PURDEY,48
13108,22549,PICTURE DOMINOES,24
13108,22561,WOODEN SCHOOL COLOURING SET,12
13108,22752,SET 7 BABUSHKA NESTING BOXES,12
13113,21231,SWEETHEART CERAMIC TRINKET BOX,10
13113,21232,STRAWBERRY CERAMIC TRINKET BOX,15
13113,22131,FOOD CONTAINER SET 3 LOVE HEART,12
13113,22175,PINK OWL SOFT TOY,5
13113,22196,SMALL HEART MEASURING SPOONS,10
13113,22296,HEART IVORY TRELLIS LARGE,12
13113,22423,REGENCY CAKESTAND 3 TIER,16
13113,22457,NATURAL SLATE HEART CHALKBOARD,7
13113,37448,CERAMIC CAKE DESIGN SPOTTED MUG,8
13113,48194,DOORMAT HEARTS,10
13117,17084N,FAIRY DREAMS INCENSE,25
13117,17084P,DRAGONS BLOOD INCENSE,25
13117,17090A,LAVENDER INCENSE 40 CONES IN TIN,6
13117,17090D,VANILLA INCENSE 40 CONES IN TIN,6
13117,21128,GOLD FISHING GNOME,2
13117,21132,SILVER STANDING GNOME,4
13117,21284,RETROSPOT CANDLE  SMALL,12
13117,21547,CERAMIC BIRDHOUSE CRESTED TIT SMALL,6
13117,22075,6 RIBBONS ELEGANT CHRISTMAS,12
13117,22077,6 RIBBONS RUSTIC CHARM,12
13117,22144,CHRISTMAS CRAFT LITTLE FRIENDS,6
13117,22457,NATURAL SLATE HEART CHALKBOARD,6
13117,22607,WOODEN ROUNDERS GARDEN SET,2
13117,22652,TRAVEL SEWING KIT,10
13117,22763,KEY CABINET MA CAMPAGNE,2
13117,22824,3 TIER SWEETHEART GARDEN SHELF,1
13117,22940,FELTCRAFT CHRISTMAS FAIRY,4
13117,48116,DOORMAT MULTICOLOUR STRIPE,2
13117,72127,COLUMBIAN CANDLE ROUND,6
13117,72133,COLUMBIAN CANDLE RECTANGLE,6
13117,84029E,RED WOOLLY HOTTIE WHITE HEART.,4
13117,84763,ZINC FINISH 15CM PLANTER POTS,12
13117,84879,ASSORTED COLOUR BIRD ORNAMENT,8
13117,84945,MULTI COLOUR SILVER T-LIGHT HOLDER,12
13117,85049A,TRADITIONAL CHRISTMAS RIBBONS,12
13117,85049E,SCANDINAVIAN REDS RIBBONS,12
13124,17012C,ORIGAMI LAVENDER INCENSE/CANDL SET,5
13124,17012E,ORIGAMI OPIUM INCENSE/CANDLE SET,5
13124,17021,NAMASTE SWAGAT INCENSE,30
13124,20725,LUNCH BAG RED RETROSPOT,10
13124,20726,LUNCH BAG WOODLAND,10
13124,21014,SWISS CHALET TREE DECORATION,24
13124,21179,NO JUNK MAIL METAL SIGN,24
13124,21194,PINK  HONEYCOMB PAPER FAN,10
13124,21201,TROPICAL  HONEYCOMB PAPER GARLAND,10
13124,21206,STRAWBERRY HONEYCOMB  GARLAND,10
13124,21481,FAWN BLUE HOT WATER BOTTLE,4
13124,21485,RETROSPOT HEART HOT WATER BOTTLE,4
13124,21792,CLASSIC FRENCH STYLE BASKET GREEN,3
13124,21802,CHRISTMAS TREE HEART DECORATION,36
13124,21803,CHRISTMAS TREE STAR DECORATION,36
13124,21809,CHRISTMAS HANGING TREE WITH BELL,48
13124,21811,CHRISTMAS HANGING HEART WITH BELL,48
13124,21822,GLITTER CHRISTMAS TREE WITH BELLS,6
13124,21823,PAINTED METAL HEART WITH HOLLY BELL,24
13124,21824,PAINTED METAL STAR WITH HOLLY BELLS,24
13124,21908,CHOCOLATE THIS WAY METAL SIGN,12
13124,21981,PACK OF 12 WOODLAND TISSUES,12
13124,21982,PACK OF 12 SUKI TISSUES,12
13124,21984,PACK OF 12 PINK PAISLEY TISSUES,12
13124,22111,SCOTTIE DOG HOT WATER BOTTLE,6
13124,22219,LOVEBIRD HANGING DECORATION WHITE,72
13124,22291,HANGING CHICK CREAM DECORATION,24
13124,22382,LUNCH BAG SPACEBOY DESIGN,10
13124,22383,LUNCH BAG SUKI  DESIGN,20
13124,22469,HEART OF WICKER SMALL,8
13124,22585,PACK OF 6 BIRDY GIFT TAGS,10
13124,22629,SPACEBOY LUNCH BOX,6
13124,22630,DOLLY GIRL LUNCH BOX,6
13124,22631,CIRCUS PARADE LUNCH BOX,2
13124,22634,CHILDS BREAKFAST SET SPACEBOY,3
13124,22635,CHILDS BREAKFAST SET DOLLY GIRL,3
13124,22662,LUNCH BAG DOLLY GIRL DESIGN,20
13124,22720,SET OF 3 CAKE TINS PANTRY DESIGN,3
13124,22721,SET OF 3 CAKE TINS SKETCHBOOK,2
13124,22736,RIBBON REEL MAKING SNOWMEN,10
13124,22753,SMALL YELLOW BABUSHKA NOTEBOOK,12
13124,22754,SMALL RED BABUSHKA NOTEBOOK,12
13124,22755,SMALL PURPLE BABUSHKA NOTEBOOK,12
13124,22797,CHEST OF DRAWERS GINGHAM HEART,2
13124,22899,CHILDREN'S APRON DOLLY GIRL,6
13124,22910,PAPER CHAIN KIT VINTAGE CHRISTMAS,6
13124,22922,FRIDGE MAGNETS US DINER ASSORTED,12
13124,22923,FRIDGE MAGNETS LES ENFANTS ASSORTED,12
13124,22924,FRIDGE MAGNETS LA VIE EN ROSE,12
13124,22948,METAL DECORATION NAUGHTY CHILDREN,24
13124,47591B,SCOTTIES CHILDRENS APRON,6
13124,79067,CORONA MEXICAN TRAY,10
13124,79302M,"ART LIGHTS,FUNK MONKEY",3
13124,79321,CHILLI LIGHTS,4
13124,82551,LAUNDRY 15C METAL SIGN,12
13124,82599,FANNY'S REST STOPMETAL SIGN,12
13124,84754,S/15 SILVER GLASS BAUBLES IN BAG,12
13124,84879,ASSORTED COLOUR BIRD ORNAMENT,40
13124,84929,ASSTD FRUIT+FLOWERS FRIDGE MAGNETS,24
13124,85183A,CHARLIE & LOLA WASTEPAPER BIN BLUE,1
13124,85199S,SMALL HANGING IVORY/RED WOOD BIRD,72
13126,20992,JAZZ HEARTS PURSE NOTEBOOK,12
13126,21231,SWEETHEART CERAMIC TRINKET BOX,12
13126,21232,STRAWBERRY CERAMIC TRINKET BOX,12
13126,22059,CERAMIC STRAWBERRY DESIGN MUG,12
13126,22469,HEART OF WICKER SMALL,12
13126,22575,METAL MERRY CHRISTMAS WREATH,8
13126,22795,SWEETHEART RECIPE BOOK STAND,2
13126,37447,CERAMIC CAKE DESIGN SPOTTED PLATE,12
13126,37448,CERAMIC CAKE DESIGN SPOTTED MUG,12
13126,37495,FAIRY CAKE BIRTHDAY CANDLE SET,4
13126,71053,WHITE METAL LANTERN,4
13126,82482,WOODEN PICTURE FRAME WHITE FINISH,6
13126,82494L,WOODEN FRAME ANTIQUE WHITE,12
13138,15036,ASSORTED COLOURS SILK FAN,12
13138,20967,GREY FLORAL FELTCRAFT SHOULDER BAG,4
13138,20969,RED FLORAL FELTCRAFT SHOULDER BAG,4
13138,20970,PINK FLORAL FELTCRAFT SHOULDER BAG,4
13138,20971,PINK BLUE FELT CRAFT TRINKET BOX,12
13138,21257,VICTORIAN SEWING BOX MEDIUM,2
13138,21259,VICTORIAN SEWING BOX SMALL,2
13138,21408,SPOTTY PINK DUCK DOORSTOP,3
13138,21422,PORCELAIN ROSE SMALL,16
13138,22147,FELTCRAFT BUTTERFLY HEARTS,12
13138,22149,FELTCRAFT 6 FLOWER FRIENDS,6
13138,22585,PACK OF 6 BIRDY GIFT TAGS,12
13138,22915,ASSORTED BOTTLE TOP  MAGNETS,24
13138,84836,ZINC METAL HEART DECORATION,12
13140,21136,PAINTED METAL PEARS ASSORTED,8
13140,21166,COOK WITH WINE METAL SIGN,1
13140,21169,YOU'RE CONFUSING ME METAL SIGN,1
13140,21713,CITRONELLA CANDLE FLOWERPOT,4
13140,22093,MOTORING TISSUE BOX,1
13140,22095,LADS ONLY TISSUE BOX,1
13140,22295,HEART FILIGREE DOVE LARGE,12
13140,22335,HEART DECORATION PAINTED ZINC,8
13140,35833P,4 PINK FLOCK CHRISTMAS BALLS,2
13140,84836,ZINC METAL HEART DECORATION,12
13140,84879,ASSORTED COLOUR BIRD ORNAMENT,8
13140,84944,SET OF 6 KASHMIR FOLKART BAUBLES,6
13140,84975,HEART SHAPED MIRROR,2
13140,85048,15CM CHRISTMAS GLASS BALL 20 LIGHTS,4
13140,85123A,WHITE HANGING HEART T-LIGHT HOLDER,5
13145,22655,VINTAGE RED KITCHEN CABINET,1
13148,20725,LUNCH BAG RED RETROSPOT,10
13148,21136,PAINTED METAL PEARS ASSORTED,8
13148,21421,PORCELAIN ROSE LARGE,12
13148,21422,PORCELAIN ROSE SMALL,16
13148,22111,SCOTTIE DOG HOT WATER BOTTLE,12
13148,22178,VICTORIAN GLASS HANGING T-LIGHT,12
13148,22212,FOUR HOOK  WHITE LOVEBIRDS,6
13148,22470,HEART OF WICKER LARGE,6
13148,22768,FAMILY PHOTO FRAME CORNICE,2
13148,22779,WOODEN OWLS LIGHT GARLAND,4
13148,22822,CREAM WALL PLANTER HEART SHAPED,2
13148,84631,FRUIT TREE AND BIRDS WALL PLAQUE,2
13148,84799,SPRIG LAVENDER ARTIFICIAL FLOWER,48
13148,84879,ASSORTED COLOUR BIRD ORNAMENT,8
13148,84970S,HANGING HEART ZINC T-LIGHT HOLDER,12
13148,85114A,BLACK ENCHANTED FOREST PLACEMAT,6
13148,85114B,IVORY ENCHANTED FOREST PLACEMAT,6
13148,85123A,WHITE HANGING HEART T-LIGHT HOLDER,6
13155,20769,DAISY JOURNAL,1
13155,20775,DAISY NOTEBOOK,1
13155,20967,GREY FLORAL FELTCRAFT SHOULDER BAG,3
13155,20969,RED FLORAL FELTCRAFT SHOULDER BAG,3
13155,20971,PINK BLUE FELT CRAFT TRINKET BOX,2
13155,20972,PINK CREAM FELT CRAFT TRINKET BOX,5
13155,21034,REX CASH+CARRY JUMBO SHOPPER,2
13155,21080,SET/20 RED RETROSPOT PAPER NAPKINS,1
13155,21257,VICTORIAN SEWING BOX MEDIUM,4
13155,21258,VICTORIAN SEWING BOX LARGE,1
13155,21259,VICTORIAN SEWING BOX SMALL,2
13155,21506,"FANCY FONT BIRTHDAY CARD,",12
13155,21576,LETS GO SHOPPING COTTON TOTE BAG,3
13155,21577,SAVE THE PLANET COTTON TOTE BAG,3
13155,21578,WOODLAND DESIGN  COTTON TOTE BAG,3
13155,21791,VINTAGE HEADS AND TAILS CARD GAME,1
13155,21917,SET 12 KIDS  WHITE CHALK STICKS,1
13155,22077,6 RIBBONS RUSTIC CHARM,12
13155,22083,PAPER CHAIN KIT RETROSPOT,1
13155,22086,PAPER CHAIN KIT 50'S CHRISTMAS,1
13155,22121,NOEL WOODEN BLOCK LETTERS,1
13155,22141,CHRISTMAS CRAFT TREE TOP ANGEL,1
13155,22147,FELTCRAFT BUTTERFLY HEARTS,2
13155,22174,PHOTO CUBE,6
13155,22273,FELTCRAFT DOLL MOLLY,2
13155,22318,FIVE HEART HANGING DECORATION,3
13155,22328,ROUND SNACK BOXES SET OF 4 FRUITS,1
13155,22452,MEASURING TAPE BABUSHKA PINK,4
13155,22453,MEASURING TAPE BABUSHKA BLUE,4
13155,22454,MEASURING TAPE BABUSHKA RED,4
13155,22548,HEADS AND TAILS SPORTING FUN,1
13155,22549,PICTURE DOMINOES,1
13155,22558,CLOTHES PEGS RETROSPOT PACK 24,1
13155,22568,FELTCRAFT CUSHION OWL,1
13155,22569,FELTCRAFT CUSHION BUTTERFLY,5
13155,22570,FELTCRAFT CUSHION RABBIT,5
13155,22617,BAKING SET SPACEBOY DESIGN,2
13155,22623,BOX OF VINTAGE JIGSAW BLOCKS,1
13155,22652,TRAVEL SEWING KIT,8
13155,22866,HAND WARMER SCOTTY DOG DESIGN,1
13155,22907,PACK OF 20 NAPKINS PANTRY DESIGN,1
13155,22942,CHRISTMAS LIGHTS 10 SANTAS,1
13155,22952,60 CAKE CASES VINTAGE CHRISTMAS,1
13155,84520B,PACK 20 ENGLISH ROSE PAPER NAPKINS,1
13155,84569A,PACK 3 IRON ON DOG PATCHES,12
13155,84569B,PACK 3 FIRE ENGINE/CAR PATCHES,12
13155,84569D,PACK 6 HEART/ICE-CREAM PATCHES,12
13155,85132C,CHARLIE AND LOLA FIGURES TINS,1
13155,85178,VICTORIAN SEWING KIT,9
13155,85185B,PINK HORSE SOCK PUPPET,1
13155,85185D,FROG SOCK PUPPET,1
13165,17012C,ORIGAMI LAVENDER INCENSE/CANDL SET,96
13165,17013D,ORIGAMI ROSE INCENSE IN TUBE,96
13165,21198,WHITE HEART CONFETTI IN TUBE,48
13165,21199,PINK  HEART CONFETTI IN TUBE,48
13165,21773,DECORATIVE ROSE BATHROOM BOTTLE,24
13165,21879,HEARTS GIFT TAPE,24
13165,22222,CAKE PLATE LOVEBIRD WHITE,12
13165,22469,HEART OF WICKER SMALL,40
13165,22855,FINE WICKER HEART,48
13165,85034C,3 ROSE MORRIS BOXED CANDLES,12
13165,85169A,IVORY LOVE BIRD CANDLE,24
13165,85170C,SET/6 EAU DE NIL BIRD T-LIGHTS,12
13165,85170D,SET/6 PINK BIRD T-LIGHT CANDLES,12
13173,15056BL,EDWARDIAN PARASOL BLACK,2
13173,15056N,EDWARDIAN PARASOL NATURAL,2
13173,17084J,LOVE POTION MASALA INCENSE,25
13173,21064,BOOM BOX SPEAKER BOYS,1
13173,21533,RETROSPOT LARGE MILK JUG,4
13173,22111,SCOTTIE DOG HOT WATER BOTTLE,1
13173,22381,TOY TIDY PINK POLKADOT,1
13173,22434,BALLOON PUMP WITH 10 BALLOONS,1
13173,22440,BALLOON WATER BOMB PACK OF 35,1
13173,22481,BLACK TEA TOWEL CLASSIC DESIGN,24
13173,22616,PACK OF 12 LONDON TISSUES,12
13173,22867,HAND WARMER BIRD DESIGN,1
13173,22961,JAM MAKING SET PRINTED,1
13173,22962,JAM JAR WITH PINK LID,12
13173,70007,HI TEC ALPINE HAND WARMER,1
13173,79144B,PAINTED LIGHTBULB STAR+ MOON,2
13173,84029E,RED WOOLLY HOTTIE WHITE HEART.,4
13173,84375,SET OF 20 KIDS COOKIE CUTTERS,1
13173,84388,WISE MAN STAR SHAPE EGG PAN,1
13173,84945,MULTI COLOUR SILVER T-LIGHT HOLDER,12
13173,85014B,RED RETROSPOT UMBRELLA,2
13173,85049A,TRADITIONAL CHRISTMAS RIBBONS,1
13173,85174,S/4 CACTI CANDLES,2
13174,20685,DOORMAT RED RETROSPOT,1
13174,20829,GLITTER HANGING BUTTERFLY STRING,3
13174,20878,SET/9 CHRISTMAS T-LIGHTS SCENTED,5
13174,21014,SWISS CHALET TREE DECORATION,6
13174,21143,ANTIQUE GLASS HEART DECORATION,12
13174,21187,WHITE BELL HONEYCOMB PAPER GARLAND,15
13174,21191,LARGE WHITE HONEYCOMB PAPER BELL,3
13174,21192,WHITE BELL HONEYCOMB PAPER,8
13174,21202,DOLLY HONEYCOMB GARLAND,2
13174,21351,CINAMMON & ORANGE WREATH,6
13174,21361,LOVE LARGE WOOD LETTERS,1
13174,21363,HOME SMALL WOOD LETTERS,3
13174,21481,FAWN BLUE HOT WATER BOTTLE,2
13174,21484,CHICK GREY HOT WATER BOTTLE,3
13174,21485,RETROSPOT HEART HOT WATER BOTTLE,3
13174,21556,CERAMIC STRAWBERRY MONEY BOX,2
13174,21609,SET 12 LAVENDER  BOTANICAL T-LIGHTS,4
13174,21613,S/12 VANILLA  BOTANICAL T-LIGHTS,4
13174,21688,SILVER PLATE CANDLE BOWL SMALL,6
13174,21693,SMALL HAMMERED SILVER CANDLEPOT,6
13174,21695,SMALL SILVER FLOWER CANDLE POT,6
13174,21790,VINTAGE SNAP CARDS,6
13174,21791,VINTAGE HEADS AND TAILS CARD GAME,3
13174,21802,CHRISTMAS TREE HEART DECORATION,12
13174,21804,WHITE CHRISTMAS GARLAND STARS TREES,4
13174,21807,WHITE CHRISTMAS STAR DECORATION,8
13174,21813,GARLAND WITH STARS AND BELLS,6
13174,21820,GLITTER HEART GARLAND WITH BELLS,6
13174,21822,GLITTER CHRISTMAS TREE WITH BELLS,12
13174,21888,BINGO SET,2
13174,21889,WOODEN BOX OF DOMINOES,4
13174,21891,TRADITIONAL WOODEN SKIPPING ROPE,4
13174,21899,"KEY FOB , GARAGE DESIGN",3
13174,21900,"KEY FOB , SHED",3
13174,21901,"KEY FOB , BACK DOOR",6
13174,21910,WAY OUT METAL SIGN,1
13174,21911,GARDEN METAL SIGN,3
13174,21913,VINTAGE SEASIDE JIGSAW PUZZLES,2
13174,22086,PAPER CHAIN KIT 50'S CHRISTMAS,3
13174,22087,PAPER BUNTING WHITE LACE,6
13174,22110,BIRD HOUSE HOT WATER BOTTLE,3
13174,22111,SCOTTIE DOG HOT WATER BOTTLE,3
13174,22113,GREY HEART HOT WATER BOTTLE,3
13174,22141,CHRISTMAS CRAFT TREE TOP ANGEL,2
13174,22142,CHRISTMAS CRAFT WHITE FAIRY,3
13174,22144,CHRISTMAS CRAFT LITTLE FRIENDS,3
13174,22151,PLACE SETTING WHITE HEART,24
13174,22153,ANGEL DECORATION STARS ON DRESS,48
13174,22155,STAR DECORATION RUSTIC,48
13174,22156,HEART DECORATION WITH PEARLS,5
13174,22157,ANGEL DECORATION WITH LACE PADDED,24
13174,22188,BLACK HEART CARD HOLDER,4
13174,22294,HEART FILIGREE DOVE  SMALL,7
13174,22307,GOLD MUG BONE CHINA TREE OF LIFE,6
13174,22405,MONEY BOX POCKET MONEY DESIGN,6
13174,22406,MONEY BOX KINGS CHOICE DESIGN,6
13174,22461,SAVOY ART DECO CLOCK,2
13174,22497,SET OF 2 TINS VINTAGE BATHROOM,2
13174,22500,SET OF 2 TINS JARDIN DE PROVENCE,2
13174,22548,HEADS AND TAILS SPORTING FUN,1
13174,22550,HOLIDAY FUN LUDO,2
13174,22576,SWALLOW WOODEN CHRISTMAS DECORATION,8
13174,22579,WOODEN TREE CHRISTMAS SCANDINAVIAN,7
13174,22581,WOOD STOCKING CHRISTMAS SCANDISPOT,7
13174,22588,CARD HOLDER GINGHAM HEART,10
13174,22589,CARDHOLDER GINGHAM STAR,6
13174,22600,CHRISTMAS RETROSPOT STAR WOOD,7
13174,22602,CHRISTMAS RETROSPOT HEART WOOD,12
13174,22603,CHRISTMAS RETROSPOT TREE WOOD,13
13174,22622,BOX OF VINTAGE ALPHABET BLOCKS,2
13174,22623,BOX OF VINTAGE JIGSAW BLOCKS,2
13174,22632,HAND WARMER RED RETROSPOT,7
13174,22637,PIGGY BANK RETROSPOT,4
13174,22670,FRENCH WC SIGN BLUE METAL,3
13174,22672,FRENCH BATHROOM SIGN BLUE METAL,2
13174,22674,FRENCH TOILET SIGN BLUE METAL,3
13174,22690,DOORMAT HOME SWEET HOME BLUE,1
13174,22766,PHOTO FRAME CORNICE,4
13174,22767,TRIPLE PHOTO FRAME CORNICE,2
13174,22768,FAMILY PHOTO FRAME CORNICE,2
13174,22800,ANTIQUE TALL SWIRLGLASS TRINKET POT,4
13174,22809,SET OF 6 T-LIGHTS SANTA,6
13174,22810,SET OF 6 T-LIGHTS SNOWMEN,6
13174,22829,SWEETHEART WIRE WALL TIDY,2
13174,22830,UTILTY CABINET WITH HOOKS,1
13174,22833,HALL CABINET WITH 3 DRAWERS,1
13174,22863,SOAP DISH BROCANTE,2
13174,22866,HAND WARMER SCOTTY DOG DESIGN,6
13174,22867,HAND WARMER BIRD DESIGN,6
13174,22910,PAPER CHAIN KIT VINTAGE CHRISTMAS,5
13174,22943,CHRISTMAS LIGHTS 10 VINTAGE BAUBLES,2
13174,22969,HOMEMADE JAM SCENTED CANDLES,12
13174,35971,ROSE FOLKART HEART DECORATIONS,7
13174,48187,DOORMAT NEW ENGLAND,1
13174,48194,DOORMAT HEARTS,1
13174,70006,LOVE HEART POCKET WARMER,4
13174,70007,HI TEC ALPINE HAND WARMER,5
13174,72741,GRAND CHOCOLATECANDLE,9
13174,72816,SET/3 CHRISTMAS DECOUPAGE CANDLES,2
13174,79190D,RETRO PLASTIC DAISY TRAY,1
13174,79191C,RETRO PLASTIC ELEPHANT TRAY,1
13174,79321,CHILLI LIGHTS,2
13174,82551,LAUNDRY 15C METAL SIGN,3
13174,82552,WASHROOM METAL SIGN,4
13174,84029E,RED WOOLLY HOTTIE WHITE HEART.,4
13174,84347,ROTATING SILVER ANGELS T-LIGHT HLDR,4
13174,84375,SET OF 20 KIDS COOKIE CUTTERS,2
13174,84406B,CREAM CUPID HEARTS COAT HANGER,2
13174,84531A,PINK KNITTED EGG COSY,3
13174,84531B,BLUE KNITTED EGG COSY,2
13174,84792,ENCHANTED BIRD COATHANGER 5 HOOK,2
13174,84809A,WHITE CHRYSANTHEMUMS ART FLOWER,6
13174,84846A,SCENTED CANDLE IN DIGITALIS TIN,4
13174,84881,BLUE WIRE SPIRAL CANDLE HOLDER,2
13174,84946,ANTIQUE SILVER TEA GLASS ETCHED,12
13174,84950,ASSORTED COLOUR T-LIGHT HOLDER,12
13174,84970L,SINGLE HEART ZINC T-LIGHT HOLDER,12
13174,84970S,HANGING HEART ZINC T-LIGHT HOLDER,12
13174,84978,HANGING HEART JAR T-LIGHT HOLDER,6
13174,85025C,PINK HEART SHAPE PHOTO FRAME,3
13174,85048,15CM CHRISTMAS GLASS BALL 20 LIGHTS,6
13174,85123A,WHITE HANGING HEART T-LIGHT HOLDER,12
13178,20681,PINK POLKADOT CHILDRENS UMBRELLA,6
13178,20682,RED RETROSPOT CHILDRENS UMBRELLA,6
13178,20712,JUMBO BAG WOODLAND ANIMALS,10
13178,20713,JUMBO BAG OWLS,10
13178,20719,WOODLAND CHARLOTTE BAG,10
13178,20723,STRAWBERRY CHARLOTTE BAG,10
13178,20724,RED RETROSPOT CHARLOTTE BAG,10
13178,20725,LUNCH BAG RED RETROSPOT,20
13178,20726,LUNCH BAG WOODLAND,20
13178,20727,LUNCH BAG  BLACK SKULL.,20
13178,20728,LUNCH BAG CARS BLUE,20
13178,21429,RED GINGHAM ROSE JEWELLERY BOX,16
13178,21559,STRAWBERRY LUNCH BOX WITH CUTLERY,6
13178,21929,JUMBO BAG PINK VINTAGE PAISLEY,10
13178,21930,JUMBO STORAGE BAG SKULLS,10
13178,21931,JUMBO STORAGE BAG SUKI,20
13178,22328,ROUND SNACK BOXES SET OF 4 FRUITS,12
13178,22355,CHARLOTTE BAG SUKI DESIGN,10
13178,22356,CHARLOTTE BAG PINK POLKADOT,10
13178,22382,LUNCH BAG SPACEBOY DESIGN,20
13178,22383,LUNCH BAG SUKI  DESIGN,20
13178,22384,LUNCH BAG PINK POLKADOT,10
13178,22385,JUMBO BAG SPACEBOY DESIGN,10
13178,22386,JUMBO BAG PINK POLKADOT,10
13178,22411,JUMBO SHOPPER VINTAGE RED PAISLEY,10
13178,22502,PICNIC BASKET WICKER SMALL,8
13178,22629,SPACEBOY LUNCH BOX,12
13178,22630,DOLLY GIRL LUNCH BOX,12
13178,22661,CHARLOTTE BAG DOLLY GIRL DESIGN,10
13178,85099B,JUMBO BAG RED RETROSPOT,10
13178,85099C,JUMBO  BAG BAROQUE BLACK WHITE,10
13178,85099F,JUMBO BAG STRAWBERRY,10
13198,20780,BLACK EAR MUFF HEADPHONES,2
13198,21221,SET/4 BADGES CUTE CREATURES,10
13198,21224,SET/4 SKULL BADGES,10
13198,21556,CERAMIC STRAWBERRY MONEY BOX,6
13198,21731,RED TOADSTOOL LED NIGHT LIGHT,12
13198,21833,CAMOUFLAGE LED TORCH,12
13198,21843,RED RETROSPOT CAKE STAND,1
13198,21890,S/6 WOODEN SKITTLES IN COTTON BAG,6
13198,22149,FELTCRAFT 6 FLOWER FRIENDS,6
13198,22380,TOY TIDY SPACEBOY,5
13198,22475,SKULL DESIGN TV DINNER TRAY,6
13198,22530,MAGIC DRAWING SLATE DOLLY GIRL,24
13198,22537,MAGIC DRAWING SLATE DINOSAUR,24
13198,22539,MINI JIGSAW DOLLY GIRL,24
13198,22544,MINI JIGSAW SPACEBOY,24
13198,22637,PIGGY BANK RETROSPOT,4
13198,22650,CERAMIC PIRATE CHEST MONEY BANK,12
13198,22910,PAPER CHAIN KIT VINTAGE CHRISTMAS,12
13198,82616C,MIDNIGHT GLAMOUR SCARF KNITTING KIT,6
13198,84077,WORLD WAR 2 GLIDERS ASSTD DESIGNS,48
13198,85135C,RED DRAGONFLY HELICOPTER,2
13198,85136C,RED SHARK HELICOPTER,2
13198,85183A,CHARLIE & LOLA WASTEPAPER BIN BLUE,6
13198,85183B,CHARLIE & LOLA WASTEPAPER BIN FLORA,6
13199,21463,MIRRORED DISCO BALL,16
13199,21464,DISCO BALL ROTATOR BATTERY OPERATED,16
13199,21791,VINTAGE HEADS AND TAILS CARD GAME,24
13199,22398,MAGNETS PACK OF 4 SWALLOWS,24
13199,22435,SET OF 9 HEART SHAPED BALLOONS,60
13199,22555,PLASTERS IN TIN STRONGMAN,24
13199,22557,PLASTERS IN TIN VINTAGE PAISLEY,24
13199,22616,PACK OF 12 LONDON TISSUES,48
13199,84945,MULTI COLOUR SILVER T-LIGHT HOLDER,384
13199,84946,ANTIQUE SILVER TEA GLASS ETCHED,48
13209,21479,WHITE SKULL HOT WATER BOTTLE,4
13209,22184,CAKE STAND VICTORIAN FILIGREE LARGE,2
13209,22423,REGENCY CAKESTAND 3 TIER,3
13209,22470,HEART OF WICKER LARGE,6
13209,22760,"TRAY, BREAKFAST IN BED",2
13209,22766,PHOTO FRAME CORNICE,8
13209,22791,T-LIGHT GLASS FLUTED ANTIQUE,12
13209,72122,COFFEE SCENT PILLAR CANDLE,12
13209,79067,CORONA MEXICAN TRAY,12
13209,82494L,WOODEN FRAME ANTIQUE WHITE,6
13209,84029E,RED WOOLLY HOTTIE WHITE HEART.,8
13209,84946,ANTIQUE SILVER TEA GLASS ETCHED,36
13209,85123A,WHITE HANGING HEART T-LIGHT HOLDER,6
13211,21210,SET OF 72 RETROSPOT PAPER  DOILIES,6
13211,22086,PAPER CHAIN KIT 50'S CHRISTMAS,40
13221,21463,MIRRORED DISCO BALL,1
13221,21464,DISCO BALL ROTATOR BATTERY OPERATED,1
13221,21470,FLOWER VINE RAFFIA FOOD COVER,4
13221,21534,DAIRY MAID LARGE MILK JUG,4
13221,21658,GLASS  BEURRE DISH,4
13221,22032,BOTANICAL LILY GREETING CARD,12
13221,22033,BOTANICAL ROSE GREETING CARD,12
13221,22173,METAL 4 HOOK HANGER FRENCH CHATEAU,3
13221,22222,CAKE PLATE LOVEBIRD WHITE,12
13221,22358,KINGS CHOICE TEA CADDY,4
13221,22423,REGENCY CAKESTAND 3 TIER,3
13221,22425,ENAMEL COLANDER CREAM,2
13221,22429,ENAMEL MEASURING JUG CREAM,2
13221,22624,IVORY KITCHEN SCALES,2
13221,22625,RED KITCHEN SCALES,1
13221,22627,MINT KITCHEN SCALES,2
13221,22776,SWEETHEART CAKESTAND 3 TIER,3
13221,22801,ANTIQUE GLASS PEDESTAL BOWL,4
13221,79067,CORONA MEXICAN TRAY,4
13221,79329,PINK FLOCK GLASS CANDLEHOLDER,6
13221,82494L,WOODEN FRAME ANTIQUE WHITE,3
13221,82583,HOT BATHS METAL SIGN,12
13221,82600,NO SINGING METAL SIGN,12
13221,84751B,BLACK MEDIUM GLASS CAKE STAND,2
13221,84849D,HOT BATHS SOAP HOLDER,12
13221,84949,SILVER HANGING T-LIGHT HOLDER,6
13221,85146,JARDIN ETCHED GLASS SMALL BELL JAR,12
13221,90035A,"PEARL & SHELL 42""NECKL. GREEN",1
13221,90042A,FRESHWATER PEARL BRACELET GOLD,1
13221,90060B,FIRE POLISHED GLASS NECKL GOLD,1
13221,90060D,FIRE POLISHED GLASS NECKL BRONZE,1
13221,90133,TEAL/FUSCHIA COL BEAD NECKLACE,1
13221,90136,PALE PINK/AMETHYST STONE NECKLACE,1
13221,90178A,AMBER CHUNKY GLASS+BEAD NECKLACE,1
13221,90179A,AMBER FINE BEAD NECKLACE W TASSEL,1
13225,72349B,SET/6 PURPLE BUTTERFLY T-LIGHTS,144
13225,72351B,SET/6 PINK  BUTTERFLY T-LIGHTS,144
13225,85035B,CHOCOLATE 3 WICK MORRIS BOX CANDLE,288
13225,85035C,ROSE 3 WICK MORRIS BOX CANDLE,288
13230,21034,REX CASH+CARRY JUMBO SHOPPER,2
13230,21527,RED RETROSPOT TRADITIONAL TEAPOT,2
13230,22072,RED RETROSPOT TEA CUP AND SAUCER,2
13230,22156,HEART DECORATION WITH PEARLS,2
13230,22469,HEART OF WICKER SMALL,4
13230,22470,HEART OF WICKER LARGE,4
13230,22649,STRAWBERRY FAIRY CAKE TEAPOT,2
13230,22694,WICKER STAR,2
13230,22695,WICKER WREATH SMALL,4
13230,22696,WICKER WREATH LARGE,2
13230,22910,PAPER CHAIN KIT VINTAGE CHRISTMAS,3
13230,82484,WOOD BLACK BOARD ANT WHITE FINISH,2
13230,84946,ANTIQUE SILVER TEA GLASS ETCHED,2
13238,21258,VICTORIAN SEWING BOX LARGE,1
13238,22411,JUMBO SHOPPER VINTAGE RED PAISLEY,10
13238,22796,PHOTO FRAME 3 CLASSIC HANGING,2
13238,85099B,JUMBO BAG RED RETROSPOT,10
13238,85099C,JUMBO  BAG BAROQUE BLACK WHITE,10
13240,21012,ANTIQUE ALL GLASS CANDLESTICK,6
13240,21143,ANTIQUE GLASS HEART DECORATION,12
13240,21692,SILVER LATTICE VANILLA CANDLE POT,3
13240,21696,SMALL SILVER TRELLIS CANDLEPOT,6
13240,21730,GLASS STAR FROSTED T-LIGHT HOLDER,3
13240,21745,GAOLERS KEYS DECORATIVE GARDEN,3
13240,22113,GREY HEART HOT WATER BOTTLE,3
13240,22777,GLASS CLOCHE LARGE,1
13240,22778,GLASS CLOCHE SMALL,1
13240,22863,SOAP DISH BROCANTE,3
13240,22945,CHRISTMAS METAL TAGS ASSORTED,6
13240,71477,COLOUR GLASS. STAR T-LIGHT HOLDER,3
13240,84754,S/15 SILVER GLASS BAUBLES IN BAG,6
13240,85039C,S/4 BLACK MINI ROSE CANDLE IN BOWL,3
13240,85107,CUT GLASS T-LIGHT HOLDER OCTAGON,12
13240,85127,SMALL SQUARE CUT GLASS CANDLESTICK,3
13240,85169A,IVORY LOVE BIRD CANDLE,3
13240,85169B,BLACK LOVE BIRD CANDLE,3
13240,85170B,SET/6 BLACK BIRD T-LIGHT CANDLES,3
13240,85230B,CINNAMON SCENTED VOTIVE CANDLE,24
13240,85230G,ORANGE VOTIVE CANDLE,24
13255,21494,ROTATING LEAVES T-LIGHT HOLDER,12
13255,21915,RED  HARMONICA IN BOX,72
13255,22767,TRIPLE PHOTO FRAME CORNICE,4
13255,22768,FAMILY PHOTO FRAME CORNICE,4
13255,22938,CUPCAKE LACE PAPER SET 6,12
13255,82494L,WOODEN FRAME ANTIQUE WHITE,6
13267,18097C,WHITE TALL PORCELAIN T-LIGHT HOLDER,6
13267,21355,TOAST ITS - I LOVE YOU,12
13267,21484,CHICK GREY HOT WATER BOTTLE,4
13267,21871,SAVE THE PLANET MUG,12
13267,21877,HOME SWEET HOME MUG,12
13267,22113,GREY HEART HOT WATER BOTTLE,8
13267,22168,ORGANISER WOOD ANTIQUE WHITE,2
13267,22178,VICTORIAN GLASS HANGING T-LIGHT,24
13267,22423,REGENCY CAKESTAND 3 TIER,6
13267,22460,EMBOSSED GLASS TEALIGHT HOLDER,12
13267,22629,SPACEBOY LUNCH BOX,12
13267,22630,DOLLY GIRL LUNCH BOX,12
13267,22726,ALARM CLOCK BAKELIKE GREEN,4
13267,22728,ALARM CLOCK BAKELIKE PINK,4
13267,22760,"TRAY, BREAKFAST IN BED",3
13267,22834,HAND WARMER BABUSHKA DESIGN,12
13267,22837,HOT WATER BOTTLE BABUSHKA,16
13267,22867,HAND WARMER BIRD DESIGN,12
13267,82482,WOODEN PICTURE FRAME WHITE FINISH,6
13267,82484,WOOD BLACK BOARD ANT WHITE FINISH,3
13267,82486,WOOD S/3 CABINET ANT WHITE FINISH,8
13267,84755,COLOUR GLASS T-LIGHT HOLDER HANGING,64
13269,20914,SET/5 RED RETROSPOT LID GLASS BOWLS,6
13269,21232,STRAWBERRY CERAMIC TRINKET BOX,12
13269,21787,RAIN PONCHO RETROSPOT,24
13269,22041,"RECORD FRAME 7"" SINGLE SIZE",6
13269,22222,CAKE PLATE LOVEBIRD WHITE,12
13269,22343,PARTY PIZZA DISH RED RETROSPOT,24
13269,22346,PARTY PIZZA DISH GREEN POLKADOT,24
13269,22371,AIRLINE BAG VINTAGE TOKYO 78,4
13269,22374,AIRLINE BAG VINTAGE JET SET RED,4
13269,22375,AIRLINE BAG VINTAGE JET SET BROWN,4
13269,22439,6 ROCKET BALLOONS,24
13269,22531,MAGIC DRAWING SLATE CIRCUS PARADE,24
13269,22610,PENS ASSORTED FUNNY FACE,36
13269,22629,SPACEBOY LUNCH BOX,12
13269,22630,DOLLY GIRL LUNCH BOX,12
13269,22659,LUNCH BOX I LOVE LONDON,12
13269,22752,SET 7 BABUSHKA NESTING BOXES,2
13269,22837,HOT WATER BOTTLE BABUSHKA,8
13269,22867,HAND WARMER BIRD DESIGN,96
13269,22900,SET 2 TEA TOWELS I LOVE LONDON,6
13269,22941,CHRISTMAS LIGHTS 10 REINDEER,2
13269,22943,CHRISTMAS LIGHTS 10 VINTAGE BAUBLES,15
13269,22952,60 CAKE CASES VINTAGE CHRISTMAS,24
13269,22966,GINGERBREAD MAN COOKIE CUTTER,12
13269,82552,WASHROOM METAL SIGN,12
13269,85099B,JUMBO BAG RED RETROSPOT,10
13270,51008,AFGHAN SLIPPER SOCK PAIR,200
13295,20685,DOORMAT RED RETROSPOT,2
13295,21733,RED HANGING HEART T-LIGHT HOLDER,6
13295,22636,CHILDS BREAKFAST SET CIRCUS PARADE,2
13295,22834,HAND WARMER BABUSHKA DESIGN,12
13295,22904,CALENDAR PAPER CUT DESIGN,6
13295,22905,CALENDAR IN SEASON DESIGN,6
13295,72351A,SET/6 TURQUOISE BUTTERFLY T-LIGHTS,12
13295,72351B,SET/6 PINK  BUTTERFLY T-LIGHTS,12
13295,85039A,SET/4 RED MINI ROSE CANDLE IN BOWL,12
13295,85039B,S/4 IVORY MINI ROSE CANDLE IN BOWL,12
13304,17021,NAMASTE SWAGAT INCENSE,36
13304,20961,STRAWBERRY BATH SPONGE,10
13304,21155,RED RETROSPOT PEG BAG,6
13304,21485,RETROSPOT HEART HOT WATER BOTTLE,3
13304,21983,PACK OF 12 BLUE PAISLEY TISSUES,24
13304,21985,PACK OF 12 HEARTS DESIGN TISSUES,48
13304,22096,PINK PAISLEY SQUARE TISSUE BOX,12
13304,22111,SCOTTIE DOG HOT WATER BOTTLE,3
13304,22112,CHOCOLATE HOT WATER BOTTLE,3
13304,22196,SMALL HEART MEASURING SPOONS,12
13304,22411,JUMBO SHOPPER VINTAGE RED PAISLEY,10
13304,22419,LIPSTICK PEN RED,12
13304,22605,WOODEN CROQUET GARDEN SET,1
13304,22966,GINGERBREAD MAN COOKIE CUTTER,12
13304,22988,SOLDIERS EGG CUP,12
13304,48129,DOORMAT TOPIARY,2
13304,84674,FLYING PIG WATERING CAN,6
13304,85014B,RED RETROSPOT UMBRELLA,3
13304,85099B,JUMBO BAG RED RETROSPOT,10
13304,85099C,JUMBO  BAG BAROQUE BLACK WHITE,10
13304,85180A,RED HEARTS LIGHT CHAIN,3
13305,21385,IVORY HANGING DECORATION  HEART,24
13305,22465,HANGING METAL STAR LANTERN,24
13305,22740,POLKADOT PEN,48
13305,22855,FINE WICKER HEART,12
13305,85061W,WHITE JEWELLED HEART DECORATION,24
13317,21527,RED RETROSPOT TRADITIONAL TEAPOT,2
13317,21844,RED RETROSPOT MUG,6
13317,22720,SET OF 3 CAKE TINS PANTRY DESIGN,3
13317,22802,FAUX FUR CHOCOLATE THROW,1
13317,22930,BAKING MOULD HEART MILK CHOCOLATE,6
13317,22931,BAKING MOULD HEART WHITE CHOCOLATE,6
13317,22933,BAKING MOULD EASTER EGG MILK CHOC,6
13317,22934,BAKING MOULD EASTER EGG WHITE CHOC,6
13317,22935,BAKING MOULD ROSE MILK CHOCOLATE,6
13317,22937,BAKING MOULD CHOCOLATE CUPCAKES,6
13317,22961,JAM MAKING SET PRINTED,12
13317,47566,PARTY BUNTING,5
13317,84029G,KNITTED UNION FLAG HOT WATER BOTTLE,4
13317,84992,72 SWEETHEART FAIRY CAKE CASES,24
13319,20725,LUNCH BAG RED RETROSPOT,10
13319,20726,LUNCH BAG WOODLAND,10
13319,20727,LUNCH BAG  BLACK SKULL.,10
13319,21212,PACK OF 72 RETROSPOT CAKE CASES,24
13319,21479,WHITE SKULL HOT WATER BOTTLE,8
13319,21481,FAWN BLUE HOT WATER BOTTLE,12
13319,21485,RETROSPOT HEART HOT WATER BOTTLE,9
13319,21527,RED RETROSPOT TRADITIONAL TEAPOT,4
13319,21539,RED RETROSPOT BUTTER DISH,3
13319,21671,RED SPOT CERAMIC DRAWER KNOB,12
13319,21673,WHITE SPOT BLUE CERAMIC DRAWER KNOB,12
13319,21877,HOME SWEET HOME MUG,12
13319,22072,RED RETROSPOT TEA CUP AND SAUCER,8
13319,22086,PAPER CHAIN KIT 50'S CHRISTMAS,18
13319,22087,PAPER BUNTING WHITE LACE,6
13319,22111,SCOTTIE DOG HOT WATER BOTTLE,6
13319,22141,CHRISTMAS CRAFT TREE TOP ANGEL,12
13319,22178,VICTORIAN GLASS HANGING T-LIGHT,24
13319,22180,RETROSPOT LAMP,1
13319,22271,FELTCRAFT DOLL ROSIE,6
13319,22328,ROUND SNACK BOXES SET OF 4 FRUITS,6
13319,22382,LUNCH BAG SPACEBOY DESIGN,10
13319,22423,REGENCY CAKESTAND 3 TIER,6
13319,22457,NATURAL SLATE HEART CHALKBOARD,12
13319,22472,TV DINNER TRAY DOLLY GIRL,3
13319,22474,SPACEBOY TV DINNER TRAY,6
13319,22556,PLASTERS IN TIN CIRCUS PARADE,12
13319,22697,GREEN REGENCY TEACUP AND SAUCER,6
13319,22699,ROSES REGENCY TEACUP AND SAUCER,6
13319,22720,SET OF 3 CAKE TINS PANTRY DESIGN,3
13319,22725,ALARM CLOCK BAKELIKE CHOCOLATE,4
13319,22726,ALARM CLOCK BAKELIKE GREEN,12
13319,22727,ALARM CLOCK BAKELIKE RED,4
13319,22729,ALARM CLOCK BAKELIKE ORANGE,4
13319,22798,ANTIQUE GLASS DRESSING TABLE POT,8
13319,22834,HAND WARMER BABUSHKA DESIGN,48
13319,22837,HOT WATER BOTTLE BABUSHKA,8
13319,22840,ROUND CAKE TIN VINTAGE RED,4
13319,22842,BISCUIT TIN VINTAGE RED,2
13319,22843,BISCUIT TIN VINTAGE GREEN,2
13319,22867,HAND WARMER BIRD DESIGN,24
13319,22922,FRIDGE MAGNETS US DINER ASSORTED,12
13319,22930,BAKING MOULD HEART MILK CHOCOLATE,6
13319,22931,BAKING MOULD HEART WHITE CHOCOLATE,6
13319,22937,BAKING MOULD CHOCOLATE CUPCAKES,6
13319,22940,FELTCRAFT CHRISTMAS FAIRY,4
13319,22943,CHRISTMAS LIGHTS 10 VINTAGE BAUBLES,9
13319,22952,60 CAKE CASES VINTAGE CHRISTMAS,24
13319,22960,JAM MAKING SET WITH JARS,6
13319,22961,JAM MAKING SET PRINTED,36
13319,22969,HOMEMADE JAM SCENTED CANDLES,12
13319,47566,PARTY BUNTING,10
13319,79067,CORONA MEXICAN TRAY,8
13319,79321,CHILLI LIGHTS,8
13319,84347,ROTATING SILVER ANGELS T-LIGHT HLDR,12
13319,84879,ASSORTED COLOUR BIRD ORNAMENT,32
13319,84946,ANTIQUE SILVER TEA GLASS ETCHED,24
13319,85038,6 CHOCOLATE LOVE HEART T-LIGHTS,12
13324,22423,REGENCY CAKESTAND 3 TIER,16
13324,22665,RECIPE BOX BLUE SKETCHBOOK DESIGN,24
13324,22666,RECIPE BOX PANTRY YELLOW DESIGN,24
13324,22961,JAM MAKING SET PRINTED,96
13324,47567B,TEA TIME KITCHEN APRON,50
13327,20713,JUMBO BAG OWLS,20
13327,21181,PLEASE ONE PERSON METAL SIGN,12
13327,21931,JUMBO STORAGE BAG SUKI,20
13327,22086,PAPER CHAIN KIT 50'S CHRISTMAS,12
13327,22111,SCOTTIE DOG HOT WATER BOTTLE,12
13327,22112,CHOCOLATE HOT WATER BOTTLE,12
13327,22142,CHRISTMAS CRAFT WHITE FAIRY,12
13327,22197,SMALL POPCORN HOLDER,12
13327,22198,LARGE POPCORN HOLDER,12
13327,22779,WOODEN OWLS LIGHT GARLAND,16
13327,22780,LIGHT GARLAND BUTTERFILES PINK,16
13327,22834,HAND WARMER BABUSHKA DESIGN,24
13327,22910,PAPER CHAIN KIT VINTAGE CHRISTMAS,12
13327,22969,HOMEMADE JAM SCENTED CANDLES,12
13327,79321,CHILLI LIGHTS,12
13327,82583,HOT BATHS METAL SIGN,12
13327,82600,NO SINGING METAL SIGN,12
13327,84375,SET OF 20 KIDS COOKIE CUTTERS,12
13327,85048,15CM CHRISTMAS GLASS BALL 20 LIGHTS,2
13327,85099B,JUMBO BAG RED RETROSPOT,10
13327,85150,LADIES & GENTLEMEN METAL SIGN,12
13329,21213,PACK OF 72 SKULL CAKE CASES,24
13329,21843,RED RETROSPOT CAKE STAND,12
13329,22553,PLASTERS IN TIN SKULLS,24
13329,22910,PAPER CHAIN KIT VINTAGE CHRISTMAS,18
13329,22952,60 CAKE CASES VINTAGE CHRISTMAS,48
13329,84692,BOX OF 24 COCKTAIL PARASOLS,25
13329,84946,ANTIQUE SILVER TEA GLASS ETCHED,24
13369,21231,SWEETHEART CERAMIC TRINKET BOX,12
13369,21733,RED HANGING HEART T-LIGHT HOLDER,12
13369,22227,HANGING HEART MIRROR DECORATION,24
13369,22893,MINI CAKE STAND T-LIGHT HOLDER,24
13369,37446,MINI CAKE STAND WITH HANGING CAKES,32
13369,37449,CERAMIC CAKE STAND + HANGING CAKES,2
13369,37495,FAIRY CAKE BIRTHDAY CANDLE SET,4
13369,84192,ASSORTED COLOUR METAL CAT,12
13369,84875B,GREEN SQUARE COMPACT MIRROR,4
13369,84876D,BLUE HEART COMPACT MIRROR,4
13369,84877D,BLUE ROUND COMPACT MIRROR,4
13369,85123A,WHITE HANGING HEART T-LIGHT HOLDER,12
13369,90211B,JET BLACK LAS VEGAS NECKLACE 45CM,2
13369,C2,CARRIAGE,1
13370,21591,COSY HOUR CIGAR BOX MATCHES,24
13370,21755,LOVE BUILDING BLOCK WORD,3
13370,21790,VINTAGE SNAP CARDS,12
13370,21791,VINTAGE HEADS AND TAILS CARD GAME,12
13370,21889,WOODEN BOX OF DOMINOES,12
13370,21890,S/6 WOODEN SKITTLES IN COTTON BAG,6
13370,21892,TRADITIONAL WOODEN CATCH CUP GAME,12
13370,21990,MODERN FLORAL STATIONERY SET,6
13370,21993,FLORAL FOLK STATIONERY SET,6
13370,22169,FAMILY ALBUM WHITE PICTURE FRAME,2
13370,22423,REGENCY CAKESTAND 3 TIER,2
13370,22468,BABUSHKA LIGHTS STRING OF 10,4
13370,22549,PICTURE DOMINOES,12
13370,22620,4 TRADITIONAL SPINNING TOPS,12
13370,22621,TRADITIONAL KNITTING NANCY,12
13370,22622,BOX OF VINTAGE ALPHABET BLOCKS,4
13370,22623,BOX OF VINTAGE JIGSAW BLOCKS,6
13370,22632,HAND WARMER RED RETROSPOT,12
13370,22635,CHILDS BREAKFAST SET DOLLY GIRL,2
13370,22636,CHILDS BREAKFAST SET CIRCUS PARADE,2
13370,22697,GREEN REGENCY TEACUP AND SAUCER,6
13370,22699,ROSES REGENCY TEACUP AND SAUCER,6
13370,22745,POPPY'S PLAYHOUSE BEDROOM,6
13370,22746,POPPY'S PLAYHOUSE LIVINGROOM,6
13370,22747,POPPY'S PLAYHOUSE BATHROOM,6
13370,22748,POPPY'S PLAYHOUSE KITCHEN,6
13370,22759,SET OF 3 NOTEBOOKS IN PARCEL,12
13370,22798,ANTIQUE GLASS DRESSING TABLE POT,8
13370,22800,ANTIQUE TALL SWIRLGLASS TRINKET POT,4
13370,22834,HAND WARMER BABUSHKA DESIGN,12
13370,22845,VINTAGE CREAM CAT FOOD CONTAINER,2
13370,22865,HAND WARMER OWL DESIGN,12
13370,22940,FELTCRAFT CHRISTMAS FAIRY,8
13370,22941,CHRISTMAS LIGHTS 10 REINDEER,2
13370,22943,CHRISTMAS LIGHTS 10 VINTAGE BAUBLES,6
13370,22960,JAM MAKING SET WITH JARS,6
13370,79000,MOROCCAN TEA GLASS,12
13370,84077,WORLD WAR 2 GLIDERS ASSTD DESIGNS,48
13370,84945,MULTI COLOUR SILVER T-LIGHT HOLDER,12
13402,20914,SET/5 RED RETROSPOT LID GLASS BOWLS,12
13402,21059,PARTY INVITES DINOSAURS,12
13402,21063,PARTY INVITES JAZZ HEARTS,12
13402,21213,PACK OF 72 SKULL CAKE CASES,24
13402,21506,"FANCY FONT BIRTHDAY CARD,",12
13402,21519,GIN & TONIC DIET GREETING CARD,12
13402,21975,PACK OF 60 DINOSAUR CAKE CASES,24
13402,22328,ROUND SNACK BOXES SET OF 4 FRUITS,12
13402,22427,ENAMEL FLOWER JUG CREAM,3
13402,22429,ENAMEL MEASURING JUG CREAM,4
13402,22624,IVORY KITCHEN SCALES,2
13402,22625,RED KITCHEN SCALES,2
13402,22667,RECIPE BOX RETROSPOT,6
13402,22898,CHILDRENS APRON APPLES DESIGN,8
13402,22988,SOLDIERS EGG CUP,12
13402,72741,GRAND CHOCOLATECANDLE,9
13402,84375,SET OF 20 KIDS COOKIE CUTTERS,24
13408,20982,12 PENCILS TALL TUBE SKULLS,24
13408,20983,12 PENCILS TALL TUBE RED RETROSPOT,24
13408,21390,FILIGRIS HEART WITH BUTTERFLY,72
13408,21485,RETROSPOT HEART HOT WATER BOTTLE,12
13408,21506,"FANCY FONT BIRTHDAY CARD,",24
13408,21527,RED RETROSPOT TRADITIONAL TEAPOT,4
13408,21914,BLUE HARMONICA IN BOX,12
13408,21915,RED  HARMONICA IN BOX,12
13408,21928,JUMBO BAG SCANDINAVIAN PAISLEY,100
13408,21930,JUMBO STORAGE BAG SKULLS,100
13408,22047,EMPIRE GIFT WRAP,50
13408,22083,PAPER CHAIN KIT RETROSPOT,40
13408,22147,FELTCRAFT BUTTERFLY HEARTS,40
13408,22150,3 STRIPEY MICE FELTCRAFT,40
13408,22189,CREAM HEART CARD HOLDER,12
13408,22294,HEART FILIGREE DOVE  SMALL,72
13408,22295,HEART FILIGREE DOVE LARGE,72
13408,22349,DOG BOWL CHASING BALL DESIGN,12
13408,22423,REGENCY CAKESTAND 3 TIER,16
13408,22456,NATURAL SLATE CHALKBOARD LARGE,12
13408,22469,HEART OF WICKER SMALL,40
13408,22558,CLOTHES PEGS RETROSPOT PACK 24,48
13408,22574,HEART WOODEN CHRISTMAS DECORATION,72
13408,22632,HAND WARMER RED RETROSPOT,96
13408,22633,HAND WARMER UNION JACK,96
13408,22652,TRAVEL SEWING KIT,20
13408,22792,FLUTED ANTIQUE CANDLE HOLDER,72
13408,22800,ANTIQUE TALL SWIRLGLASS TRINKET POT,32
13408,22855,FINE WICKER HEART,48
13408,22865,HAND WARMER OWL DESIGN,96
13408,22866,HAND WARMER SCOTTY DOG DESIGN,96
13408,22909,SET OF 20 VINTAGE CHRISTMAS NAPKINS,36
13408,22910,PAPER CHAIN KIT VINTAGE CHRISTMAS,120
13408,70006,LOVE HEART POCKET WARMER,60
13408,82600,NO SINGING METAL SIGN,24
13408,85123A,WHITE HANGING HEART T-LIGHT HOLDER,32
13408,85152,HAND OVER THE CHOCOLATE   SIGN,12
13418,20704,MR ROBOT SOFT TOY,8
13418,20705,MRS ROBOT SOFT TOY,8
13418,20914,SET/5 RED RETROSPOT LID GLASS BOWLS,6
13418,21212,PACK OF 72 RETROSPOT CAKE CASES,72
13418,21584,RETROSPOT SMALL TUBE MATCHES,20
13418,21588,RETROSPOT GIANT TUBE MATCHES,12
13418,21843,RED RETROSPOT CAKE STAND,4
13418,21880,RED RETROSPOT TAPE,24
13418,21914,BLUE HARMONICA IN BOX,24
13418,21915,RED  HARMONICA IN BOX,24
13418,22109,FULL ENGLISH BREAKFAST PLATE,32
13418,22403,MAGNETS PACK OF 4 VINTAGE LABELS,24
13418,22549,PICTURE DOMINOES,12
13418,22551,PLASTERS IN TIN SPACEBOY,24
13418,22554,PLASTERS IN TIN WOODLAND ANIMALS,24
13418,22555,PLASTERS IN TIN STRONGMAN,24
13418,22556,PLASTERS IN TIN CIRCUS PARADE,24
13418,22560,TRADITIONAL MODELLING CLAY,24
13418,22568,FELTCRAFT CUSHION OWL,12
13418,22569,FELTCRAFT CUSHION BUTTERFLY,12
13418,22570,FELTCRAFT CUSHION RABBIT,12
13418,22607,WOODEN ROUNDERS GARDEN SET,8
13418,22655,VINTAGE RED KITCHEN CABINET,2
13418,22672,FRENCH BATHROOM SIGN BLUE METAL,12
13418,22676,FRENCH BLUE METAL DOOR SIGN 1,10
13418,22699,ROSES REGENCY TEACUP AND SAUCER,6
13418,22722,SET OF 6 SPICE TINS PANTRY DESIGN,4
13418,22725,ALARM CLOCK BAKELIKE CHOCOLATE,8
13418,22726,ALARM CLOCK BAKELIKE GREEN,32
13418,22727,ALARM CLOCK BAKELIKE RED,24
13418,22728,ALARM CLOCK BAKELIKE PINK,8
13418,22729,ALARM CLOCK BAKELIKE ORANGE,4
13418,22730,ALARM CLOCK BAKELIKE IVORY,8
13418,22904,CALENDAR PAPER CUT DESIGN,12
13418,22925,BLUE GIANT GARDEN THERMOMETER,2
13418,22926,IVORY GIANT GARDEN THERMOMETER,2
13418,22927,GREEN GIANT GARDEN THERMOMETER,4
13418,22965,3 TRADITIONAl BISCUIT CUTTERS  SET,6
13418,22969,HOMEMADE JAM SCENTED CANDLES,24
13418,85150,LADIES & GENTLEMEN METAL SIGN,12
13426,20979,36 PENCILS TUBE RED RETROSPOT,16
13426,20983,12 PENCILS TALL TUBE RED RETROSPOT,12
13426,21165,BEWARE OF THE CAT METAL SIGN,12
13426,21166,COOK WITH WINE METAL SIGN,12
13426,21870,I CAN ONLY PLEASE ONE PERSON MUG,24
13426,22457,NATURAL SLATE HEART CHALKBOARD,6
13426,22720,SET OF 3 CAKE TINS PANTRY DESIGN,24
13426,22722,SET OF 6 SPICE TINS PANTRY DESIGN,24
13426,85150,LADIES & GENTLEMEN METAL SIGN,12
13448,21166,COOK WITH WINE METAL SIGN,12
13448,21169,YOU'RE CONFUSING ME METAL SIGN,12
13448,21175,GIN + TONIC DIET METAL SIGN,12
13448,21232,STRAWBERRY CERAMIC TRINKET BOX,12
13448,21479,WHITE SKULL HOT WATER BOTTLE,8
13448,21844,RED RETROSPOT MUG,6
13448,21908,CHOCOLATE THIS WAY METAL SIGN,12
13448,21980,PACK OF 12 RED RETROSPOT TISSUES,24
13448,22064,PINK DOUGHNUT TRINKET POT,12
13448,22111,SCOTTIE DOG HOT WATER BOTTLE,21
13448,22112,CHOCOLATE HOT WATER BOTTLE,9
13448,22114,HOT WATER BOTTLE TEA AND SYMPATHY,8
13448,22311,OFFICE MUG WARMER BLACK+SILVER,6
13448,22312,OFFICE MUG WARMER POLKADOT,6
13448,22449,SILK PURSE BABUSHKA PINK,6
13448,22468,BABUSHKA LIGHTS STRING OF 10,4
13448,22494,EMERGENCY FIRST AID TIN,12
13448,22557,PLASTERS IN TIN VINTAGE PAISLEY,12
13448,22632,HAND WARMER RED RETROSPOT,12
13448,22637,PIGGY BANK RETROSPOT,8
13448,22670,FRENCH WC SIGN BLUE METAL,12
13448,22752,SET 7 BABUSHKA NESTING BOXES,6
13448,22834,HAND WARMER BABUSHKA DESIGN,24
13448,22835,HOT WATER BOTTLE I AM SO POORLY,8
13448,22865,HAND WARMER OWL DESIGN,12
13448,22866,HAND WARMER SCOTTY DOG DESIGN,12
13448,22867,HAND WARMER BIRD DESIGN,12
13448,22969,HOMEMADE JAM SCENTED CANDLES,12
13448,48185,DOORMAT FAIRY CAKE,2
13448,82583,HOT BATHS METAL SIGN,12
13448,85150,LADIES & GENTLEMEN METAL SIGN,6
13455,21055,TOOL BOX SOFT TOY,2
13455,21314,SMALL GLASS HEART TRINKET POT,8
13455,21462,"NURSERY A,B,C PAINTED LETTERS",2
13455,21533,RETROSPOT LARGE MILK JUG,3
13455,21539,RED RETROSPOT BUTTER DISH,3
13455,22057,CERAMIC PLATE STRAWBERRY DESIGN,12
13455,22059,CERAMIC STRAWBERRY DESIGN MUG,12
13455,22061,LARGE CAKE STAND  HANGING STRAWBERY,2
13455,22063,CERAMIC BOWL WITH STRAWBERRY DESIGN,12
13455,22278,OVERNIGHT BAG VINTAGE ROSE PAISLEY,3
13455,22423,REGENCY CAKESTAND 3 TIER,5
13455,22452,MEASURING TAPE BABUSHKA PINK,6
13455,22555,PLASTERS IN TIN STRONGMAN,12
13455,22557,PLASTERS IN TIN VINTAGE PAISLEY,12
13455,22637,PIGGY BANK RETROSPOT,6
13455,22798,ANTIQUE GLASS DRESSING TABLE POT,8
13455,22800,ANTIQUE TALL SWIRLGLASS TRINKET POT,4
13455,22890,NOVELTY BISCUITS CAKE STAND 3 TIER,5
13455,22968,ROSE COTTAGE KEEPSAKE BOX,2
13455,37447,CERAMIC CAKE DESIGN SPOTTED PLATE,12
13455,37450,CERAMIC CAKE BOWL + HANGING CAKES,6
13455,72807A,SET/3 ROSE CANDLE IN JEWELLED BOX,4
13455,72807C,SET/3 VANILLA SCENTED CANDLE IN BOX,4
13455,82482,WOODEN PICTURE FRAME WHITE FINISH,12
13455,82483,WOOD 2 DRAWER CABINET WHITE FINISH,4
13455,82486,WOOD S/3 CABINET ANT WHITE FINISH,3
13455,82494L,WOODEN FRAME ANTIQUE WHITE,12
13455,84580,MOUSE TOY WITH PINK T-SHIRT,4
13455,85066,CREAM SWEETHEART MINI CHEST,4
13455,85150,LADIES & GENTLEMEN METAL SIGN,6
13458,20754,RETROSPOT RED WASHING UP GLOVES,12
13458,21355,TOAST ITS - I LOVE YOU,24
13458,21358,TOAST ITS - HAPPY BIRTHDAY,24
13458,21668,RED STRIPE CERAMIC DRAWER KNOB,12
13458,21669,BLUE STRIPE CERAMIC DRAWER KNOB,12
13458,21670,BLUE SPOT CERAMIC DRAWER KNOB,12
13458,21671,RED SPOT CERAMIC DRAWER KNOB,12
13458,21672,WHITE SPOT RED CERAMIC DRAWER KNOB,12
13458,21673,WHITE SPOT BLUE CERAMIC DRAWER KNOB,12
13458,21754,HOME BUILDING BLOCK WORD,6
13458,21933,PINK VINTAGE PAISLEY PICNIC BAG,20
13458,22083,PAPER CHAIN KIT RETROSPOT,24
13458,22120,WELCOME  WOODEN BLOCK LETTERS,6
13458,22197,SMALL POPCORN HOLDER,24
13458,22198,LARGE POPCORN HOLDER,24
13458,22326,ROUND SNACK BOXES SET OF4 WOODLAND,12
13458,22435,SET OF 9 HEART SHAPED BALLOONS,24
13458,22454,MEASURING TAPE BABUSHKA RED,18
13458,22457,NATURAL SLATE HEART CHALKBOARD,24
13458,22470,HEART OF WICKER LARGE,36
13458,22508,DOORSTOP RETROSPOT HEART,12
13458,48184,DOORMAT ENGLISH ROSE,10
13458,48187,DOORMAT NEW ENGLAND,10
13458,79321,CHILLI LIGHTS,8
13458,82482,WOODEN PICTURE FRAME WHITE FINISH,12
13458,82551,LAUNDRY 15C METAL SIGN,12
13458,82552,WASHROOM METAL SIGN,12
13458,84879,ASSORTED COLOUR BIRD ORNAMENT,24
13458,84970L,SINGLE HEART ZINC T-LIGHT HOLDER,24
13458,85123A,WHITE HANGING HEART T-LIGHT HOLDER,32
13468,15060B,FAIRY CAKE DESIGN UMBRELLA,4
13468,20685,DOORMAT RED RETROSPOT,2
13468,21165,BEWARE OF THE CAT METAL SIGN,12
13468,21166,COOK WITH WINE METAL SIGN,12
13468,21181,PLEASE ONE PERSON METAL SIGN,12
13468,21231,SWEETHEART CERAMIC TRINKET BOX,12
13468,21232,STRAWBERRY CERAMIC TRINKET BOX,12
13468,21408,SPOTTY PINK DUCK DOORSTOP,3
13468,21609,SET 12 LAVENDER  BOTANICAL T-LIGHTS,6
13468,21638,ASSORTED TUTTI FRUTTI NOTEBOOK,12
13468,21643,ASSORTED TUTTI FRUTTI MIRROR,12
13468,21721,CANDY SHOP  STICKER SHEET,12
13468,21777,RECIPE BOX WITH METAL HEART,2
13468,22112,CHOCOLATE HOT WATER BOTTLE,3
13468,22114,HOT WATER BOTTLE TEA AND SYMPATHY,4
13468,22179,SET 10 LIGHTS NIGHT OWL,4
13468,22187,GREEN CHRISTMAS TREE CARD HOLDER,4
13468,22245,"HOOK, 1 HANGER ,MAGIC GARDEN",12
13468,22313,OFFICE MUG WARMER PINK,6
13468,22314,OFFICE MUG WARMER CHOC+BLUE,6
13468,22423,REGENCY CAKESTAND 3 TIER,3
13468,22465,HANGING METAL STAR LANTERN,12
13468,22502,PICNIC BASKET WICKER SMALL,4
13468,22666,RECIPE BOX PANTRY YELLOW DESIGN,6
13468,22752,SET 7 BABUSHKA NESTING BOXES,2
13468,22794,SWEETHEART WIRE MAGAZINE RACK,2
13468,22795,SWEETHEART RECIPE BOOK STAND,4
13468,37446,MINI CAKE STAND WITH HANGING CAKES,16
13468,37449,CERAMIC CAKE STAND + HANGING CAKES,8
13468,46000P,POLYESTER FILLER PAD 65CMx65CM,2
13468,47559B,TEA TIME OVEN GLOVE,10
13468,48185,DOORMAT FAIRY CAKE,2
13468,48194,DOORMAT HEARTS,2
13468,71053,WHITE METAL LANTERN,4
13468,72741,GRAND CHOCOLATECANDLE,9
13468,79302M,"ART LIGHTS,FUNK MONKEY",6
13468,79321,CHILLI LIGHTS,4
13468,82484,WOOD BLACK BOARD ANT WHITE FINISH,6
13468,82486,WOOD S/3 CABINET ANT WHITE FINISH,4
13468,82494L,WOODEN FRAME ANTIQUE WHITE,6
13468,82551,LAUNDRY 15C METAL SIGN,12
13468,84356,POMPOM CURTAIN,12
13468,84509B,SET OF 4 FAIRY CAKE PLACEMATS,4
13468,84823,DANISH ROSE FOLDING CHAIR,2
13468,84879,ASSORTED COLOUR BIRD ORNAMENT,8
13468,84945,MULTI COLOUR SILVER T-LIGHT HOLDER,12
13487,22178,VICTORIAN GLASS HANGING T-LIGHT,12
13487,22411,JUMBO SHOPPER VINTAGE RED PAISLEY,10
13487,22464,HANGING METAL HEART LANTERN,12
13487,22469,HEART OF WICKER SMALL,12
13487,22784,LANTERN CREAM GAZEBO,3
13487,22789,T-LIGHT HOLDER SWEETHEART HANGING,8
13487,22804,CANDLEHOLDER PINK HANGING HEART,6
13487,22969,HOMEMADE JAM SCENTED CANDLES,12
13487,37449,CERAMIC CAKE STAND + HANGING CAKES,2
13487,48187,DOORMAT NEW ENGLAND,2
13487,85123A,WHITE HANGING HEART T-LIGHT HOLDER,6
13488,20749,ASSORTED COLOUR MINI CASES,2
13488,20750,RED RETROSPOT MINI CASES,12
13488,20967,GREY FLORAL FELTCRAFT SHOULDER BAG,4
13488,20969,RED FLORAL FELTCRAFT SHOULDER BAG,4
13488,20971,PINK BLUE FELT CRAFT TRINKET BOX,12
13488,21136,PAINTED METAL PEARS ASSORTED,8
13488,21155,RED RETROSPOT PEG BAG,6
13488,21210,SET OF 72 RETROSPOT PAPER  DOILIES,12
13488,21212,PACK OF 72 RETROSPOT CAKE CASES,24
13488,21527,RED RETROSPOT TRADITIONAL TEAPOT,2
13488,21528,DAIRY MAID TRADITIONAL TEAPOT,2
13488,21534,DAIRY MAID LARGE MILK JUG,3
13488,21754,HOME BUILDING BLOCK WORD,6
13488,21843,RED RETROSPOT CAKE STAND,24
13488,21845,DAIRY MAID STRIPE MUG,12
13488,22061,LARGE CAKE STAND  HANGING STRAWBERY,6
13488,22173,METAL 4 HOOK HANGER FRENCH CHATEAU,8
13488,22185,SLATE TILE NATURAL HANGING,12
13488,22304,COFFEE MUG BLUE PAISLEY DESIGN,12
13488,22305,COFFEE MUG PINK PAISLEY DESIGN,12
13488,22429,ENAMEL MEASURING JUG CREAM,4
13488,22488,NATURAL SLATE RECTANGLE CHALKBOARD,12
13488,22514,CHILDS GARDEN SPADE BLUE,6
13488,22515,CHILDS GARDEN SPADE PINK,6
13488,22518,CHILDS GARDEN BRUSH BLUE,6
13488,22519,CHILDS GARDEN BRUSH PINK,6
13488,22524,CHILDRENS GARDEN GLOVES BLUE,10
13488,22525,CHILDRENS GARDEN GLOVES PINK,10
13488,22551,PLASTERS IN TIN SPACEBOY,12
13488,22555,PLASTERS IN TIN STRONGMAN,12
13488,22557,PLASTERS IN TIN VINTAGE PAISLEY,12
13488,22558,CLOTHES PEGS RETROSPOT PACK 24,48
13488,22567,20 DOLLY PEGS RETROSPOT,48
13488,22568,FELTCRAFT CUSHION OWL,4
13488,22569,FELTCRAFT CUSHION BUTTERFLY,4
13488,22570,FELTCRAFT CUSHION RABBIT,4
13488,37446,MINI CAKE STAND WITH HANGING CAKES,8
13488,37449,CERAMIC CAKE STAND + HANGING CAKES,6
13488,71477,COLOUR GLASS. STAR T-LIGHT HOLDER,24
13488,82484,WOOD BLACK BOARD ANT WHITE FINISH,3
13488,82552,WASHROOM METAL SIGN,12
13488,84879,ASSORTED COLOUR BIRD ORNAMENT,8
13488,84880,WHITE WIRE EGG HOLDER,12
13488,84991,60 TEATIME FAIRY CAKE CASES,24
13488,85123A,WHITE HANGING HEART T-LIGHT HOLDER,32
13491,15060B,FAIRY CAKE DESIGN UMBRELLA,12
13491,20750,RED RETROSPOT MINI CASES,2
13491,21116,OWL DOORSTOP,3
13491,21155,RED RETROSPOT PEG BAG,6
13491,21217,RED RETROSPOT ROUND CAKE TINS,1
13491,21232,STRAWBERRY CERAMIC TRINKET BOX,12
13491,21527,RED RETROSPOT TRADITIONAL TEAPOT,4
13491,22507,MEMO BOARD RETROSPOT  DESIGN,4
13491,47591D,PINK FAIRY CAKE CHILDRENS APRON,8
13491,48185,DOORMAT FAIRY CAKE,2
13495,21143,ANTIQUE GLASS HEART DECORATION,12
13495,21485,RETROSPOT HEART HOT WATER BOTTLE,24
13495,21591,COSY HOUR CIGAR BOX MATCHES,24
13495,21730,GLASS STAR FROSTED T-LIGHT HOLDER,9
13495,21812,GARLAND WITH HEARTS AND BELLS,6
13495,22112,CHOCOLATE HOT WATER BOTTLE,48
13495,22158,3 HEARTS HANGING DECORATION RUSTIC,16
13495,22189,CREAM HEART CARD HOLDER,8
13495,22588,CARD HOLDER GINGHAM HEART,12
13495,82583,HOT BATHS METAL SIGN,24
13495,84832,ZINC WILLIE WINKIE  CANDLE STICK,24
13495,84946,ANTIQUE SILVER TEA GLASS ETCHED,36
13495,84949,SILVER HANGING T-LIGHT HOLDER,42
13495,84970S,HANGING HEART ZINC T-LIGHT HOLDER,12
13495,85123A,WHITE HANGING HEART T-LIGHT HOLDER,32
13495,85152,HAND OVER THE CHOCOLATE   SIGN,12
13495,85199S,SMALL HANGING IVORY/RED WOOD BIRD,24
13495,85227,SET OF 6 3D KIT CARDS FOR KIDS,12
13496,21056,DOCTOR'S BAG SOFT TOY,1
13496,21115,ROSE CARAVAN DOORSTOP,2
13496,21386,IVORY HANGING DECORATION  EGG,12
13496,21906,PHARMACIE FIRST AID TIN,2
13496,22030,SWALLOWS GREETING CARD,12
13496,22082,RIBBON REEL STRIPES DESIGN,20
13496,22169,FAMILY ALBUM WHITE PICTURE FRAME,2
13496,22360,GLASS JAR ENGLISH CONFECTIONERY,6
13496,22423,REGENCY CAKESTAND 3 TIER,4
13496,22456,NATURAL SLATE CHALKBOARD LARGE,3
13496,22457,NATURAL SLATE HEART CHALKBOARD,24
13496,22460,EMBOSSED GLASS TEALIGHT HOLDER,12
13496,22699,ROSES REGENCY TEACUP AND SAUCER,6
13496,22739,RIBBON REEL CHRISTMAS SOCK BAUBLE,10
13496,22760,"TRAY, BREAKFAST IN BED",1
13496,22791,T-LIGHT GLASS FLUTED ANTIQUE,12
13496,22798,ANTIQUE GLASS DRESSING TABLE POT,8
13496,22800,ANTIQUE TALL SWIRLGLASS TRINKET POT,4
13496,22801,ANTIQUE GLASS PEDESTAL BOWL,8
13496,84879,ASSORTED COLOUR BIRD ORNAMENT,8
13496,84946,ANTIQUE SILVER TEA GLASS ETCHED,12
13496,84947,ANTIQUE SILVER TEA GLASS ENGRAVED,12
13496,84949,SILVER HANGING T-LIGHT HOLDER,12
13496,84970L,SINGLE HEART ZINC T-LIGHT HOLDER,12
13496,84970S,HANGING HEART ZINC T-LIGHT HOLDER,12
13496,84978,HANGING HEART JAR T-LIGHT HOLDER,12
13497,21014,SWISS CHALET TREE DECORATION,12
13497,21349,IVY HEART WREATH,4
13497,22083,PAPER CHAIN KIT RETROSPOT,6
13497,22086,PAPER CHAIN KIT 50'S CHRISTMAS,6
13497,22119,PEACE WOODEN BLOCK LETTERS,3
13497,22121,NOEL WOODEN BLOCK LETTERS,3
13497,22187,GREEN CHRISTMAS TREE CARD HOLDER,4
13497,22577,WOODEN HEART CHRISTMAS SCANDINAVIAN,12
13497,22592,CARDHOLDER HOLLY WREATH METAL,4
13506,10135,COLOURING PENCILS BROWN TUBE,10
13506,20967,GREY FLORAL FELTCRAFT SHOULDER BAG,4
13506,20970,PINK FLORAL FELTCRAFT SHOULDER BAG,4
13506,21485,RETROSPOT HEART HOT WATER BOTTLE,3
13506,21892,TRADITIONAL WOODEN CATCH CUP GAME,24
13506,21914,BLUE HARMONICA IN BOX,12
13506,21915,RED  HARMONICA IN BOX,24
13506,22147,FELTCRAFT BUTTERFLY HEARTS,12
13506,22242,5 HOOK HANGER MAGIC TOADSTOOL,12
13506,22492,MINI PAINT SET VINTAGE,36
13506,22548,HEADS AND TAILS SPORTING FUN,12
13506,22561,WOODEN SCHOOL COLOURING SET,12
13506,22620,4 TRADITIONAL SPINNING TOPS,12
13506,22835,HOT WATER BOTTLE I AM SO POORLY,4
13506,48185,DOORMAT FAIRY CAKE,2
13506,84077,WORLD WAR 2 GLIDERS ASSTD DESIGNS,48
13506,84358,FLOOR LAMP SHADE WOOD BASE,1
13523,20914,SET/5 RED RETROSPOT LID GLASS BOWLS,6
13523,21080,SET/20 RED RETROSPOT PAPER NAPKINS,12
13523,21108,FAIRY CAKE FLANNEL ASSORTED COLOUR,9
13523,21110,LARGE CAKE TOWEL PINK SPOTS,2
13523,21112,"SWISS ROLL TOWEL, PINK  SPOTS",6
13523,21217,RED RETROSPOT ROUND CAKE TINS,2
13523,21531,RED RETROSPOT SUGAR JAM BOWL,6
13523,21533,RETROSPOT LARGE MILK JUG,3
13523,21537,RED RETROSPOT PUDDING BOWL,4
13523,21539,RED RETROSPOT BUTTER DISH,3
13523,21790,VINTAGE SNAP CARDS,24
13523,21843,RED RETROSPOT CAKE STAND,2
13523,21977,PACK OF 60 PINK PAISLEY CAKE CASES,24
13523,22072,RED RETROSPOT TEA CUP AND SAUCER,4
13523,22073,RED RETROSPOT STORAGE JAR,4
13523,22090,PAPER BUNTING RETROSPOT,6
13523,22180,RETROSPOT LAMP,2
13523,22197,SMALL POPCORN HOLDER,24
13523,22198,LARGE POPCORN HOLDER,12
13523,22315,200 RED + WHITE BENDY STRAWS,12
13523,22354,RETROSPOT PADDED SEAT CUSHION,15
13523,22418,10 COLOUR SPACEBOY PEN,24
13523,22427,ENAMEL FLOWER JUG CREAM,3
13523,22489,PACK OF 12 TRADITIONAL CRAYONS,24
13523,22532,MAGIC DRAWING SLATE LEAP FROG,48
13523,22533,MAGIC DRAWING SLATE BAKE A CAKE,48
13523,22644,CERAMIC CHERRY CAKE MONEY BANK,12
13523,22646,CERAMIC STRAWBERRY CAKE MONEY BANK,12
13523,84997A,GREEN 3 PIECE POLKADOT CUTLERY SET,6
13523,84997B,RED 3 PIECE RETROSPOT CUTLERY SET,6
13531,20711,JUMBO BAG TOYS,10
13531,21035,SET/2 RED RETROSPOT TEA TOWELS,6
13531,21217,RED RETROSPOT ROUND CAKE TINS,4
13531,21843,RED RETROSPOT CAKE STAND,2
13531,22379,RECYCLING BAG RETROSPOT,5
13531,22381,TOY TIDY PINK POLKADOT,5
13531,22385,JUMBO BAG SPACEBOY DESIGN,10
13531,22386,JUMBO BAG PINK POLKADOT,10
13531,22423,REGENCY CAKESTAND 3 TIER,2
13531,22567,20 DOLLY PEGS RETROSPOT,12
13531,22844,VINTAGE CREAM DOG FOOD CONTAINER,2
13531,22845,VINTAGE CREAM CAT FOOD CONTAINER,2
13531,47567B,TEA TIME KITCHEN APRON,3
13531,85099B,JUMBO BAG RED RETROSPOT,20
13531,85099C,JUMBO  BAG BAROQUE BLACK WHITE,10
13534,20711,JUMBO BAG TOYS,20
13534,20712,JUMBO BAG WOODLAND ANIMALS,20
13534,20713,JUMBO BAG OWLS,10
13534,21928,JUMBO BAG SCANDINAVIAN PAISLEY,20
13534,21931,JUMBO STORAGE BAG SUKI,10
13534,22386,JUMBO BAG PINK POLKADOT,10
13534,22411,JUMBO SHOPPER VINTAGE RED PAISLEY,10
13534,22720,SET OF 3 CAKE TINS PANTRY DESIGN,3
13534,22721,SET OF 3 CAKE TINS SKETCHBOOK,3
13534,85099B,JUMBO BAG RED RETROSPOT,10
13534,85099C,JUMBO  BAG BAROQUE BLACK WHITE,20
13564,21137,BLACK RECORD COVER FRAME,2
13564,21165,BEWARE OF THE CAT METAL SIGN,30
13564,21169,YOU'RE CONFUSING ME METAL SIGN,24
13564,21174,POTTERING IN THE SHED METAL SIGN,12
13564,21181,PLEASE ONE PERSON METAL SIGN,24
13564,21260,FIRST AID TIN,4
13564,21272,SALLE DE BAIN HOOK,6
13564,21479,WHITE SKULL HOT WATER BOTTLE,5
13564,21484,CHICK GREY HOT WATER BOTTLE,2
13564,21523,DOORMAT FANCY FONT HOME SWEET HOME,2
13564,21754,HOME BUILDING BLOCK WORD,3
13564,21755,LOVE BUILDING BLOCK WORD,3
13564,21790,VINTAGE SNAP CARDS,6
13564,21870,I CAN ONLY PLEASE ONE PERSON MUG,6
13564,21872,GLAMOROUS  MUG,6
13564,21874,GIN AND TONIC MUG,6
13564,21876,POTTERING MUG,6
13564,21912,VINTAGE SNAKES & LADDERS,1
13564,21916,SET 12 RETRO WHITE CHALK STICKS,28
13564,22030,SWALLOWS GREETING CARD,72
13564,22033,BOTANICAL ROSE GREETING CARD,24
13564,22086,PAPER CHAIN KIT 50'S CHRISTMAS,4
13564,22111,SCOTTIE DOG HOT WATER BOTTLE,2
13564,22112,CHOCOLATE HOT WATER BOTTLE,4
13564,22114,HOT WATER BOTTLE TEA AND SYMPATHY,2
13564,22169,FAMILY ALBUM WHITE PICTURE FRAME,2
13564,22170,PICTURE FRAME WOOD TRIPLE PORTRAIT,8
13564,22171,3 HOOK PHOTO SHELF ANTIQUE WHITE,2
13564,22173,METAL 4 HOOK HANGER FRENCH CHATEAU,8
13564,22188,BLACK HEART CARD HOLDER,6
13564,22212,FOUR HOOK  WHITE LOVEBIRDS,8
13564,22380,TOY TIDY SPACEBOY,2
13564,22423,REGENCY CAKESTAND 3 TIER,8
13564,22457,NATURAL SLATE HEART CHALKBOARD,8
13564,22494,EMERGENCY FIRST AID TIN,10
13564,22544,MINI JIGSAW SPACEBOY,7
13564,22622,BOX OF VINTAGE ALPHABET BLOCKS,1
13564,22652,TRAVEL SEWING KIT,4
13564,22693,GROW A FLYTRAP OR SUNFLOWER IN TIN,24
13564,22752,SET 7 BABUSHKA NESTING BOXES,2
13564,22766,PHOTO FRAME CORNICE,8
13564,22767,TRIPLE PHOTO FRAME CORNICE,2
13564,22768,FAMILY PHOTO FRAME CORNICE,3
13564,22776,SWEETHEART CAKESTAND 3 TIER,2
13564,22806,SET OF 6 T-LIGHTS WEDDING CAKE,6
13564,22809,SET OF 6 T-LIGHTS SANTA,1
13564,22810,SET OF 6 T-LIGHTS SNOWMEN,1
13564,22834,HAND WARMER BABUSHKA DESIGN,48
13564,22835,HOT WATER BOTTLE I AM SO POORLY,2
13564,22851,SET 20 NAPKINS FAIRY CAKES DESIGN,4
13564,22865,HAND WARMER OWL DESIGN,3
13564,22866,HAND WARMER SCOTTY DOG DESIGN,3
13564,22867,HAND WARMER BIRD DESIGN,3
13564,22904,CALENDAR PAPER CUT DESIGN,4
13564,22910,PAPER CHAIN KIT VINTAGE CHRISTMAS,3
13564,22983,CARD BILLBOARD FONT,36
13564,82582,AREA PATROLLED METAL SIGN,36
13564,82613A,"METAL SIGN,CUPCAKE SINGLE HOOK",20
13564,82613B,"METAL SIGN,CUPCAKE SINGLE HOOK",20
13564,82613C,"METAL SIGN,CUPCAKE SINGLE HOOK",20
13564,82613D,METAL SIGN CUPCAKE SINGLE HOOK,20
13564,84029E,RED WOOLLY HOTTIE WHITE HEART.,3
13564,84030E,ENGLISH ROSE HOT WATER BOTTLE,2
13564,84692,BOX OF 24 COCKTAIL PARASOLS,10
13564,84823,DANISH ROSE FOLDING CHAIR,2
13564,85150,LADIES & GENTLEMEN METAL SIGN,12
13564,85174,S/4 CACTI CANDLES,2
13569,18098C,PORCELAIN BUTTERFLY OIL BURNER,1
13569,20751,FUNKY WASHING UP GLOVES ASSORTED,3
13569,21216,"SET 3 RETROSPOT TEA,COFFEE,SUGAR",1
13569,21287,SCENTED VELVET LOUNGE CANDLE,3
13569,21428,SET3 BOOK BOX GREEN GINGHAM FLOWER,1
13569,21479,WHITE SKULL HOT WATER BOTTLE,1
13569,21481,FAWN BLUE HOT WATER BOTTLE,1
13569,21586,KINGS CHOICE GIANT TUBE MATCHES,2
13569,21929,JUMBO BAG PINK VINTAGE PAISLEY,2
13569,22197,SMALL POPCORN HOLDER,5
13569,22227,HANGING HEART MIRROR DECORATION,5
13569,22422,TOOTHPASTE TUBE PEN,2
13569,22475,SKULL DESIGN TV DINNER TRAY,1
13569,22626,BLACK KITCHEN SCALES,2
13569,22666,RECIPE BOX PANTRY YELLOW DESIGN,1
13569,37479B,CUBIC MUG FLOCK BLUE ON BROWN,2
13569,37479P,CUBIC MUG FLOCK PINK ON BROWN,2
13569,51008,AFGHAN SLIPPER SOCK PAIR,1
13569,72807B,SET/3 OCEAN SCENT CANDLE JEWEL BOX,3
13569,82483,WOOD 2 DRAWER CABINET WHITE FINISH,2
13569,84029G,KNITTED UNION FLAG HOT WATER BOTTLE,1
13569,84692,BOX OF 24 COCKTAIL PARASOLS,1
13569,84725,FREESTYLE CANVAS ART PICTURE,1
13576,20679,EDWARDIAN PARASOL RED,1
13576,20765,CHRYSANTHEMUM SKETCHBOOK,2
13576,21137,BLACK RECORD COVER FRAME,60
13576,21577,SAVE THE PLANET COTTON TOTE BAG,1
13576,21705,BAG 500g SWIRLY MARBLES,5
13576,21756,BATH BUILDING BLOCK WORD,4
13576,21877,HOME SWEET HOME MUG,1
13576,22041,"RECORD FRAME 7"" SINGLE SIZE",24
13576,22121,NOEL WOODEN BLOCK LETTERS,4
13576,22524,CHILDRENS GARDEN GLOVES BLUE,1
13576,22694,WICKER STAR,5
13579,21055,TOOL BOX SOFT TOY,1
13579,21485,RETROSPOT HEART HOT WATER BOTTLE,3
13579,22112,CHOCOLATE HOT WATER BOTTLE,6
13579,22114,HOT WATER BOTTLE TEA AND SYMPATHY,4
13579,22141,CHRISTMAS CRAFT TREE TOP ANGEL,6
13579,22144,CHRISTMAS CRAFT LITTLE FRIENDS,6
13579,22469,HEART OF WICKER SMALL,12
13579,22835,HOT WATER BOTTLE I AM SO POORLY,4
13579,85048,15CM CHRISTMAS GLASS BALL 20 LIGHTS,4
13599,22029,SPACEBOY BIRTHDAY CARD,24
13599,22178,VICTORIAN GLASS HANGING T-LIGHT,24
13599,22629,SPACEBOY LUNCH BOX,12
13599,22630,DOLLY GIRL LUNCH BOX,12
13599,22664,TOY TIDY DOLLY GIRL DESIGN,5
13599,22712,CARD DOLLY GIRL,12
13599,22791,T-LIGHT GLASS FLUTED ANTIQUE,24
13599,22798,ANTIQUE GLASS DRESSING TABLE POT,16
13599,22801,ANTIQUE GLASS PEDESTAL BOWL,8
13599,22816,CARD MOTORBIKE SANTA,12
13599,22818,CARD CHRISTMAS VILLAGE,12
13599,22899,CHILDREN'S APRON DOLLY GIRL,6
13599,22972,CHILDREN'S SPACEBOY MUG,12
13599,22974,CHILDRENS DOLLY GIRL MUG,12
13599,22975,SPACEBOY CHILDRENS EGG CUP,12
13599,22977,DOLLY GIRL CHILDRENS EGG CUP,36
13599,35001W,HAND OPEN SHAPE DECO.WHITE,6
13611,21051,RIBBONS PURSE,6
13611,21066,VINTAGE RED MUG,12
13611,21609,SET 12 LAVENDER  BOTANICAL T-LIGHTS,12
13611,21613,S/12 VANILLA  BOTANICAL T-LIGHTS,6
13611,22300,COFFEE MUG DOG + BALL DESIGN,6
13611,22301,COFFEE MUG CAT + BIRD DESIGN,6
13611,22453,MEASURING TAPE BABUSHKA BLUE,6
13611,22454,MEASURING TAPE BABUSHKA RED,6
13611,22456,NATURAL SLATE CHALKBOARD LARGE,3
13611,22741,FUNKY DIVA PEN,48
13611,22834,HAND WARMER BABUSHKA DESIGN,24
13611,22910,PAPER CHAIN KIT VINTAGE CHRISTMAS,12
13611,22988,SOLDIERS EGG CUP,12
13611,84378,SET OF 3 HEART COOKIE CUTTERS,12
13611,84946,ANTIQUE SILVER TEA GLASS ETCHED,12
13627,20914,SET/5 RED RETROSPOT LID GLASS BOWLS,6
13627,21985,PACK OF 12 HEARTS DESIGN TISSUES,24
13627,22113,GREY HEART HOT WATER BOTTLE,4
13627,22128,PARTY CONES CANDY ASSORTED,12
13627,22173,METAL 4 HOOK HANGER FRENCH CHATEAU,8
13627,22178,VICTORIAN GLASS HANGING T-LIGHT,12
13627,22249,DECORATION WHITE CHICK MAGIC GARDEN,16
13627,22507,MEMO BOARD RETROSPOT  DESIGN,4
13627,22720,SET OF 3 CAKE TINS PANTRY DESIGN,3
13627,22722,SET OF 6 SPICE TINS PANTRY DESIGN,4
13627,22759,SET OF 3 NOTEBOOKS IN PARCEL,12
13627,22854,CREAM SWEETHEART EGG HOLDER,4
13627,22855,FINE WICKER HEART,12
13627,22862,LOVE HEART NAPKIN BOX,4
13627,22907,PACK OF 20 NAPKINS PANTRY DESIGN,12
13627,22908,PACK OF 20 NAPKINS RED APPLES,12
13627,22960,JAM MAKING SET WITH JARS,6
13627,84755,COLOUR GLASS T-LIGHT HOLDER HANGING,16
13627,84817,DANISH ROSE DECORATIVE PLATE,24
13627,84823,DANISH ROSE FOLDING CHAIR,2
13649,20727,LUNCH BAG  BLACK SKULL.,1
13649,20761,BLUE PAISLEY SKETCHBOOK,2
13649,20764,ABSTRACT CIRCLES SKETCHBOOK,1
13649,21034,REX CASH+CARRY JUMBO SHOPPER,2
13649,21363,HOME SMALL WOOD LETTERS,3
13649,22086,PAPER CHAIN KIT 50'S CHRISTMAS,5
13649,22423,REGENCY CAKESTAND 3 TIER,1
13649,22469,HEART OF WICKER SMALL,4
13649,22470,HEART OF WICKER LARGE,3
13649,22694,WICKER STAR,3
13649,22697,GREEN REGENCY TEACUP AND SAUCER,2
13649,84341B,SMALL PINK MAGIC CHRISTMAS TREE,2
13649,84580,MOUSE TOY WITH PINK T-SHIRT,2
13649,84971S,SMALL HEART FLOWERS HOOK,24
13649,85048,15CM CHRISTMAS GLASS BALL 20 LIGHTS,12
13652,21108,FAIRY CAKE FLANNEL ASSORTED COLOUR,9
13652,21109,LARGE CAKE TOWEL CHOCOLATE SPOTS,2
13652,21110,LARGE CAKE TOWEL PINK SPOTS,2
13652,21914,BLUE HARMONICA IN BOX,12
13652,21915,RED  HARMONICA IN BOX,12
13652,22112,CHOCOLATE HOT WATER BOTTLE,3
13652,22114,HOT WATER BOTTLE TEA AND SYMPATHY,4
13652,22304,COFFEE MUG BLUE PAISLEY DESIGN,6
13652,22633,HAND WARMER UNION JACK,12
13652,22835,HOT WATER BOTTLE I AM SO POORLY,4
13652,22866,HAND WARMER SCOTTY DOG DESIGN,12
13652,22867,HAND WARMER BIRD DESIGN,12
13652,48111,DOORMAT 3 SMILEY CATS,2
13652,48194,DOORMAT HEARTS,2
13652,71477,COLOUR GLASS. STAR T-LIGHT HOLDER,4
13652,72807A,SET/3 ROSE CANDLE IN JEWELLED BOX,4
13652,72807C,SET/3 VANILLA SCENTED CANDLE IN BOX,4
13652,84050,PINK HEART SHAPE EGG FRYING PAN,6
13668,21165,BEWARE OF THE CAT METAL SIGN,4
13668,21166,COOK WITH WINE METAL SIGN,4
13668,21755,LOVE BUILDING BLOCK WORD,4
13668,21903,MAN FLU METAL SIGN,4
13668,22158,3 HEARTS HANGING DECORATION RUSTIC,4
13668,22412,METAL SIGN NEIGHBOURHOOD WITCH,4
13668,48138,DOORMAT UNION FLAG,1
13668,82484,WOOD BLACK BOARD ANT WHITE FINISH,2
13668,82583,HOT BATHS METAL SIGN,12
13668,82599,FANNY'S REST STOPMETAL SIGN,4
13668,82605,OLD DOC RUSSEL METAL SIGN,4
13668,85123A,WHITE HANGING HEART T-LIGHT HOLDER,3
13668,85150,LADIES & GENTLEMEN METAL SIGN,12
13668,85152,HAND OVER THE CHOCOLATE   SIGN,4
13694,10135,COLOURING PENCILS BROWN TUBE,100
13694,17021,NAMASTE SWAGAT INCENSE,600
13694,20616,CHERRY BLOSSOM PASSPORT COVER,48
13694,20619,TROPICAL PASSPORT COVER,48
13694,20622,VIPPASSPORT COVER,48
13694,20801,LARGE PINK GLASS SUNDAE DISH,32
13694,20802,SMALL GLASS SUNDAE DISH CLEAR,36
13694,20803,SMALL PINK GLASS SUNDAE DISH,36
13694,21112,"SWISS ROLL TOWEL, PINK  SPOTS",120
13694,21154,RED RETROSPOT OVEN GLOVE,200
13694,21631,HIPPY CHIC DECORATIVE PARASOL,12
13694,21632,VINTAGE PINK DECORATIVE PARASOL,12
13694,21633,SUNFLOWER DECORATIVE PARASOL,12
13694,21873,IF YOU CAN'T STAND THE HEAT MUG,72
13694,21876,POTTERING MUG,72
13694,21879,HEARTS GIFT TAPE,120
13694,21880,RED RETROSPOT TAPE,120
13694,21881,CUTE CATS TAPE,144
13694,21882,SKULLS TAPE,192
13694,21884,CAKES AND BOWS GIFT  TAPE,144
13694,22059,CERAMIC STRAWBERRY DESIGN MUG,48
13694,22188,BLACK HEART CARD HOLDER,36
13694,22189,CREAM HEART CARD HOLDER,72
13694,22378,WALL TIDY RETROSPOT,100
13694,22394,PAPERWEIGHT KINGS CHOICE,48
13694,22471,TV DINNER TRAY AIR HOSTESS,24
13694,22510,GINGHAM BABUSHKA DOORSTOP,8
13694,22608,PENS ASSORTED FUNKY JEWELED,180
13694,22610,PENS ASSORTED FUNNY FACE,180
13694,22700,BLACK AND WHITE DOG BOWL,24
13694,22701,PINK DOG BOWL,24
13694,22702,BLACK AND WHITE CAT BOWL,48
13694,22783,SET 3 WICKER OVAL BASKETS W LIDS,4
13694,22834,HAND WARMER BABUSHKA DESIGN,120
13694,35646,VINTAGE BEAD PINK EVENING BAG,24
13694,84509G,SET OF 4 FAIRY CAKE PLACEMATS,60
13694,84519A,TOMATO CHARLIE+LOLA COASTER SET,48
13694,84519B,CARROT CHARLIE+LOLA COASTER SET,24
13694,84660C,PINK STITCHED WALL CLOCK,60
13694,84678,CLASSICAL ROSE SMALL VASE,48
13694,84819,DANISH ROSE ROUND SEWING BOX,32
13694,85180A,RED HEARTS LIGHT CHAIN,60
13694,85180B,PINK HEARTS LIGHT CHAIN,60
13694,90057,DIAMANTE RING ASSORTED IN BOX.,240
13694,90210C,RED   ACRYLIC FACETED BANGLE,60
13694,90210D,PURPLE ACRYLIC FACETED BANGLE,60
13705,21889,WOODEN BOX OF DOMINOES,12
13705,21891,TRADITIONAL WOODEN SKIPPING ROPE,12
13705,22127,PARTY CONES CARNIVAL ASSORTED,12
13705,22128,PARTY CONES CANDY ASSORTED,12
13705,22150,3 STRIPEY MICE FELTCRAFT,6
13705,22338,STAR DECORATION PAINTED ZINC,24
13705,22502,PICNIC BASKET WICKER SMALL,4
13705,22619,SET OF 6 SOLDIER SKITTLES,4
13705,22827,RUSTIC  SEVENTEEN DRAWER SIDEBOARD,1
13705,84879,ASSORTED COLOUR BIRD ORNAMENT,16
13715,17107D,"FLOWER FAIRY,5 SUMMER B'DRAW LINERS",3
13715,17165D,ASS COL LARGE SAND FROG P'WEIGHT,4
13715,20713,JUMBO BAG OWLS,2
13715,20963,APPLE BATH SPONGE,10
13715,20966,SANDWICH BATH SPONGE,10
13715,21027,NINJA RABBIT PINK,5
13715,21032,SPACE CADET WHITE,6
13715,21042,RED RETROSPOT APRON,3
13715,21172,PARTY METAL SIGN,12
13715,21181,PLEASE ONE PERSON METAL SIGN,12
13715,21355,TOAST ITS - I LOVE YOU,6
13715,21364,PEACE SMALL WOOD LETTERS,2
13715,21429,RED GINGHAM ROSE JEWELLERY BOX,4
13715,21430,SET/3 RED GINGHAM ROSE STORAGE BOX,5
13715,21928,JUMBO BAG SCANDINAVIAN PAISLEY,2
13715,21931,JUMBO STORAGE BAG SUKI,2
13715,22107,PIZZA PLATE IN BOX,8
13715,22109,FULL ENGLISH BREAKFAST PLATE,8
13715,22111,SCOTTIE DOG HOT WATER BOTTLE,3
13715,22219,LOVEBIRD HANGING DECORATION WHITE,12
13715,22271,FELTCRAFT DOLL ROSIE,6
13715,22272,FELTCRAFT DOLL MARIA,6
13715,22273,FELTCRAFT DOLL MOLLY,6
13715,22274,FELTCRAFT DOLL EMILY,6
13715,22411,JUMBO SHOPPER VINTAGE RED PAISLEY,2
13715,22469,HEART OF WICKER SMALL,12
13715,22473,TV DINNER TRAY VINTAGE PAISLEY,8
13715,22558,CLOTHES PEGS RETROSPOT PACK 24,4
13715,22562,MONSTERS STENCIL CRAFT,6
13715,22563,HAPPY STENCIL CRAFT,6
13715,22588,CARD HOLDER GINGHAM HEART,1
13715,22621,TRADITIONAL KNITTING NANCY,4
13715,22739,RIBBON REEL CHRISTMAS SOCK BAUBLE,1
13715,35971,ROSE FOLKART HEART DECORATIONS,6
13715,47567B,TEA TIME KITCHEN APRON,3
13715,82483,WOOD 2 DRAWER CABINET WHITE FINISH,2
13715,82484,WOOD BLACK BOARD ANT WHITE FINISH,2
13715,82552,WASHROOM METAL SIGN,6
13715,84509A,SET OF 4 ENGLISH ROSE PLACEMATS,3
13715,84536A,ENGLISH ROSE NOTEBOOK A7 SIZE,6
13715,85038,6 CHOCOLATE LOVE HEART T-LIGHTS,4
13715,85099C,JUMBO  BAG BAROQUE BLACK WHITE,2
13715,85099F,JUMBO BAG STRAWBERRY,2
13715,85152,HAND OVER THE CHOCOLATE   SIGN,6
13747,22180,RETROSPOT LAMP,8
13748,22086,PAPER CHAIN KIT 50'S CHRISTMAS,80
13756,21314,SMALL GLASS HEART TRINKET POT,36
13756,21484,CHICK GREY HOT WATER BOTTLE,24
13756,21741,COSY SLIPPER SHOES LARGE GREEN,18
13756,22111,SCOTTIE DOG HOT WATER BOTTLE,14
13756,22312,OFFICE MUG WARMER POLKADOT,12
13756,22400,MAGNETS PACK OF 4 HOME SWEET HOME,12
13756,22402,MAGNETS PACK OF 4 VINTAGE COLLAGE,12
13756,22834,HAND WARMER BABUSHKA DESIGN,96
13756,22837,HOT WATER BOTTLE BABUSHKA,16
13756,22867,HAND WARMER BIRD DESIGN,192
13756,84030E,ENGLISH ROSE HOT WATER BOTTLE,12
13758,21143,ANTIQUE GLASS HEART DECORATION,12
13758,21411,GINGHAM HEART  DOORSTOP RED,3
13758,21556,CERAMIC STRAWBERRY MONEY BOX,6
13758,22449,SILK PURSE BABUSHKA PINK,6
13758,22451,SILK PURSE BABUSHKA RED,6
13758,22508,DOORSTOP RETROSPOT HEART,8
13758,22511,RETROSPOT BABUSHKA DOORSTOP,4
13758,22585,PACK OF 6 BIRDY GIFT TAGS,12
13758,22637,PIGGY BANK RETROSPOT,12
13758,22644,CERAMIC CHERRY CAKE MONEY BANK,84
13758,22645,CERAMIC HEART FAIRY CAKE MONEY BANK,84
13758,22646,CERAMIC STRAWBERRY CAKE MONEY BANK,84
13758,22650,CERAMIC PIRATE CHEST MONEY BANK,12
13758,22768,FAMILY PHOTO FRAME CORNICE,2
13758,22829,SWEETHEART WIRE WALL TIDY,2
13758,22837,HOT WATER BOTTLE BABUSHKA,8
13758,22937,BAKING MOULD CHOCOLATE CUPCAKES,12
13758,22961,JAM MAKING SET PRINTED,24
13758,79321,CHILLI LIGHTS,8
13758,84754,S/15 SILVER GLASS BAUBLES IN BAG,12
13767,15056BL,EDWARDIAN PARASOL BLACK,4
13767,15056N,EDWARDIAN PARASOL NATURAL,4
13767,20679,EDWARDIAN PARASOL RED,4
13767,21212,PACK OF 72 RETROSPOT CAKE CASES,48
13767,21291,SMALL POLKADOT CHOCOLATE GIFT BAG,24
13767,21314,SMALL GLASS HEART TRINKET POT,84
13767,21481,FAWN BLUE HOT WATER BOTTLE,30
13767,21484,CHICK GREY HOT WATER BOTTLE,8
13767,21523,DOORMAT FANCY FONT HOME SWEET HOME,10
13767,21977,PACK OF 60 PINK PAISLEY CAKE CASES,48
13767,22111,SCOTTIE DOG HOT WATER BOTTLE,18
13767,22114,HOT WATER BOTTLE TEA AND SYMPATHY,20
13767,22188,BLACK HEART CARD HOLDER,8
13767,22423,REGENCY CAKESTAND 3 TIER,8
13767,22697,GREEN REGENCY TEACUP AND SAUCER,8
13767,22699,ROSES REGENCY TEACUP AND SAUCER,8
13767,22726,ALARM CLOCK BAKELIKE GREEN,46
13767,22727,ALARM CLOCK BAKELIKE RED,86
13767,22728,ALARM CLOCK BAKELIKE PINK,24
13767,22729,ALARM CLOCK BAKELIKE ORANGE,28
13767,22730,ALARM CLOCK BAKELIKE IVORY,24
13767,22834,HAND WARMER BABUSHKA DESIGN,144
13767,22866,HAND WARMER SCOTTY DOG DESIGN,120
13767,22867,HAND WARMER BIRD DESIGN,96
13767,84879,ASSORTED COLOUR BIRD ORNAMENT,64
13767,84991,60 TEATIME FAIRY CAKE CASES,48
13767,85014A,BLACK/BLUE POLKADOT UMBRELLA,10
13767,85014B,RED RETROSPOT UMBRELLA,4
13769,21733,RED HANGING HEART T-LIGHT HOLDER,6
13769,22112,CHOCOLATE HOT WATER BOTTLE,6
13769,22113,GREY HEART HOT WATER BOTTLE,4
13769,22158,3 HEARTS HANGING DECORATION RUSTIC,16
13769,22469,HEART OF WICKER SMALL,12
13769,22470,HEART OF WICKER LARGE,6
13769,71477,COLOUR GLASS. STAR T-LIGHT HOLDER,48
13769,84945,MULTI COLOUR SILVER T-LIGHT HOLDER,12
13769,85123A,WHITE HANGING HEART T-LIGHT HOLDER,6
13769,85150,LADIES & GENTLEMEN METAL SIGN,6
13777,15056N,EDWARDIAN PARASOL NATURAL,36
13777,15056P,EDWARDIAN PARASOL PINK,48
13777,20725,LUNCH BAG RED RETROSPOT,60
13777,20727,LUNCH BAG  BLACK SKULL.,120
13777,20971,PINK BLUE FELT CRAFT TRINKET BOX,144
13777,21107,CREAM SLICE FLANNEL PINK SPOT,120
13777,21156,RETROSPOT CHILDRENS APRON,132
13777,21232,STRAWBERRY CERAMIC TRINKET BOX,504
13777,21354,TOAST ITS - BEST MUM,36
13777,21864,UNION JACK FLAG PASSPORT COVER,102
13777,22041,"RECORD FRAME 7"" SINGLE SIZE",144
13777,22095,LADS ONLY TISSUE BOX,324
13777,22147,FELTCRAFT BUTTERFLY HEARTS,100
13777,22646,CERAMIC STRAWBERRY CAKE MONEY BANK,144
13777,35004C,SET OF 3 COLOURED  FLYING DUCKS,120
13777,72802A,ROSE SCENT CANDLE IN JEWELLED BOX,12
13777,82615,PINK MARSHMALLOW SCARF KNITTING KIT,36
13777,84029E,RED WOOLLY HOTTIE WHITE HEART.,480
13777,84050,PINK HEART SHAPE EGG FRYING PAN,312
13777,85038,6 CHOCOLATE LOVE HEART T-LIGHTS,72
13777,85099B,JUMBO BAG RED RETROSPOT,300
13777,85123A,WHITE HANGING HEART T-LIGHT HOLDER,256
13777,85174,S/4 CACTI CANDLES,16
13786,21622,VINTAGE UNION JACK CUSHION COVER,8
13786,21914,BLUE HARMONICA IN BOX,24
13786,21915,RED  HARMONICA IN BOX,24
13786,46000S,POLYESTER FILLER PAD 40x40cm,12
13786,84970L,SINGLE HEART ZINC T-LIGHT HOLDER,12
13786,84970S,HANGING HEART ZINC T-LIGHT HOLDER,24
13786,85123A,WHITE HANGING HEART T-LIGHT HOLDER,32
13787,21326,AGED GLASS SILVER T-LIGHT HOLDER,12
13787,22791,T-LIGHT GLASS FLUTED ANTIQUE,12
13787,22798,ANTIQUE GLASS DRESSING TABLE POT,8
13787,22800,ANTIQUE TALL SWIRLGLASS TRINKET POT,4
13787,22801,ANTIQUE GLASS PEDESTAL BOWL,4
13787,84789,ENCHANTED BIRD PLANT CAGE,4
13787,84946,ANTIQUE SILVER TEA GLASS ETCHED,12
13798,20685,DOORMAT RED RETROSPOT,30
13798,20914,SET/5 RED RETROSPOT LID GLASS BOWLS,32
13798,21165,BEWARE OF THE CAT METAL SIGN,48
13798,21166,COOK WITH WINE METAL SIGN,96
13798,21181,PLEASE ONE PERSON METAL SIGN,96
13798,21212,PACK OF 72 RETROSPOT CAKE CASES,120
13798,21231,SWEETHEART CERAMIC TRINKET BOX,144
13798,21232,STRAWBERRY CERAMIC TRINKET BOX,144
13798,21562,HAWAIIAN GRASS SKIRT,1
13798,21700,BIG DOUGHNUT FRIDGE MAGNETS,2
13798,21733,RED HANGING HEART T-LIGHT HOLDER,32
13798,21903,MAN FLU METAL SIGN,48
13798,21928,JUMBO BAG SCANDINAVIAN PAISLEY,100
13798,22064,PINK DOUGHNUT TRINKET POT,48
13798,22065,CHRISTMAS PUDDING TRINKET POT,48
13798,22470,HEART OF WICKER LARGE,1
13798,35924,HANGING FAIRY CAKE DECORATION,264
13798,37446,MINI CAKE STAND WITH HANGING CAKES,64
13798,37447,CERAMIC CAKE DESIGN SPOTTED PLATE,48
13798,37449,CERAMIC CAKE STAND + HANGING CAKES,16
13798,37450,CERAMIC CAKE BOWL + HANGING CAKES,36
13798,47559B,TEA TIME OVEN GLOVE,100
13798,47599B,BLUE PARTY BAGS,100
13798,48185,DOORMAT FAIRY CAKE,10
13798,82583,HOT BATHS METAL SIGN,144
13798,84380,SET OF 3 BUTTERFLY COOKIE CUTTERS,144
13798,84596B,SMALL DOLLY MIX DESIGN ORANGE BOWL,72
13798,84596E,SMALL LICORICE DES PINK BOWL,72
13798,84596F,SMALL MARSHMALLOWS PINK BOWL,72
13798,84596G,SMALL CHOCOLATES PINK BOWL,72
13798,84970L,SINGLE HEART ZINC T-LIGHT HOLDER,4
13798,85099B,JUMBO BAG RED RETROSPOT,100
13798,85099C,JUMBO  BAG BAROQUE BLACK WHITE,100
13798,85123A,WHITE HANGING HEART T-LIGHT HOLDER,160
13798,90200B,BLACK SWEETHEART BRACELET,3
13798,90200C,BLUE SWEETHEART BRACELET,3
13798,90200D,PINK SWEETHEART BRACELET,3
13798,90200E,GREEN SWEETHEART BRACELET,3
13807,21352,EUCALYPTUS & PINECONE  WREATH,2
13807,22469,HEART OF WICKER SMALL,12
13807,22794,SWEETHEART WIRE MAGAZINE RACK,2
13807,22845,VINTAGE CREAM CAT FOOD CONTAINER,2
13807,71053,WHITE METAL LANTERN,4
13807,84949,SILVER HANGING T-LIGHT HOLDER,12
13807,85136C,RED SHARK HELICOPTER,2
13831,21733,RED HANGING HEART T-LIGHT HOLDER,32
13831,85123A,WHITE HANGING HEART T-LIGHT HOLDER,128
13838,15056BL,EDWARDIAN PARASOL BLACK,1
13838,15056N,EDWARDIAN PARASOL NATURAL,1
13838,15056P,EDWARDIAN PARASOL PINK,2
13838,17109D,FLOWER FAIRY INCENSE BOUQUET,2
13838,20679,EDWARDIAN PARASOL RED,1
13838,20773,BLUE PAISLEY NOTEBOOK,1
13838,21011,GLITTER SNOW PEAR TREE DECORATION,2
13838,21112,"SWISS ROLL TOWEL, PINK  SPOTS",1
13838,21192,WHITE BELL HONEYCOMB PAPER,5
13838,21259,VICTORIAN SEWING BOX SMALL,1
13838,21260,FIRST AID TIN,1
13838,21328,BALLOONS  WRITING SET,1
13838,21427,SKULLS STORAGE BOX SMALL,1
13838,21524,DOORMAT SPOTTY HOME SWEET HOME,1
13838,21533,RETROSPOT LARGE MILK JUG,1
13838,21579,LOLITA  DESIGN  COTTON TOTE BAG,3
13838,21755,LOVE BUILDING BLOCK WORD,1
13838,21756,BATH BUILDING BLOCK WORD,2
13838,21850,BLUE  DIAMANTE PEN IN GIFT BOX,1
13838,21930,JUMBO STORAGE BAG SKULLS,1
13838,21985,PACK OF 12 HEARTS DESIGN TISSUES,12
13838,22118,JOY WOODEN BLOCK LETTERS,1
13838,22311,OFFICE MUG WARMER BLACK+SILVER,1
13838,22316,200 BENDY SKULL STRAWS,1
13838,22327,ROUND SNACK BOXES SET OF 4 SKULLS,1
13838,22372,AIRLINE BAG VINTAGE WORLD CHAMPION,1
13838,22423,REGENCY CAKESTAND 3 TIER,1
13838,22469,HEART OF WICKER SMALL,1
13838,22470,HEART OF WICKER LARGE,1
13838,22508,DOORSTOP RETROSPOT HEART,1
13838,22624,IVORY KITCHEN SCALES,1
13838,22665,RECIPE BOX BLUE SKETCHBOOK DESIGN,1
13838,22666,RECIPE BOX PANTRY YELLOW DESIGN,2
13838,22697,GREEN REGENCY TEACUP AND SAUCER,1
13838,22699,ROSES REGENCY TEACUP AND SAUCER,1
13838,22730,ALARM CLOCK BAKELIKE IVORY,1
13838,22853,CAT BOWL VINTAGE CREAM,1
13838,22862,LOVE HEART NAPKIN BOX,1
13838,22904,CALENDAR PAPER CUT DESIGN,1
13838,22955,36 FOIL STAR CAKE CASES,1
13838,22956,36 FOIL HEART CAKE CASES,1
13838,22961,JAM MAKING SET PRINTED,3
13838,22968,ROSE COTTAGE KEEPSAKE BOX,1
13838,22969,HOMEMADE JAM SCENTED CANDLES,12
13838,47591D,PINK FAIRY CAKE CHILDRENS APRON,1
13838,84580,MOUSE TOY WITH PINK T-SHIRT,1
13838,85014A,BLACK/BLUE POLKADOT UMBRELLA,1
13838,85014B,RED RETROSPOT UMBRELLA,1
13842,20975,12 PENCILS SMALL TUBE RED RETROSPOT,24
13842,20981,12 PENCILS TALL TUBE WOODLAND,12
13842,21326,AGED GLASS SILVER T-LIGHT HOLDER,12
13842,21754,HOME BUILDING BLOCK WORD,3
13842,22147,FELTCRAFT BUTTERFLY HEARTS,12
13842,22149,FELTCRAFT 6 FLOWER FRIENDS,6
13842,22171,3 HOOK PHOTO SHELF ANTIQUE WHITE,2
13842,22464,HANGING METAL HEART LANTERN,12
13842,22469,HEART OF WICKER SMALL,12
13842,22470,HEART OF WICKER LARGE,6
13842,22505,MEMO BOARD COTTAGE DESIGN,4
13842,22635,CHILDS BREAKFAST SET DOLLY GIRL,2
13842,22666,RECIPE BOX PANTRY YELLOW DESIGN,6
13842,22791,T-LIGHT GLASS FLUTED ANTIQUE,12
13842,46000R,POLYESTER FILLER PAD 45x30cm,3
13842,47566,PARTY BUNTING,5
13842,82486,WOOD S/3 CABINET ANT WHITE FINISH,2
13842,84580,MOUSE TOY WITH PINK T-SHIRT,4
13842,84755,COLOUR GLASS T-LIGHT HOLDER HANGING,16
13842,84879,ASSORTED COLOUR BIRD ORNAMENT,8
13846,21205,MULTICOLOUR 3D BALLS GARLAND,6
13846,21206,STRAWBERRY HONEYCOMB  GARLAND,12
13846,21207,SKULL AND CROSSBONES  GARLAND,12
13846,21880,RED RETROSPOT TAPE,12
13846,21881,CUTE CATS TAPE,12
13846,21882,SKULLS TAPE,12
13846,21883,STARS GIFT TAPE,12
13846,21884,CAKES AND BOWS GIFT  TAPE,12
13846,21987,PACK OF 6 SKULL PAPER CUPS,12
13846,21989,PACK OF 20 SKULL PAPER NAPKINS,12
13846,22083,PAPER CHAIN KIT RETROSPOT,6
13846,22085,PAPER CHAIN KIT SKULLS,6
13846,22163,HEART STRING MEMO HOLDER HANGING,6
13846,22164,STRING OF STARS CARD HOLDER,6
13846,22327,ROUND SNACK BOXES SET OF 4 SKULLS,6
13846,22332,SKULLS PARTY BAG + STICKER SET,8
13846,22333,RETROSPOT PARTY BAG + STICKER SET,8
13846,22367,CHILDRENS APRON SPACEBOY DESIGN,8
13846,22553,PLASTERS IN TIN SKULLS,12
13846,22556,PLASTERS IN TIN CIRCUS PARADE,12
13846,22562,MONSTERS STENCIL CRAFT,12
13846,22634,CHILDS BREAKFAST SET SPACEBOY,2
13846,22635,CHILDS BREAKFAST SET DOLLY GIRL,2
13846,22779,WOODEN OWLS LIGHT GARLAND,4
13846,22955,36 FOIL STAR CAKE CASES,6
13846,22956,36 FOIL HEART CAKE CASES,6
13846,35924,HANGING FAIRY CAKE DECORATION,6
13846,79321,CHILLI LIGHTS,4
13848,16014,SMALL CHINESE STYLE SCISSOR,1000
13854,20749,ASSORTED COLOUR MINI CASES,12
13854,21363,HOME SMALL WOOD LETTERS,6
13854,22083,PAPER CHAIN KIT RETROSPOT,6
13854,22423,REGENCY CAKESTAND 3 TIER,16
13854,22469,HEART OF WICKER SMALL,40
13854,82494L,WOODEN FRAME ANTIQUE WHITE,24
13854,84817,DANISH ROSE DECORATIVE PLATE,24
13854,84818,DANISH ROSE PHOTO FRAME,24
13854,84819,DANISH ROSE ROUND SEWING BOX,16
13854,84821,DANISH ROSE DELUXE COASTER,96
13854,84823,DANISH ROSE FOLDING CHAIR,16
13869,16156S,WRAP PINK FAIRY CAKES,25
13869,20749,ASSORTED COLOUR MINI CASES,2
13869,20969,RED FLORAL FELTCRAFT SHOULDER BAG,4
13869,20970,PINK FLORAL FELTCRAFT SHOULDER BAG,4
13869,21054,NURSE'S BAG SOFT TOY,2
13869,21055,TOOL BOX SOFT TOY,2
13869,21499,BLUE POLKADOT WRAP,25
13869,21730,GLASS STAR FROSTED T-LIGHT HOLDER,3
13869,21868,POTTING SHED TEA MUG,12
13869,22300,COFFEE MUG DOG + BALL DESIGN,6
13869,22301,COFFEE MUG CAT + BIRD DESIGN,6
13869,22470,HEART OF WICKER LARGE,6
13869,22776,SWEETHEART CAKESTAND 3 TIER,2
13869,22840,ROUND CAKE TIN VINTAGE RED,2
13869,22841,ROUND CAKE TIN VINTAGE GREEN,2
13869,22988,SOLDIERS EGG CUP,12
13869,84879,ASSORTED COLOUR BIRD ORNAMENT,8
13869,84945,MULTI COLOUR SILVER T-LIGHT HOLDER,12
13869,85062,PEARL CRYSTAL PUMPKIN T-LIGHT HLDR,12
13869,85123A,WHITE HANGING HEART T-LIGHT HOLDER,6
13869,85232A,SET/3 POLKADOT STACKING TINS,3
13874,21114,LAVENDER SCENTED FABRIC HEART,20
13874,22173,METAL 4 HOOK HANGER FRENCH CHATEAU,8
13874,22212,FOUR HOOK  WHITE LOVEBIRDS,6
13874,22227,HANGING HEART MIRROR DECORATION,24
13874,22379,RECYCLING BAG RETROSPOT,5
13874,22424,ENAMEL BREAD BIN CREAM,1
13874,22427,ENAMEL FLOWER JUG CREAM,3
13874,22457,NATURAL SLATE HEART CHALKBOARD,6
13874,22501,PICNIC BASKET WICKER LARGE,2
13874,22803,IVORY EMBROIDERED QUILT,5
13874,22822,CREAM WALL PLANTER HEART SHAPED,2
13874,22831,WHITE BROCANTE SOAP DISH,6
13874,22855,FINE WICKER HEART,12
13874,84406B,CREAM CUPID HEARTS COAT HANGER,8
13874,84792,ENCHANTED BIRD COATHANGER 5 HOOK,4
13874,84836,ZINC METAL HEART DECORATION,12
13874,84971S,SMALL HEART FLOWERS HOOK,24
13874,85123A,WHITE HANGING HEART T-LIGHT HOLDER,32
13880,21012,ANTIQUE ALL GLASS CANDLESTICK,6
13880,22791,T-LIGHT GLASS FLUTED ANTIQUE,12
13880,22792,FLUTED ANTIQUE CANDLE HOLDER,12
13880,84029E,RED WOOLLY HOTTIE WHITE HEART.,8
13880,84912B,GREEN ROSE WASHBAG,4
13880,84946,ANTIQUE SILVER TEA GLASS ETCHED,12
13890,20972,PINK CREAM FELT CRAFT TRINKET BOX,12
13890,21175,GIN + TONIC DIET METAL SIGN,12
13890,21181,PLEASE ONE PERSON METAL SIGN,12
13890,21870,I CAN ONLY PLEASE ONE PERSON MUG,12
13890,22111,SCOTTIE DOG HOT WATER BOTTLE,3
13890,22113,GREY HEART HOT WATER BOTTLE,4
13890,22561,WOODEN SCHOOL COLOURING SET,12
13890,22568,FELTCRAFT CUSHION OWL,4
13890,22569,FELTCRAFT CUSHION BUTTERFLY,4
13890,84836,ZINC METAL HEART DECORATION,12
13890,85150,LADIES & GENTLEMEN METAL SIGN,6
13922,21115,ROSE CARAVAN DOORSTOP,2
13922,22504,CABIN BAG VINTAGE RETROSPOT,3
13922,22782,SET 3 WICKER STORAGE BASKETS,4
13922,22834,HAND WARMER BABUSHKA DESIGN,24
13922,70006,LOVE HEART POCKET WARMER,30
13922,85123A,WHITE HANGING HEART T-LIGHT HOLDER,6
13922,85184C,S/4 VALENTINE DECOUPAGE HEART BOX,24
13941,20893,HANGING BAUBLE T-LIGHT HOLDER SMALL,108
13941,21125,SET 6 FOOTBALL CELEBRATION CANDLES,12
13941,21354,TOAST ITS - BEST MUM,12
13941,21356,TOAST ITS - FAIRY FLOWER,12
13941,21743,STAR PORTABLE TABLE LIGHT,96
13941,22179,SET 10 LIGHTS NIGHT OWL,24
13941,72741,GRAND CHOCOLATECANDLE,144
13941,79302M,"ART LIGHTS,FUNK MONKEY",20
13941,79321,CHILLI LIGHTS,24
13941,85116,BLACK CANDELABRA T-LIGHT HOLDER,96
13941,85175,CACTI T-LIGHT CANDLES,96
13948,22222,CAKE PLATE LOVEBIRD WHITE,24
13948,84766,SILVER ROCOCO CANDLE STICK,12
13948,84823,DANISH ROSE FOLDING CHAIR,4
13953,62018,SOMBRERO,400
13959,20724,RED RETROSPOT CHARLOTTE BAG,10
13959,21035,SET/2 RED RETROSPOT TEA TOWELS,5
13959,21041,RED RETROSPOT OVEN GLOVE DOUBLE,5
13959,21259,VICTORIAN SEWING BOX SMALL,4
13959,22212,FOUR HOOK  WHITE LOVEBIRDS,10
13959,22348,TEA BAG PLATE RED RETROSPOT,10
13959,22625,RED KITCHEN SCALES,5
13959,22747,POPPY'S PLAYHOUSE BATHROOM,1
13959,47559B,TEA TIME OVEN GLOVE,5
13959,79067,CORONA MEXICAN TRAY,5
13959,79144B,PAINTED LIGHTBULB STAR+ MOON,2
13959,82580,BATHROOM METAL SIGN,25
13959,84510A,SET OF 4 ENGLISH ROSE COASTERS,5
13959,84520B,PACK 20 ENGLISH ROSE PAPER NAPKINS,5
13959,84660B,BLACK STITCHED WALL CLOCK,20
13959,90002D,FLOWER BURST SILVER RING CRYSTAL,1
13963,22568,FELTCRAFT CUSHION OWL,8
13963,22569,FELTCRAFT CUSHION BUTTERFLY,4
13963,22570,FELTCRAFT CUSHION RABBIT,8
13963,22644,CERAMIC CHERRY CAKE MONEY BANK,12
13963,22645,CERAMIC HEART FAIRY CAKE MONEY BANK,12
13963,37450,CERAMIC CAKE BOWL + HANGING CAKES,6
13963,84665,SQUARE CHERRY BLOSSOM CABINET,4
13969,21481,FAWN BLUE HOT WATER BOTTLE,10
13969,21484,CHICK GREY HOT WATER BOTTLE,5
13969,21790,VINTAGE SNAP CARDS,3
13969,22086,PAPER CHAIN KIT 50'S CHRISTMAS,12
13969,22110,BIRD HOUSE HOT WATER BOTTLE,10
13969,22195,LARGE HEART MEASURING SPOONS,5
13969,22196,SMALL HEART MEASURING SPOONS,5
13969,22197,SMALL POPCORN HOLDER,2
13969,22198,LARGE POPCORN HOLDER,3
13969,22474,SPACEBOY TV DINNER TRAY,1
13969,22652,TRAVEL SEWING KIT,2
13969,22654,DELUXE SEWING KIT,1
13969,22700,BLACK AND WHITE DOG BOWL,1
13969,22726,ALARM CLOCK BAKELIKE GREEN,1
13969,22729,ALARM CLOCK BAKELIKE ORANGE,1
13969,22834,HAND WARMER BABUSHKA DESIGN,20
13969,22910,PAPER CHAIN KIT VINTAGE CHRISTMAS,10
13969,22943,CHRISTMAS LIGHTS 10 VINTAGE BAUBLES,1
13969,22961,JAM MAKING SET PRINTED,4
13969,82582,AREA PATROLLED METAL SIGN,12
13969,82599,FANNY'S REST STOPMETAL SIGN,2
13969,84029E,RED WOOLLY HOTTIE WHITE HEART.,2
13969,84029G,KNITTED UNION FLAG HOT WATER BOTTLE,2
13969,84879,ASSORTED COLOUR BIRD ORNAMENT,16
13969,85232B,SET OF 3 BABUSHKA STACKING TINS,2
13982,20718,RED RETROSPOT SHOPPER BAG,10
13982,20724,RED RETROSPOT CHARLOTTE BAG,10
13982,21080,SET/20 RED RETROSPOT PAPER NAPKINS,12
13982,21411,GINGHAM HEART  DOORSTOP RED,3
13982,21527,RED RETROSPOT TRADITIONAL TEAPOT,4
13982,21531,RED RETROSPOT SUGAR JAM BOWL,6
13982,21790,VINTAGE SNAP CARDS,12
13982,21844,RED RETROSPOT MUG,6
13982,21889,WOODEN BOX OF DOMINOES,12
13982,22111,SCOTTIE DOG HOT WATER BOTTLE,3
13982,22464,HANGING METAL HEART LANTERN,12
13982,22465,HANGING METAL STAR LANTERN,12
13982,22508,DOORSTOP RETROSPOT HEART,4
13982,22651,GENTLEMAN SHIRT REPAIR KIT,12
13982,22652,TRAVEL SEWING KIT,10
13982,22667,RECIPE BOX RETROSPOT,6
13982,22766,PHOTO FRAME CORNICE,8
13982,22965,3 TRADITIONAl BISCUIT CUTTERS  SET,6
13982,82482,WOODEN PICTURE FRAME WHITE FINISH,6
13982,82494L,WOODEN FRAME ANTIQUE WHITE,6
13982,84029E,RED WOOLLY HOTTIE WHITE HEART.,4
13982,84378,SET OF 3 HEART COOKIE CUTTERS,12
13982,85123A,WHITE HANGING HEART T-LIGHT HOLDER,32
13983,16161U,WRAP SUKI AND FRIENDS,25
13983,21191,LARGE WHITE HONEYCOMB PAPER BELL,17
13983,21192,WHITE BELL HONEYCOMB PAPER,18
13983,21481,FAWN BLUE HOT WATER BOTTLE,4
13983,21983,PACK OF 12 BLUE PAISLEY TISSUES,24
13983,22048,BIRTHDAY BANQUET GIFT WRAP,25
13983,22112,CHOCOLATE HOT WATER BOTTLE,12
13983,22114,HOT WATER BOTTLE TEA AND SYMPATHY,12
13983,22625,RED KITCHEN SCALES,2
13983,22626,BLACK KITCHEN SCALES,2
13983,22708,WRAP DOLLY GIRL,25
13983,22731,3D CHRISTMAS STAMPS STICKERS,18
13983,22909,SET OF 20 VINTAGE CHRISTMAS NAPKINS,12
13983,84375,SET OF 20 KIDS COOKIE CUTTERS,12
13983,84378,SET OF 3 HEART COOKIE CUTTERS,12
13984,18097C,WHITE TALL PORCELAIN T-LIGHT HOLDER,24
13984,21098,CHRISTMAS TOILET ROLL,24
13984,22492,MINI PAINT SET VINTAGE,36
13984,22651,GENTLEMAN SHIRT REPAIR KIT,12
13984,84946,ANTIQUE SILVER TEA GLASS ETCHED,24
13999,20675,BLUE POLKADOT BOWL,8
13999,20676,RED RETROSPOT BOWL,8
13999,20677,PINK POLKADOT BOWL,8
13999,21238,RED RETROSPOT CUP,16
13999,21239,PINK  POLKADOT CUP,8
13999,21240,BLUE POLKADOT CUP,8
13999,22052,VINTAGE CARAVAN GIFT WRAP,25
13999,22086,PAPER CHAIN KIT 50'S CHRISTMAS,12
13999,22348,TEA BAG PLATE RED RETROSPOT,24
13999,22411,JUMBO SHOPPER VINTAGE RED PAISLEY,10
13999,22480,RED TEA TOWEL CLASSIC DESIGN,24
13999,22481,BLACK TEA TOWEL CLASSIC DESIGN,12
13999,22492,MINI PAINT SET VINTAGE,36
13999,22548,HEADS AND TAILS SPORTING FUN,12
13999,22910,PAPER CHAIN KIT VINTAGE CHRISTMAS,12
13999,84755,COLOUR GLASS T-LIGHT HOLDER HANGING,32
13999,85099F,JUMBO BAG STRAWBERRY,10
14001,21135,VICTORIAN  METAL POSTCARD SPRING,16
14001,21929,JUMBO BAG PINK VINTAGE PAISLEY,20
14001,22113,GREY HEART HOT WATER BOTTLE,8
14001,22173,METAL 4 HOOK HANGER FRENCH CHATEAU,16
14001,22411,JUMBO SHOPPER VINTAGE RED PAISLEY,10
14001,22624,IVORY KITCHEN SCALES,6
14001,22625,RED KITCHEN SCALES,6
14001,22626,BLACK KITCHEN SCALES,2
14001,85099B,JUMBO BAG RED RETROSPOT,10
14030,17091A,LAVENDER INCENSE IN TIN,6
14030,17091J,VANILLA INCENSE IN TIN,6
14030,20967,GREY FLORAL FELTCRAFT SHOULDER BAG,1
14030,20969,RED FLORAL FELTCRAFT SHOULDER BAG,1
14030,20970,PINK FLORAL FELTCRAFT SHOULDER BAG,1
14030,21121,SET/10 RED POLKADOT PARTY CANDLES,2
14030,21122,SET/10 PINK POLKADOT PARTY CANDLES,2
14030,21123,SET/10 IVORY POLKADOT PARTY CANDLES,5
14030,21124,SET/10 BLUE POLKADOT PARTY CANDLES,2
14030,21340,CLASSIC METAL BIRDCAGE PLANT HOLDER,3
14030,21484,CHICK GREY HOT WATER BOTTLE,1
14030,21485,RETROSPOT HEART HOT WATER BOTTLE,1
14030,22110,BIRD HOUSE HOT WATER BOTTLE,1
14030,22111,SCOTTIE DOG HOT WATER BOTTLE,1
14030,22112,CHOCOLATE HOT WATER BOTTLE,1
14030,22192,BLUE DINER WALL CLOCK,1
14030,22470,HEART OF WICKER LARGE,5
14030,22487,WHITE WOOD GARDEN PLANT LADDER,1
14030,22580,ADVENT CALENDAR GINGHAM SACK,1
14030,22773,GREEN DRAWER KNOB ACRYLIC EDWARDIAN,12
14030,22774,RED DRAWER KNOB ACRYLIC EDWARDIAN,12
14030,22775,PURPLE DRAWERKNOB ACRYLIC EDWARDIAN,12
14030,22797,CHEST OF DRAWERS GINGHAM HEART,1
14030,22805,BLUE DRAWER KNOB ACRYLIC EDWARDIAN,12
14030,22827,RUSTIC  SEVENTEEN DRAWER SIDEBOARD,2
14030,22828,REGENCY MIRROR WITH SHUTTERS,1
14030,22956,36 FOIL HEART CAKE CASES,3
14031,15056BL,EDWARDIAN PARASOL BLACK,12
14031,20679,EDWARDIAN PARASOL RED,12
14031,21484,CHICK GREY HOT WATER BOTTLE,36
14031,21524,DOORMAT SPOTTY HOME SWEET HOME,10
14031,21658,GLASS  BEURRE DISH,32
14031,21745,GAOLERS KEYS DECORATIVE GARDEN,24
14031,22065,CHRISTMAS PUDDING TRINKET POT,10
14031,22111,SCOTTIE DOG HOT WATER BOTTLE,24
14031,22326,ROUND SNACK BOXES SET OF4 WOODLAND,6
14031,22328,ROUND SNACK BOXES SET OF 4 FRUITS,6
14031,22365,DOORMAT RESPECTABLE HOUSE,10
14031,22423,REGENCY CAKESTAND 3 TIER,32
14031,22659,LUNCH BOX I LOVE LONDON,10
14031,22697,GREEN REGENCY TEACUP AND SAUCER,6
14031,22777,GLASS CLOCHE LARGE,12
14031,22778,GLASS CLOCHE SMALL,24
14031,22798,ANTIQUE GLASS DRESSING TABLE POT,2
14031,22800,ANTIQUE TALL SWIRLGLASS TRINKET POT,12
14031,22801,ANTIQUE GLASS PEDESTAL BOWL,6
14031,22926,IVORY GIANT GARDEN THERMOMETER,4
14031,22988,SOLDIERS EGG CUP,288
14031,37370,RETRO COFFEE MUGS ASSORTED,216
14031,48138,DOORMAT UNION FLAG,10
14031,79067,CORONA MEXICAN TRAY,17
14031,84029E,RED WOOLLY HOTTIE WHITE HEART.,48
14031,84029G,KNITTED UNION FLAG HOT WATER BOTTLE,72
14031,84879,ASSORTED COLOUR BIRD ORNAMENT,48
14032,21731,RED TOADSTOOL LED NIGHT LIGHT,12
14032,21741,COSY SLIPPER SHOES LARGE GREEN,6
14032,22064,PINK DOUGHNUT TRINKET POT,24
14032,22109,FULL ENGLISH BREAKFAST PLATE,32
14032,22198,LARGE POPCORN HOLDER,12
14032,22441,GROW YOUR OWN BASIL IN ENAMEL MUG,16
14032,22496,SET OF 2 ROUND TINS DUTCH CHEESE,6
14032,22636,CHILDS BREAKFAST SET CIRCUS PARADE,4
14032,22659,LUNCH BOX I LOVE LONDON,12
14032,22710,WRAP I LOVE LONDON,25
14032,22837,HOT WATER BOTTLE BABUSHKA,4
14032,22892,SET OF SALT AND PEPPER TOADSTOOLS,12
14032,22900,SET 2 TEA TOWELS I LOVE LONDON,12
14032,22902,TOTE BAG I LOVE LONDON,12
14032,22969,HOMEMADE JAM SCENTED CANDLES,12
14032,22970,LONDON BUS COFFEE MUG,12
14032,22973,CHILDREN'S CIRCUS PARADE MUG,12
14032,22976,CIRCUS PARADE CHILDRENS EGG CUP,24
14032,22988,SOLDIERS EGG CUP,36
14032,79067,CORONA MEXICAN TRAY,8
14032,84077,WORLD WAR 2 GLIDERS ASSTD DESIGNS,96
14037,20727,LUNCH BAG  BLACK SKULL.,2
14037,20749,ASSORTED COLOUR MINI CASES,1
14037,20967,GREY FLORAL FELTCRAFT SHOULDER BAG,1
14037,20969,RED FLORAL FELTCRAFT SHOULDER BAG,1
14037,20970,PINK FLORAL FELTCRAFT SHOULDER BAG,1
14037,21098,CHRISTMAS TOILET ROLL,1
14037,21479,WHITE SKULL HOT WATER BOTTLE,2
14037,21481,FAWN BLUE HOT WATER BOTTLE,2
14037,21484,CHICK GREY HOT WATER BOTTLE,1
14037,21485,RETROSPOT HEART HOT WATER BOTTLE,1
14037,21826,EIGHT PIECE DINOSAUR SET,3
14037,21888,BINGO SET,1
14037,21889,WOODEN BOX OF DOMINOES,2
14037,22110,BIRD HOUSE HOT WATER BOTTLE,1
14037,22111,SCOTTIE DOG HOT WATER BOTTLE,1
14037,22271,FELTCRAFT DOLL ROSIE,1
14037,22272,FELTCRAFT DOLL MARIA,1
14037,22568,FELTCRAFT CUSHION OWL,1
14037,22569,FELTCRAFT CUSHION BUTTERFLY,2
14037,22570,FELTCRAFT CUSHION RABBIT,1
14037,22617,BAKING SET SPACEBOY DESIGN,2
14037,22623,BOX OF VINTAGE JIGSAW BLOCKS,1
14037,22749,FELTCRAFT PRINCESS CHARLOTTE DOLL,1
14037,22750,FELTCRAFT PRINCESS LOLA DOLL,1
14037,22940,FELTCRAFT CHRISTMAS FAIRY,1
14037,35591T,TURQUOISE CHRISTMAS TREE,1
14045,20914,SET/5 RED RETROSPOT LID GLASS BOWLS,128
14047,21754,HOME BUILDING BLOCK WORD,3
14047,22120,WELCOME  WOODEN BLOCK LETTERS,3
14047,22367,CHILDRENS APRON SPACEBOY DESIGN,8
14047,22467,GUMBALL COAT RACK,12
14047,22618,COOKING SET RETROSPOT,2
14047,22634,CHILDS BREAKFAST SET SPACEBOY,2
14047,22752,SET 7 BABUSHKA NESTING BOXES,4
14047,22781,GUMBALL MAGAZINE RACK,2
14047,22837,HOT WATER BOTTLE BABUSHKA,8
14047,22898,CHILDRENS APRON APPLES DESIGN,8
14047,84077,WORLD WAR 2 GLIDERS ASSTD DESIGNS,48
14047,84792,ENCHANTED BIRD COATHANGER 5 HOOK,8
14051,15056BL,EDWARDIAN PARASOL BLACK,24
14051,15056N,EDWARDIAN PARASOL NATURAL,24
14051,21069,VINTAGE BILLBOARD TEA MUG,30
14051,21314,SMALL GLASS HEART TRINKET POT,16
14051,21479,WHITE SKULL HOT WATER BOTTLE,24
14051,21484,CHICK GREY HOT WATER BOTTLE,12
14051,21523,DOORMAT FANCY FONT HOME SWEET HOME,20
14051,21877,HOME SWEET HOME MUG,12
14051,22112,CHOCOLATE HOT WATER BOTTLE,24
14051,22312,OFFICE MUG WARMER POLKADOT,24
14051,22313,OFFICE MUG WARMER PINK,30
14051,22314,OFFICE MUG WARMER CHOC+BLUE,60
14051,22423,REGENCY CAKESTAND 3 TIER,6
14051,22616,PACK OF 12 LONDON TISSUES,84
14051,22699,ROSES REGENCY TEACUP AND SAUCER,6
14051,22777,GLASS CLOCHE LARGE,4
14051,22778,GLASS CLOCHE SMALL,8
14051,22834,HAND WARMER BABUSHKA DESIGN,84
14051,22837,HOT WATER BOTTLE BABUSHKA,48
14051,22867,HAND WARMER BIRD DESIGN,12
14051,48138,DOORMAT UNION FLAG,10
14051,48173C,DOORMAT BLACK FLOCK,12
14051,84029G,KNITTED UNION FLAG HOT WATER BOTTLE,18
14057,20713,JUMBO BAG OWLS,1
14057,20750,RED RETROSPOT MINI CASES,5
14057,20963,APPLE BATH SPONGE,10
14057,20966,SANDWICH BATH SPONGE,10
14057,21495,SKULLS AND CROSSBONES WRAP,25
14057,21504,SKULLS GREETING CARD,24
14057,21507,"ELEPHANT, BIRTHDAY CARD,",24
14057,21508,VINTAGE KID DOLLY CARD,24
14057,21509,COWBOYS AND INDIANS BIRTHDAY CARD,24
14057,21584,RETROSPOT SMALL TUBE MATCHES,1
14057,21731,RED TOADSTOOL LED NIGHT LIGHT,12
14057,21790,VINTAGE SNAP CARDS,24
14057,21791,VINTAGE HEADS AND TAILS CARD GAME,24
14057,21830,ASSORTED CREEPY CRAWLIES,48
14057,21889,WOODEN BOX OF DOMINOES,8
14057,21914,BLUE HARMONICA IN BOX,12
14057,21915,RED  HARMONICA IN BOX,12
14057,21918,SET 12 KIDS COLOUR  CHALK STICKS,8
14057,22045,SPACEBOY GIFT WRAP,25
14057,22197,SMALL POPCORN HOLDER,4
14057,22198,LARGE POPCORN HOLDER,1
14057,22417,PACK OF 60 SPACEBOY CAKE CASES,48
14057,22531,MAGIC DRAWING SLATE CIRCUS PARADE,48
14057,22536,MAGIC DRAWING SLATE PURDEY,48
14057,22548,HEADS AND TAILS SPORTING FUN,12
14057,22549,PICTURE DOMINOES,24
14057,22555,PLASTERS IN TIN STRONGMAN,24
14057,22556,PLASTERS IN TIN CIRCUS PARADE,24
14057,22562,MONSTERS STENCIL CRAFT,6
14057,22563,HAPPY STENCIL CRAFT,6
14057,22564,ALPHABET STENCIL CRAFT,6
14057,22616,PACK OF 12 LONDON TISSUES,60
14057,22618,COOKING SET RETROSPOT,3
14057,22619,SET OF 6 SOLDIER SKITTLES,6
14057,22629,SPACEBOY LUNCH BOX,48
14057,22659,LUNCH BOX I LOVE LONDON,87
14057,22704,WRAP RED APPLES,25
14057,22710,WRAP I LOVE LONDON,25
14057,22711,WRAP CIRCUS PARADE,25
14057,22713,CARD I LOVE LONDON,24
14057,22716,CARD CIRCUS PARADE,24
14057,22753,SMALL YELLOW BABUSHKA NOTEBOOK,5
14057,22758,LARGE PURPLE BABUSHKA NOTEBOOK,5
14057,22951,60 CAKE CASES DOLLY GIRL DESIGN,24
14057,22988,SOLDIERS EGG CUP,12
14057,84988,SET OF 72 PINK HEART PAPER DOILIES,24
14057,85099B,JUMBO BAG RED RETROSPOT,2
14060,21014,SWISS CHALET TREE DECORATION,60
14060,21192,WHITE BELL HONEYCOMB PAPER,24
14060,21791,VINTAGE HEADS AND TAILS CARD GAME,36
14060,21801,CHRISTMAS TREE DECORATION WITH BELL,36
14060,21803,CHRISTMAS TREE STAR DECORATION,36
14060,22144,CHRISTMAS CRAFT LITTLE FRIENDS,40
14060,22178,VICTORIAN GLASS HANGING T-LIGHT,24
14060,22491,PACK OF 12 COLOURED PENCILS,48
14060,22909,SET OF 20 VINTAGE CHRISTMAS NAPKINS,96
14060,40016,CHINESE DRAGON PAPER LANTERNS,144
14060,72816,SET/3 CHRISTMAS DECOUPAGE CANDLES,48
14060,84347,ROTATING SILVER ANGELS T-LIGHT HLDR,96
14060,84945,MULTI COLOUR SILVER T-LIGHT HOLDER,144
14060,85199L,LARGE HANGING IVORY & RED WOOD BIRD,36
14062,20668,DISCO BALL CHRISTMAS DECORATION,288
14062,21326,AGED GLASS SILVER T-LIGHT HOLDER,36
14062,21463,MIRRORED DISCO BALL,80
14062,21464,DISCO BALL ROTATOR BATTERY OPERATED,8
14062,21730,GLASS STAR FROSTED T-LIGHT HOLDER,18
14062,22102,MIRROR MOSAIC T-LIGHT HOLDER,6
14062,22105,MIRROR MOSAIC GOBLET CANDLE HOLDER,4
14062,22616,PACK OF 12 LONDON TISSUES,24
14062,22834,HAND WARMER BABUSHKA DESIGN,96
14062,22835,HOT WATER BOTTLE I AM SO POORLY,24
14062,22837,HOT WATER BOTTLE BABUSHKA,12
14062,22903,CALENDAR FAMILY FAVOURITES,40
14062,22941,CHRISTMAS LIGHTS 10 REINDEER,3
14062,22942,CHRISTMAS LIGHTS 10 SANTAS,3
14062,22943,CHRISTMAS LIGHTS 10 VINTAGE BAUBLES,6
14062,22970,LONDON BUS COFFEE MUG,12
14062,22971,QUEENS GUARD COFFEE MUG,6
14062,22988,SOLDIERS EGG CUP,72
14062,47021G,SET/6 BEAD COASTERS GAUZE BAG GOLD,18
14062,72802A,ROSE SCENT CANDLE IN JEWELLED BOX,18
14062,72802C,VANILLA SCENT CANDLE JEWELLED BOX,18
14062,84029E,RED WOOLLY HOTTIE WHITE HEART.,12
14062,84029G,KNITTED UNION FLAG HOT WATER BOTTLE,12
14062,84580,MOUSE TOY WITH PINK T-SHIRT,2
14062,84832,ZINC WILLIE WINKIE  CANDLE STICK,24
14078,15044B,BLUE PAPER PARASOL,1
14078,17164B,ASS COL SMALL SAND GECKO P'WEIGHT,2
14078,20750,RED RETROSPOT MINI CASES,10
14078,20973,12 PENCIL SMALL TUBE WOODLAND,2
14078,20974,12 PENCILS SMALL TUBE SKULL,3
14078,21324,HANGING MEDINA LANTERN SMALL,2
14078,21791,VINTAGE HEADS AND TAILS CARD GAME,1
14078,21826,EIGHT PIECE DINOSAUR SET,2
14078,22149,FELTCRAFT 6 FLOWER FRIENDS,1
14078,22423,REGENCY CAKESTAND 3 TIER,2
14078,22428,ENAMEL FIRE BUCKET CREAM,1
14078,22429,ENAMEL MEASURING JUG CREAM,1
14078,22548,HEADS AND TAILS SPORTING FUN,1
14081,20749,ASSORTED COLOUR MINI CASES,1
14081,20750,RED RETROSPOT MINI CASES,1
14081,21210,SET OF 72 RETROSPOT PAPER  DOILIES,2
14081,21212,PACK OF 72 RETROSPOT CAKE CASES,12
14081,21217,RED RETROSPOT ROUND CAKE TINS,2
14081,21479,WHITE SKULL HOT WATER BOTTLE,2
14081,21485,RETROSPOT HEART HOT WATER BOTTLE,1
14081,21527,RED RETROSPOT TRADITIONAL TEAPOT,2
14081,21531,RED RETROSPOT SUGAR JAM BOWL,3
14081,21539,RED RETROSPOT BUTTER DISH,3
14081,21790,VINTAGE SNAP CARDS,7
14081,21791,VINTAGE HEADS AND TAILS CARD GAME,4
14081,21843,RED RETROSPOT CAKE STAND,2
14081,21890,S/6 WOODEN SKITTLES IN COTTON BAG,1
14081,21899,"KEY FOB , GARAGE DESIGN",1
14081,21900,"KEY FOB , SHED",2
14081,21901,"KEY FOB , BACK DOOR",1
14081,21902,"KEY FOB , FRONT  DOOR",3
14081,21977,PACK OF 60 PINK PAISLEY CAKE CASES,3
14081,21980,PACK OF 12 RED RETROSPOT TISSUES,12
14081,22086,PAPER CHAIN KIT 50'S CHRISTMAS,1
14081,22111,SCOTTIE DOG HOT WATER BOTTLE,1
14081,22114,HOT WATER BOTTLE TEA AND SYMPATHY,1
14081,22134,LADLE LOVE HEART RED,6
14081,22135,LADLE LOVE HEART PINK,6
14081,22142,CHRISTMAS CRAFT WHITE FAIRY,2
14081,22144,CHRISTMAS CRAFT LITTLE FRIENDS,2
14081,22195,LARGE HEART MEASURING SPOONS,4
14081,22196,SMALL HEART MEASURING SPOONS,8
14081,22417,PACK OF 60 SPACEBOY CAKE CASES,3
14081,22423,REGENCY CAKESTAND 3 TIER,2
14081,22548,HEADS AND TAILS SPORTING FUN,4
14081,22617,BAKING SET SPACEBOY DESIGN,2
14081,22618,COOKING SET RETROSPOT,1
14081,22619,SET OF 6 SOLDIER SKITTLES,3
14081,22632,HAND WARMER RED RETROSPOT,2
14081,22633,HAND WARMER UNION JACK,4
14081,22666,RECIPE BOX PANTRY YELLOW DESIGN,1
14081,22667,RECIPE BOX RETROSPOT,2
14081,22737,RIBBON REEL CHRISTMAS PRESENT,2
14081,22739,RIBBON REEL CHRISTMAS SOCK BAUBLE,1
14081,22816,CARD MOTORBIKE SANTA,24
14081,22818,CARD CHRISTMAS VILLAGE,36
14081,22834,HAND WARMER BABUSHKA DESIGN,2
14081,22835,HOT WATER BOTTLE I AM SO POORLY,1
14081,22841,ROUND CAKE TIN VINTAGE GREEN,1
14081,22865,HAND WARMER OWL DESIGN,3
14081,22866,HAND WARMER SCOTTY DOG DESIGN,2
14081,22910,PAPER CHAIN KIT VINTAGE CHRISTMAS,1
14081,22923,FRIDGE MAGNETS LES ENFANTS ASSORTED,6
14081,22940,FELTCRAFT CHRISTMAS FAIRY,2
14081,22949,36 DOILIES DOLLY GIRL,1
14081,22951,60 CAKE CASES DOLLY GIRL DESIGN,4
14081,22964,3 PIECE SPACEBOY COOKIE CUTTER SET,3
14081,22966,GINGERBREAD MAN COOKIE CUTTER,8
14081,22969,HOMEMADE JAM SCENTED CANDLES,12
14081,72818,CHRISTMAS DECOUPAGE CANDLE,5
14081,84029E,RED WOOLLY HOTTIE WHITE HEART.,1
14081,84029G,KNITTED UNION FLAG HOT WATER BOTTLE,2
14081,84375,SET OF 20 KIDS COOKIE CUTTERS,3
14081,84991,60 TEATIME FAIRY CAKE CASES,3
14081,84992,72 SWEETHEART FAIRY CAKE CASES,3
14081,85035A,GARDENIA 3 WICK MORRIS BOXED CANDLE,1
14081,85035B,CHOCOLATE 3 WICK MORRIS BOX CANDLE,2
14081,85035C,ROSE 3 WICK MORRIS BOX CANDLE,1
14081,85036C,ROSE 1 WICK MORRIS BOXED CANDLE,1
14081,85170D,SET/6 PINK BIRD T-LIGHT CANDLES,1
14082,20749,ASSORTED COLOUR MINI CASES,2
14082,20750,RED RETROSPOT MINI CASES,2
14082,21034,REX CASH+CARRY JUMBO SHOPPER,1
14082,21156,RETROSPOT CHILDRENS APRON,5
14082,21175,GIN + TONIC DIET METAL SIGN,1
14082,21181,PLEASE ONE PERSON METAL SIGN,1
14082,21466,RED FLOWER CROCHET FOOD COVER,1
14082,21467,CHERRY CROCHET FOOD COVER,1
14082,21472,LADYBIRD + BEE RAFFIA FOOD COVER,1
14082,21533,RETROSPOT LARGE MILK JUG,1
14082,21563,RED HEART SHAPE LOVE BUCKET,1
14082,21791,VINTAGE HEADS AND TAILS CARD GAME,4
14082,21889,WOODEN BOX OF DOMINOES,3
14082,22367,CHILDRENS APRON SPACEBOY DESIGN,6
14082,22382,LUNCH BAG SPACEBOY DESIGN,2
14082,22399,MAGNETS PACK OF 4 CHILDHOOD MEMORY,6
14082,22492,MINI PAINT SET VINTAGE,36
14082,22530,MAGIC DRAWING SLATE DOLLY GIRL,5
14082,22531,MAGIC DRAWING SLATE CIRCUS PARADE,5
14082,22551,PLASTERS IN TIN SPACEBOY,2
14082,22555,PLASTERS IN TIN STRONGMAN,1
14082,22617,BAKING SET SPACEBOY DESIGN,1
14082,22629,SPACEBOY LUNCH BOX,5
14082,22630,DOLLY GIRL LUNCH BOX,4
14082,22631,CIRCUS PARADE LUNCH BOX,4
14082,22895,SET OF 2 TEA TOWELS APPLE AND PEARS,1
14082,22899,CHILDREN'S APRON DOLLY GIRL,5
14082,22900,SET 2 TEA TOWELS I LOVE LONDON,3
14083,17107D,"FLOWER FAIRY,5 SUMMER B'DRAW LINERS",3
14083,20668,DISCO BALL CHRISTMAS DECORATION,24
14083,20751,FUNKY WASHING UP GLOVES ASSORTED,2
14083,20754,RETROSPOT RED WASHING UP GLOVES,1
14083,20932,PINK POT PLANT CANDLE,1
14083,20978,36 PENCILS TUBE SKULLS,1
14083,20998,ROSE DU SUD OVEN GLOVE,2
14083,21034,REX CASH+CARRY JUMBO SHOPPER,1
14083,21064,BOOM BOX SPEAKER BOYS,1
14083,21100,CHARLIE AND LOLA CHARLOTTE BAG,2
14083,21106,CREAM SLICE FLANNEL CHOCOLATE SPOT,1
14083,21114,LAVENDER SCENTED FABRIC HEART,10
14083,21143,ANTIQUE GLASS HEART DECORATION,1
14083,21250,SET OF SKULL WALL STICKERS,2
14083,21377,SMALL CAMPHOR WOOD FIELD  MUSHROOM,6
14083,21379,CAMPHOR WOOD PORTOBELLO MUSHROOM,6
14083,21411,GINGHAM HEART  DOORSTOP RED,4
14083,21430,SET/3 RED GINGHAM ROSE STORAGE BOX,2
14083,21465,PINK FLOWER CROCHET FOOD COVER,1
14083,21469,POLKA DOT RAFFIA FOOD COVER,1
14083,21470,FLOWER VINE RAFFIA FOOD COVER,1
14083,21564,PINK  HEART SHAPE LOVE BUCKET,2
14083,21621,VINTAGE UNION JACK BUNTING,1
14083,21677,HEARTS  STICKERS,6
14083,21678,PAISLEY PATTERN  STICKERS,1
14083,21682,LARGE MEDINA STAMPED METAL BOWL,1
14083,21731,RED TOADSTOOL LED NIGHT LIGHT,1
14083,21755,LOVE BUILDING BLOCK WORD,1
14083,21828,EIGHT PIECE SNAKE  SET,1
14083,21830,ASSORTED CREEPY CRAWLIES,48
14083,21913,VINTAGE SEASIDE JIGSAW PUZZLES,1
14083,21932,SCANDINAVIAN PAISLEY PICNIC BAG,2
14083,21933,PINK VINTAGE PAISLEY PICNIC BAG,2
14083,22029,SPACEBOY BIRTHDAY CARD,12
14083,22035,VINTAGE CARAVAN GREETING CARD,12
14083,22132,RED LOVE HEART SHAPE CUP,2
14083,22133,PINK LOVE HEART SHAPE CUP,2
14083,22278,OVERNIGHT BAG VINTAGE ROSE PAISLEY,1
14083,22300,COFFEE MUG DOG + BALL DESIGN,1
14083,22301,COFFEE MUG CAT + BIRD DESIGN,1
14083,22380,TOY TIDY SPACEBOY,1
14083,22411,JUMBO SHOPPER VINTAGE RED PAISLEY,2
14083,22435,SET OF 9 HEART SHAPED BALLOONS,1
14083,22437,SET OF 9 BLACK SKULL BALLOONS,1
14083,22438,BALLOON ART MAKE YOUR OWN FLOWERS,1
14083,22467,GUMBALL COAT RACK,1
14083,22469,HEART OF WICKER SMALL,1
14083,22551,PLASTERS IN TIN SPACEBOY,1
14083,22553,PLASTERS IN TIN SKULLS,1
14083,22554,PLASTERS IN TIN WOODLAND ANIMALS,1
14083,22557,PLASTERS IN TIN VINTAGE PAISLEY,1
14083,22616,PACK OF 12 LONDON TISSUES,3
14083,22635,CHILDS BREAKFAST SET DOLLY GIRL,1
14083,22661,CHARLOTTE BAG DOLLY GIRL DESIGN,3
14083,22780,LIGHT GARLAND BUTTERFILES PINK,1
14083,22807,SET OF 6 T-LIGHTS TOADSTOOLS,1
14083,22809,SET OF 6 T-LIGHTS SANTA,1
14083,22842,BISCUIT TIN VINTAGE RED,2
14083,22843,BISCUIT TIN VINTAGE GREEN,2
14083,22846,BREAD BIN DINER STYLE RED,1
14083,22869,NUMBER TILE COTTAGE GARDEN 1,1
14083,22900,SET 2 TEA TOWELS I LOVE LONDON,3
14083,22909,SET OF 20 VINTAGE CHRISTMAS NAPKINS,1
14083,22943,CHRISTMAS LIGHTS 10 VINTAGE BAUBLES,2
14083,22956,36 FOIL HEART CAKE CASES,2
14083,22970,LONDON BUS COFFEE MUG,2
14083,22971,QUEENS GUARD COFFEE MUG,2
14083,37464,ROBOT MUG IN DISPLAY BOX,1
14083,37489A,YELLOW/PINK FLOWER DESIGN BIG MUG,1
14083,37489B,BLUE/YELLOW FLOWER DESIGN BIG MUG,1
14083,37489C,GREEN/BLUE FLOWER DESIGN BIG MUG,1
14083,37489D,PINK/GREEN FLOWER DESIGN BIG MUG,1
14083,47503J,SET/3 FLORAL GARDEN TOOLS IN BAG,1
14083,47504K,ENGLISH ROSE GARDEN SECATEURS,2
14083,48184,DOORMAT ENGLISH ROSE,2
14083,48187,DOORMAT NEW ENGLAND,2
14083,72131,COLUMBIAN CANDLE RECTANGLE,2
14083,79321,CHILLI LIGHTS,4
14083,84212,"ASSORTED FLOWER COLOUR ""LEIS""",1
14083,84247K,"FOLK ART GREETING CARD,pack/12",1
14083,84247N,PACK/12 BLUE FOLKART CARDS,1
14083,84569B,PACK 3 FIRE ENGINE/CAR PATCHES,2
14083,84969,BOX OF 6 ASSORTED COLOUR TEASPOONS,1
14083,84997A,GREEN 3 PIECE POLKADOT CUTLERY SET,1
14083,85014B,RED RETROSPOT UMBRELLA,5
14083,85184C,S/4 VALENTINE DECOUPAGE HEART BOX,1
14083,85227,SET OF 6 3D KIT CARDS FOR KIDS,2
14085,20802,SMALL GLASS SUNDAE DISH CLEAR,6
14085,20914,SET/5 RED RETROSPOT LID GLASS BOWLS,1
14085,21034,REX CASH+CARRY JUMBO SHOPPER,1
14085,21038,SET/4 MODERN VINTAGE COTTON NAPKINS,6
14085,21066,VINTAGE RED MUG,6
14085,21069,VINTAGE BILLBOARD TEA MUG,6
14085,21164,HOME SWEET HOME METAL SIGN,2
14085,21165,BEWARE OF THE CAT METAL SIGN,6
14085,21259,VICTORIAN SEWING BOX SMALL,2
14085,21340,CLASSIC METAL BIRDCAGE PLANT HOLDER,1
14085,21485,RETROSPOT HEART HOT WATER BOTTLE,10
14085,21533,RETROSPOT LARGE MILK JUG,4
14085,21754,HOME BUILDING BLOCK WORD,6
14085,21773,DECORATIVE ROSE BATHROOM BOTTLE,4
14085,21818,GLITTER CHRISTMAS HEART,6
14085,21819,GLITTER CHRISTMAS STAR,6
14085,21877,HOME SWEET HOME MUG,6
14085,21890,S/6 WOODEN SKITTLES IN COTTON BAG,2
14085,22075,6 RIBBONS ELEGANT CHRISTMAS,8
14085,22076,6 RIBBONS EMPIRE,8
14085,22082,RIBBON REEL STRIPES DESIGN,10
14085,22111,SCOTTIE DOG HOT WATER BOTTLE,4
14085,22121,NOEL WOODEN BLOCK LETTERS,2
14085,22144,CHRISTMAS CRAFT LITTLE FRIENDS,17
14085,22149,FELTCRAFT 6 FLOWER FRIENDS,16
14085,22150,3 STRIPEY MICE FELTCRAFT,4
14085,22156,HEART DECORATION WITH PEARLS,8
14085,22169,FAMILY ALBUM WHITE PICTURE FRAME,2
14085,22170,PICTURE FRAME WOOD TRIPLE PORTRAIT,2
14085,22178,VICTORIAN GLASS HANGING T-LIGHT,24
14085,22219,LOVEBIRD HANGING DECORATION WHITE,7
14085,22358,KINGS CHOICE TEA CADDY,3
14085,22436,12 COLOURED PARTY BALLOONS,10
14085,22483,RED GINGHAM TEDDY BEAR,2
14085,22568,FELTCRAFT CUSHION OWL,9
14085,22569,FELTCRAFT CUSHION BUTTERFLY,10
14085,22570,FELTCRAFT CUSHION RABBIT,13
14085,22573,STAR WOODEN CHRISTMAS DECORATION,6
14085,22574,HEART WOODEN CHRISTMAS DECORATION,6
14085,22576,SWALLOW WOODEN CHRISTMAS DECORATION,6
14085,22577,WOODEN HEART CHRISTMAS SCANDINAVIAN,6
14085,22578,WOODEN STAR CHRISTMAS SCANDINAVIAN,6
14085,22583,PACK OF 6 HANDBAG GIFT BOXES,4
14085,22585,PACK OF 6 BIRDY GIFT TAGS,7
14085,22597,CHRISTMAS MUSICAL ZINC HEART,6
14085,22601,CHRISTMAS RETROSPOT ANGEL WOOD,8
14085,22732,3D VINTAGE CHRISTMAS STICKERS,8
14085,22737,RIBBON REEL CHRISTMAS PRESENT,10
14085,22739,RIBBON REEL CHRISTMAS SOCK BAUBLE,10
14085,22749,FELTCRAFT PRINCESS CHARLOTTE DOLL,5
14085,22750,FELTCRAFT PRINCESS LOLA DOLL,5
14085,22751,FELTCRAFT PRINCESS OLIVIA DOLL,4
14085,22776,SWEETHEART CAKESTAND 3 TIER,1
14085,22784,LANTERN CREAM GAZEBO,2
14085,22789,T-LIGHT HOLDER SWEETHEART HANGING,4
14085,22792,FLUTED ANTIQUE CANDLE HOLDER,12
14085,22797,CHEST OF DRAWERS GINGHAM HEART,2
14085,22798,ANTIQUE GLASS DRESSING TABLE POT,8
14085,22800,ANTIQUE TALL SWIRLGLASS TRINKET POT,8
14085,22840,ROUND CAKE TIN VINTAGE RED,2
14085,22940,FELTCRAFT CHRISTMAS FAIRY,12
14085,22943,CHRISTMAS LIGHTS 10 VINTAGE BAUBLES,10
14085,22966,GINGERBREAD MAN COOKIE CUTTER,4
14085,72800E,4 IVORY DINNER CANDLES SILVER FLOCK,7
14085,82483,WOOD 2 DRAWER CABINET WHITE FINISH,4
14085,82486,WOOD S/3 CABINET ANT WHITE FINISH,4
14085,84029E,RED WOOLLY HOTTIE WHITE HEART.,6
14085,84946,ANTIQUE SILVER TEA GLASS ETCHED,30
14085,85036B,CHOCOLATE 1 WICK MORRIS BOX CANDLE,12
14085,85049A,TRADITIONAL CHRISTMAS RIBBONS,22
14085,85123A,WHITE HANGING HEART T-LIGHT HOLDER,8
14085,85231B,CINAMMON SET OF 9 T-LIGHTS,6
14092,20914,SET/5 RED RETROSPOT LID GLASS BOWLS,6
14092,21253,SET OF PICTURE FRAME  STICKERS,6
14092,21481,FAWN BLUE HOT WATER BOTTLE,4
14092,21485,RETROSPOT HEART HOT WATER BOTTLE,10
14092,21722,SWEET PUDDING STICKER SHEET,1
14092,21724,PANDA AND BUNNIES STICKER SHEET,1
14092,21877,HOME SWEET HOME MUG,6
14092,21889,WOODEN BOX OF DOMINOES,6
14092,22028,PENNY FARTHING BIRTHDAY CARD,12
14092,22111,SCOTTIE DOG HOT WATER BOTTLE,10
14092,22113,GREY HEART HOT WATER BOTTLE,4
14092,22328,ROUND SNACK BOXES SET OF 4 FRUITS,6
14092,22431,WATERING CAN BLUE ELEPHANT,4
14092,22432,WATERING CAN PINK BUNNY,1
14092,22433,WATERING CAN GREEN DINOSAUR,3
14092,22531,MAGIC DRAWING SLATE CIRCUS PARADE,12
14092,22572,ROCKING HORSE GREEN CHRISTMAS,1
14092,22600,CHRISTMAS RETROSPOT STAR WOOD,2
14092,22601,CHRISTMAS RETROSPOT ANGEL WOOD,1
14092,22605,WOODEN CROQUET GARDEN SET,2
14092,22659,LUNCH BOX I LOVE LONDON,8
14092,22660,DOORMAT I LOVE LONDON,2
14092,22720,SET OF 3 CAKE TINS PANTRY DESIGN,11
14092,22726,ALARM CLOCK BAKELIKE GREEN,4
14092,22727,ALARM CLOCK BAKELIKE RED,4
14092,22891,TEA FOR ONE POLKADOT,4
14092,22960,JAM MAKING SET WITH JARS,6
14092,22965,3 TRADITIONAl BISCUIT CUTTERS  SET,12
14092,22966,GINGERBREAD MAN COOKIE CUTTER,12
14092,22970,LONDON BUS COFFEE MUG,6
14092,22971,QUEENS GUARD COFFEE MUG,6
14092,22976,CIRCUS PARADE CHILDRENS EGG CUP,24
14092,22988,SOLDIERS EGG CUP,24
14092,70006,LOVE HEART POCKET WARMER,6
14092,84375,SET OF 20 KIDS COOKIE CUTTERS,6
14092,85123A,WHITE HANGING HEART T-LIGHT HOLDER,12
14099,20982,12 PENCILS TALL TUBE SKULLS,6
14099,20983,12 PENCILS TALL TUBE RED RETROSPOT,6
14099,20984,12 PENCILS TALL TUBE POSY,6
14099,21065,BOOM BOX SPEAKER GIRLS,24
14099,21164,HOME SWEET HOME METAL SIGN,3
14099,21165,BEWARE OF THE CAT METAL SIGN,6
14099,21175,GIN + TONIC DIET METAL SIGN,7
14099,21181,PLEASE ONE PERSON METAL SIGN,3
14099,21518,BANK ACCOUNT  GREETING  CARD,12
14099,21519,GIN & TONIC DIET GREETING CARD,12
14099,21520,BOOZE & WOMEN GREETING CARD,12
14099,21738,COSY SLIPPER SHOES SMALL  RED,4
14099,21905,MORE BUTTER METAL SIGN,3
14099,21967,PACK OF 12 SKULL TISSUES,24
14099,21982,PACK OF 12 SUKI TISSUES,48
14099,22311,OFFICE MUG WARMER BLACK+SILVER,2
14099,22312,OFFICE MUG WARMER POLKADOT,2
14099,22313,OFFICE MUG WARMER PINK,2
14099,22412,METAL SIGN NEIGHBOURHOOD WITCH,3
14099,22413,METAL SIGN TAKE IT OR LEAVE IT,6
14099,22467,GUMBALL COAT RACK,2
14099,22530,MAGIC DRAWING SLATE DOLLY GIRL,6
14099,22531,MAGIC DRAWING SLATE CIRCUS PARADE,6
14099,22534,MAGIC DRAWING SLATE SPACEBOY,7
14099,22614,PACK OF 12 SPACEBOY TISSUES,24
14099,22616,PACK OF 12 LONDON TISSUES,48
14099,22713,CARD I LOVE LONDON,12
14099,22752,SET 7 BABUSHKA NESTING BOXES,2
14099,22817,CARD SUKI BIRTHDAY,12
14099,22834,HAND WARMER BABUSHKA DESIGN,48
14099,22891,TEA FOR ONE POLKADOT,1
14099,22942,CHRISTMAS LIGHTS 10 SANTAS,1
14099,22943,CHRISTMAS LIGHTS 10 VINTAGE BAUBLES,2
14099,22953,BIRTHDAY PARTY CORDON BARRIER TAPE,12
14099,22970,LONDON BUS COFFEE MUG,6
14099,22971,QUEENS GUARD COFFEE MUG,6
14099,22983,CARD BILLBOARD FONT,12
14099,82582,AREA PATROLLED METAL SIGN,6
14099,82599,FANNY'S REST STOPMETAL SIGN,4
14099,82600,NO SINGING METAL SIGN,3
14107,20727,LUNCH BAG  BLACK SKULL.,10
14107,21212,PACK OF 72 RETROSPOT CAKE CASES,24
14107,21213,PACK OF 72 SKULL CAKE CASES,24
14107,21479,WHITE SKULL HOT WATER BOTTLE,8
14107,21527,RED RETROSPOT TRADITIONAL TEAPOT,4
14107,21533,RETROSPOT LARGE MILK JUG,6
14107,21786,POLKADOT RAIN HAT,24
14107,21787,RAIN PONCHO RETROSPOT,24
14107,21967,PACK OF 12 SKULL TISSUES,24
14107,22310,IVORY KNITTED MUG COSY,18
14107,22348,TEA BAG PLATE RED RETROSPOT,24
14107,22362,GLASS JAR PEACOCK BATH SALTS,6
14107,22499,WOODEN UNION JACK BUNTING,6
14107,22553,PLASTERS IN TIN SKULLS,24
14107,22667,RECIPE BOX RETROSPOT,6
14107,84832,ZINC WILLIE WINKIE  CANDLE STICK,36
14113,22111,SCOTTIE DOG HOT WATER BOTTLE,96
14113,22891,TEA FOR ONE POLKADOT,6
14135,18097C,WHITE TALL PORCELAIN T-LIGHT HOLDER,6
14135,21058,PARTY INVITES WOODLAND,12
14135,21060,PARTY INVITES BALLOON GIRL,12
14135,21061,PARTY INVITES FOOTBALL,12
14135,21062,PARTY INVITES SPACEMAN,12
14135,21212,PACK OF 72 RETROSPOT CAKE CASES,120
14135,21215,IVORY PAPER CUP CAKE CASES,120
14135,21328,BALLOONS  WRITING SET,12
14135,21719,LOVELY BONBON STICKER SHEET,12
14135,21722,SWEET PUDDING STICKER SHEET,12
14135,21724,PANDA AND BUNNIES STICKER SHEET,12
14135,21880,RED RETROSPOT TAPE,12
14135,21881,CUTE CATS TAPE,12
14135,21883,STARS GIFT TAPE,24
14135,21977,PACK OF 60 PINK PAISLEY CAKE CASES,120
14135,22111,SCOTTIE DOG HOT WATER BOTTLE,6
14135,22112,CHOCOLATE HOT WATER BOTTLE,12
14135,22114,HOT WATER BOTTLE TEA AND SYMPATHY,8
14135,22179,SET 10 LIGHTS NIGHT OWL,6
14135,22468,BABUSHKA LIGHTS STRING OF 10,4
14135,22632,HAND WARMER RED RETROSPOT,12
14135,22725,ALARM CLOCK BAKELIKE CHOCOLATE,4
14135,22727,ALARM CLOCK BAKELIKE RED,4
14135,22730,ALARM CLOCK BAKELIKE IVORY,4
14135,22743,MAKE YOUR OWN FLOWERPOWER CARD KIT,6
14135,22744,MAKE YOUR OWN MONSOON CARD KIT,6
14135,22834,HAND WARMER BABUSHKA DESIGN,12
14135,22835,HOT WATER BOTTLE I AM SO POORLY,16
14135,22837,HOT WATER BOTTLE BABUSHKA,12
14135,22904,CALENDAR PAPER CUT DESIGN,6
14135,22943,CHRISTMAS LIGHTS 10 VINTAGE BAUBLES,3
14135,22961,JAM MAKING SET PRINTED,12
14135,22965,3 TRADITIONAl BISCUIT CUTTERS  SET,6
14135,84029E,RED WOOLLY HOTTIE WHITE HEART.,4
14135,84826,ASSTD DESIGN 3D PAPER STICKERS,60
14135,84991,60 TEATIME FAIRY CAKE CASES,120
14135,85049E,SCANDINAVIAN REDS RIBBONS,12
14135,85049G,CHOCOLATE BOX RIBBONS,12
14142,16237,SLEEPING CAT ERASERS,30
14142,17003,BROCADE RING PURSE,36
14142,21098,CHRISTMAS TOILET ROLL,12
14142,21108,FAIRY CAKE FLANNEL ASSORTED COLOUR,9
14142,21232,STRAWBERRY CERAMIC TRINKET BOX,12
14142,21790,VINTAGE SNAP CARDS,12
14142,21982,PACK OF 12 SUKI TISSUES,24
14142,21986,PACK OF 12 PINK POLKADOT TISSUES,24
14142,22114,HOT WATER BOTTLE TEA AND SYMPATHY,4
14142,22355,CHARLOTTE BAG SUKI DESIGN,10
14142,22421,LIPSTICK PEN FUSCHIA,12
14142,22449,SILK PURSE BABUSHKA PINK,6
14142,22466,FAIRY TALE COTTAGE NIGHTLIGHT,12
14142,22531,MAGIC DRAWING SLATE CIRCUS PARADE,24
14142,22540,MINI JIGSAW CIRCUS PARADE,24
14142,22548,HEADS AND TAILS SPORTING FUN,12
14142,22646,CERAMIC STRAWBERRY CAKE MONEY BANK,12
14142,22743,MAKE YOUR OWN FLOWERPOWER CARD KIT,6
14142,22744,MAKE YOUR OWN MONSOON CARD KIT,6
14142,22752,SET 7 BABUSHKA NESTING BOXES,2
14142,22867,HAND WARMER BIRD DESIGN,12
14142,37448,CERAMIC CAKE DESIGN SPOTTED MUG,12
14146,20971,PINK BLUE FELT CRAFT TRINKET BOX,12
14146,20972,PINK CREAM FELT CRAFT TRINKET BOX,12
14146,21340,CLASSIC METAL BIRDCAGE PLANT HOLDER,8
14146,21481,FAWN BLUE HOT WATER BOTTLE,36
14146,21484,CHICK GREY HOT WATER BOTTLE,36
14146,21675,BUTTERFLIES STICKERS,12
14146,21677,HEARTS  STICKERS,12
14146,21874,GIN AND TONIC MUG,12
14146,22074,6 RIBBONS SHIMMERING PINKS,12
14146,22075,6 RIBBONS ELEGANT CHRISTMAS,12
14146,22077,6 RIBBONS RUSTIC CHARM,12
14146,22219,LOVEBIRD HANGING DECORATION WHITE,12
14146,22299,PIG KEYRING WITH LIGHT & SOUND,24
14146,22398,MAGNETS PACK OF 4 SWALLOWS,12
14146,22418,10 COLOUR SPACEBOY PEN,24
14146,22423,REGENCY CAKESTAND 3 TIER,2
14146,22652,TRAVEL SEWING KIT,10
14146,22653,BUTTON BOX,10
14146,22654,DELUXE SEWING KIT,3
14146,22745,POPPY'S PLAYHOUSE BEDROOM,6
14146,22746,POPPY'S PLAYHOUSE LIVINGROOM,6
14146,22752,SET 7 BABUSHKA NESTING BOXES,24
14146,22810,SET OF 6 T-LIGHTS SNOWMEN,48
14146,22834,HAND WARMER BABUSHKA DESIGN,48
14146,22837,HOT WATER BOTTLE BABUSHKA,36
14146,22844,VINTAGE CREAM DOG FOOD CONTAINER,2
14146,22845,VINTAGE CREAM CAT FOOD CONTAINER,2
14146,22852,DOG BOWL VINTAGE CREAM,4
14146,22853,CAT BOWL VINTAGE CREAM,6
14146,22969,HOMEMADE JAM SCENTED CANDLES,24
14146,84945,MULTI COLOUR SILVER T-LIGHT HOLDER,12
14146,84946,ANTIQUE SILVER TEA GLASS ETCHED,12
14146,85049E,SCANDINAVIAN REDS RIBBONS,12
14146,85199L,LARGE HANGING IVORY & RED WOOD BIRD,12
14146,85199S,SMALL HANGING IVORY/RED WOOD BIRD,24
14150,10135,COLOURING PENCILS BROWN TUBE,20
14150,16237,SLEEPING CAT ERASERS,30
14150,21879,HEARTS GIFT TAPE,24
14150,21883,STARS GIFT TAPE,24
14150,21985,PACK OF 12 HEARTS DESIGN TISSUES,24
14150,22219,LOVEBIRD HANGING DECORATION WHITE,24
14150,22585,PACK OF 6 BIRDY GIFT TAGS,24
14150,22779,WOODEN OWLS LIGHT GARLAND,4
14150,22813,PACK 3 BOXES BIRD PANNETONE,12
14150,79321,CHILLI LIGHTS,24
14150,84879,ASSORTED COLOUR BIRD ORNAMENT,40
14150,85180A,RED HEARTS LIGHT CHAIN,12
14159,15056N,EDWARDIAN PARASOL NATURAL,1
14159,20675,BLUE POLKADOT BOWL,1
14159,20723,STRAWBERRY CHARLOTTE BAG,1
14159,20724,RED RETROSPOT CHARLOTTE BAG,1
14159,20725,LUNCH BAG RED RETROSPOT,2
14159,20727,LUNCH BAG  BLACK SKULL.,2
14159,20728,LUNCH BAG CARS BLUE,2
14159,20751,FUNKY WASHING UP GLOVES ASSORTED,1
14159,21232,STRAWBERRY CERAMIC TRINKET BOX,3
14159,21586,KINGS CHOICE GIANT TUBE MATCHES,1
14159,21900,"KEY FOB , SHED",1
14159,21931,JUMBO STORAGE BAG SUKI,1
14159,21937,STRAWBERRY   PICNIC BAG,1
14159,22197,SMALL POPCORN HOLDER,19
14159,22348,TEA BAG PLATE RED RETROSPOT,2
14159,22355,CHARLOTTE BAG SUKI DESIGN,1
14159,22356,CHARLOTTE BAG PINK POLKADOT,1
14159,22379,RECYCLING BAG RETROSPOT,4
14159,22380,TOY TIDY SPACEBOY,4
14159,22381,TOY TIDY PINK POLKADOT,3
14159,22382,LUNCH BAG SPACEBOY DESIGN,2
14159,22383,LUNCH BAG SUKI  DESIGN,4
14159,22384,LUNCH BAG PINK POLKADOT,3
14159,22385,JUMBO BAG SPACEBOY DESIGN,1
14159,22386,JUMBO BAG PINK POLKADOT,2
14159,22469,HEART OF WICKER SMALL,1
14159,22591,CARDHOLDER GINGHAM CHRISTMAS TREE,4
14159,22644,CERAMIC CHERRY CAKE MONEY BANK,3
14159,22646,CERAMIC STRAWBERRY CAKE MONEY BANK,1
14159,22661,CHARLOTTE BAG DOLLY GIRL DESIGN,1
14159,22662,LUNCH BAG DOLLY GIRL DESIGN,2
14159,22663,JUMBO BAG DOLLY GIRL DESIGN,1
14159,22664,TOY TIDY DOLLY GIRL DESIGN,3
14159,22834,HAND WARMER BABUSHKA DESIGN,2
14159,22837,HOT WATER BOTTLE BABUSHKA,1
14159,22851,SET 20 NAPKINS FAIRY CAKES DESIGN,1
14159,22862,LOVE HEART NAPKIN BOX,4
14159,22908,PACK OF 20 NAPKINS RED APPLES,1
14159,22960,JAM MAKING SET WITH JARS,1
14159,22961,JAM MAKING SET PRINTED,1
14159,22964,3 PIECE SPACEBOY COOKIE CUTTER SET,1
14159,35967,FOLK ART METAL STAR T-LIGHT HOLDER,4
14159,72818,CHRISTMAS DECOUPAGE CANDLE,5
14159,84029G,KNITTED UNION FLAG HOT WATER BOTTLE,2
14159,84520B,PACK 20 ENGLISH ROSE PAPER NAPKINS,1
14159,84836,ZINC METAL HEART DECORATION,4
14159,85099B,JUMBO BAG RED RETROSPOT,1
14159,85099F,JUMBO BAG STRAWBERRY,2
14159,85123A,WHITE HANGING HEART T-LIGHT HOLDER,2
14159,85231B,CINAMMON SET OF 9 T-LIGHTS,1
14161,20878,SET/9 CHRISTMAS T-LIGHTS SCENTED,4
14161,20974,12 PENCILS SMALL TUBE SKULL,6
14161,20977,36 PENCILS TUBE WOODLAND,4
14161,21754,HOME BUILDING BLOCK WORD,6
14161,21809,CHRISTMAS HANGING TREE WITH BELL,6
14161,21810,CHRISTMAS HANGING STAR WITH BELL,6
14161,21811,CHRISTMAS HANGING HEART WITH BELL,10
14161,21868,POTTING SHED TEA MUG,6
14161,21870,I CAN ONLY PLEASE ONE PERSON MUG,12
14161,22086,PAPER CHAIN KIT 50'S CHRISTMAS,3
14161,22158,3 HEARTS HANGING DECORATION RUSTIC,6
14161,22187,GREEN CHRISTMAS TREE CARD HOLDER,4
14161,22296,HEART IVORY TRELLIS LARGE,8
14161,22297,HEART IVORY TRELLIS SMALL,8
14161,22470,HEART OF WICKER LARGE,10
14161,22553,PLASTERS IN TIN SKULLS,4
14161,22557,PLASTERS IN TIN VINTAGE PAISLEY,2
14161,22605,WOODEN CROQUET GARDEN SET,1
14161,22633,HAND WARMER UNION JACK,7
14161,22694,WICKER STAR,3
14161,22745,POPPY'S PLAYHOUSE BEDROOM,1
14161,22748,POPPY'S PLAYHOUSE KITCHEN,1
14161,22752,SET 7 BABUSHKA NESTING BOXES,2
14161,22865,HAND WARMER OWL DESIGN,1
14161,22866,HAND WARMER SCOTTY DOG DESIGN,4
14161,84406B,CREAM CUPID HEARTS COAT HANGER,3
14176,21108,FAIRY CAKE FLANNEL ASSORTED COLOUR,9
14176,21109,LARGE CAKE TOWEL CHOCOLATE SPOTS,2
14176,21355,TOAST ITS - I LOVE YOU,12
14176,21733,RED HANGING HEART T-LIGHT HOLDER,6
14176,22645,CERAMIC HEART FAIRY CAKE MONEY BANK,12
14176,22804,CANDLEHOLDER PINK HANGING HEART,6
14176,22810,SET OF 6 T-LIGHTS SNOWMEN,6
14176,22968,ROSE COTTAGE KEEPSAKE BOX,2
14176,85123A,WHITE HANGING HEART T-LIGHT HOLDER,6
14180,15060B,FAIRY CAKE DESIGN UMBRELLA,4
14180,20750,RED RETROSPOT MINI CASES,2
14180,21043,APRON MODERN VINTAGE COTTON,3
14180,21216,"SET 3 RETROSPOT TEA,COFFEE,SUGAR",4
14180,21218,RED SPOTTY BISCUIT TIN,6
14180,21258,VICTORIAN SEWING BOX LARGE,6
14180,21527,RED RETROSPOT TRADITIONAL TEAPOT,14
14180,21531,RED RETROSPOT SUGAR JAM BOWL,6
14180,21539,RED RETROSPOT BUTTER DISH,3
14180,21754,HOME BUILDING BLOCK WORD,3
14180,21755,LOVE BUILDING BLOCK WORD,3
14180,21756,BATH BUILDING BLOCK WORD,3
14180,21784,SHOE SHINE BOX,4
14180,21843,RED RETROSPOT CAKE STAND,2
14180,21844,RED RETROSPOT MUG,6
14180,22072,RED RETROSPOT TEA CUP AND SAUCER,16
14180,22120,WELCOME  WOODEN BLOCK LETTERS,3
14180,22427,ENAMEL FLOWER JUG CREAM,3
14180,22624,IVORY KITCHEN SCALES,2
14180,22666,RECIPE BOX PANTRY YELLOW DESIGN,6
14180,22720,SET OF 3 CAKE TINS PANTRY DESIGN,3
14180,22794,SWEETHEART WIRE MAGAZINE RACK,2
14180,22795,SWEETHEART RECIPE BOOK STAND,2
14180,22838,3 TIER CAKE TIN RED AND CREAM,1
14180,22843,BISCUIT TIN VINTAGE GREEN,2
14180,22844,VINTAGE CREAM DOG FOOD CONTAINER,2
14180,22846,BREAD BIN DINER STYLE RED,1
14180,22848,BREAD BIN DINER STYLE PINK,2
14180,22849,BREAD BIN DINER STYLE MINT,2
14180,35004C,SET OF 3 COLOURED  FLYING DUCKS,6
14180,35809A,ENAMEL PINK TEA CONTAINER,6
14180,35810A,ENAMEL PINK COFFEE CONTAINER,6
14180,82011A,"BATHROOM SCALES, TROPICAL BEACH",2
14180,84968A,SET OF 16 VINTAGE ROSE CUTLERY,1
14180,85014A,BLACK/BLUE POLKADOT UMBRELLA,3
14180,85014B,RED RETROSPOT UMBRELLA,3
14180,85064,CREAM SWEETHEART LETTER RACK,2
14180,85159A,"BLACK TEA,COFFEE,SUGAR JARS",2
14189,21181,PLEASE ONE PERSON METAL SIGN,12
14189,21868,POTTING SHED TEA MUG,72
14189,21870,I CAN ONLY PLEASE ONE PERSON MUG,72
14189,21874,GIN AND TONIC MUG,12
14189,22083,PAPER CHAIN KIT RETROSPOT,12
14189,22192,BLUE DINER WALL CLOCK,2
14189,22556,PLASTERS IN TIN CIRCUS PARADE,12
14189,22620,4 TRADITIONAL SPINNING TOPS,12
14189,84755,COLOUR GLASS T-LIGHT HOLDER HANGING,48
14201,20717,STRAWBERRY SHOPPER BAG,20
14201,22079,RIBBON REEL HEARTS DESIGN,10
14201,35957,SMALLFOLKART BAUBLE CHRISTMAS DEC,96
14201,62096A,PINK/YELLOW FLOWERS HANDBAG,6
14210,20665,RED RETROSPOT PURSE,6
14210,20754,RETROSPOT RED WASHING UP GLOVES,6
14210,21041,RED RETROSPOT OVEN GLOVE DOUBLE,12
14210,21155,RED RETROSPOT PEG BAG,6
14210,21164,HOME SWEET HOME METAL SIGN,6
14210,21533,RETROSPOT LARGE MILK JUG,3
14210,21905,MORE BUTTER METAL SIGN,6
14210,21907,I'M ON HOLIDAY METAL SIGN,12
14210,22061,LARGE CAKE STAND  HANGING STRAWBERY,2
14210,22115,METAL SIGN EMPIRE TEA,6
14210,22358,KINGS CHOICE TEA CADDY,6
14210,22423,REGENCY CAKESTAND 3 TIER,1
14210,22890,NOVELTY BISCUITS CAKE STAND 3 TIER,4
14210,47566,PARTY BUNTING,5
14210,85152,HAND OVER THE CHOCOLATE   SIGN,12
14215,21743,STAR PORTABLE TABLE LIGHT,12
14215,21744,SNOWFLAKE PORTABLE TABLE LIGHT,12
14215,22595,CHRISTMAS GINGHAM HEART,24
14215,22600,CHRISTMAS RETROSPOT STAR WOOD,24
14215,22602,CHRISTMAS RETROSPOT HEART WOOD,24
14215,22779,WOODEN OWLS LIGHT GARLAND,8
14217,21275,ZINC TOP  2 DOOR WOODEN SHELF,1
14217,21407,BROWN CHECK CAT DOORSTOP,3
14217,21624,VINTAGE UNION JACK DOORSTOP,3
14217,22469,HEART OF WICKER SMALL,12
14217,22508,DOORSTOP RETROSPOT HEART,4
14217,22624,IVORY KITCHEN SCALES,2
14217,85067,CREAM SWEETHEART WALL CABINET,1
14220,21164,HOME SWEET HOME METAL SIGN,6
14220,21754,HOME BUILDING BLOCK WORD,3
14220,21756,BATH BUILDING BLOCK WORD,3
14220,22409,MONEY BOX BISCUITS DESIGN,12
14220,22410,MONEY BOX HOUSEKEEPING DESIGN,12
14220,22457,NATURAL SLATE HEART CHALKBOARD,6
14220,22720,SET OF 3 CAKE TINS PANTRY DESIGN,9
14220,22721,SET OF 3 CAKE TINS SKETCHBOOK,3
14220,22722,SET OF 6 SPICE TINS PANTRY DESIGN,4
14220,82583,HOT BATHS METAL SIGN,72
14220,84924A,WAKE UP COCKEREL CALENDAR SIGN,4
14236,21430,SET/3 RED GINGHAM ROSE STORAGE BOX,4
14236,22502,PICNIC BASKET WICKER SMALL,32
14236,22841,ROUND CAKE TIN VINTAGE GREEN,2
14237,21258,VICTORIAN SEWING BOX LARGE,1
14237,21743,STAR PORTABLE TABLE LIGHT,6
14237,22164,STRING OF STARS CARD HOLDER,6
14237,22187,GREEN CHRISTMAS TREE CARD HOLDER,4
14237,22222,CAKE PLATE LOVEBIRD WHITE,3
14237,22487,WHITE WOOD GARDEN PLANT LADDER,2
14237,22627,MINT KITCHEN SCALES,2
14237,22947,WOODEN ADVENT CALENDAR RED,2
14237,72598,SET/12 TAPER CANDLES,12
14243,21363,HOME SMALL WOOD LETTERS,3
14243,21524,DOORMAT SPOTTY HOME SWEET HOME,2
14243,21754,HOME BUILDING BLOCK WORD,3
14243,21755,LOVE BUILDING BLOCK WORD,3
14243,21843,RED RETROSPOT CAKE STAND,1
14243,22114,HOT WATER BOTTLE TEA AND SYMPATHY,12
14243,22178,VICTORIAN GLASS HANGING T-LIGHT,24
14243,22189,CREAM HEART CARD HOLDER,8
14243,22296,HEART IVORY TRELLIS LARGE,12
14243,22464,HANGING METAL HEART LANTERN,24
14243,22694,WICKER STAR,6
14243,22835,HOT WATER BOTTLE I AM SO POORLY,8
14243,82482,WOODEN PICTURE FRAME WHITE FINISH,12
14243,82494L,WOODEN FRAME ANTIQUE WHITE,24
14243,84970S,HANGING HEART ZINC T-LIGHT HOLDER,12
14243,85048,15CM CHRISTMAS GLASS BALL 20 LIGHTS,4
14243,85123A,WHITE HANGING HEART T-LIGHT HOLDER,6
14243,85150,LADIES & GENTLEMEN METAL SIGN,6
14256,20674,GREEN POLKADOT BOWL,8
14256,20675,BLUE POLKADOT BOWL,8
14256,20677,PINK POLKADOT BOWL,8
14256,21121,SET/10 RED POLKADOT PARTY CANDLES,24
14256,21122,SET/10 PINK POLKADOT PARTY CANDLES,24
14256,21212,PACK OF 72 RETROSPOT CAKE CASES,24
14256,21238,RED RETROSPOT CUP,8
14256,21240,BLUE POLKADOT CUP,8
14256,21242,RED RETROSPOT PLATE,8
14256,21243,PINK  POLKADOT PLATE,8
14256,21244,BLUE POLKADOT PLATE,8
14256,21245,GREEN POLKADOT PLATE,8
14256,21469,POLKA DOT RAFFIA FOOD COVER,6
14256,21527,RED RETROSPOT TRADITIONAL TEAPOT,4
14256,21533,RETROSPOT LARGE MILK JUG,3
14256,21743,STAR PORTABLE TABLE LIGHT,6
14256,21975,PACK OF 60 DINOSAUR CAKE CASES,24
14256,21976,PACK OF 60 MUSHROOM CAKE CASES,24
14256,21977,PACK OF 60 PINK PAISLEY CAKE CASES,24
14256,22326,ROUND SNACK BOXES SET OF4 WOODLAND,6
14256,22352,LUNCH BOX WITH CUTLERY RETROSPOT,6
14256,22377,BOTTLE BAG RETROSPOT,5
14256,22379,RECYCLING BAG RETROSPOT,5
14256,22457,NATURAL SLATE HEART CHALKBOARD,6
14256,22558,CLOTHES PEGS RETROSPOT PACK 24,12
14256,22627,MINT KITCHEN SCALES,2
14256,22628,PICNIC BOXES SET OF 3 RETROSPOT,4
14256,22639,SET OF 4 NAPKIN CHARMS HEARTS,12
14256,48138,DOORMAT UNION FLAG,2
14256,72760B,VINTAGE CREAM 3 BASKET CAKE STAND,2
14256,84880,WHITE WIRE EGG HOLDER,3
14256,85048,15CM CHRISTMAS GLASS BALL 20 LIGHTS,2
14282,20712,JUMBO BAG WOODLAND ANIMALS,20
14282,20717,STRAWBERRY SHOPPER BAG,20
14282,20718,RED RETROSPOT SHOPPER BAG,20
14282,20727,LUNCH BAG  BLACK SKULL.,20
14282,21928,JUMBO BAG SCANDINAVIAN PAISLEY,20
14282,21929,JUMBO BAG PINK VINTAGE PAISLEY,50
14282,21930,JUMBO STORAGE BAG SKULLS,40
14282,21932,SCANDINAVIAN PAISLEY PICNIC BAG,5
14282,21933,PINK VINTAGE PAISLEY PICNIC BAG,5
14282,21936,RED RETROSPOT PICNIC BAG,5
14282,21937,STRAWBERRY   PICNIC BAG,5
14282,22411,JUMBO SHOPPER VINTAGE RED PAISLEY,50
14282,85099C,JUMBO  BAG BAROQUE BLACK WHITE,40
14290,21181,PLEASE ONE PERSON METAL SIGN,12
14290,21485,RETROSPOT HEART HOT WATER BOTTLE,6
14290,21733,RED HANGING HEART T-LIGHT HOLDER,12
14290,21741,COSY SLIPPER SHOES LARGE GREEN,6
14290,22077,6 RIBBONS RUSTIC CHARM,12
14290,22112,CHOCOLATE HOT WATER BOTTLE,12
14290,22457,NATURAL SLATE HEART CHALKBOARD,6
14290,22469,HEART OF WICKER SMALL,12
14290,22745,POPPY'S PLAYHOUSE BEDROOM,6
14290,22748,POPPY'S PLAYHOUSE KITCHEN,6
14290,22804,CANDLEHOLDER PINK HANGING HEART,6
14290,22835,HOT WATER BOTTLE I AM SO POORLY,4
14290,22837,HOT WATER BOTTLE BABUSHKA,4
14290,22910,PAPER CHAIN KIT VINTAGE CHRISTMAS,12
14290,22914,BLUE COAT RACK PARIS FASHION,3
14290,22941,CHRISTMAS LIGHTS 10 REINDEER,24
14290,47566,PARTY BUNTING,5
14290,47566B,TEA TIME PARTY BUNTING,5
14290,82482,WOODEN PICTURE FRAME WHITE FINISH,6
14290,84029E,RED WOOLLY HOTTIE WHITE HEART.,24
14290,84816,DANISH ROSE BEDSIDE CABINET,1
14290,84818,DANISH ROSE PHOTO FRAME,24
14290,85123A,WHITE HANGING HEART T-LIGHT HOLDER,12
14293,18007,ESSENTIAL BALM 3.5g TIN IN ENVELOPE,24
14293,21452,TOADSTOOL MONEY BOX,12
14293,21485,RETROSPOT HEART HOT WATER BOTTLE,9
14293,21915,RED  HARMONICA IN BOX,12
14293,22111,SCOTTIE DOG HOT WATER BOTTLE,9
14293,22632,HAND WARMER RED RETROSPOT,12
14293,22637,PIGGY BANK RETROSPOT,8
14293,22644,CERAMIC CHERRY CAKE MONEY BANK,12
14293,22646,CERAMIC STRAWBERRY CAKE MONEY BANK,12
14293,22834,HAND WARMER BABUSHKA DESIGN,12
14293,22837,HOT WATER BOTTLE BABUSHKA,8
14293,22866,HAND WARMER SCOTTY DOG DESIGN,12
14293,22867,HAND WARMER BIRD DESIGN,12
14293,84006,MAGIC TREE -PAPER FLOWERS,12
14293,84032A,CHARLIE+LOLA PINK HOT WATER BOTTLE,6
14298,18098C,PORCELAIN BUTTERFLY OIL BURNER,12
14298,20704,MR ROBOT SOFT TOY,16
14298,20705,MRS ROBOT SOFT TOY,16
14298,20719,WOODLAND CHARLOTTE BAG,40
14298,20723,STRAWBERRY CHARLOTTE BAG,20
14298,20724,RED RETROSPOT CHARLOTTE BAG,20
14298,20801,LARGE PINK GLASS SUNDAE DISH,16
14298,21065,BOOM BOX SPEAKER GIRLS,48
14298,21109,LARGE CAKE TOWEL CHOCOLATE SPOTS,24
14298,21110,LARGE CAKE TOWEL PINK SPOTS,48
14298,21111,"SWISS ROLL TOWEL, CHOCOLATE  SPOTS",48
14298,21112,"SWISS ROLL TOWEL, PINK  SPOTS",24
14298,21137,BLACK RECORD COVER FRAME,24
14298,21355,TOAST ITS - I LOVE YOU,24
14298,21481,FAWN BLUE HOT WATER BOTTLE,24
14298,21484,CHICK GREY HOT WATER BOTTLE,12
14298,21485,RETROSPOT HEART HOT WATER BOTTLE,6
14298,21631,HIPPY CHIC DECORATIVE PARASOL,12
14298,21632,VINTAGE PINK DECORATIVE PARASOL,12
14298,21733,RED HANGING HEART T-LIGHT HOLDER,64
14298,21873,IF YOU CAN'T STAND THE HEAT MUG,36
14298,21876,POTTERING MUG,36
14298,22041,"RECORD FRAME 7"" SINGLE SIZE",48
14298,22074,6 RIBBONS SHIMMERING PINKS,48
14298,22116,METAL SIGN HIS DINNER IS SERVED,12
14298,22117,METAL SIGN HER DINNER IS SERVED,12
14298,22197,SMALL POPCORN HOLDER,36
14298,22222,CAKE PLATE LOVEBIRD WHITE,24
14298,22223,CAKE PLATE LOVEBIRD PINK,24
14298,22252,BIRDCAGE DECORATION TEALIGHT HOLDER,24
14298,22344,PARTY PIZZA DISH PINK POLKADOT,48
14298,22345,PARTY PIZZA DISH BLUE POLKADOT,48
14298,22355,CHARLOTTE BAG SUKI DESIGN,40
14298,22356,CHARLOTTE BAG PINK POLKADOT,40
14298,22377,BOTTLE BAG RETROSPOT,20
14298,22378,WALL TIDY RETROSPOT,20
14298,22423,REGENCY CAKESTAND 3 TIER,16
14298,22473,TV DINNER TRAY VINTAGE PAISLEY,8
14298,22608,PENS ASSORTED FUNKY JEWELED,180
14298,22609,PENS ASSORTED SPACEBALL,180
14298,22610,PENS ASSORTED FUNNY FACE,108
14298,22647,CERAMIC LOVE HEART MONEY BANK,36
14298,22661,CHARLOTTE BAG DOLLY GIRL DESIGN,20
14298,22699,ROSES REGENCY TEACUP AND SAUCER,24
14298,22700,BLACK AND WHITE DOG BOWL,24
14298,22701,PINK DOG BOWL,24
14298,22702,BLACK AND WHITE CAT BOWL,24
14298,22720,SET OF 3 CAKE TINS PANTRY DESIGN,6
14298,22722,SET OF 6 SPICE TINS PANTRY DESIGN,12
14298,22782,SET 3 WICKER STORAGE BASKETS,24
14298,22783,SET 3 WICKER OVAL BASKETS W LIDS,8
14298,22834,HAND WARMER BABUSHKA DESIGN,48
14298,22879,NUMBER TILE VINTAGE FONT 0,24
14298,22880,NUMBER TILE VINTAGE FONT 1,24
14298,22881,NUMBER TILE VINTAGE FONT 2,24
14298,22882,NUMBER TILE VINTAGE FONT 3,24
14298,22883,NUMBER TILE VINTAGE FONT 4,24
14298,22884,NUMBER TILE VINTAGE FONT 5,24
14298,22885,NUMBER TILE VINTAGE FONT 6,24
14298,22886,NUMBER TILE VINTAGE FONT 7,24
14298,22887,NUMBER TILE VINTAGE FONT 8,24
14298,22888,NUMBER TILE VINTAGE FONT 9,24
14298,22889,NUMBER TILE VINTAGE FONT No,96
14298,22915,ASSORTED BOTTLE TOP  MAGNETS,120
14298,22922,FRIDGE MAGNETS US DINER ASSORTED,60
14298,22960,JAM MAKING SET WITH JARS,12
14298,22962,JAM JAR WITH PINK LID,24
14298,22963,JAM JAR WITH GREEN LID,24
14298,22966,GINGERBREAD MAN COOKIE CUTTER,24
14298,22969,HOMEMADE JAM SCENTED CANDLES,96
14298,35646,VINTAGE BEAD PINK EVENING BAG,24
14298,35648,VINTAGE BEAD PINK PURSE,24
14298,35651,VINTAGE BEAD PINK SCARF,24
14298,37327,ASSTD MULTICOLOUR CIRCLES MUG,48
14298,44228,CANNABIS LEAF BEAD CURTAIN,24
14298,47503A,ASS FLORAL PRINT MULTI SCREWDRIVER,72
14298,47504H,ENGLISH ROSE SPIRIT LEVEL,48
14298,47504K,ENGLISH ROSE GARDEN SECATEURS,48
14298,70006,LOVE HEART POCKET WARMER,330
14298,70007,HI TEC ALPINE HAND WARMER,120
14298,72232,FENG SHUI PILLAR CANDLE,96
14298,75011,BLUE DAISY MOBILE,24
14298,75178,ASSTD COL BUTTERFLY/CRYSTAL W/CHIME,144
14298,79302M,"ART LIGHTS,FUNK MONKEY",20
14298,79321,CHILLI LIGHTS,12
14298,82001S,VINYL RECORD FRAME SILVER,24
14298,82613B,"METAL SIGN,CUPCAKE SINGLE HOOK",20
14298,82613C,"METAL SIGN,CUPCAKE SINGLE HOOK",20
14298,84029G,KNITTED UNION FLAG HOT WATER BOTTLE,24
14298,84356,POMPOM CURTAIN,36
14298,84509E,SET OF 4 CAROUSEL PLACEMATS,24
14298,84660A,WHITE STITCHED WALL CLOCK,60
14298,84660B,BLACK STITCHED WALL CLOCK,40
14298,84660C,PINK STITCHED WALL CLOCK,40
14298,84692,BOX OF 24 COCKTAIL PARASOLS,100
14298,84766,SILVER ROCOCO CANDLE STICK,24
14298,84817,DANISH ROSE DECORATIVE PLATE,144
14298,84818,DANISH ROSE PHOTO FRAME,48
14298,84820,DANISH ROSE TRINKET TRAYS,24
14298,84821,DANISH ROSE DELUXE COASTER,96
14298,84823,DANISH ROSE FOLDING CHAIR,6
14298,84915,HAND TOWEL PINK FLOWER AND DAISY,20
14298,84916,HAND TOWEL PALE BLUE W FLOWERS,20
14298,84917,WHITE HAND TOWEL WITH BUTTERFLY,20
14298,84951A,SET OF 4 PISTACHIO LOVEBIRD COASTER,12
14298,84951B,SET OF 4 BLACK LOVEBIRD COASTERS,12
14298,85123A,WHITE HANGING HEART T-LIGHT HOLDER,64
14298,85159A,"BLACK TEA,COFFEE,SUGAR JARS",12
14298,85159B,"WHITE TEA,COFFEE,SUGAR JARS",12
14298,85170B,SET/6 BLACK BIRD T-LIGHT CANDLES,12
14298,85170D,SET/6 PINK BIRD T-LIGHT CANDLES,12
14298,85173,SET/6 FROG PRINCE T-LIGHT CANDLES,24
14298,85180A,RED HEARTS LIGHT CHAIN,24
14298,85180B,PINK HEARTS LIGHT CHAIN,24
14298,85184C,S/4 VALENTINE DECOUPAGE HEART BOX,72
14298,85212,MINI PAINTED GARDEN DECORATION,144
14298,85230A,OPIUM SCENTED VOTIVE CANDLE,48
14298,85230B,CINNAMON SCENTED VOTIVE CANDLE,48
14298,85230E,STRAWBRY SCENTED VOTIVE CANDLE,48
14298,85230F,JASMINE VOTIVE CANDLE,48
14298,85230G,ORANGE VOTIVE CANDLE,24
14298,90125A,PINK BERTIE GLASS BEAD BAG CHARM,12
14298,90125D,PURPLE BERTIE GLASS BEAD BAG CHARM,12
14299,21166,COOK WITH WINE METAL SIGN,12
14299,21843,RED RETROSPOT CAKE STAND,24
14299,22188,BLACK HEART CARD HOLDER,36
14299,84029E,RED WOOLLY HOTTIE WHITE HEART.,8
14299,85049E,SCANDINAVIAN REDS RIBBONS,12
14307,16237,SLEEPING CAT ERASERS,30
14307,20685,DOORMAT RED RETROSPOT,2
14307,20982,12 PENCILS TALL TUBE SKULLS,12
14307,21210,SET OF 72 RETROSPOT PAPER  DOILIES,12
14307,21212,PACK OF 72 RETROSPOT CAKE CASES,24
14307,21479,WHITE SKULL HOT WATER BOTTLE,4
14307,21544,SKULLS  WATER TRANSFER TATTOOS,12
14307,21587,COSY HOUR GIANT TUBE MATCHES,12
14307,21705,BAG 500g SWIRLY MARBLES,12
14307,21733,RED HANGING HEART T-LIGHT HOLDER,6
14307,21754,HOME BUILDING BLOCK WORD,3
14307,21755,LOVE BUILDING BLOCK WORD,3
14307,21832,CHOCOLATE CALCULATOR,12
14307,21914,BLUE HARMONICA IN BOX,12
14307,21915,RED  HARMONICA IN BOX,12
14307,22114,HOT WATER BOTTLE TEA AND SYMPATHY,4
14307,22178,VICTORIAN GLASS HANGING T-LIGHT,12
14307,22219,LOVEBIRD HANGING DECORATION WHITE,12
14307,22371,AIRLINE BAG VINTAGE TOKYO 78,4
14307,22418,10 COLOUR SPACEBOY PEN,24
14307,22465,HANGING METAL STAR LANTERN,12
14307,22488,NATURAL SLATE RECTANGLE CHALKBOARD,12
14307,22492,MINI PAINT SET VINTAGE,36
14307,22533,MAGIC DRAWING SLATE BAKE A CAKE,24
14307,22537,MAGIC DRAWING SLATE DINOSAUR,24
14307,22553,PLASTERS IN TIN SKULLS,12
14307,22610,PENS ASSORTED FUNNY FACE,36
14307,22619,SET OF 6 SOLDIER SKITTLES,4
14307,22620,4 TRADITIONAL SPINNING TOPS,12
14307,22706,WRAP COWBOYS,25
14307,22714,CARD BIRTHDAY COWBOY,12
14307,22716,CARD CIRCUS PARADE,12
14307,22736,RIBBON REEL MAKING SNOWMEN,10
14307,22766,PHOTO FRAME CORNICE,8
14307,22812,PACK 3 BOXES CHRISTMAS PANNETONE,12
14307,22813,PACK 3 BOXES BIRD PANNETONE,12
14307,22914,BLUE COAT RACK PARIS FASHION,3
14307,22964,3 PIECE SPACEBOY COOKIE CUTTER SET,6
14307,48194,DOORMAT HEARTS,2
14307,84029E,RED WOOLLY HOTTIE WHITE HEART.,4
14307,84347,ROTATING SILVER ANGELS T-LIGHT HLDR,6
14307,84375,SET OF 20 KIDS COOKIE CUTTERS,12
14307,84879,ASSORTED COLOUR BIRD ORNAMENT,8
14307,84949,SILVER HANGING T-LIGHT HOLDER,6
14307,84970L,SINGLE HEART ZINC T-LIGHT HOLDER,12
14307,84997B,RED 3 PIECE RETROSPOT CUTLERY SET,6
14307,85014A,BLACK/BLUE POLKADOT UMBRELLA,3
14307,85014B,RED RETROSPOT UMBRELLA,3
14309,21791,VINTAGE HEADS AND TAILS CARD GAME,12
14309,22617,BAKING SET SPACEBOY DESIGN,3
14309,22634,CHILDS BREAKFAST SET SPACEBOY,2
14309,22636,CHILDS BREAKFAST SET CIRCUS PARADE,2
14309,22988,SOLDIERS EGG CUP,24
14309,84945,MULTI COLOUR SILVER T-LIGHT HOLDER,60
14334,20982,12 PENCILS TALL TUBE SKULLS,12
14334,20983,12 PENCILS TALL TUBE RED RETROSPOT,12
14334,21098,CHRISTMAS TOILET ROLL,12
14334,21326,AGED GLASS SILVER T-LIGHT HOLDER,12
14334,21356,TOAST ITS - FAIRY FLOWER,12
14334,21648,ASSORTED TUTTI FRUTTI SMALL PURSE,24
14334,22074,6 RIBBONS SHIMMERING PINKS,12
14334,22076,6 RIBBONS EMPIRE,12
14334,22077,6 RIBBONS RUSTIC CHARM,12
14334,22171,3 HOOK PHOTO SHELF ANTIQUE WHITE,2
14334,22791,T-LIGHT GLASS FLUTED ANTIQUE,12
14334,22844,VINTAGE CREAM DOG FOOD CONTAINER,2
14334,22845,VINTAGE CREAM CAT FOOD CONTAINER,2
14334,22952,60 CAKE CASES VINTAGE CHRISTMAS,24
14334,82484,WOOD BLACK BOARD ANT WHITE FINISH,3
14334,84347,ROTATING SILVER ANGELS T-LIGHT HLDR,6
14334,84945,MULTI COLOUR SILVER T-LIGHT HOLDER,24
14334,85049D,BRIGHT BLUES RIBBONS,12
14334,85049E,SCANDINAVIAN REDS RIBBONS,12
14334,85116,BLACK CANDELABRA T-LIGHT HOLDER,6
14344,21730,GLASS STAR FROSTED T-LIGHT HOLDER,6
14344,22423,REGENCY CAKESTAND 3 TIER,2
14344,22424,ENAMEL BREAD BIN CREAM,3
14344,22427,ENAMEL FLOWER JUG CREAM,3
14344,22457,NATURAL SLATE HEART CHALKBOARD,12
14344,22469,HEART OF WICKER SMALL,12
14344,22508,DOORSTOP RETROSPOT HEART,4
14344,22863,SOAP DISH BROCANTE,8
14344,72760B,VINTAGE CREAM 3 BASKET CAKE STAND,2
14344,82580,BATHROOM METAL SIGN,12
14344,84836,ZINC METAL HEART DECORATION,12
14344,84880,WHITE WIRE EGG HOLDER,3
14344,84971S,SMALL HEART FLOWERS HOOK,24
14344,85123A,WHITE HANGING HEART T-LIGHT HOLDER,24
14355,20749,ASSORTED COLOUR MINI CASES,2
14355,21439,BASKET OF TOADSTOOLS,12
14355,21894,POTTING SHED SEED ENVELOPES,12
14355,22113,GREY HEART HOT WATER BOTTLE,4
14355,22254,FELT TOADSTOOL LARGE,12
14355,22255,FELT TOADSTOOL  SMALL,12
14355,22779,WOODEN OWLS LIGHT GARLAND,4
14355,22807,SET OF 6 T-LIGHTS TOADSTOOLS,6
14355,22808,SET OF 6 T-LIGHTS EASTER CHICKS,6
14355,22960,JAM MAKING SET WITH JARS,6
14355,84755,COLOUR GLASS T-LIGHT HOLDER HANGING,16
14373,21735,TWO DOOR CURIO CABINET,2
14373,22595,CHRISTMAS GINGHAM HEART,12
14373,22769,CHALKBOARD KITCHEN ORGANISER,1
14373,85048,15CM CHRISTMAS GLASS BALL 20 LIGHTS,2
14388,21217,RED RETROSPOT ROUND CAKE TINS,1
14388,21479,WHITE SKULL HOT WATER BOTTLE,4
14388,21484,CHICK GREY HOT WATER BOTTLE,4
14388,21485,RETROSPOT HEART HOT WATER BOTTLE,3
14388,21843,RED RETROSPOT CAKE STAND,1
14388,21875,KINGS CHOICE MUG,12
14388,21931,JUMBO STORAGE BAG SUKI,10
14388,22111,SCOTTIE DOG HOT WATER BOTTLE,3
14388,22386,JUMBO BAG PINK POLKADOT,10
14388,22477,WATERING CAN GARDEN MARKER,10
14388,22739,RIBBON REEL CHRISTMAS SOCK BAUBLE,10
14388,22812,PACK 3 BOXES CHRISTMAS PANNETONE,12
14388,22837,HOT WATER BOTTLE BABUSHKA,4
14388,22923,FRIDGE MAGNETS LES ENFANTS ASSORTED,12
14388,22924,FRIDGE MAGNETS LA VIE EN ROSE,12
14388,22961,JAM MAKING SET PRINTED,12
14388,22964,3 PIECE SPACEBOY COOKIE CUTTER SET,6
14388,22988,SOLDIERS EGG CUP,12
14388,37370,RETRO COFFEE MUGS ASSORTED,12
14388,79066K,RETRO MOD TRAY,10
14388,85099B,JUMBO BAG RED RETROSPOT,10
14390,20723,STRAWBERRY CHARLOTTE BAG,1
14390,20967,GREY FLORAL FELTCRAFT SHOULDER BAG,2
14390,20969,RED FLORAL FELTCRAFT SHOULDER BAG,2
14390,20970,PINK FLORAL FELTCRAFT SHOULDER BAG,1
14390,21479,WHITE SKULL HOT WATER BOTTLE,2
14390,21870,I CAN ONLY PLEASE ONE PERSON MUG,1
14390,22110,BIRD HOUSE HOT WATER BOTTLE,4
14390,22112,CHOCOLATE HOT WATER BOTTLE,6
14390,22371,AIRLINE BAG VINTAGE TOKYO 78,1
14390,22372,AIRLINE BAG VINTAGE WORLD CHAMPION,2
14390,22374,AIRLINE BAG VINTAGE JET SET RED,2
14390,22375,AIRLINE BAG VINTAGE JET SET BROWN,2
14390,22385,JUMBO BAG SPACEBOY DESIGN,4
14390,22418,10 COLOUR SPACEBOY PEN,2
14390,22578,WOODEN STAR CHRISTMAS SCANDINAVIAN,5
14390,22579,WOODEN TREE CHRISTMAS SCANDINAVIAN,6
14390,22634,CHILDS BREAKFAST SET SPACEBOY,2
14390,22650,CERAMIC PIRATE CHEST MONEY BANK,4
14390,22662,LUNCH BAG DOLLY GIRL DESIGN,2
14390,22663,JUMBO BAG DOLLY GIRL DESIGN,2
14390,84997A,GREEN 3 PIECE POLKADOT CUTLERY SET,3
14390,84997B,RED 3 PIECE RETROSPOT CUTLERY SET,3
14390,84997C,BLUE 3 PIECE POLKADOT CUTLERY SET,2
14390,84997D,PINK 3 PIECE POLKADOT CUTLERY SET,7
14390,85099B,JUMBO BAG RED RETROSPOT,5
14390,85136A,YELLOW SHARK HELICOPTER,1
14395,16161M,WRAP  PINK FLOCK,25
14395,20972,PINK CREAM FELT CRAFT TRINKET BOX,6
14395,20981,12 PENCILS TALL TUBE WOODLAND,5
14395,20984,12 PENCILS TALL TUBE POSY,5
14395,21486,PINK HEART DOTS HOT WATER BOTTLE,3
14395,21499,BLUE POLKADOT WRAP,25
14395,21500,PINK POLKADOT WRAP,25
14395,21754,HOME BUILDING BLOCK WORD,3
14395,21755,LOVE BUILDING BLOCK WORD,3
14395,21980,PACK OF 12 RED RETROSPOT TISSUES,12
14395,22112,CHOCOLATE HOT WATER BOTTLE,7
14395,22114,HOT WATER BOTTLE TEA AND SYMPATHY,4
14395,22144,CHRISTMAS CRAFT LITTLE FRIENDS,2
14395,22171,3 HOOK PHOTO SHELF ANTIQUE WHITE,2
14395,22173,METAL 4 HOOK HANGER FRENCH CHATEAU,8
14395,22470,HEART OF WICKER LARGE,3
14395,22632,HAND WARMER RED RETROSPOT,4
14395,22633,HAND WARMER UNION JACK,4
14395,22804,CANDLEHOLDER PINK HANGING HEART,2
14395,22865,HAND WARMER OWL DESIGN,1
14395,82482,WOODEN PICTURE FRAME WHITE FINISH,6
14395,82483,WOOD 2 DRAWER CABINET WHITE FINISH,4
14395,82486,WOOD S/3 CABINET ANT WHITE FINISH,2
14395,82494L,WOODEN FRAME ANTIQUE WHITE,4
14395,85049A,TRADITIONAL CHRISTMAS RIBBONS,6
14395,85123A,WHITE HANGING HEART T-LIGHT HOLDER,2
14395,85214,TUB 24 PINK FLOWER PEGS,1
14396,20726,LUNCH BAG WOODLAND,1
14396,20828,GLITTER BUTTERFLY CLIPS,1
14396,21040,MODERN VINTAGE COTTON SHOPPING BAG,1
14396,21327,SKULLS WRITING SET,1
14396,21329,DINOSAURS  WRITING SET,1
14396,21591,COSY HOUR CIGAR BOX MATCHES,3
14396,21733,RED HANGING HEART T-LIGHT HOLDER,1
14396,21932,SCANDINAVIAN PAISLEY PICNIC BAG,1
14396,21933,PINK VINTAGE PAISLEY PICNIC BAG,1
14396,21936,RED RETROSPOT PICNIC BAG,1
14396,21937,STRAWBERRY   PICNIC BAG,1
14396,21955,DOORMAT UNION JACK GUNS AND ROSES,1
14396,22077,6 RIBBONS RUSTIC CHARM,1
14396,22111,SCOTTIE DOG HOT WATER BOTTLE,1
14396,22359,GLASS JAR KINGS CHOICE,1
14396,22361,GLASS JAR DAISY FRESH COTTON WOOL,1
14396,22362,GLASS JAR PEACOCK BATH SALTS,1
14396,22418,10 COLOUR SPACEBOY PEN,2
14396,22470,HEART OF WICKER LARGE,2
14396,22666,RECIPE BOX PANTRY YELLOW DESIGN,1
14396,22701,PINK DOG BOWL,1
14396,22735,RIBBON REEL SOCKS AND MITTENS,1
14396,22736,RIBBON REEL MAKING SNOWMEN,1
14396,22737,RIBBON REEL CHRISTMAS PRESENT,1
14396,22739,RIBBON REEL CHRISTMAS SOCK BAUBLE,1
14396,22837,HOT WATER BOTTLE BABUSHKA,1
14396,22865,HAND WARMER OWL DESIGN,1
14396,22866,HAND WARMER SCOTTY DOG DESIGN,2
14396,22867,HAND WARMER BIRD DESIGN,1
14396,22964,3 PIECE SPACEBOY COOKIE CUTTER SET,1
14396,82011C,BATHROOM SCALES FOOTPRINTS IN SAND,1
14396,84562A,PINK/WHITE RIBBED MELAMINE JUG,1
14396,84865,NEW BAROQUE BLACK PHOTO ALBUM,1
14396,85123A,WHITE HANGING HEART T-LIGHT HOLDER,1
14401,22486,PLASMATRONIC LAMP,6
14401,22610,PENS ASSORTED FUNNY FACE,36
14401,22647,CERAMIC LOVE HEART MONEY BANK,36
14401,35961,FOLKART ZINC HEART CHRISTMAS DEC,12
14401,82613B,"METAL SIGN,CUPCAKE SINGLE HOOK",20
14401,82613D,METAL SIGN CUPCAKE SINGLE HOOK,20
14401,84660A,WHITE STITCHED WALL CLOCK,20
14401,84660B,BLACK STITCHED WALL CLOCK,20
14401,84660C,PINK STITCHED WALL CLOCK,20
14401,84826,ASSTD DESIGN 3D PAPER STICKERS,60
14401,84827,ASS DES PHONE SPONGE CRAFT STICKER,60
14401,85180A,RED HEARTS LIGHT CHAIN,12
14401,85180B,PINK HEARTS LIGHT CHAIN,12
14401,85184C,S/4 VALENTINE DECOUPAGE HEART BOX,24
14401,90210D,PURPLE ACRYLIC FACETED BANGLE,12
14404,15034,PAPER POCKET TRAVELING FAN,1
14404,20726,LUNCH BAG WOODLAND,10
14404,20727,LUNCH BAG  BLACK SKULL.,10
14404,20728,LUNCH BAG CARS BLUE,10
14404,20966,SANDWICH BATH SPONGE,1
14404,21098,CHRISTMAS TOILET ROLL,1
14404,21385,IVORY HANGING DECORATION  HEART,1
14404,21640,ASSORTED TUTTI FRUTTI  FOB NOTEBOOK,1
14404,21894,POTTING SHED SEED ENVELOPES,1
14404,21900,"KEY FOB , SHED",1
14404,21955,DOORMAT UNION JACK GUNS AND ROSES,1
14404,21967,PACK OF 12 SKULL TISSUES,1
14404,22086,PAPER CHAIN KIT 50'S CHRISTMAS,1
14404,22195,LARGE HEART MEASURING SPOONS,3
14404,22278,OVERNIGHT BAG VINTAGE ROSE PAISLEY,1
14404,22371,AIRLINE BAG VINTAGE TOKYO 78,1
14404,22372,AIRLINE BAG VINTAGE WORLD CHAMPION,1
14404,22374,AIRLINE BAG VINTAGE JET SET RED,1
14404,22375,AIRLINE BAG VINTAGE JET SET BROWN,2
14404,22376,AIRLINE BAG VINTAGE JET SET WHITE,1
14404,22423,REGENCY CAKESTAND 3 TIER,1
14404,22910,PAPER CHAIN KIT VINTAGE CHRISTMAS,1
14404,84050,PINK HEART SHAPE EGG FRYING PAN,3
14404,85135C,RED DRAGONFLY HELICOPTER,1
14404,85150,LADIES & GENTLEMEN METAL SIGN,1
14409,22834,HAND WARMER BABUSHKA DESIGN,168
14413,20665,RED RETROSPOT PURSE,2
14413,20716,PARTY FOOD SHOPPER BAG,1
14413,20718,RED RETROSPOT SHOPPER BAG,1
14413,21034,REX CASH+CARRY JUMBO SHOPPER,1
14413,21035,SET/2 RED RETROSPOT TEA TOWELS,2
14413,21080,SET/20 RED RETROSPOT PAPER NAPKINS,6
14413,21094,SET/6 RED SPOTTY PAPER PLATES,6
14413,22083,PAPER CHAIN KIT RETROSPOT,3
14413,22086,PAPER CHAIN KIT 50'S CHRISTMAS,3
14413,22127,PARTY CONES CARNIVAL ASSORTED,6
14413,22278,OVERNIGHT BAG VINTAGE ROSE PAISLEY,1
14413,22319,HAIRCLIPS FORTIES FABRIC ASSORTED,12
14413,22371,AIRLINE BAG VINTAGE TOKYO 78,2
14413,22386,JUMBO BAG PINK POLKADOT,1
14413,22437,SET OF 9 BLACK SKULL BALLOONS,12
14413,22468,BABUSHKA LIGHTS STRING OF 10,1
14413,22505,MEMO BOARD COTTAGE DESIGN,2
14413,22557,PLASTERS IN TIN VINTAGE PAISLEY,2
14413,22637,PIGGY BANK RETROSPOT,1
14413,22663,JUMBO BAG DOLLY GIRL DESIGN,1
14413,22780,LIGHT GARLAND BUTTERFILES PINK,1
14413,22890,NOVELTY BISCUITS CAKE STAND 3 TIER,1
14414,20956,PORCELAIN T-LIGHT HOLDERS ASSORTED,24
14414,22786,CUSHION COVER PINK UNION JACK,4
14414,22796,PHOTO FRAME 3 CLASSIC HANGING,4
14414,22834,HAND WARMER BABUSHKA DESIGN,24
14414,70006,LOVE HEART POCKET WARMER,30
14414,84347,ROTATING SILVER ANGELS T-LIGHT HLDR,12
14414,84877B,GREEN ROUND COMPACT MIRROR,24
14414,84877D,BLUE ROUND COMPACT MIRROR,24
14415,20713,JUMBO BAG OWLS,7
14415,20749,ASSORTED COLOUR MINI CASES,1
14415,20770,ABSTRACT CIRCLE JOURNAL,3
14415,20771,CHRYSANTHEMUM  JOURNAL,3
14415,20772,GARDEN PATH JOURNAL,3
14415,20914,SET/5 RED RETROSPOT LID GLASS BOWLS,2
14415,21314,SMALL GLASS HEART TRINKET POT,4
14415,21363,HOME SMALL WOOD LETTERS,1
14415,21407,BROWN CHECK CAT DOORSTOP,1
14415,21429,RED GINGHAM ROSE JEWELLERY BOX,6
14415,21430,SET/3 RED GINGHAM ROSE STORAGE BOX,3
14415,21481,FAWN BLUE HOT WATER BOTTLE,3
14415,21484,CHICK GREY HOT WATER BOTTLE,2
14415,21485,RETROSPOT HEART HOT WATER BOTTLE,3
14415,21527,RED RETROSPOT TRADITIONAL TEAPOT,2
14415,21533,RETROSPOT LARGE MILK JUG,1
14415,21535,RED RETROSPOT SMALL MILK JUG,1
14415,21539,RED RETROSPOT BUTTER DISH,2
14415,21733,RED HANGING HEART T-LIGHT HOLDER,12
14415,21781,MA CAMPAGNE CUTLERY BOX,1
14415,21784,SHOE SHINE BOX,1
14415,21802,CHRISTMAS TREE HEART DECORATION,36
14415,21803,CHRISTMAS TREE STAR DECORATION,36
14415,21843,RED RETROSPOT CAKE STAND,1
14415,21868,POTTING SHED TEA MUG,6
14415,21876,POTTERING MUG,6
14415,21931,JUMBO STORAGE BAG SUKI,6
14415,22070,SMALL RED RETROSPOT MUG IN BOX,3
14415,22073,RED RETROSPOT STORAGE JAR,3
14415,22082,RIBBON REEL STRIPES DESIGN,6
14415,22111,SCOTTIE DOG HOT WATER BOTTLE,4
14415,22112,CHOCOLATE HOT WATER BOTTLE,5
14415,22113,GREY HEART HOT WATER BOTTLE,12
14415,22151,PLACE SETTING WHITE HEART,24
14415,22152,PLACE SETTING WHITE STAR,24
14415,22188,BLACK HEART CARD HOLDER,2
14415,22199,FRYING PAN RED RETROSPOT,3
14415,22202,MILK PAN PINK POLKADOT,1
14415,22203,MILK PAN RED RETROSPOT,2
14415,22204,MILK PAN BLUE POLKADOT,1
14415,22207,FRYING PAN UNION FLAG,2
14415,22411,JUMBO SHOPPER VINTAGE RED PAISLEY,5
14415,22439,6 ROCKET BALLOONS,1
14415,22457,NATURAL SLATE HEART CHALKBOARD,4
14415,22464,HANGING METAL HEART LANTERN,6
14415,22465,HANGING METAL STAR LANTERN,6
14415,22551,PLASTERS IN TIN SPACEBOY,6
14415,22555,PLASTERS IN TIN STRONGMAN,6
14415,22556,PLASTERS IN TIN CIRCUS PARADE,6
14415,22557,PLASTERS IN TIN VINTAGE PAISLEY,6
14415,22575,METAL MERRY CHRISTMAS WREATH,8
14415,22634,CHILDS BREAKFAST SET SPACEBOY,1
14415,22637,PIGGY BANK RETROSPOT,4
14415,22663,JUMBO BAG DOLLY GIRL DESIGN,6
14415,22722,SET OF 6 SPICE TINS PANTRY DESIGN,2
14415,22723,SET OF 6 HERB TINS SKETCHBOOK,1
14415,22834,HAND WARMER BABUSHKA DESIGN,5
14415,22904,CALENDAR PAPER CUT DESIGN,4
14415,22906,12 MESSAGE CARDS WITH ENVELOPES,3
14415,22973,CHILDREN'S CIRCUS PARADE MUG,6
14415,22988,SOLDIERS EGG CUP,12
14415,84792,ENCHANTED BIRD COATHANGER 5 HOOK,2
14415,84836,ZINC METAL HEART DECORATION,12
14415,84849A,HELLO SAILOR BLUE SOAP HOLDER,4
14415,84849B,FAIRY SOAP SOAP HOLDER,5
14415,84849D,HOT BATHS SOAP HOLDER,3
14415,84881,BLUE WIRE SPIRAL CANDLE HOLDER,2
14415,84970L,SINGLE HEART ZINC T-LIGHT HOLDER,12
14415,84970S,HANGING HEART ZINC T-LIGHT HOLDER,12
14415,84997A,GREEN 3 PIECE POLKADOT CUTLERY SET,2
14415,85014B,RED RETROSPOT UMBRELLA,4
14415,85053,FRENCH ENAMEL CANDLEHOLDER,4
14415,85061W,WHITE JEWELLED HEART DECORATION,10
14415,85062,PEARL CRYSTAL PUMPKIN T-LIGHT HLDR,6
14415,85099B,JUMBO BAG RED RETROSPOT,10
14415,85123A,WHITE HANGING HEART T-LIGHT HOLDER,10
14415,85135C,RED DRAGONFLY HELICOPTER,1
14415,85136B,BLUE SHARK HELICOPTER,1
14415,85199S,SMALL HANGING IVORY/RED WOOD BIRD,10
14415,85231B,CINAMMON SET OF 9 T-LIGHTS,10
14419,10135,COLOURING PENCILS BROWN TUBE,4
14419,20977,36 PENCILS TUBE WOODLAND,4
14419,21034,REX CASH+CARRY JUMBO SHOPPER,1
14419,21754,HOME BUILDING BLOCK WORD,1
14419,22112,CHOCOLATE HOT WATER BOTTLE,1
14419,22551,PLASTERS IN TIN SPACEBOY,2
14419,22554,PLASTERS IN TIN WOODLAND ANIMALS,3
14419,22555,PLASTERS IN TIN STRONGMAN,3
14419,22556,PLASTERS IN TIN CIRCUS PARADE,3
14419,22557,PLASTERS IN TIN VINTAGE PAISLEY,3
14419,22562,MONSTERS STENCIL CRAFT,4
14419,22563,HAPPY STENCIL CRAFT,4
14419,22725,ALARM CLOCK BAKELIKE CHOCOLATE,3
14419,22727,ALARM CLOCK BAKELIKE RED,2
14419,22728,ALARM CLOCK BAKELIKE PINK,2
14419,22745,POPPY'S PLAYHOUSE BEDROOM,2
14419,22746,POPPY'S PLAYHOUSE LIVINGROOM,3
14419,22747,POPPY'S PLAYHOUSE BATHROOM,3
14419,22748,POPPY'S PLAYHOUSE KITCHEN,3
14419,85232B,SET OF 3 BABUSHKA STACKING TINS,4
14437,21684,SMALL MEDINA STAMPED METAL BOWL,12
14437,22961,JAM MAKING SET PRINTED,12
14437,22962,JAM JAR WITH PINK LID,12
14437,22963,JAM JAR WITH GREEN LID,12
14437,84946,ANTIQUE SILVER TEA GLASS ETCHED,12
14440,21754,HOME BUILDING BLOCK WORD,12
14440,22457,NATURAL SLATE HEART CHALKBOARD,12
14440,22969,HOMEMADE JAM SCENTED CANDLES,12
14440,72741,GRAND CHOCOLATECANDLE,18
14440,72802B,OCEAN SCENT CANDLE IN JEWELLED BOX,12
14440,72807A,SET/3 ROSE CANDLE IN JEWELLED BOX,12
14440,72807B,SET/3 OCEAN SCENT CANDLE JEWEL BOX,12
14440,72807C,SET/3 VANILLA SCENTED CANDLE IN BOX,12
14440,82482,WOODEN PICTURE FRAME WHITE FINISH,12
14440,82483,WOOD 2 DRAWER CABINET WHITE FINISH,6
14440,82486,WOOD S/3 CABINET ANT WHITE FINISH,6
14440,82494L,WOODEN FRAME ANTIQUE WHITE,12
14440,85066,CREAM SWEETHEART MINI CHEST,12
14443,20718,RED RETROSPOT SHOPPER BAG,10
14443,21187,WHITE BELL HONEYCOMB PAPER GARLAND,12
14443,21479,WHITE SKULL HOT WATER BOTTLE,4
14443,21730,GLASS STAR FROSTED T-LIGHT HOLDER,3
14443,21933,PINK VINTAGE PAISLEY PICNIC BAG,5
14443,22077,6 RIBBONS RUSTIC CHARM,12
14443,22113,GREY HEART HOT WATER BOTTLE,4
14443,22127,PARTY CONES CARNIVAL ASSORTED,12
14443,22371,AIRLINE BAG VINTAGE TOKYO 78,4
14443,22374,AIRLINE BAG VINTAGE JET SET RED,4
14443,22380,TOY TIDY SPACEBOY,5
14443,22381,TOY TIDY PINK POLKADOT,5
14443,22469,HEART OF WICKER SMALL,12
14443,22470,HEART OF WICKER LARGE,6
14443,22620,4 TRADITIONAL SPINNING TOPS,12
14443,22694,WICKER STAR,6
14443,22837,HOT WATER BOTTLE BABUSHKA,4
14443,84692,BOX OF 24 COCKTAIL PARASOLS,25
14443,84836,ZINC METAL HEART DECORATION,12
14443,85116,BLACK CANDELABRA T-LIGHT HOLDER,6
14448,20978,36 PENCILS TUBE SKULLS,2
14448,21159,MOODY BOY  DOOR HANGER,1
14448,21161,KEEP OUT BOYS DOOR HANGER,1
14448,21584,RETROSPOT SMALL TUBE MATCHES,1
14448,21647,ASSORTED TUTTI FRUTTI LARGE PURSE,1
14448,21864,UNION JACK FLAG PASSPORT COVER,1
14448,21865,PINK UNION JACK  PASSPORT COVER,1
14448,21928,JUMBO BAG SCANDINAVIAN PAISLEY,5
14448,21929,JUMBO BAG PINK VINTAGE PAISLEY,5
14448,22086,PAPER CHAIN KIT 50'S CHRISTMAS,1
14448,22197,SMALL POPCORN HOLDER,2
14448,22457,NATURAL SLATE HEART CHALKBOARD,2
14448,22470,HEART OF WICKER LARGE,2
14448,22553,PLASTERS IN TIN SKULLS,2
14448,22776,SWEETHEART CAKESTAND 3 TIER,1
14448,72799E,IVORY PILLAR CANDLE SILVER FLOCK,4
14448,85035C,ROSE 3 WICK MORRIS BOX CANDLE,2
14448,85099C,JUMBO  BAG BAROQUE BLACK WHITE,10
14449,20726,LUNCH BAG WOODLAND,3
14449,20727,LUNCH BAG  BLACK SKULL.,3
14449,20755,BLUE PAISLEY POCKET BOOK,1
14449,20757,RED DAISY POCKET BOOK,1
14449,20759,CHRYSANTHEMUM POCKET BOOK,1
14449,20760,GARDEN PATH POCKET BOOK,1
14449,20967,GREY FLORAL FELTCRAFT SHOULDER BAG,2
14449,20971,PINK BLUE FELT CRAFT TRINKET BOX,3
14449,20974,12 PENCILS SMALL TUBE SKULL,6
14449,20981,12 PENCILS TALL TUBE WOODLAND,3
14449,21137,BLACK RECORD COVER FRAME,1
14449,21544,SKULLS  WATER TRANSFER TATTOOS,10
14449,21899,"KEY FOB , GARAGE DESIGN",4
14449,21901,"KEY FOB , BACK DOOR",4
14449,21902,"KEY FOB , FRONT  DOOR",4
14449,21911,GARDEN METAL SIGN,1
14449,21948,SET OF 6 CAKE CHOPSTICKS,1
14449,21949,SET OF 6 STRAWBERRY CHOPSTICKS,1
14449,22088,PAPER BUNTING COLOURED LACE,2
14449,22147,FELTCRAFT BUTTERFLY HEARTS,4
14449,22150,3 STRIPEY MICE FELTCRAFT,2
14449,22197,SMALL POPCORN HOLDER,3
14449,22198,LARGE POPCORN HOLDER,2
14449,22274,FELTCRAFT DOLL EMILY,3
14449,22296,HEART IVORY TRELLIS LARGE,5
14449,22326,ROUND SNACK BOXES SET OF4 WOODLAND,2
14449,22327,ROUND SNACK BOXES SET OF 4 SKULLS,2
14449,22328,ROUND SNACK BOXES SET OF 4 FRUITS,1
14449,22335,HEART DECORATION PAINTED ZINC,10
14449,22383,LUNCH BAG SUKI  DESIGN,5
14449,22384,LUNCH BAG PINK POLKADOT,3
14449,22418,10 COLOUR SPACEBOY PEN,12
14449,22470,HEART OF WICKER LARGE,4
14449,22553,PLASTERS IN TIN SKULLS,1
14449,22558,CLOTHES PEGS RETROSPOT PACK 24,1
14449,22570,FELTCRAFT CUSHION RABBIT,1
14449,22633,HAND WARMER UNION JACK,4
14449,22652,TRAVEL SEWING KIT,2
14449,22743,MAKE YOUR OWN FLOWERPOWER CARD KIT,1
14449,22834,HAND WARMER BABUSHKA DESIGN,5
14449,22867,HAND WARMER BIRD DESIGN,3
14449,22953,BIRTHDAY PARTY CORDON BARRIER TAPE,1
14449,22972,CHILDREN'S SPACEBOY MUG,2
14449,22975,SPACEBOY CHILDRENS EGG CUP,2
14449,22976,CIRCUS PARADE CHILDRENS EGG CUP,2
14449,22977,DOLLY GIRL CHILDRENS EGG CUP,2
14449,22988,SOLDIERS EGG CUP,2
14449,84754,S/15 SILVER GLASS BAUBLES IN BAG,1
14449,85185B,PINK HORSE SOCK PUPPET,1
14449,85185D,FROG SOCK PUPPET,1
14466,21156,RETROSPOT CHILDRENS APRON,25
14466,21625,VINTAGE UNION JACK APRON,6
14466,21843,RED RETROSPOT CAKE STAND,2
14466,22367,CHILDRENS APRON SPACEBOY DESIGN,10
14466,22423,REGENCY CAKESTAND 3 TIER,6
14466,22839,3 TIER CAKE TIN GREEN AND CREAM,1
14466,22898,CHILDRENS APRON APPLES DESIGN,25
14466,22955,36 FOIL STAR CAKE CASES,6
14466,22956,36 FOIL HEART CAKE CASES,6
14466,47591D,PINK FAIRY CAKE CHILDRENS APRON,50
14472,20961,STRAWBERRY BATH SPONGE,4
14472,20963,APPLE BATH SPONGE,2
14472,21232,STRAWBERRY CERAMIC TRINKET BOX,4
14472,21257,VICTORIAN SEWING BOX MEDIUM,2
14472,21258,VICTORIAN SEWING BOX LARGE,1
14472,21287,SCENTED VELVET LOUNGE CANDLE,12
14472,21340,CLASSIC METAL BIRDCAGE PLANT HOLDER,3
14472,21361,LOVE LARGE WOOD LETTERS,1
14472,21390,FILIGRIS HEART WITH BUTTERFLY,4
14472,21609,SET 12 LAVENDER  BOTANICAL T-LIGHTS,4
14472,21823,PAINTED METAL HEART WITH HOLLY BELL,5
14472,22294,HEART FILIGREE DOVE  SMALL,6
14472,22297,HEART IVORY TRELLIS SMALL,6
14472,22461,SAVOY ART DECO CLOCK,1
14472,22637,PIGGY BANK RETROSPOT,3
14472,22891,TEA FOR ONE POLKADOT,2
14472,72803A,ROSE SCENT CANDLE JEWELLED DRAWER,3
14472,72807A,SET/3 ROSE CANDLE IN JEWELLED BOX,3
14472,82484,WOOD BLACK BOARD ANT WHITE FINISH,2
14472,82486,WOOD S/3 CABINET ANT WHITE FINISH,2
14472,84800L,LARGE WHITE/PINK ROSE ART FLOWER,2
14472,84800M,MEDIUM WHITE/PINK ROSE ART FLOWER,1
14472,84802A,WHITE ANEMONE ARTIFICIAL FLOWER,2
14472,84804A,CREAM DELPHINIUM ARTIFICIAL FLOWER,2
14472,84806A,PINK CANDYSTUFT ARTIFICIAL FLOWER,1
14472,84879,ASSORTED COLOUR BIRD ORNAMENT,8
14472,85109,PINK BOUDOIR T-LIGHT HOLDER,12
14472,85123A,WHITE HANGING HEART T-LIGHT HOLDER,2
14472,85152,HAND OVER THE CHOCOLATE   SIGN,2
14479,22158,3 HEARTS HANGING DECORATION RUSTIC,8
14479,22465,HANGING METAL STAR LANTERN,12
14479,22470,HEART OF WICKER LARGE,6
14479,22669,RED BABY BUNTING,5
14479,22696,WICKER WREATH LARGE,6
14479,22726,ALARM CLOCK BAKELIKE GREEN,4
14479,22727,ALARM CLOCK BAKELIKE RED,4
14479,22840,ROUND CAKE TIN VINTAGE RED,2
14479,47566,PARTY BUNTING,5
14479,85123A,WHITE HANGING HEART T-LIGHT HOLDER,6
14487,22111,SCOTTIE DOG HOT WATER BOTTLE,1
14487,22195,LARGE HEART MEASURING SPOONS,1
14487,22296,HEART IVORY TRELLIS LARGE,8
14487,22423,REGENCY CAKESTAND 3 TIER,4
14487,22633,HAND WARMER UNION JACK,2
14487,22697,GREEN REGENCY TEACUP AND SAUCER,6
14487,22699,ROSES REGENCY TEACUP AND SAUCER,6
14487,22866,HAND WARMER SCOTTY DOG DESIGN,2
14487,22867,HAND WARMER BIRD DESIGN,2
14487,22909,SET OF 20 VINTAGE CHRISTMAS NAPKINS,2
14487,22956,36 FOIL HEART CAKE CASES,1
14487,22966,GINGERBREAD MAN COOKIE CUTTER,1
14487,84378,SET OF 3 HEART COOKIE CUTTERS,1
14491,20749,ASSORTED COLOUR MINI CASES,6
14491,21288,STRIPEY CHOCOLATE NESTING BOXES,6
14491,22729,ALARM CLOCK BAKELIKE ORANGE,4
14491,22812,PACK 3 BOXES CHRISTMAS PANNETONE,24
14496,21781,MA CAMPAGNE CUTLERY BOX,2
14496,22113,GREY HEART HOT WATER BOTTLE,36
14496,22457,NATURAL SLATE HEART CHALKBOARD,12
14496,22835,HOT WATER BOTTLE I AM SO POORLY,24
14496,84836,ZINC METAL HEART DECORATION,12
14498,20914,SET/5 RED RETROSPOT LID GLASS BOWLS,3
14498,21136,PAINTED METAL PEARS ASSORTED,8
14498,21187,WHITE BELL HONEYCOMB PAPER GARLAND,2
14498,21592,RETROSPOT CIGAR BOX MATCHES,24
14498,22457,NATURAL SLATE HEART CHALKBOARD,4
14498,22558,CLOTHES PEGS RETROSPOT PACK 24,2
14498,22781,GUMBALL MAGAZINE RACK,1
14498,22838,3 TIER CAKE TIN RED AND CREAM,1
14498,22839,3 TIER CAKE TIN GREEN AND CREAM,1
14498,22844,VINTAGE CREAM DOG FOOD CONTAINER,2
14498,22845,VINTAGE CREAM CAT FOOD CONTAINER,2
14498,22988,SOLDIERS EGG CUP,12
14498,84879,ASSORTED COLOUR BIRD ORNAMENT,8
14505,20663,QUEEN OF THE SKIES HOLIDAY PURSE,1
14505,20669,RED HEART LUGGAGE TAG,7
14505,20712,JUMBO BAG WOODLAND ANIMALS,3
14505,20713,JUMBO BAG OWLS,3
14505,20752,BLUE POLKADOT WASHING UP GLOVES,1
14505,20754,RETROSPOT RED WASHING UP GLOVES,1
14505,20828,GLITTER BUTTERFLY CLIPS,3
14505,20854,BLUE PATCH PURSE PINK HEART,4
14505,21000,ROSE DU SUD COSMETICS BAG,2
14505,21014,SWISS CHALET TREE DECORATION,1
14505,21033,JUMBO BAG CHARLIE AND LOLA TOYS,3
14505,21034,REX CASH+CARRY JUMBO SHOPPER,2
14505,21051,RIBBONS PURSE,4
14505,21098,CHRISTMAS TOILET ROLL,4
14505,21164,HOME SWEET HOME METAL SIGN,4
14505,21201,TROPICAL  HONEYCOMB PAPER GARLAND,3
14505,21205,MULTICOLOUR 3D BALLS GARLAND,2
14505,21446,12 RED ROSE PEG PLACE SETTINGS,4
14505,21481,FAWN BLUE HOT WATER BOTTLE,4
14505,21484,CHICK GREY HOT WATER BOTTLE,1
14505,21533,RETROSPOT LARGE MILK JUG,1
14505,21609,SET 12 LAVENDER  BOTANICAL T-LIGHTS,2
14505,21616,4 PEAR BOTANICAL DINNER CANDLES,2
14505,21620,SET OF 4 ROSE BOTANICAL CANDLES,2
14505,21640,ASSORTED TUTTI FRUTTI  FOB NOTEBOOK,6
14505,21643,ASSORTED TUTTI FRUTTI MIRROR,4
14505,21644,ASSORTED TUTTI FRUTTI HEART BOX,4
14505,21647,ASSORTED TUTTI FRUTTI LARGE PURSE,1
14505,21730,GLASS STAR FROSTED T-LIGHT HOLDER,2
14505,21733,RED HANGING HEART T-LIGHT HOLDER,3
14505,21736,GOLD SCROLL GLASS T-LIGHT HOLDER,36
14505,21738,COSY SLIPPER SHOES SMALL  RED,3
14505,21741,COSY SLIPPER SHOES LARGE GREEN,3
14505,21809,CHRISTMAS HANGING TREE WITH BELL,4
14505,21813,GARLAND WITH STARS AND BELLS,1
14505,21815,STAR  T-LIGHT HOLDER,4
14505,21818,GLITTER CHRISTMAS HEART,3
14505,21820,GLITTER HEART GARLAND WITH BELLS,2
14505,21868,POTTING SHED TEA MUG,1
14505,21871,SAVE THE PLANET MUG,3
14505,21872,GLAMOROUS  MUG,1
14505,21873,IF YOU CAN'T STAND THE HEAT MUG,1
14505,21875,KINGS CHOICE MUG,2
14505,21877,HOME SWEET HOME MUG,4
14505,21928,JUMBO BAG SCANDINAVIAN PAISLEY,2
14505,21929,JUMBO BAG PINK VINTAGE PAISLEY,2
14505,21931,JUMBO STORAGE BAG SUKI,2
14505,22086,PAPER CHAIN KIT 50'S CHRISTMAS,3
14505,22087,PAPER BUNTING WHITE LACE,2
14505,22111,SCOTTIE DOG HOT WATER BOTTLE,1
14505,22113,GREY HEART HOT WATER BOTTLE,1
14505,22129,PARTY CONES CANDY TREE DECORATION,24
14505,22130,PARTY CONE CHRISTMAS DECORATION,30
14505,22142,CHRISTMAS CRAFT WHITE FAIRY,3
14505,22144,CHRISTMAS CRAFT LITTLE FRIENDS,2
14505,22147,FELTCRAFT BUTTERFLY HEARTS,5
14505,22154,ANGEL DECORATION 3 BUTTONS,1
14505,22156,HEART DECORATION WITH PEARLS,4
14505,22157,ANGEL DECORATION WITH LACE PADDED,3
14505,22294,HEART FILIGREE DOVE  SMALL,6
14505,22359,GLASS JAR KINGS CHOICE,1
14505,22360,GLASS JAR ENGLISH CONFECTIONERY,1
14505,22362,GLASS JAR PEACOCK BATH SALTS,1
14505,22363,GLASS JAR MARMALADE,1
14505,22364,GLASS JAR DIGESTIVE BISCUITS,2
14505,22371,AIRLINE BAG VINTAGE TOKYO 78,1
14505,22374,AIRLINE BAG VINTAGE JET SET RED,1
14505,22376,AIRLINE BAG VINTAGE JET SET WHITE,1
14505,22385,JUMBO BAG SPACEBOY DESIGN,3
14505,22460,EMBOSSED GLASS TEALIGHT HOLDER,6
14505,22467,GUMBALL COAT RACK,2
14505,22469,HEART OF WICKER SMALL,1
14505,22572,ROCKING HORSE GREEN CHRISTMAS,7
14505,22575,METAL MERRY CHRISTMAS WREATH,3
14505,22659,LUNCH BOX I LOVE LONDON,1
14505,22713,CARD I LOVE LONDON,12
14505,22726,ALARM CLOCK BAKELIKE GREEN,1
14505,22727,ALARM CLOCK BAKELIKE RED,1
14505,22728,ALARM CLOCK BAKELIKE PINK,1
14505,22752,SET 7 BABUSHKA NESTING BOXES,3
14505,22758,LARGE PURPLE BABUSHKA NOTEBOOK,2
14505,22766,PHOTO FRAME CORNICE,3
14505,22774,RED DRAWER KNOB ACRYLIC EDWARDIAN,12
14505,22775,PURPLE DRAWERKNOB ACRYLIC EDWARDIAN,12
14505,22779,WOODEN OWLS LIGHT GARLAND,1
14505,22795,SWEETHEART RECIPE BOOK STAND,2
14505,22804,CANDLEHOLDER PINK HANGING HEART,3
14505,22834,HAND WARMER BABUSHKA DESIGN,6
14505,22837,HOT WATER BOTTLE BABUSHKA,5
14505,22900,SET 2 TEA TOWELS I LOVE LONDON,1
14505,22907,PACK OF 20 NAPKINS PANTRY DESIGN,3
14505,22910,PAPER CHAIN KIT VINTAGE CHRISTMAS,5
14505,22912,YELLOW COAT RACK PARIS FASHION,1
14505,22914,BLUE COAT RACK PARIS FASHION,1
14505,22922,FRIDGE MAGNETS US DINER ASSORTED,6
14505,22945,CHRISTMAS METAL TAGS ASSORTED,18
14505,22973,CHILDREN'S CIRCUS PARADE MUG,6
14505,37343,POLKADOT MUG PINK,4
14505,47369A,PINK GREEN EMBROIDERY COSMETIC BAG,2
14505,47566B,TEA TIME PARTY BUNTING,6
14505,70007,HI TEC ALPINE HAND WARMER,5
14505,71477,COLOUR GLASS. STAR T-LIGHT HOLDER,6
14505,72349B,SET/6 PURPLE BUTTERFLY T-LIGHTS,1
14505,84030E,ENGLISH ROSE HOT WATER BOTTLE,2
14505,84406B,CREAM CUPID HEARTS COAT HANGER,3
14505,84536A,ENGLISH ROSE NOTEBOOK A7 SIZE,6
14505,84755,COLOUR GLASS T-LIGHT HOLDER HANGING,8
14505,84879,ASSORTED COLOUR BIRD ORNAMENT,8
14505,84884A,ANT WHITE WIRE HEART SPIRAL,2
14505,84912B,GREEN ROSE WASHBAG,2
14505,84922,PINK BUTTERFLY WASHBAG,2
14505,84970L,SINGLE HEART ZINC T-LIGHT HOLDER,6
14505,84971S,SMALL HEART FLOWERS HOOK,6
14505,85040A,S/4 PINK FLOWER CANDLES IN BOWL,2
14505,85049A,TRADITIONAL CHRISTMAS RIBBONS,8
14505,85061W,WHITE JEWELLED HEART DECORATION,16
14505,85123A,WHITE HANGING HEART T-LIGHT HOLDER,3
14505,90036E,"FLOWER GLASS GARLD NECKL36""AMETHYST",1
14505,90160A,PURPLE BOUDICCA LARGE BRACELET,3
14505,90160B,RED BOUDICCA LARGE BRACELET,2
14505,90160C,TURQ+RED BOUDICCA LARGE BRACELET,3
14505,90160D,PINK BOUDICCA LARGE BRACELET,2
14505,90161B,ANT COPPER TURQ BOUDICCA BRACELET,3
14505,90200C,BLUE SWEETHEART BRACELET,7
14505,90200D,PINK SWEETHEART BRACELET,6
14505,90200E,GREEN SWEETHEART BRACELET,6
14506,20685,DOORMAT RED RETROSPOT,1
14506,20733,GOLD MINI TAPE MEASURE,6
14506,20969,RED FLORAL FELTCRAFT SHOULDER BAG,1
14506,20970,PINK FLORAL FELTCRAFT SHOULDER BAG,1
14506,20971,PINK BLUE FELT CRAFT TRINKET BOX,1
14506,20972,PINK CREAM FELT CRAFT TRINKET BOX,6
14506,21034,REX CASH+CARRY JUMBO SHOPPER,1
14506,21623,VINTAGE UNION JACK MEMOBOARD,1
14506,21688,SILVER PLATE CANDLE BOWL SMALL,6
14506,21695,SMALL SILVER FLOWER CANDLE POT,6
14506,21811,CHRISTMAS HANGING HEART WITH BELL,4
14506,22074,6 RIBBONS SHIMMERING PINKS,1
14506,22075,6 RIBBONS ELEGANT CHRISTMAS,2
14506,22077,6 RIBBONS RUSTIC CHARM,14
14506,22078,RIBBON REEL LACE DESIGN,5
14506,22130,PARTY CONE CHRISTMAS DECORATION,6
14506,22147,FELTCRAFT BUTTERFLY HEARTS,6
14506,22149,FELTCRAFT 6 FLOWER FRIENDS,2
14506,22150,3 STRIPEY MICE FELTCRAFT,2
14506,22272,FELTCRAFT DOLL MARIA,1
14506,22273,FELTCRAFT DOLL MOLLY,1
14506,22274,FELTCRAFT DOLL EMILY,2
14506,22507,MEMO BOARD RETROSPOT  DESIGN,4
14506,22565,FELTCRAFT HAIRBANDS PINK AND WHITE,1
14506,22566,FELTCRAFT HAIRBAND PINK AND PURPLE,1
14506,22570,FELTCRAFT CUSHION RABBIT,1
14506,22586,FELTCRAFT HAIRBAND PINK AND BLUE,1
14506,22587,FELTCRAFT HAIRBAND RED AND BLUE,1
14506,22653,BUTTON BOX,2
14506,22749,FELTCRAFT PRINCESS CHARLOTTE DOLL,2
14506,22750,FELTCRAFT PRINCESS LOLA DOLL,2
14506,22751,FELTCRAFT PRINCESS OLIVIA DOLL,3
14506,22759,SET OF 3 NOTEBOOKS IN PARCEL,1
14506,22865,HAND WARMER OWL DESIGN,1
14506,22866,HAND WARMER SCOTTY DOG DESIGN,1
14506,48111,DOORMAT 3 SMILEY CATS,1
14506,48138,DOORMAT UNION FLAG,2
14506,48184,DOORMAT ENGLISH ROSE,1
14506,84773,RED ROSE AND LACE C/COVER,3
14506,84898F,YELLOW FLOWERS FELT HANDBAG KIT,3
14506,85049A,TRADITIONAL CHRISTMAS RIBBONS,2
14506,85049E,SCANDINAVIAN REDS RIBBONS,2
14506,85099F,JUMBO BAG STRAWBERRY,1
14524,21018,BIRD BOX CHRISTMAS TREE DECORATION,1
14524,21034,REX CASH+CARRY JUMBO SHOPPER,2
14524,21181,PLEASE ONE PERSON METAL SIGN,6
14524,21584,RETROSPOT SMALL TUBE MATCHES,20
14524,21586,KINGS CHOICE GIANT TUBE MATCHES,6
14524,22077,6 RIBBONS RUSTIC CHARM,4
14524,22112,CHOCOLATE HOT WATER BOTTLE,6
14524,22154,ANGEL DECORATION 3 BUTTONS,10
14524,22155,STAR DECORATION RUSTIC,10
14524,22161,HEART DECORATION RUSTIC HANGING,12
14524,22588,CARD HOLDER GINGHAM HEART,4
14524,22595,CHRISTMAS GINGHAM HEART,6
14524,22783,SET 3 WICKER OVAL BASKETS W LIDS,1
14524,22839,3 TIER CAKE TIN GREEN AND CREAM,1
14524,22862,LOVE HEART NAPKIN BOX,4
14524,22961,JAM MAKING SET PRINTED,6
14524,22969,HOMEMADE JAM SCENTED CANDLES,12
14524,37449,CERAMIC CAKE STAND + HANGING CAKES,1
14524,37450,CERAMIC CAKE BOWL + HANGING CAKES,2
14524,51014L,"FEATHER PEN,LIGHT PINK",1
14524,82600,NO SINGING METAL SIGN,2
14524,84375,SET OF 20 KIDS COOKIE CUTTERS,6
14524,84997D,PINK 3 PIECE POLKADOT CUTLERY SET,6
14524,85049D,BRIGHT BLUES RIBBONS,4
14524,85049E,SCANDINAVIAN REDS RIBBONS,2
14524,85049G,CHOCOLATE BOX RIBBONS,2
14525,20974,12 PENCILS SMALL TUBE SKULL,4
14525,21326,AGED GLASS SILVER T-LIGHT HOLDER,12
14525,21385,IVORY HANGING DECORATION  HEART,24
14525,21730,GLASS STAR FROSTED T-LIGHT HOLDER,1
14525,22151,PLACE SETTING WHITE HEART,12
14525,22155,STAR DECORATION RUSTIC,48
14525,22294,HEART FILIGREE DOVE  SMALL,24
14525,22297,HEART IVORY TRELLIS SMALL,24
14525,22469,HEART OF WICKER SMALL,2
14525,22621,TRADITIONAL KNITTING NANCY,2
14525,22737,RIBBON REEL CHRISTMAS PRESENT,6
14525,22739,RIBBON REEL CHRISTMAS SOCK BAUBLE,5
14525,22792,FLUTED ANTIQUE CANDLE HOLDER,12
14525,72799E,IVORY PILLAR CANDLE SILVER FLOCK,2
14525,84946,ANTIQUE SILVER TEA GLASS ETCHED,12
14525,84947,ANTIQUE SILVER TEA GLASS ENGRAVED,6
14525,84949,SILVER HANGING T-LIGHT HOLDER,18
14525,85099B,JUMBO BAG RED RETROSPOT,2
14525,85123A,WHITE HANGING HEART T-LIGHT HOLDER,96
14527,20676,RED RETROSPOT BOWL,4
14527,21041,RED RETROSPOT OVEN GLOVE DOUBLE,2
14527,21217,RED RETROSPOT ROUND CAKE TINS,1
14527,21224,SET/4 SKULL BADGES,1
14527,21238,RED RETROSPOT CUP,2
14527,21242,RED RETROSPOT PLATE,2
14527,21257,VICTORIAN SEWING BOX MEDIUM,3
14527,21258,VICTORIAN SEWING BOX LARGE,3
14527,21259,VICTORIAN SEWING BOX SMALL,3
14527,21361,LOVE LARGE WOOD LETTERS,2
14527,21363,HOME SMALL WOOD LETTERS,1
14527,21464,DISCO BALL ROTATOR BATTERY OPERATED,1
14527,21479,WHITE SKULL HOT WATER BOTTLE,4
14527,21481,FAWN BLUE HOT WATER BOTTLE,1
14527,21485,RETROSPOT HEART HOT WATER BOTTLE,2
14527,21527,RED RETROSPOT TRADITIONAL TEAPOT,1
14527,21539,RED RETROSPOT BUTTER DISH,1
14527,21623,VINTAGE UNION JACK MEMOBOARD,1
14527,21627,ELEPHANT CARNIVAL POUFFE,1
14527,21629,SQUARE FLOOR CUSHION VINTAGE RED,1
14527,21630,FLOOR CUSHION ELEPHANT CARNIVAL,1
14527,21801,CHRISTMAS TREE DECORATION WITH BELL,2
14527,21802,CHRISTMAS TREE HEART DECORATION,2
14527,21803,CHRISTMAS TREE STAR DECORATION,2
14527,21844,RED RETROSPOT MUG,1
14527,21906,PHARMACIE FIRST AID TIN,1
14527,21931,JUMBO STORAGE BAG SUKI,2
14527,22072,RED RETROSPOT TEA CUP AND SAUCER,6
14527,22111,SCOTTIE DOG HOT WATER BOTTLE,5
14527,22112,CHOCOLATE HOT WATER BOTTLE,8
14527,22113,GREY HEART HOT WATER BOTTLE,3
14527,22114,HOT WATER BOTTLE TEA AND SYMPATHY,6
14527,22193,RED DINER WALL CLOCK,5
14527,22357,KINGS CHOICE BISCUIT TIN,3
14527,22423,REGENCY CAKESTAND 3 TIER,2
14527,22430,ENAMEL WATERING CAN CREAM,1
14527,22469,HEART OF WICKER SMALL,2
14527,22470,HEART OF WICKER LARGE,1
14527,22525,CHILDRENS GARDEN GLOVES PINK,1
14527,22607,WOODEN ROUNDERS GARDEN SET,1
14527,22622,BOX OF VINTAGE ALPHABET BLOCKS,1
14527,22624,IVORY KITCHEN SCALES,1
14527,22625,RED KITCHEN SCALES,1
14527,22632,HAND WARMER RED RETROSPOT,3
14527,22665,RECIPE BOX BLUE SKETCHBOOK DESIGN,1
14527,22667,RECIPE BOX RETROSPOT,1
14527,22676,FRENCH BLUE METAL DOOR SIGN 1,1
14527,22677,FRENCH BLUE METAL DOOR SIGN 2,1
14527,22679,FRENCH BLUE METAL DOOR SIGN 4,1
14527,22683,FRENCH BLUE METAL DOOR SIGN 8,1
14527,22684,FRENCH BLUE METAL DOOR SIGN 9,1
14527,22689,DOORMAT MERRY CHRISTMAS RED,2
14527,22694,WICKER STAR,4
14527,22765,NEWSPAPER STAND,1
14527,22794,SWEETHEART WIRE MAGAZINE RACK,1
14527,22795,SWEETHEART RECIPE BOOK STAND,2
14527,22834,HAND WARMER BABUSHKA DESIGN,4
14527,22835,HOT WATER BOTTLE I AM SO POORLY,4
14527,22837,HOT WATER BOTTLE BABUSHKA,2
14527,22839,3 TIER CAKE TIN GREEN AND CREAM,2
14527,22865,HAND WARMER OWL DESIGN,7
14527,22866,HAND WARMER SCOTTY DOG DESIGN,3
14527,22890,NOVELTY BISCUITS CAKE STAND 3 TIER,3
14527,22898,CHILDRENS APRON APPLES DESIGN,4
14527,22946,WOODEN ADVENT CALENDAR CREAM,2
14527,35598B,BLACK CHRISTMAS TREE 60CM,1
14527,35599B,BLACK CHRISTMAS TREE 120CM,1
14527,48111,DOORMAT 3 SMILEY CATS,1
14527,71053,WHITE METAL LANTERN,4
14527,71477,COLOUR GLASS. STAR T-LIGHT HOLDER,4
14527,79321,CHILLI LIGHTS,2
14527,82011B,BATHROOM SCALES RUBBER DUCKS,1
14527,82484,WOOD BLACK BOARD ANT WHITE FINISH,7
14527,84029E,RED WOOLLY HOTTIE WHITE HEART.,2
14527,84032A,CHARLIE+LOLA PINK HOT WATER BOTTLE,1
14527,84968C,SET OF 16 VINTAGE PISTACHIO CUTLERY,1
14527,84997A,GREEN 3 PIECE POLKADOT CUTLERY SET,1
14527,84997B,RED 3 PIECE RETROSPOT CUTLERY SET,2
14527,85048,15CM CHRISTMAS GLASS BALL 20 LIGHTS,6
14527,85099B,JUMBO BAG RED RETROSPOT,2
14527,85123A,WHITE HANGING HEART T-LIGHT HOLDER,1
14532,20685,DOORMAT RED RETROSPOT,5
14532,21523,DOORMAT FANCY FONT HOME SWEET HOME,1
14532,21524,DOORMAT SPOTTY HOME SWEET HOME,2
14532,22366,DOORMAT AIRMAIL,1
14532,22414,DOORMAT NEIGHBOURHOOD WITCH,2
14532,22690,DOORMAT HOME SWEET HOME BLUE,2
14532,22692,DOORMAT WELCOME TO OUR HOME,1
14532,48111,DOORMAT 3 SMILEY CATS,2
14532,48116,DOORMAT MULTICOLOUR STRIPE,1
14532,48138,DOORMAT UNION FLAG,2
14532,48173C,DOORMAT BLACK FLOCK,2
14532,48184,DOORMAT ENGLISH ROSE,2
14532,48185,DOORMAT FAIRY CAKE,1
14532,48194,DOORMAT HEARTS,4
14533,20704,MR ROBOT SOFT TOY,8
14533,21403,BLUE EGG  SPOON,48
14533,21648,ASSORTED TUTTI FRUTTI SMALL PURSE,120
14533,21650,ASSORTED TUTTI FRUTTI BRACELET,96
14533,21947,SET OF 6 HEART CHOPSTICKS,36
14533,22355,CHARLOTTE BAG SUKI DESIGN,100
14533,22427,ENAMEL FLOWER JUG CREAM,6
14533,22492,MINI PAINT SET VINTAGE,72
14533,84692,BOX OF 24 COCKTAIL PARASOLS,50
14533,84823,DANISH ROSE FOLDING CHAIR,4
14543,21261,GREEN GOOSE FEATHER CHRISTMAS TREE,2
14543,21472,LADYBIRD + BEE RAFFIA FOOD COVER,18
14543,21781,MA CAMPAGNE CUTLERY BOX,8
14543,22187,GREEN CHRISTMAS TREE CARD HOLDER,4
14543,72807A,SET/3 ROSE CANDLE IN JEWELLED BOX,8
14544,17164B,ASS COL SMALL SAND GECKO P'WEIGHT,5
14544,17165D,ASS COL LARGE SAND FROG P'WEIGHT,4
14544,20728,LUNCH BAG CARS BLUE,10
14544,20749,ASSORTED COLOUR MINI CASES,3
14544,20750,RED RETROSPOT MINI CASES,3
14544,20754,RETROSPOT RED WASHING UP GLOVES,4
14544,21429,RED GINGHAM ROSE JEWELLERY BOX,4
14544,21430,SET/3 RED GINGHAM ROSE STORAGE BOX,3
14544,21584,RETROSPOT SMALL TUBE MATCHES,24
14544,21587,COSY HOUR GIANT TUBE MATCHES,8
14544,21644,ASSORTED TUTTI FRUTTI HEART BOX,12
14544,21647,ASSORTED TUTTI FRUTTI LARGE PURSE,12
14544,21648,ASSORTED TUTTI FRUTTI SMALL PURSE,24
14544,21671,RED SPOT CERAMIC DRAWER KNOB,12
14544,21672,WHITE SPOT RED CERAMIC DRAWER KNOB,12
14544,21809,CHRISTMAS HANGING TREE WITH BELL,48
14544,21810,CHRISTMAS HANGING STAR WITH BELL,48
14544,21811,CHRISTMAS HANGING HEART WITH BELL,48
14544,21829,DINOSAUR KEYRINGS ASSORTED,36
14544,21830,ASSORTED CREEPY CRAWLIES,24
14544,21892,TRADITIONAL WOODEN CATCH CUP GAME,4
14544,22128,PARTY CONES CANDY ASSORTED,12
14544,22130,PARTY CONE CHRISTMAS DECORATION,24
14544,22152,PLACE SETTING WHITE STAR,24
14544,22185,SLATE TILE NATURAL HANGING,4
14544,22355,CHARLOTTE BAG SUKI DESIGN,10
14544,22356,CHARLOTTE BAG PINK POLKADOT,10
14544,22382,LUNCH BAG SPACEBOY DESIGN,10
14544,22411,JUMBO SHOPPER VINTAGE RED PAISLEY,12
14544,22418,10 COLOUR SPACEBOY PEN,12
14544,22457,NATURAL SLATE HEART CHALKBOARD,2
14544,22488,NATURAL SLATE RECTANGLE CHALKBOARD,4
14544,22502,PICNIC BASKET WICKER SMALL,3
14544,22551,PLASTERS IN TIN SPACEBOY,4
14544,22553,PLASTERS IN TIN SKULLS,4
14544,22555,PLASTERS IN TIN STRONGMAN,4
14544,22556,PLASTERS IN TIN CIRCUS PARADE,4
14544,22586,FELTCRAFT HAIRBAND PINK AND BLUE,12
14544,22587,FELTCRAFT HAIRBAND RED AND BLUE,12
14544,22600,CHRISTMAS RETROSPOT STAR WOOD,144
14544,22604,SET OF 4 NAPKIN CHARMS CUTLERY,32
14544,22607,WOODEN ROUNDERS GARDEN SET,4
14544,22634,CHILDS BREAKFAST SET SPACEBOY,2
14544,22639,SET OF 4 NAPKIN CHARMS HEARTS,32
14544,22642,SET OF 4 NAPKIN CHARMS STARS,32
14544,22652,TRAVEL SEWING KIT,4
14544,22654,DELUXE SEWING KIT,3
14544,22739,RIBBON REEL CHRISTMAS SOCK BAUBLE,10
14544,22812,PACK 3 BOXES CHRISTMAS PANNETONE,4
14544,22904,CALENDAR PAPER CUT DESIGN,6
14544,22905,CALENDAR IN SEASON DESIGN,6
14544,84077,WORLD WAR 2 GLIDERS ASSTD DESIGNS,48
14544,85006,SET 4 NURSERY DES ROUND BOXES,1
14560,15060B,FAIRY CAKE DESIGN UMBRELLA,4
14560,21217,RED RETROSPOT ROUND CAKE TINS,3
14560,21874,GIN AND TONIC MUG,12
14560,22236,CAKE STAND 3 TIER MAGIC GARDEN,6
14560,22624,IVORY KITCHEN SCALES,2
14560,22625,RED KITCHEN SCALES,2
14560,22626,BLACK KITCHEN SCALES,2
14560,22720,SET OF 3 CAKE TINS PANTRY DESIGN,7
14560,22776,SWEETHEART CAKESTAND 3 TIER,12
14560,22794,SWEETHEART WIRE MAGAZINE RACK,3
14560,48138,DOORMAT UNION FLAG,2
14560,48185,DOORMAT FAIRY CAKE,2
14560,71053,WHITE METAL LANTERN,4
14560,84879,ASSORTED COLOUR BIRD ORNAMENT,8
14565,20711,JUMBO BAG TOYS,10
14565,20712,JUMBO BAG WOODLAND ANIMALS,10
14565,20713,JUMBO BAG OWLS,10
14565,21106,CREAM SLICE FLANNEL CHOCOLATE SPOT,6
14565,21107,CREAM SLICE FLANNEL PINK SPOT,6
14565,21108,FAIRY CAKE FLANNEL ASSORTED COLOUR,18
14565,21109,LARGE CAKE TOWEL CHOCOLATE SPOTS,2
14565,21110,LARGE CAKE TOWEL PINK SPOTS,2
14565,21111,"SWISS ROLL TOWEL, CHOCOLATE  SPOTS",6
14565,21112,"SWISS ROLL TOWEL, PINK  SPOTS",6
14565,21155,RED RETROSPOT PEG BAG,6
14565,21181,PLEASE ONE PERSON METAL SIGN,12
14565,21258,VICTORIAN SEWING BOX LARGE,3
14565,21259,VICTORIAN SEWING BOX SMALL,6
14565,21411,GINGHAM HEART  DOORSTOP RED,12
14565,21623,VINTAGE UNION JACK MEMOBOARD,6
14565,21868,POTTING SHED TEA MUG,12
14565,21870,I CAN ONLY PLEASE ONE PERSON MUG,12
14565,21876,POTTERING MUG,12
14565,21928,JUMBO BAG SCANDINAVIAN PAISLEY,10
14565,21929,JUMBO BAG PINK VINTAGE PAISLEY,10
14565,21980,PACK OF 12 RED RETROSPOT TISSUES,24
14565,21984,PACK OF 12 PINK PAISLEY TISSUES,48
14565,21985,PACK OF 12 HEARTS DESIGN TISSUES,24
14565,21986,PACK OF 12 PINK POLKADOT TISSUES,48
14565,22077,6 RIBBONS RUSTIC CHARM,12
14565,22112,CHOCOLATE HOT WATER BOTTLE,8
14565,22377,BOTTLE BAG RETROSPOT,5
14565,22379,RECYCLING BAG RETROSPOT,10
14565,22381,TOY TIDY PINK POLKADOT,10
14565,22386,JUMBO BAG PINK POLKADOT,10
14565,22457,NATURAL SLATE HEART CHALKBOARD,12
14565,22483,RED GINGHAM TEDDY BEAR,12
14565,22488,NATURAL SLATE RECTANGLE CHALKBOARD,12
14565,22558,CLOTHES PEGS RETROSPOT PACK 24,12
14565,22567,20 DOLLY PEGS RETROSPOT,12
14565,22611,VINTAGE UNION JACK SHOPPING BAG,6
14565,22652,TRAVEL SEWING KIT,20
14565,22670,FRENCH WC SIGN BLUE METAL,12
14565,22671,FRENCH LAUNDRY SIGN BLUE METAL,12
14565,22672,FRENCH BATHROOM SIGN BLUE METAL,12
14565,22673,FRENCH GARDEN SIGN BLUE METAL,12
14565,22674,FRENCH TOILET SIGN BLUE METAL,12
14565,22675,FRENCH KITCHEN SIGN BLUE METAL,12
14565,22759,SET OF 3 NOTEBOOKS IN PARCEL,12
14565,22822,CREAM WALL PLANTER HEART SHAPED,2
14565,22835,HOT WATER BOTTLE I AM SO POORLY,8
14565,22863,SOAP DISH BROCANTE,12
14565,22954,HEN PARTY CORDON BARRIER TAPE,12
14565,22961,JAM MAKING SET PRINTED,12
14565,22969,HOMEMADE JAM SCENTED CANDLES,12
14565,85099B,JUMBO BAG RED RETROSPOT,10
14565,85099F,JUMBO BAG STRAWBERRY,10
14565,85175,CACTI T-LIGHT CANDLES,16
14573,15060B,FAIRY CAKE DESIGN UMBRELLA,1
14573,20681,PINK POLKADOT CHILDRENS UMBRELLA,2
14573,20728,LUNCH BAG CARS BLUE,2
14573,20914,SET/5 RED RETROSPOT LID GLASS BOWLS,3
14573,20971,PINK BLUE FELT CRAFT TRINKET BOX,1
14573,20972,PINK CREAM FELT CRAFT TRINKET BOX,1
14573,20974,12 PENCILS SMALL TUBE SKULL,2
14573,20975,12 PENCILS SMALL TUBE RED RETROSPOT,6
14573,20982,12 PENCILS TALL TUBE SKULLS,2
14573,20983,12 PENCILS TALL TUBE RED RETROSPOT,6
14573,21034,REX CASH+CARRY JUMBO SHOPPER,3
14573,21156,RETROSPOT CHILDRENS APRON,2
14573,21668,RED STRIPE CERAMIC DRAWER KNOB,4
14573,21669,BLUE STRIPE CERAMIC DRAWER KNOB,4
14573,21670,BLUE SPOT CERAMIC DRAWER KNOB,4
14573,21671,RED SPOT CERAMIC DRAWER KNOB,4
14573,21673,WHITE SPOT BLUE CERAMIC DRAWER KNOB,4
14573,21754,HOME BUILDING BLOCK WORD,2
14573,21891,TRADITIONAL WOODEN SKIPPING ROPE,2
14573,21892,TRADITIONAL WOODEN CATCH CUP GAME,3
14573,21912,VINTAGE SNAKES & LADDERS,1
14573,22113,GREY HEART HOT WATER BOTTLE,2
14573,22141,CHRISTMAS CRAFT TREE TOP ANGEL,1
14573,22142,CHRISTMAS CRAFT WHITE FAIRY,1
14573,22149,FELTCRAFT 6 FLOWER FRIENDS,1
14573,22179,SET 10 LIGHTS NIGHT OWL,1
14573,22180,RETROSPOT LAMP,1
14573,22271,FELTCRAFT DOLL ROSIE,1
14573,22272,FELTCRAFT DOLL MARIA,1
14573,22274,FELTCRAFT DOLL EMILY,1
14573,22367,CHILDRENS APRON SPACEBOY DESIGN,2
14573,22382,LUNCH BAG SPACEBOY DESIGN,2
14573,22418,10 COLOUR SPACEBOY PEN,12
14573,22423,REGENCY CAKESTAND 3 TIER,1
14573,22424,ENAMEL BREAD BIN CREAM,1
14573,22426,ENAMEL WASH BOWL CREAM,1
14573,22427,ENAMEL FLOWER JUG CREAM,1
14573,22442,GROW YOUR OWN FLOWERS SET OF 3,1
14573,22443,GROW YOUR OWN HERBS SET OF 3,1
14573,22468,BABUSHKA LIGHTS STRING OF 10,1
14573,22469,HEART OF WICKER SMALL,2
14573,22470,HEART OF WICKER LARGE,1
14573,22501,PICNIC BASKET WICKER LARGE,1
14573,22502,PICNIC BASKET WICKER SMALL,1
14573,22505,MEMO BOARD COTTAGE DESIGN,1
14573,22605,WOODEN CROQUET GARDEN SET,1
14573,22607,WOODEN ROUNDERS GARDEN SET,1
14573,22617,BAKING SET SPACEBOY DESIGN,2
14573,22624,IVORY KITCHEN SCALES,1
14573,22625,RED KITCHEN SCALES,1
14573,22646,CERAMIC STRAWBERRY CAKE MONEY BANK,1
14573,22665,RECIPE BOX BLUE SKETCHBOOK DESIGN,1
14573,22666,RECIPE BOX PANTRY YELLOW DESIGN,1
14573,22667,RECIPE BOX RETROSPOT,1
14573,22749,FELTCRAFT PRINCESS CHARLOTTE DOLL,1
14573,22750,FELTCRAFT PRINCESS LOLA DOLL,1
14573,22751,FELTCRAFT PRINCESS OLIVIA DOLL,1
14573,22752,SET 7 BABUSHKA NESTING BOXES,2
14573,22766,PHOTO FRAME CORNICE,2
14573,22776,SWEETHEART CAKESTAND 3 TIER,1
14573,22794,SWEETHEART WIRE MAGAZINE RACK,2
14573,22797,CHEST OF DRAWERS GINGHAM HEART,1
14573,22834,HAND WARMER BABUSHKA DESIGN,6
14573,22837,HOT WATER BOTTLE BABUSHKA,3
14573,22940,FELTCRAFT CHRISTMAS FAIRY,1
14573,47021G,SET/6 BEAD COASTERS GAUZE BAG GOLD,2
14573,71477,COLOUR GLASS. STAR T-LIGHT HOLDER,1
14573,82494L,WOODEN FRAME ANTIQUE WHITE,2
14576,21111,"SWISS ROLL TOWEL, CHOCOLATE  SPOTS",12
14577,20961,STRAWBERRY BATH SPONGE,10
14577,20963,APPLE BATH SPONGE,10
14577,20966,SANDWICH BATH SPONGE,10
14577,21034,REX CASH+CARRY JUMBO SHOPPER,2
14577,21137,BLACK RECORD COVER FRAME,4
14577,21166,COOK WITH WINE METAL SIGN,2
14577,21175,GIN + TONIC DIET METAL SIGN,2
14577,21181,PLEASE ONE PERSON METAL SIGN,2
14577,21481,FAWN BLUE HOT WATER BOTTLE,3
14577,21484,CHICK GREY HOT WATER BOTTLE,3
14577,21904,HOUSE WRECKING METAL SIGN,2
14577,21905,MORE BUTTER METAL SIGN,2
14577,21907,I'M ON HOLIDAY METAL SIGN,2
14577,22041,"RECORD FRAME 7"" SINGLE SIZE",4
14577,22107,PIZZA PLATE IN BOX,6
14577,22109,FULL ENGLISH BREAKFAST PLATE,6
14577,22110,BIRD HOUSE HOT WATER BOTTLE,1
14577,22111,SCOTTIE DOG HOT WATER BOTTLE,3
14577,22112,CHOCOLATE HOT WATER BOTTLE,3
14577,22190,LOCAL CAFE MUG,3
14577,22371,AIRLINE BAG VINTAGE TOKYO 78,2
14577,22374,AIRLINE BAG VINTAGE JET SET RED,2
14577,22413,METAL SIGN TAKE IT OR LEAVE IT,2
14577,22449,SILK PURSE BABUSHKA PINK,3
14577,22450,SILK PURSE BABUSHKA BLUE,3
14577,22451,SILK PURSE BABUSHKA RED,3
14577,22834,HAND WARMER BABUSHKA DESIGN,7
14577,22835,HOT WATER BOTTLE I AM SO POORLY,2
14577,22837,HOT WATER BOTTLE BABUSHKA,4
14577,82001S,VINYL RECORD FRAME SILVER,4
14577,82599,FANNY'S REST STOPMETAL SIGN,5
14577,84032A,CHARLIE+LOLA PINK HOT WATER BOTTLE,4
14577,84032B,CHARLIE + LOLA RED HOT WATER BOTTLE,4
14577,84050,PINK HEART SHAPE EGG FRYING PAN,6
14589,21523,DOORMAT FANCY FONT HOME SWEET HOME,2
14589,48138,DOORMAT UNION FLAG,2
14589,48185,DOORMAT FAIRY CAKE,1
14594,21143,ANTIQUE GLASS HEART DECORATION,3
14594,21466,RED FLOWER CROCHET FOOD COVER,1
14594,21467,CHERRY CROCHET FOOD COVER,1
14594,21469,POLKA DOT RAFFIA FOOD COVER,1
14594,21471,STRAWBERRY RAFFIA FOOD COVER,1
14594,21523,DOORMAT FANCY FONT HOME SWEET HOME,1
14594,21524,DOORMAT SPOTTY HOME SWEET HOME,1
14594,21690,SILVER  CANDLEPOT JARDIN,4
14594,22086,PAPER CHAIN KIT 50'S CHRISTMAS,5
14594,22088,PAPER BUNTING COLOURED LACE,1
14594,22173,METAL 4 HOOK HANGER FRENCH CHATEAU,2
14594,22195,LARGE HEART MEASURING SPOONS,5
14594,22457,NATURAL SLATE HEART CHALKBOARD,2
14594,22469,HEART OF WICKER SMALL,8
14594,22470,HEART OF WICKER LARGE,2
14594,22573,STAR WOODEN CHRISTMAS DECORATION,10
14594,22574,HEART WOODEN CHRISTMAS DECORATION,10
14594,22583,PACK OF 6 HANDBAG GIFT BOXES,2
14594,22584,PACK OF 6 PANNETONE GIFT BOXES,2
14594,22600,CHRISTMAS RETROSPOT STAR WOOD,10
14594,22601,CHRISTMAS RETROSPOT ANGEL WOOD,10
14594,22603,CHRISTMAS RETROSPOT TREE WOOD,10
14594,22752,SET 7 BABUSHKA NESTING BOXES,2
14594,22791,T-LIGHT GLASS FLUTED ANTIQUE,12
14594,22910,PAPER CHAIN KIT VINTAGE CHRISTMAS,5
14594,37343,POLKADOT MUG PINK,6
14594,48129,DOORMAT TOPIARY,1
14594,84944,SET OF 6 KASHMIR FOLKART BAUBLES,2
14594,84949,SILVER HANGING T-LIGHT HOLDER,6
14594,85199L,LARGE HANGING IVORY & RED WOOD BIRD,10
14594,85199S,SMALL HANGING IVORY/RED WOOD BIRD,10
14606,15056N,EDWARDIAN PARASOL NATURAL,1
14606,17003,BROCADE RING PURSE,3
14606,17090D,VANILLA INCENSE 40 CONES IN TIN,1
14606,18097C,WHITE TALL PORCELAIN T-LIGHT HOLDER,2
14606,18098C,PORCELAIN BUTTERFLY OIL BURNER,2
14606,20615,BLUE POLKADOT PASSPORT COVER,1
14606,20655,QUEEN OF SKIES LUGGAGE TAG,2
14606,20659,ECONOMY LUGGAGE TAG,1
14606,20679,EDWARDIAN PARASOL RED,3
14606,20685,DOORMAT RED RETROSPOT,1
14606,20733,GOLD MINI TAPE MEASURE,4
14606,20735,BLACK MINI TAPE MEASURE,4
14606,20748,KENSINGTON COFFEE SET,1
14606,20749,ASSORTED COLOUR MINI CASES,3
14606,20750,RED RETROSPOT MINI CASES,3
14606,20754,RETROSPOT RED WASHING UP GLOVES,3
14606,20757,RED DAISY POCKET BOOK,3
14606,20768,GREEN FERN JOURNAL,3
14606,20770,ABSTRACT CIRCLE JOURNAL,1
14606,20772,GARDEN PATH JOURNAL,1
14606,20780,BLACK EAR MUFF HEADPHONES,10
14606,20832,RED FLOCK LOVE HEART PHOTO FRAME,2
14606,20886,BOX OF 9 PEBBLE CANDLES,1
14606,20914,SET/5 RED RETROSPOT LID GLASS BOWLS,1
14606,20971,PINK BLUE FELT CRAFT TRINKET BOX,2
14606,20972,PINK CREAM FELT CRAFT TRINKET BOX,3
14606,20977,36 PENCILS TUBE WOODLAND,1
14606,20978,36 PENCILS TUBE SKULLS,2
14606,20985,HEART CALCULATOR,2
14606,20996,JAZZ HEARTS ADDRESS BOOK,10
14606,21035,SET/2 RED RETROSPOT TEA TOWELS,1
14606,21041,RED RETROSPOT OVEN GLOVE DOUBLE,1
14606,21042,RED RETROSPOT APRON,2
14606,21056,DOCTOR'S BAG SOFT TOY,2
14606,21112,"SWISS ROLL TOWEL, PINK  SPOTS",1
14606,21115,ROSE CARAVAN DOORSTOP,2
14606,21122,SET/10 PINK POLKADOT PARTY CANDLES,1
14606,21136,PAINTED METAL PEARS ASSORTED,1
14606,21169,YOU'RE CONFUSING ME METAL SIGN,2
14606,21179,NO JUNK MAIL METAL SIGN,1
14606,21200,MULTICOLOUR HONEYCOMB PAPER GARLAND,3
14606,21201,TROPICAL  HONEYCOMB PAPER GARLAND,1
14606,21210,SET OF 72 RETROSPOT PAPER  DOILIES,2
14606,21232,STRAWBERRY CERAMIC TRINKET BOX,1
14606,21238,RED RETROSPOT CUP,1
14606,21285,RETROSPOT CANDLE  MEDIUM,4
14606,21306,SET/4 DAISY MIRROR MAGNETS,1
14606,21357,TOAST ITS - DINOSAUR,3
14606,21361,LOVE LARGE WOOD LETTERS,2
14606,21398,RED POLKADOT COFFEE  MUG,1
14606,21399,BLUE POLKADOT COFFEE MUG,1
14606,21408,SPOTTY PINK DUCK DOORSTOP,1
14606,21425,SKULLS STORAGE BOX LARGE,1
14606,21427,SKULLS STORAGE BOX SMALL,1
14606,21467,CHERRY CROCHET FOOD COVER,1
14606,21471,STRAWBERRY RAFFIA FOOD COVER,2
14606,21484,CHICK GREY HOT WATER BOTTLE,3
14606,21488,RED WHITE SCARF  HOT WATER BOTTLE,1
14606,21539,RED RETROSPOT BUTTER DISH,1
14606,21562,HAWAIIAN GRASS SKIRT,1
14606,21564,PINK  HEART SHAPE LOVE BUCKET,1
14606,21616,4 PEAR BOTANICAL DINNER CANDLES,4
14606,21620,SET OF 4 ROSE BOTANICAL CANDLES,1
14606,21629,SQUARE FLOOR CUSHION VINTAGE RED,1
14606,21630,FLOOR CUSHION ELEPHANT CARNIVAL,1
14606,21643,ASSORTED TUTTI FRUTTI MIRROR,3
14606,21647,ASSORTED TUTTI FRUTTI LARGE PURSE,7
14606,21656,RIDGED GLASS POSY VASE,1
14606,21657,MILK BOTTLE WITH GLASS STOPPER,2
14606,21686,MEDINA STAMPED METAL STOOL,1
14606,21719,LOVELY BONBON STICKER SHEET,3
14606,21784,SHOE SHINE BOX,1
14606,21789,KIDS RAIN MAC PINK,1
14606,21846,PINK DIAMANTE PEN IN GIFT BOX,1
14606,21850,BLUE  DIAMANTE PEN IN GIFT BOX,4
14606,21870,I CAN ONLY PLEASE ONE PERSON MUG,1
14606,21874,GIN AND TONIC MUG,3
14606,21888,BINGO SET,2
14606,21890,S/6 WOODEN SKITTLES IN COTTON BAG,4
14606,21894,POTTING SHED SEED ENVELOPES,1
14606,21912,VINTAGE SNAKES & LADDERS,1
14606,21934,SKULL SHOULDER BAG,3
14606,21949,SET OF 6 STRAWBERRY CHOPSTICKS,6
14606,21985,PACK OF 12 HEARTS DESIGN TISSUES,4
14606,22081,RIBBON REEL FLORA + FAUNA,1
14606,22096,PINK PAISLEY SQUARE TISSUE BOX,1
14606,22107,PIZZA PLATE IN BOX,3
14606,22119,PEACE WOODEN BLOCK LETTERS,1
14606,22121,NOEL WOODEN BLOCK LETTERS,2
14606,22135,LADLE LOVE HEART PINK,1
14606,22136,LOVE HEART SOCK HANGER,1
14606,22147,FELTCRAFT BUTTERFLY HEARTS,1
14606,22150,3 STRIPEY MICE FELTCRAFT,1
14606,22166,WALL MIRROR RECTANGLE DIAMANTE PINK,1
14606,22167,OVAL WALL MIRROR DIAMANTE,1
14606,22195,LARGE HEART MEASURING SPOONS,1
14606,22196,SMALL HEART MEASURING SPOONS,2
14606,22198,LARGE POPCORN HOLDER,19
14606,22214,CANDLE PLATE LACE WHITE,1
14606,22260,FELT EGG COSY BLUE RABBIT,5
14606,22274,FELTCRAFT DOLL EMILY,1
14606,22296,HEART IVORY TRELLIS LARGE,1
14606,22299,PIG KEYRING WITH LIGHT & SOUND,1
14606,22316,200 BENDY SKULL STRAWS,1
14606,22321,BIRD DECORATION RED RETROSPOT,1
14606,22326,ROUND SNACK BOXES SET OF4 WOODLAND,1
14606,22327,ROUND SNACK BOXES SET OF 4 SKULLS,1
14606,22348,TEA BAG PLATE RED RETROSPOT,2
14606,22357,KINGS CHOICE BISCUIT TIN,2
14606,22366,DOORMAT AIRMAIL,1
14606,22377,BOTTLE BAG RETROSPOT,1
14606,22378,WALL TIDY RETROSPOT,1
14606,22379,RECYCLING BAG RETROSPOT,4
14606,22386,JUMBO BAG PINK POLKADOT,1
14606,22423,REGENCY CAKESTAND 3 TIER,1
14606,22424,ENAMEL BREAD BIN CREAM,1
14606,22444,GROW YOUR OWN PLANT IN A CAN,24
14606,22448,PIN CUSHION BABUSHKA RED,1
14606,22457,NATURAL SLATE HEART CHALKBOARD,12
14606,22467,GUMBALL COAT RACK,6
14606,22471,TV DINNER TRAY AIR HOSTESS,1
14606,22474,SPACEBOY TV DINNER TRAY,1
14606,22476,EMPIRE UNION JACK TV DINNER TRAY,3
14606,22477,WATERING CAN GARDEN MARKER,2
14606,22478,BIRDHOUSE GARDEN MARKER,2
14606,22479,DAISY GARDEN MARKER,2
14606,22480,RED TEA TOWEL CLASSIC DESIGN,1
14606,22482,BLUE TEA TOWEL CLASSIC DESIGN,1
14606,22483,RED GINGHAM TEDDY BEAR,1
14606,22488,NATURAL SLATE RECTANGLE CHALKBOARD,4
14606,22497,SET OF 2 TINS VINTAGE BATHROOM,1
14606,22540,MINI JIGSAW CIRCUS PARADE,1
14606,22547,MINI JIGSAW DINOSAUR,1
14606,22565,FELTCRAFT HAIRBANDS PINK AND WHITE,1
14606,22568,FELTCRAFT CUSHION OWL,2
14606,22570,FELTCRAFT CUSHION RABBIT,1
14606,22577,WOODEN HEART CHRISTMAS SCANDINAVIAN,3
14606,22606,WOODEN SKITTLES GARDEN SET,1
14606,22613,PACK OF 20 SPACEBOY NAPKINS,1
14606,37343,POLKADOT MUG PINK,4
14606,37448,CERAMIC CAKE DESIGN SPOTTED MUG,1
14606,37449,CERAMIC CAKE STAND + HANGING CAKES,1
14606,37461,FUNKY MONKEY MUG,1
14606,47566,PARTY BUNTING,1
14606,47566B,TEA TIME PARTY BUNTING,1
14606,47591B,SCOTTIES CHILDRENS APRON,1
14606,48173C,DOORMAT BLACK FLOCK,1
14606,48188,DOORMAT WELCOME PUPPIES,2
14606,51014C,"FEATHER PEN,COAL BLACK",12
14606,71459,HANGING JAM JAR T-LIGHT HOLDER,36
14606,72741,GRAND CHOCOLATECANDLE,27
14606,72760B,VINTAGE CREAM 3 BASKET CAKE STAND,2
14606,72807C,SET/3 VANILLA SCENTED CANDLE IN BOX,2
14606,82486,WOOD S/3 CABINET ANT WHITE FINISH,2
14606,82580,BATHROOM METAL SIGN,1
14606,82616C,MIDNIGHT GLAMOUR SCARF KNITTING KIT,1
14606,84352,SILVER CHRISTMAS TREE BAUBLE STAND,2
14606,84509A,SET OF 4 ENGLISH ROSE PLACEMATS,2
14606,84510A,SET OF 4 ENGLISH ROSE COASTERS,1
14606,84988,SET OF 72 PINK HEART PAPER DOILIES,1
14606,85014A,BLACK/BLUE POLKADOT UMBRELLA,2
14606,85014B,RED RETROSPOT UMBRELLA,1
14606,85039C,S/4 BLACK MINI ROSE CANDLE IN BOWL,1
14606,85049G,CHOCOLATE BOX RIBBONS,1
14606,85053,FRENCH ENAMEL CANDLEHOLDER,1
14606,85064,CREAM SWEETHEART LETTER RACK,2
14606,85067,CREAM SWEETHEART WALL CABINET,1
14606,85078,SCANDINAVIAN 3 HEARTS NAPKIN RING,1
14606,85114B,IVORY ENCHANTED FOREST PLACEMAT,4
14606,85114C,RED ENCHANTED FOREST PLACEMAT,15
14606,85129D,BEADED CRYSTAL HEART PINK SMALL,1
14606,85152,HAND OVER THE CHOCOLATE   SIGN,1
14606,85215,ASSORTED CHEESE FRIDGE MAGNETS,6
14606,85231G,ORANGE SCENTED SET/9 T-LIGHTS,1
14606,90214B,"LETTER ""B"" BLING KEY RING",1
14606,90214C,"LETTER ""C"" BLING KEY RING",1
14606,90214D,"LETTER ""D"" BLING KEY RING",1
14606,90214J,"LETTER ""J"" BLING KEY RING",3
14606,90214K,"LETTER ""K"" BLING KEY RING",2
14606,90214M,"LETTER ""M"" BLING KEY RING",8
14606,90214S,"LETTER ""S"" BLING KEY RING",3
14606,90214V,"LETTER ""V"" BLING KEY RING",1
14608,22112,CHOCOLATE HOT WATER BOTTLE,48
14621,10133,COLOURING PENCILS BROWN TUBE,10
14621,20726,LUNCH BAG WOODLAND,10
14621,20728,LUNCH BAG CARS BLUE,10
14621,20762,GREEN FERN SKETCHBOOK,4
14621,20763,DAISY SKETCHBOOK,4
14621,20764,ABSTRACT CIRCLES SKETCHBOOK,4
14621,20981,12 PENCILS TALL TUBE WOODLAND,12
14621,20982,12 PENCILS TALL TUBE SKULLS,12
14621,21930,JUMBO STORAGE BAG SKULLS,10
14621,21931,JUMBO STORAGE BAG SUKI,10
14621,22167,OVAL WALL MIRROR DIAMANTE,4
14621,22179,SET 10 LIGHTS NIGHT OWL,6
14621,22382,LUNCH BAG SPACEBOY DESIGN,10
14621,22384,LUNCH BAG PINK POLKADOT,10
14621,22386,JUMBO BAG PINK POLKADOT,10
14621,22468,BABUSHKA LIGHTS STRING OF 10,4
14625,20979,36 PENCILS TUBE RED RETROSPOT,16
14625,21156,RETROSPOT CHILDRENS APRON,8
14625,21210,SET OF 72 RETROSPOT PAPER  DOILIES,12
14625,21218,RED SPOTTY BISCUIT TIN,6
14625,21351,CINAMMON & ORANGE WREATH,2
14625,21484,CHICK GREY HOT WATER BOTTLE,8
14625,21527,RED RETROSPOT TRADITIONAL TEAPOT,2
14625,21539,RED RETROSPOT BUTTER DISH,3
14625,21564,PINK  HEART SHAPE LOVE BUCKET,6
14625,21623,VINTAGE UNION JACK MEMOBOARD,2
14625,22082,RIBBON REEL STRIPES DESIGN,10
14625,22086,PAPER CHAIN KIT 50'S CHRISTMAS,12
14625,22111,SCOTTIE DOG HOT WATER BOTTLE,3
14625,22188,BLACK HEART CARD HOLDER,4
14625,22189,CREAM HEART CARD HOLDER,4
14625,22196,SMALL HEART MEASURING SPOONS,12
14625,22199,FRYING PAN RED RETROSPOT,4
14625,22411,JUMBO SHOPPER VINTAGE RED PAISLEY,10
14625,22423,REGENCY CAKESTAND 3 TIER,1
14625,22464,HANGING METAL HEART LANTERN,12
14625,22470,HEART OF WICKER LARGE,6
14625,22558,CLOTHES PEGS RETROSPOT PACK 24,12
14625,22625,RED KITCHEN SCALES,2
14625,22694,WICKER STAR,6
14625,22759,SET OF 3 NOTEBOOKS IN PARCEL,12
14625,22794,SWEETHEART WIRE MAGAZINE RACK,2
14625,22820,GIFT BAG BIRTHDAY,12
14625,22854,CREAM SWEETHEART EGG HOLDER,4
14625,22898,CHILDRENS APRON APPLES DESIGN,8
14625,22904,CALENDAR PAPER CUT DESIGN,6
14625,22930,BAKING MOULD HEART MILK CHOCOLATE,6
14625,22937,BAKING MOULD CHOCOLATE CUPCAKES,6
14625,22969,HOMEMADE JAM SCENTED CANDLES,12
14625,84992,72 SWEETHEART FAIRY CAKE CASES,24
14639,21136,PAINTED METAL PEARS ASSORTED,16
14639,21181,PLEASE ONE PERSON METAL SIGN,12
14639,21313,GLASS HEART T-LIGHT HOLDER,12
14639,21314,SMALL GLASS HEART TRINKET POT,8
14639,21527,RED RETROSPOT TRADITIONAL TEAPOT,2
14639,21528,DAIRY MAID TRADITIONAL TEAPOT,2
14639,21534,DAIRY MAID LARGE MILK JUG,3
14639,21623,VINTAGE UNION JACK MEMOBOARD,2
14639,21668,RED STRIPE CERAMIC DRAWER KNOB,12
14639,21669,BLUE STRIPE CERAMIC DRAWER KNOB,12
14639,21670,BLUE SPOT CERAMIC DRAWER KNOB,12
14639,21671,RED SPOT CERAMIC DRAWER KNOB,12
14639,21672,WHITE SPOT RED CERAMIC DRAWER KNOB,12
14639,21673,WHITE SPOT BLUE CERAMIC DRAWER KNOB,12
14639,21843,RED RETROSPOT CAKE STAND,1
14639,21845,DAIRY MAID STRIPE MUG,6
14639,21870,I CAN ONLY PLEASE ONE PERSON MUG,12
14639,21908,CHOCOLATE THIS WAY METAL SIGN,12
14639,22072,RED RETROSPOT TEA CUP AND SAUCER,4
14639,22188,BLACK HEART CARD HOLDER,4
14639,22423,REGENCY CAKESTAND 3 TIER,1
14639,22429,ENAMEL MEASURING JUG CREAM,4
14639,22469,HEART OF WICKER SMALL,12
14639,22470,HEART OF WICKER LARGE,6
14639,22589,CARDHOLDER GINGHAM STAR,6
14639,22595,CHRISTMAS GINGHAM HEART,12
14639,22624,IVORY KITCHEN SCALES,2
14639,22625,RED KITCHEN SCALES,2
14639,22666,RECIPE BOX PANTRY YELLOW DESIGN,6
14639,22670,FRENCH WC SIGN BLUE METAL,12
14639,22690,DOORMAT HOME SWEET HOME BLUE,2
14639,22694,WICKER STAR,6
14639,22838,3 TIER CAKE TIN RED AND CREAM,1
14639,22839,3 TIER CAKE TIN GREEN AND CREAM,1
14639,22846,BREAD BIN DINER STYLE RED,1
14639,22847,BREAD BIN DINER STYLE IVORY,1
14639,22848,BREAD BIN DINER STYLE PINK,1
14639,22969,HOMEMADE JAM SCENTED CANDLES,12
14639,48173C,DOORMAT BLACK FLOCK,2
14639,48194,DOORMAT HEARTS,2
14639,82600,NO SINGING METAL SIGN,12
14643,21773,DECORATIVE ROSE BATHROOM BOTTLE,24
14643,22223,CAKE PLATE LOVEBIRD PINK,12
14643,22467,GUMBALL COAT RACK,36
14643,22670,FRENCH WC SIGN BLUE METAL,24
14643,22674,FRENCH TOILET SIGN BLUE METAL,24
14643,22926,IVORY GIANT GARDEN THERMOMETER,4
14643,35607A,PINK FLUFFY CHRISTMAS DECORATION,24
14643,82613B,"METAL SIGN,CUPCAKE SINGLE HOOK",40
14643,82613C,"METAL SIGN,CUPCAKE SINGLE HOOK",40
14643,82613D,METAL SIGN CUPCAKE SINGLE HOOK,40
14643,84799,SPRIG LAVENDER ARTIFICIAL FLOWER,48
14643,84819,DANISH ROSE ROUND SEWING BOX,32
14643,84821,DANISH ROSE DELUXE COASTER,24
14643,84823,DANISH ROSE FOLDING CHAIR,6
14643,85059,FRENCH ENAMEL WATER BASIN,8
14667,15058B,PINK POLKADOT GARDEN PARASOL,1
14667,16237,SLEEPING CAT ERASERS,8
14667,20658,RED RETROSPOT LUGGAGE TAG,6
14667,20681,PINK POLKADOT CHILDRENS UMBRELLA,1
14667,20682,RED RETROSPOT CHILDRENS UMBRELLA,1
14667,20685,DOORMAT RED RETROSPOT,3
14667,20711,JUMBO BAG TOYS,10
14667,20755,BLUE PAISLEY POCKET BOOK,7
14667,20758,ABSTRACT CIRCLES POCKET BOOK,7
14667,20759,CHRYSANTHEMUM POCKET BOOK,4
14667,20773,BLUE PAISLEY NOTEBOOK,7
14667,20777,CHRYSANTHEMUM NOTEBOOK,3
14667,20778,GARDEN PATH NOTEBOOK,3
14667,20914,SET/5 RED RETROSPOT LID GLASS BOWLS,3
14667,21034,REX CASH+CARRY JUMBO SHOPPER,1
14667,21041,RED RETROSPOT OVEN GLOVE DOUBLE,1
14667,21042,RED RETROSPOT APRON,3
14667,21080,SET/20 RED RETROSPOT PAPER NAPKINS,6
14667,21154,RED RETROSPOT OVEN GLOVE,1
14667,21172,PARTY METAL SIGN,5
14667,21181,PLEASE ONE PERSON METAL SIGN,12
14667,21205,MULTICOLOUR 3D BALLS GARLAND,1
14667,21258,VICTORIAN SEWING BOX LARGE,2
14667,21259,VICTORIAN SEWING BOX SMALL,2
14667,21272,SALLE DE BAIN HOOK,2
14667,21326,AGED GLASS SILVER T-LIGHT HOLDER,48
14667,21351,CINAMMON & ORANGE WREATH,3
14667,21429,RED GINGHAM ROSE JEWELLERY BOX,5
14667,21447,12 IVORY ROSE PEG PLACE SETTINGS,1
14667,21454,PAINTED PINK RABBIT,2
14667,21781,MA CAMPAGNE CUTLERY BOX,1
14667,21784,SHOE SHINE BOX,2
14667,21807,WHITE CHRISTMAS STAR DECORATION,36
14667,21812,GARLAND WITH HEARTS AND BELLS,6
14667,21867,PINK UNION JACK  LUGGAGE TAG,9
14667,21868,POTTING SHED TEA MUG,6
14667,21911,GARDEN METAL SIGN,1
14667,21975,PACK OF 60 DINOSAUR CAKE CASES,1
14667,21982,PACK OF 12 SUKI TISSUES,24
14667,22030,SWALLOWS GREETING CARD,36
14667,22082,RIBBON REEL STRIPES DESIGN,5
14667,22086,PAPER CHAIN KIT 50'S CHRISTMAS,2
14667,22111,SCOTTIE DOG HOT WATER BOTTLE,3
14667,22112,CHOCOLATE HOT WATER BOTTLE,3
14667,22113,GREY HEART HOT WATER BOTTLE,26
14667,22118,JOY WOODEN BLOCK LETTERS,1
14667,22130,PARTY CONE CHRISTMAS DECORATION,42
14667,22151,PLACE SETTING WHITE HEART,72
14667,22153,ANGEL DECORATION STARS ON DRESS,144
14667,22154,ANGEL DECORATION 3 BUTTONS,240
14667,22157,ANGEL DECORATION WITH LACE PADDED,48
14667,22158,3 HEARTS HANGING DECORATION RUSTIC,3
14667,22162,HEART GARLAND RUSTIC PADDED,8
14667,22191,IVORY DINER WALL CLOCK,1
14667,22201,FRYING PAN BLUE POLKADOT,1
14667,22202,MILK PAN PINK POLKADOT,1
14667,22208,WOOD STAMP SET THANK YOU,1
14667,22212,FOUR HOOK  WHITE LOVEBIRDS,6
14667,22231,JIGSAW TREE WITH BIRDHOUSE,1
14667,22233,JIGSAW RABBIT AND BIRDHOUSE,1
14667,22294,HEART FILIGREE DOVE  SMALL,24
14667,22367,CHILDRENS APRON SPACEBOY DESIGN,6
14667,22398,MAGNETS PACK OF 4 SWALLOWS,12
14667,22423,REGENCY CAKESTAND 3 TIER,1
14667,22450,SILK PURSE BABUSHKA BLUE,6
14667,22451,SILK PURSE BABUSHKA RED,6
14667,22454,MEASURING TAPE BABUSHKA RED,12
14667,22563,HAPPY STENCIL CRAFT,1
14667,22564,ALPHABET STENCIL CRAFT,1
14667,22570,FELTCRAFT CUSHION RABBIT,1
14667,22576,SWALLOW WOODEN CHRISTMAS DECORATION,48
14667,22580,ADVENT CALENDAR GINGHAM SACK,1
14667,22585,PACK OF 6 BIRDY GIFT TAGS,37
14667,22601,CHRISTMAS RETROSPOT ANGEL WOOD,17
14667,22603,CHRISTMAS RETROSPOT TREE WOOD,19
14667,22618,COOKING SET RETROSPOT,3
14667,22624,IVORY KITCHEN SCALES,1
14667,22625,RED KITCHEN SCALES,1
14667,22632,HAND WARMER RED RETROSPOT,24
14667,22633,HAND WARMER UNION JACK,20
14667,22690,DOORMAT HOME SWEET HOME BLUE,3
14667,22696,WICKER WREATH LARGE,1
14667,22700,BLACK AND WHITE DOG BOWL,6
14667,22726,ALARM CLOCK BAKELIKE GREEN,1
14667,22729,ALARM CLOCK BAKELIKE ORANGE,1
14667,22732,3D VINTAGE CHRISTMAS STICKERS,1
14667,22738,RIBBON REEL SNOWY VILLAGE,5
14667,22740,POLKADOT PEN,48
14667,22748,POPPY'S PLAYHOUSE KITCHEN,2
14667,22752,SET 7 BABUSHKA NESTING BOXES,2
14667,22838,3 TIER CAKE TIN RED AND CREAM,2
14667,22839,3 TIER CAKE TIN GREEN AND CREAM,1
14667,22840,ROUND CAKE TIN VINTAGE RED,1
14667,22865,HAND WARMER OWL DESIGN,10
14667,22867,HAND WARMER BIRD DESIGN,24
14667,22904,CALENDAR PAPER CUT DESIGN,6
14667,22906,12 MESSAGE CARDS WITH ENVELOPES,30
14667,22909,SET OF 20 VINTAGE CHRISTMAS NAPKINS,2
14667,22910,PAPER CHAIN KIT VINTAGE CHRISTMAS,4
14667,22951,60 CAKE CASES DOLLY GIRL DESIGN,2
14667,35004C,SET OF 3 COLOURED  FLYING DUCKS,1
14667,35004P,SET OF 3 PINK FLYING DUCKS,1
14667,37495,FAIRY CAKE BIRTHDAY CANDLE SET,1
14667,47591B,SCOTTIES CHILDRENS APRON,6
14667,48138,DOORMAT UNION FLAG,3
14667,48173C,DOORMAT BLACK FLOCK,2
14667,48184,DOORMAT ENGLISH ROSE,3
14667,72800E,4 IVORY DINNER CANDLES SILVER FLOCK,12
14667,79160,HEART SHAPE WIRELESS DOORBELL,3
14667,82483,WOOD 2 DRAWER CABINET WHITE FINISH,2
14667,82486,WOOD S/3 CABINET ANT WHITE FINISH,2
14667,84029E,RED WOOLLY HOTTIE WHITE HEART.,6
14667,84580,MOUSE TOY WITH PINK T-SHIRT,2
14667,84637,KITCHEN FLOWER POTS WALL PLAQUE,1
14667,84638,SMALL KITCHEN FLOWER POTS PLAQUE,1
14667,84820,DANISH ROSE TRINKET TRAYS,2
14667,84821,DANISH ROSE DELUXE COASTER,12
14667,84950,ASSORTED COLOUR T-LIGHT HOLDER,24
14667,84992,72 SWEETHEART FAIRY CAKE CASES,1
14667,85006,SET 4 NURSERY DES ROUND BOXES,3
14667,85014B,RED RETROSPOT UMBRELLA,1
14667,85038,6 CHOCOLATE LOVE HEART T-LIGHTS,6
14667,85039B,S/4 IVORY MINI ROSE CANDLE IN BOWL,5
14667,85040B,SET/4 BLUE FLOWER CANDLES IN BOWL,12
14667,85064,CREAM SWEETHEART LETTER RACK,2
14667,85066,CREAM SWEETHEART MINI CHEST,2
14667,85104,SILVER GLASS T-LIGHT SET,5
14667,85152,HAND OVER THE CHOCOLATE   SIGN,12
14667,85170B,SET/6 BLACK BIRD T-LIGHT CANDLES,4
14667,85231B,CINAMMON SET OF 9 T-LIGHTS,6
14673,21143,ANTIQUE GLASS HEART DECORATION,12
14673,21212,PACK OF 72 RETROSPOT CAKE CASES,24
14673,21485,RETROSPOT HEART HOT WATER BOTTLE,3
14673,21651,HANGING GLASS ETCHED TEALIGHT,12
14673,21733,RED HANGING HEART T-LIGHT HOLDER,12
14673,22158,3 HEARTS HANGING DECORATION RUSTIC,8
14673,22178,VICTORIAN GLASS HANGING T-LIGHT,24
14673,22419,LIPSTICK PEN RED,12
14673,22470,HEART OF WICKER LARGE,12
14673,22633,HAND WARMER UNION JACK,36
14673,22694,WICKER STAR,6
14673,22835,HOT WATER BOTTLE I AM SO POORLY,4
14673,84970L,SINGLE HEART ZINC T-LIGHT HOLDER,12
14673,84978,HANGING HEART JAR T-LIGHT HOLDER,12
14673,85062,PEARL CRYSTAL PUMPKIN T-LIGHT HLDR,24
14680,20712,JUMBO BAG WOODLAND ANIMALS,20
14680,20713,JUMBO BAG OWLS,20
14680,20724,RED RETROSPOT CHARLOTTE BAG,20
14680,21258,VICTORIAN SEWING BOX LARGE,32
14680,21479,WHITE SKULL HOT WATER BOTTLE,96
14680,21731,RED TOADSTOOL LED NIGHT LIGHT,48
14680,21931,JUMBO STORAGE BAG SUKI,20
14680,22112,CHOCOLATE HOT WATER BOTTLE,96
14680,22174,PHOTO CUBE,48
14680,22197,SMALL POPCORN HOLDER,10
14680,22198,LARGE POPCORN HOLDER,13
14680,22355,CHARLOTTE BAG SUKI DESIGN,100
14680,22356,CHARLOTTE BAG PINK POLKADOT,20
14680,22384,LUNCH BAG PINK POLKADOT,20
14680,22386,JUMBO BAG PINK POLKADOT,20
14680,22667,RECIPE BOX RETROSPOT,24
14680,22837,HOT WATER BOTTLE BABUSHKA,72
14680,79321,CHILLI LIGHTS,96
14680,84029E,RED WOOLLY HOTTIE WHITE HEART.,53
14680,84997A,GREEN 3 PIECE POLKADOT CUTLERY SET,31
14680,84997B,RED 3 PIECE RETROSPOT CUTLERY SET,30
14680,84997C,BLUE 3 PIECE POLKADOT CUTLERY SET,5
14680,84997D,PINK 3 PIECE POLKADOT CUTLERY SET,20
14680,85099C,JUMBO  BAG BAROQUE BLACK WHITE,20
14684,17090A,LAVENDER INCENSE 40 CONES IN TIN,1
14684,17091A,LAVENDER INCENSE IN TIN,1
14684,20726,LUNCH BAG WOODLAND,1
14684,20727,LUNCH BAG  BLACK SKULL.,2
14684,20967,GREY FLORAL FELTCRAFT SHOULDER BAG,1
14684,20969,RED FLORAL FELTCRAFT SHOULDER BAG,2
14684,20970,PINK FLORAL FELTCRAFT SHOULDER BAG,2
14684,20973,12 PENCIL SMALL TUBE WOODLAND,2
14684,20978,36 PENCILS TUBE SKULLS,1
14684,20981,12 PENCILS TALL TUBE WOODLAND,1
14684,20982,12 PENCILS TALL TUBE SKULLS,1
14684,21137,BLACK RECORD COVER FRAME,3
14684,21327,SKULLS WRITING SET,2
14684,21329,DINOSAURS  WRITING SET,1
14684,21892,TRADITIONAL WOODEN CATCH CUP GAME,1
14684,21931,JUMBO STORAGE BAG SUKI,1
14684,22041,"RECORD FRAME 7"" SINGLE SIZE",2
14684,22118,JOY WOODEN BLOCK LETTERS,1
14684,22174,PHOTO CUBE,1
14684,22383,LUNCH BAG SUKI  DESIGN,1
14684,22529,MAGIC DRAWING SLATE GO TO THE FAIR,1
14684,22534,MAGIC DRAWING SLATE SPACEBOY,1
14684,22553,PLASTERS IN TIN SKULLS,1
14684,22560,TRADITIONAL MODELLING CLAY,1
14684,22562,MONSTERS STENCIL CRAFT,1
14684,22563,HAPPY STENCIL CRAFT,1
14684,22605,WOODEN CROQUET GARDEN SET,1
14684,22622,BOX OF VINTAGE ALPHABET BLOCKS,1
14684,22694,WICKER STAR,4
14684,22730,ALARM CLOCK BAKELIKE IVORY,1
14684,22749,FELTCRAFT PRINCESS CHARLOTTE DOLL,1
14684,22753,SMALL YELLOW BABUSHKA NOTEBOOK,2
14684,22754,SMALL RED BABUSHKA NOTEBOOK,2
14684,22755,SMALL PURPLE BABUSHKA NOTEBOOK,2
14684,22834,HAND WARMER BABUSHKA DESIGN,9
14684,22904,CALENDAR PAPER CUT DESIGN,3
14684,70007,HI TEC ALPINE HAND WARMER,2
14684,72132,COLUMBIAN CUBE CANDLE,2
14684,79066K,RETRO MOD TRAY,1
14684,84692,BOX OF 24 COCKTAIL PARASOLS,1
14684,85123A,WHITE HANGING HEART T-LIGHT HOLDER,1
14684,85136B,BLUE SHARK HELICOPTER,1
14684,85185B,PINK HORSE SOCK PUPPET,1
14684,85185D,FROG SOCK PUPPET,1
14688,20723,STRAWBERRY CHARLOTTE BAG,10
14688,20725,LUNCH BAG RED RETROSPOT,10
14688,21033,JUMBO BAG CHARLIE AND LOLA TOYS,10
14688,21094,SET/6 RED SPOTTY PAPER PLATES,12
14688,21212,PACK OF 72 RETROSPOT CAKE CASES,120
14688,21559,STRAWBERRY LUNCH BOX WITH CUTLERY,6
14688,21929,JUMBO BAG PINK VINTAGE PAISLEY,10
14688,21931,JUMBO STORAGE BAG SUKI,10
14688,21975,PACK OF 60 DINOSAUR CAKE CASES,24
14688,21977,PACK OF 60 PINK PAISLEY CAKE CASES,24
14688,22352,LUNCH BOX WITH CUTLERY RETROSPOT,6
14688,22386,JUMBO BAG PINK POLKADOT,10
14688,84519A,TOMATO CHARLIE+LOLA COASTER SET,6
14688,84991,60 TEATIME FAIRY CAKE CASES,24
14688,84997B,RED 3 PIECE RETROSPOT CUTLERY SET,12
14688,84997C,BLUE 3 PIECE POLKADOT CUTLERY SET,6
14688,85071B,RED CHARLIE+LOLA PERSONAL DOORSIGN,96
14688,85099C,JUMBO  BAG BAROQUE BLACK WHITE,10
14688,85183B,CHARLIE & LOLA WASTEPAPER BIN FLORA,48
14696,21352,EUCALYPTUS & PINECONE  WREATH,2
14696,21790,VINTAGE SNAP CARDS,12
14696,22065,CHRISTMAS PUDDING TRINKET POT,12
14696,22444,GROW YOUR OWN PLANT IN A CAN,24
14696,22696,WICKER WREATH LARGE,6
14696,22952,60 CAKE CASES VINTAGE CHRISTMAS,24
14696,35598B,BLACK CHRISTMAS TREE 60CM,24
14696,35598D,PINK/WHITE CHRISTMAS TREE 60CM,24
14696,35954,SMALL FOLKART STAR CHRISTMAS DEC,48
14696,35957,SMALLFOLKART BAUBLE CHRISTMAS DEC,48
14696,72816,SET/3 CHRISTMAS DECOUPAGE CANDLES,12
14696,84360,TABLE LAMP WHITE SHADE WOOD BASE,2
14696,84754,S/15 SILVER GLASS BAUBLES IN BAG,12
14696,84760S,SMALL HANGING GLASS+ZINC LANTERN,12
14696,85032D,YULETIDE IMAGES GIFT WRAP SET,6
14696,85045,GREEN CHRISTMAS TREE STRING 20LIGHT,4
14696,85048,15CM CHRISTMAS GLASS BALL 20 LIGHTS,2
14696,85099C,JUMBO  BAG BAROQUE BLACK WHITE,10
14702,21212,PACK OF 72 RETROSPOT CAKE CASES,5
14702,21484,CHICK GREY HOT WATER BOTTLE,2
14702,21485,RETROSPOT HEART HOT WATER BOTTLE,4
14702,21658,GLASS  BEURRE DISH,2
14702,21976,PACK OF 60 MUSHROOM CAKE CASES,5
14702,22078,RIBBON REEL LACE DESIGN,5
14702,22079,RIBBON REEL HEARTS DESIGN,5
14702,22082,RIBBON REEL STRIPES DESIGN,10
14702,22086,PAPER CHAIN KIT 50'S CHRISTMAS,13
14702,22110,BIRD HOUSE HOT WATER BOTTLE,1
14702,22111,SCOTTIE DOG HOT WATER BOTTLE,2
14702,22141,CHRISTMAS CRAFT TREE TOP ANGEL,6
14702,22144,CHRISTMAS CRAFT LITTLE FRIENDS,6
14702,22158,3 HEARTS HANGING DECORATION RUSTIC,2
14702,22417,PACK OF 60 SPACEBOY CAKE CASES,2
14702,22731,3D CHRISTMAS STAMPS STICKERS,9
14702,22735,RIBBON REEL SOCKS AND MITTENS,5
14702,22739,RIBBON REEL CHRISTMAS SOCK BAUBLE,10
14702,22795,SWEETHEART RECIPE BOOK STAND,4
14702,22851,SET 20 NAPKINS FAIRY CAKES DESIGN,2
14702,22910,PAPER CHAIN KIT VINTAGE CHRISTMAS,9
14702,22952,60 CAKE CASES VINTAGE CHRISTMAS,24
14702,84029E,RED WOOLLY HOTTIE WHITE HEART.,2
14702,84030E,ENGLISH ROSE HOT WATER BOTTLE,2
14702,84946,ANTIQUE SILVER TEA GLASS ETCHED,6
14702,84947,ANTIQUE SILVER TEA GLASS ENGRAVED,6
14702,84949,SILVER HANGING T-LIGHT HOLDER,6
14702,84978,HANGING HEART JAR T-LIGHT HOLDER,6
14702,85049E,SCANDINAVIAN REDS RIBBONS,6
14708,20975,12 PENCILS SMALL TUBE RED RETROSPOT,24
14708,21137,BLACK RECORD COVER FRAME,24
14708,21682,LARGE MEDINA STAMPED METAL BOWL,4
14708,22076,6 RIBBONS EMPIRE,12
14708,22533,MAGIC DRAWING SLATE BAKE A CAKE,24
14708,22534,MAGIC DRAWING SLATE SPACEBOY,24
14708,22551,PLASTERS IN TIN SPACEBOY,12
14708,22556,PLASTERS IN TIN CIRCUS PARADE,12
14708,22622,BOX OF VINTAGE ALPHABET BLOCKS,4
14708,22623,BOX OF VINTAGE JIGSAW BLOCKS,6
14708,84945,MULTI COLOUR SILVER T-LIGHT HOLDER,192
14708,84946,ANTIQUE SILVER TEA GLASS ETCHED,12
14709,20685,DOORMAT RED RETROSPOT,4
14709,20711,JUMBO BAG TOYS,10
14709,20713,JUMBO BAG OWLS,10
14709,20749,ASSORTED COLOUR MINI CASES,2
14709,21930,JUMBO STORAGE BAG SKULLS,10
14709,22111,SCOTTIE DOG HOT WATER BOTTLE,3
14709,22112,CHOCOLATE HOT WATER BOTTLE,3
14709,22310,IVORY KNITTED MUG COSY,6
14709,22467,GUMBALL COAT RACK,6
14709,22663,JUMBO BAG DOLLY GIRL DESIGN,10
14709,22781,GUMBALL MAGAZINE RACK,4
14709,22956,36 FOIL HEART CAKE CASES,6
14709,48138,DOORMAT UNION FLAG,4
14709,85099B,JUMBO BAG RED RETROSPOT,20
14709,85099C,JUMBO  BAG BAROQUE BLACK WHITE,10
14713,10002,INFLATABLE POLITICAL GLOBE,17
14713,16156S,WRAP PINK FAIRY CAKES,25
14713,20719,WOODLAND CHARLOTTE BAG,3
14713,20724,RED RETROSPOT CHARLOTTE BAG,3
14713,20727,LUNCH BAG  BLACK SKULL.,6
14713,20728,LUNCH BAG CARS BLUE,3
14713,20748,KENSINGTON COFFEE SET,1
14713,21181,PLEASE ONE PERSON METAL SIGN,6
14713,21272,SALLE DE BAIN HOOK,3
14713,21479,WHITE SKULL HOT WATER BOTTLE,2
14713,21914,BLUE HARMONICA IN BOX,12
14713,21931,JUMBO STORAGE BAG SUKI,2
14713,22084,PAPER CHAIN KIT EMPIRE,6
14713,22086,PAPER CHAIN KIT 50'S CHRISTMAS,40
14713,22111,SCOTTIE DOG HOT WATER BOTTLE,2
14713,22112,CHOCOLATE HOT WATER BOTTLE,2
14713,22113,GREY HEART HOT WATER BOTTLE,6
14713,22306,SILVER MUG BONE CHINA TREE OF LIFE,4
14713,22356,CHARLOTTE BAG PINK POLKADOT,3
14713,22367,CHILDRENS APRON SPACEBOY DESIGN,2
14713,22383,LUNCH BAG SUKI  DESIGN,5
14713,22418,10 COLOUR SPACEBOY PEN,12
14713,22518,CHILDS GARDEN BRUSH BLUE,2
14713,22519,CHILDS GARDEN BRUSH PINK,2
14713,22642,SET OF 4 NAPKIN CHARMS STARS,3
14713,22645,CERAMIC HEART FAIRY CAKE MONEY BANK,4
14713,22749,FELTCRAFT PRINCESS CHARLOTTE DOLL,3
14713,22750,FELTCRAFT PRINCESS LOLA DOLL,3
14713,47591D,PINK FAIRY CAKE CHILDRENS APRON,2
14713,72800E,4 IVORY DINNER CANDLES SILVER FLOCK,1
14713,82482,WOODEN PICTURE FRAME WHITE FINISH,2
14713,82483,WOOD 2 DRAWER CABINET WHITE FINISH,1
14713,82484,WOOD BLACK BOARD ANT WHITE FINISH,6
14713,82486,WOOD S/3 CABINET ANT WHITE FINISH,1
14713,84029G,KNITTED UNION FLAG HOT WATER BOTTLE,2
14713,84032A,CHARLIE+LOLA PINK HOT WATER BOTTLE,4
14713,84032B,CHARLIE + LOLA RED HOT WATER BOTTLE,1
14723,20615,BLUE POLKADOT PASSPORT COVER,1
14723,20665,RED RETROSPOT PURSE,1
14723,20967,GREY FLORAL FELTCRAFT SHOULDER BAG,3
14723,20969,RED FLORAL FELTCRAFT SHOULDER BAG,1
14723,20970,PINK FLORAL FELTCRAFT SHOULDER BAG,1
14723,20972,PINK CREAM FELT CRAFT TRINKET BOX,3
14723,20978,36 PENCILS TUBE SKULLS,1
14723,21098,CHRISTMAS TOILET ROLL,14
14723,21169,YOU'RE CONFUSING ME METAL SIGN,1
14723,21232,STRAWBERRY CERAMIC TRINKET BOX,2
14723,21326,AGED GLASS SILVER T-LIGHT HOLDER,6
14723,21479,WHITE SKULL HOT WATER BOTTLE,2
14723,21586,KINGS CHOICE GIANT TUBE MATCHES,2
14723,21592,RETROSPOT CIGAR BOX MATCHES,2
14723,21623,VINTAGE UNION JACK MEMOBOARD,2
14723,21638,ASSORTED TUTTI FRUTTI NOTEBOOK,1
14723,21733,RED HANGING HEART T-LIGHT HOLDER,11
14723,21820,GLITTER HEART GARLAND WITH BELLS,2
14723,21884,CAKES AND BOWS GIFT  TAPE,12
14723,21930,JUMBO STORAGE BAG SKULLS,4
14723,21935,SUKI  SHOULDER BAG,7
14723,21967,PACK OF 12 SKULL TISSUES,3
14723,21982,PACK OF 12 SUKI TISSUES,4
14723,21985,PACK OF 12 HEARTS DESIGN TISSUES,4
14723,22075,6 RIBBONS ELEGANT CHRISTMAS,1
14723,22095,LADS ONLY TISSUE BOX,1
14723,22130,PARTY CONE CHRISTMAS DECORATION,6
14723,22131,FOOD CONTAINER SET 3 LOVE HEART,1
14723,22152,PLACE SETTING WHITE STAR,12
14723,22154,ANGEL DECORATION 3 BUTTONS,3
14723,22158,3 HEARTS HANGING DECORATION RUSTIC,3
14723,22210,WOOD STAMP SET BEST WISHES,1
14723,22222,CAKE PLATE LOVEBIRD WHITE,1
14723,22236,CAKE STAND 3 TIER MAGIC GARDEN,1
14723,22411,JUMBO SHOPPER VINTAGE RED PAISLEY,7
14723,22470,HEART OF WICKER LARGE,1
14723,22473,TV DINNER TRAY VINTAGE PAISLEY,8
14723,22475,SKULL DESIGN TV DINNER TRAY,1
14723,22476,EMPIRE UNION JACK TV DINNER TRAY,1
14723,22505,MEMO BOARD COTTAGE DESIGN,1
14723,22509,SEWING BOX RETROSPOT DESIGN,1
14723,22557,PLASTERS IN TIN VINTAGE PAISLEY,1
14723,22633,HAND WARMER UNION JACK,5
14723,22753,SMALL YELLOW BABUSHKA NOTEBOOK,3
14723,22754,SMALL RED BABUSHKA NOTEBOOK,3
14723,22759,SET OF 3 NOTEBOOKS IN PARCEL,2
14723,22810,SET OF 6 T-LIGHTS SNOWMEN,2
14723,22866,HAND WARMER SCOTTY DOG DESIGN,5
14723,22940,FELTCRAFT CHRISTMAS FAIRY,1
14723,35095B,RED VICTORIAN FABRIC OVAL BOX,1
14723,48138,DOORMAT UNION FLAG,1
14723,82483,WOOD 2 DRAWER CABINET WHITE FINISH,2
14723,82484,WOOD BLACK BOARD ANT WHITE FINISH,1
14723,84029E,RED WOOLLY HOTTIE WHITE HEART.,3
14723,84029G,KNITTED UNION FLAG HOT WATER BOTTLE,6
14723,84050,PINK HEART SHAPE EGG FRYING PAN,2
14723,84388,WISE MAN STAR SHAPE EGG PAN,1
14723,84859A,SILVER DISCO HANDBAG,1
14723,85031A,ROMANTIC IMAGES SCRAP BOOK SET,1
14723,85031B,BLOSSOM IMAGES SCRAP BOOK SET,1
14723,85035A,GARDENIA 3 WICK MORRIS BOXED CANDLE,2
14723,85038,6 CHOCOLATE LOVE HEART T-LIGHTS,2
14723,85099C,JUMBO  BAG BAROQUE BLACK WHITE,3
14723,85103,SILVER T-LIGHT SETTING,1
14723,85123A,WHITE HANGING HEART T-LIGHT HOLDER,12
14723,85136A,YELLOW SHARK HELICOPTER,1
14723,85136C,RED SHARK HELICOPTER,1
14723,M,Manual,2
14729,20707,CRAZY DAISY HEART DECORATION,1
14729,20754,RETROSPOT RED WASHING UP GLOVES,1
14729,20772,GARDEN PATH JOURNAL,1
14729,21034,REX CASH+CARRY JUMBO SHOPPER,2
14729,21111,"SWISS ROLL TOWEL, CHOCOLATE  SPOTS",1
14729,21122,SET/10 PINK POLKADOT PARTY CANDLES,1
14729,21123,SET/10 IVORY POLKADOT PARTY CANDLES,1
14729,21124,SET/10 BLUE POLKADOT PARTY CANDLES,1
14729,21175,GIN + TONIC DIET METAL SIGN,1
14729,21292,SMALL STRIPES CHOCOLATE GIFT BAG,16
14729,21358,TOAST ITS - HAPPY BIRTHDAY,2
14729,21427,SKULLS STORAGE BOX SMALL,2
14729,21486,PINK HEART DOTS HOT WATER BOTTLE,1
14729,21584,RETROSPOT SMALL TUBE MATCHES,12
14729,21588,RETROSPOT GIANT TUBE MATCHES,3
14729,21794,CLASSIC FRENCH STYLE BASKET NATURAL,1
14729,21804,WHITE CHRISTMAS GARLAND STARS TREES,3
14729,21867,PINK UNION JACK  LUGGAGE TAG,1
14729,21890,S/6 WOODEN SKITTLES IN COTTON BAG,1
14729,21930,JUMBO STORAGE BAG SKULLS,1
14729,21985,PACK OF 12 HEARTS DESIGN TISSUES,12
14729,22092,BLUE PAISLEY TISSUE BOX,1
14729,22096,PINK PAISLEY SQUARE TISSUE BOX,1
14729,22099,CARAVAN SQUARE TISSUE BOX,2
14729,22100,SKULLS SQUARE TISSUE BOX,1
14729,22107,PIZZA PLATE IN BOX,2
14729,22151,PLACE SETTING WHITE HEART,14
14729,22152,PLACE SETTING WHITE STAR,12
14729,22197,SMALL POPCORN HOLDER,3
14729,22241,GARLAND WOODEN HAPPY EASTER,2
14729,22441,GROW YOUR OWN BASIL IN ENAMEL MUG,1
14729,22469,HEART OF WICKER SMALL,3
14729,22470,HEART OF WICKER LARGE,1
14729,22501,PICNIC BASKET WICKER LARGE,1
14729,22551,PLASTERS IN TIN SPACEBOY,1
14729,22553,PLASTERS IN TIN SKULLS,1
14729,22557,PLASTERS IN TIN VINTAGE PAISLEY,2
14729,22575,METAL MERRY CHRISTMAS WREATH,1
14729,22582,PACK OF 6 SWEETIE GIFT BOXES,2
14729,22583,PACK OF 6 HANDBAG GIFT BOXES,4
14729,22588,CARD HOLDER GINGHAM HEART,2
14729,22604,SET OF 4 NAPKIN CHARMS CUTLERY,3
14729,22632,HAND WARMER RED RETROSPOT,4
14729,22633,HAND WARMER UNION JACK,3
14729,22642,SET OF 4 NAPKIN CHARMS STARS,4
14729,22643,SET OF 4 NAPKIN CHARMS LEAVES,4
14729,22653,BUTTON BOX,1
14729,22670,FRENCH WC SIGN BLUE METAL,1
14729,22754,SMALL RED BABUSHKA NOTEBOOK,1
14729,22760,"TRAY, BREAKFAST IN BED",1
14729,22812,PACK 3 BOXES CHRISTMAS PANNETONE,3
14729,22904,CALENDAR PAPER CUT DESIGN,3
14729,22905,CALENDAR IN SEASON DESIGN,2
14729,22906,12 MESSAGE CARDS WITH ENVELOPES,6
14729,22916,HERB MARKER THYME,1
14729,22917,HERB MARKER ROSEMARY,1
14729,22918,HERB MARKER PARSLEY,2
14729,22919,HERB MARKER MINT,2
14729,22920,HERB MARKER BASIL,3
14729,22921,HERB MARKER CHIVES,2
14729,22926,IVORY GIANT GARDEN THERMOMETER,1
14729,22938,CUPCAKE LACE PAPER SET 6,5
14729,22955,36 FOIL STAR CAKE CASES,2
14729,22956,36 FOIL HEART CAKE CASES,2
14729,71406C,BLACK ORANGE SQUEEZER,12
14729,84378,SET OF 3 HEART COOKIE CUTTERS,1
14729,84596E,SMALL LICORICE DES PINK BOWL,1
14729,84985A,SET OF 72 GREEN PAPER DOILIES,1
14729,85123A,WHITE HANGING HEART T-LIGHT HOLDER,3
14733,17091J,VANILLA INCENSE IN TIN,72
14733,20801,LARGE PINK GLASS SUNDAE DISH,16
14733,20802,SMALL GLASS SUNDAE DISH CLEAR,36
14733,20803,SMALL PINK GLASS SUNDAE DISH,36
14733,21232,STRAWBERRY CERAMIC TRINKET BOX,72
14733,21258,VICTORIAN SEWING BOX LARGE,8
14733,21259,VICTORIAN SEWING BOX SMALL,24
14733,21527,RED RETROSPOT TRADITIONAL TEAPOT,8
14733,21615,4 LAVENDER BOTANICAL DINNER CANDLES,12
14733,21619,4 VANILLA BOTANICAL CANDLES,24
14733,21651,HANGING GLASS ETCHED TEALIGHT,36
14733,21730,GLASS STAR FROSTED T-LIGHT HOLDER,18
14733,21755,LOVE BUILDING BLOCK WORD,3
14733,21843,RED RETROSPOT CAKE STAND,6
14733,22086,PAPER CHAIN KIT 50'S CHRISTMAS,120
14733,22158,3 HEARTS HANGING DECORATION RUSTIC,32
14733,22173,METAL 4 HOOK HANGER FRENCH CHATEAU,16
14733,22191,IVORY DINER WALL CLOCK,4
14733,22193,RED DINER WALL CLOCK,12
14733,22295,HEART FILIGREE DOVE LARGE,48
14733,22342,HOME GARLAND PAINTED ZINC,48
14733,22457,NATURAL SLATE HEART CHALKBOARD,48
14733,22469,HEART OF WICKER SMALL,160
14733,22470,HEART OF WICKER LARGE,120
14733,22624,IVORY KITCHEN SCALES,2
14733,22625,RED KITCHEN SCALES,12
14733,22645,CERAMIC HEART FAIRY CAKE MONEY BANK,72
14733,22720,SET OF 3 CAKE TINS PANTRY DESIGN,3
14733,22762,CUPBOARD 3 DRAWER MA CAMPAGNE,8
14733,22776,SWEETHEART CAKESTAND 3 TIER,12
14733,22782,SET 3 WICKER STORAGE BASKETS,16
14733,22783,SET 3 WICKER OVAL BASKETS W LIDS,8
14733,22784,LANTERN CREAM GAZEBO,12
14733,22795,SWEETHEART RECIPE BOOK STAND,16
14733,22854,CREAM SWEETHEART EGG HOLDER,12
14733,22890,NOVELTY BISCUITS CAKE STAND 3 TIER,24
14733,71477,COLOUR GLASS. STAR T-LIGHT HOLDER,48
14733,72127,COLUMBIAN CANDLE ROUND,36
14733,72130,COLUMBIAN CANDLE ROUND,36
14733,82482,WOODEN PICTURE FRAME WHITE FINISH,12
14733,82483,WOOD 2 DRAWER CABINET WHITE FINISH,32
14733,82484,WOOD BLACK BOARD ANT WHITE FINISH,12
14733,84660A,WHITE STITCHED WALL CLOCK,20
14733,84660B,BLACK STITCHED WALL CLOCK,20
14733,84766,SILVER ROCOCO CANDLE STICK,36
14733,84836,ZINC METAL HEART DECORATION,48
14733,84949,SILVER HANGING T-LIGHT HOLDER,24
14733,84970L,SINGLE HEART ZINC T-LIGHT HOLDER,24
14733,84970S,HANGING HEART ZINC T-LIGHT HOLDER,84
14733,84978,HANGING HEART JAR T-LIGHT HOLDER,72
14733,85034B,3 WHITE CHOC MORRIS BOXED CANDLES,12
14733,85035B,CHOCOLATE 3 WICK MORRIS BOX CANDLE,48
14733,85035C,ROSE 3 WICK MORRIS BOX CANDLE,12
14733,85064,CREAM SWEETHEART LETTER RACK,4
14733,85123A,WHITE HANGING HEART T-LIGHT HOLDER,128
14735,20914,SET/5 RED RETROSPOT LID GLASS BOWLS,18
14735,20979,36 PENCILS TUBE RED RETROSPOT,16
14735,22113,GREY HEART HOT WATER BOTTLE,16
14735,22622,BOX OF VINTAGE ALPHABET BLOCKS,6
14735,22943,CHRISTMAS LIGHTS 10 VINTAGE BAUBLES,12
14737,21187,WHITE BELL HONEYCOMB PAPER GARLAND,10
14737,21260,FIRST AID TIN,10
14737,21621,VINTAGE UNION JACK BUNTING,10
14737,22083,PAPER CHAIN KIT RETROSPOT,20
14737,22086,PAPER CHAIN KIT 50'S CHRISTMAS,10
14737,22090,PAPER BUNTING RETROSPOT,20
14737,22910,PAPER CHAIN KIT VINTAGE CHRISTMAS,50
14737,85049A,TRADITIONAL CHRISTMAS RIBBONS,20
14739,21187,WHITE BELL HONEYCOMB PAPER GARLAND,48
14739,21586,KINGS CHOICE GIANT TUBE MATCHES,48
14739,21587,COSY HOUR GIANT TUBE MATCHES,48
14739,21704,BAG 250g SWIRLY MARBLES,72
14739,21916,SET 12 RETRO WHITE CHALK STICKS,24
14739,22086,PAPER CHAIN KIT 50'S CHRISTMAS,40
14739,22178,VICTORIAN GLASS HANGING T-LIGHT,96
14739,22910,PAPER CHAIN KIT VINTAGE CHRISTMAS,40
14739,85049A,TRADITIONAL CHRISTMAS RIBBONS,24
14739,85049C,ROMANTIC PINKS RIBBONS,12
14739,85049D,BRIGHT BLUES RIBBONS,12
14739,85049G,CHOCOLATE BOX RIBBONS,12
14741,21262,WHITE GOOSE FEATHER CHRISTMAS TREE,6
14741,21613,S/12 VANILLA  BOTANICAL T-LIGHTS,6
14741,22189,CREAM HEART CARD HOLDER,12
14741,22457,NATURAL SLATE HEART CHALKBOARD,18
14741,22792,FLUTED ANTIQUE CANDLE HOLDER,36
14741,22863,SOAP DISH BROCANTE,6
14741,22961,JAM MAKING SET PRINTED,48
14741,72741,GRAND CHOCOLATECANDLE,18
14741,84029E,RED WOOLLY HOTTIE WHITE HEART.,8
14741,84832,ZINC WILLIE WINKIE  CANDLE STICK,36
14741,84970S,HANGING HEART ZINC T-LIGHT HOLDER,36
14741,85015,SET OF 12  VINTAGE POSTCARD SET,144
14741,85231B,CINAMMON SET OF 9 T-LIGHTS,36
14744,20725,LUNCH BAG RED RETROSPOT,50
14744,21122,SET/10 PINK POLKADOT PARTY CANDLES,48
14744,22384,LUNCH BAG PINK POLKADOT,50
14748,18098C,PORCELAIN BUTTERFLY OIL BURNER,6
14748,21314,SMALL GLASS HEART TRINKET POT,8
14748,21428,SET3 BOOK BOX GREEN GINGHAM FLOWER,4
14748,21430,SET/3 RED GINGHAM ROSE STORAGE BOX,4
14748,21675,BUTTERFLIES STICKERS,12
14748,21676,FLOWERS  STICKERS,12
14748,21677,HEARTS  STICKERS,12
14748,21720,CAKE SHOP  STICKER SHEET,12
14748,21723,ALPHABET HEARTS STICKER SHEET,12
14748,21982,PACK OF 12 SUKI TISSUES,24
14748,21985,PACK OF 12 HEARTS DESIGN TISSUES,24
14748,22111,SCOTTIE DOG HOT WATER BOTTLE,3
14748,22300,COFFEE MUG DOG + BALL DESIGN,6
14748,22301,COFFEE MUG CAT + BIRD DESIGN,6
14748,22419,LIPSTICK PEN RED,12
14748,22469,HEART OF WICKER SMALL,12
14748,22470,HEART OF WICKER LARGE,6
14748,22615,PACK OF 12 CIRCUS PARADE TISSUES,24
14748,22632,HAND WARMER RED RETROSPOT,12
14748,22633,HAND WARMER UNION JACK,12
14748,22645,CERAMIC HEART FAIRY CAKE MONEY BANK,12
14748,22667,RECIPE BOX RETROSPOT,6
14748,22694,WICKER STAR,6
14748,22759,SET OF 3 NOTEBOOKS IN PARCEL,12
14748,22792,FLUTED ANTIQUE CANDLE HOLDER,12
14748,22866,HAND WARMER SCOTTY DOG DESIGN,12
14748,22952,60 CAKE CASES VINTAGE CHRISTMAS,24
14748,48111,DOORMAT 3 SMILEY CATS,2
14748,48194,DOORMAT HEARTS,2
14748,72741,GRAND CHOCOLATECANDLE,9
14748,84029E,RED WOOLLY HOTTIE WHITE HEART.,4
14748,85123A,WHITE HANGING HEART T-LIGHT HOLDER,6
14766,21485,RETROSPOT HEART HOT WATER BOTTLE,3
14766,22083,PAPER CHAIN KIT RETROSPOT,18
14766,22086,PAPER CHAIN KIT 50'S CHRISTMAS,6
14766,22839,3 TIER CAKE TIN GREEN AND CREAM,1
14766,22960,JAM MAKING SET WITH JARS,12
14766,22969,HOMEMADE JAM SCENTED CANDLES,24
14769,21314,SMALL GLASS HEART TRINKET POT,8
14769,21871,SAVE THE PLANET MUG,12
14769,21908,CHOCOLATE THIS WAY METAL SIGN,12
14769,22030,SWALLOWS GREETING CARD,12
14769,22077,6 RIBBONS RUSTIC CHARM,12
14769,22178,VICTORIAN GLASS HANGING T-LIGHT,12
14769,22417,PACK OF 60 SPACEBOY CAKE CASES,24
14769,22558,CLOTHES PEGS RETROSPOT PACK 24,12
14769,22571,ROCKING HORSE RED CHRISTMAS,12
14769,22617,BAKING SET SPACEBOY DESIGN,3
14769,22624,IVORY KITCHEN SCALES,2
14769,22720,SET OF 3 CAKE TINS PANTRY DESIGN,6
14769,22722,SET OF 6 SPICE TINS PANTRY DESIGN,4
14769,22795,SWEETHEART RECIPE BOOK STAND,2
14769,22862,LOVE HEART NAPKIN BOX,4
14769,22984,CARD GINGHAM ROSE,12
14769,35004C,SET OF 3 COLOURED  FLYING DUCKS,3
14769,71459,HANGING JAM JAR T-LIGHT HOLDER,12
14769,82483,WOOD 2 DRAWER CABINET WHITE FINISH,4
14769,82484,WOOD BLACK BOARD ANT WHITE FINISH,3
14769,82486,WOOD S/3 CABINET ANT WHITE FINISH,2
14769,84755,COLOUR GLASS T-LIGHT HOLDER HANGING,16
14775,15036,ASSORTED COLOURS SILK FAN,12
14775,20971,PINK BLUE FELT CRAFT TRINKET BOX,12
14775,20972,PINK CREAM FELT CRAFT TRINKET BOX,12
14775,20973,12 PENCIL SMALL TUBE WOODLAND,24
14775,20974,12 PENCILS SMALL TUBE SKULL,24
14775,21069,VINTAGE BILLBOARD TEA MUG,12
14775,21788,KIDS RAIN MAC BLUE,24
14775,21908,CHOCOLATE THIS WAY METAL SIGN,24
14775,22321,BIRD DECORATION RED RETROSPOT,12
14775,22405,MONEY BOX POCKET MONEY DESIGN,12
14775,22406,MONEY BOX KINGS CHOICE DESIGN,12
14775,22408,MONEY BOX CONFECTIONERY DESIGN,12
14775,22489,PACK OF 12 TRADITIONAL CRAYONS,24
14775,22491,PACK OF 12 COLOURED PENCILS,24
14775,22492,MINI PAINT SET VINTAGE,72
14775,22558,CLOTHES PEGS RETROSPOT PACK 24,12
14775,22561,WOODEN SCHOOL COLOURING SET,12
14775,22567,20 DOLLY PEGS RETROSPOT,12
14775,37370,RETRO COFFEE MUGS ASSORTED,12
14775,85152,HAND OVER THE CHOCOLATE   SIGN,24
14796,21165,BEWARE OF THE CAT METAL SIGN,24
14796,21166,COOK WITH WINE METAL SIGN,12
14796,21175,GIN + TONIC DIET METAL SIGN,24
14796,21181,PLEASE ONE PERSON METAL SIGN,8
14796,21212,PACK OF 72 RETROSPOT CAKE CASES,4
14796,21215,IVORY PAPER CUP CAKE CASES,5
14796,21231,SWEETHEART CERAMIC TRINKET BOX,38
14796,21232,STRAWBERRY CERAMIC TRINKET BOX,28
14796,21260,FIRST AID TIN,1
14796,21383,PACK OF 12 STICKY BUNNIES,1
14796,21700,BIG DOUGHNUT FRIDGE MAGNETS,2
14796,21704,BAG 250g SWIRLY MARBLES,1
14796,21733,RED HANGING HEART T-LIGHT HOLDER,6
14796,21868,POTTING SHED TEA MUG,14
14796,21870,I CAN ONLY PLEASE ONE PERSON MUG,6
14796,21907,I'M ON HOLIDAY METAL SIGN,7
14796,21908,CHOCOLATE THIS WAY METAL SIGN,8
14796,21914,BLUE HARMONICA IN BOX,1
14796,21975,PACK OF 60 DINOSAUR CAKE CASES,2
14796,21976,PACK OF 60 MUSHROOM CAKE CASES,2
14796,21977,PACK OF 60 PINK PAISLEY CAKE CASES,13
14796,22057,CERAMIC PLATE STRAWBERRY DESIGN,4
14796,22059,CERAMIC STRAWBERRY DESIGN MUG,15
14796,22064,PINK DOUGHNUT TRINKET POT,16
14796,22065,CHRISTMAS PUDDING TRINKET POT,14
14796,22067,CHOC TRUFFLE GOLD TRINKET POT,8
14796,22197,SMALL POPCORN HOLDER,2
14796,22228,BUNNY WOODEN PAINTED WITH BIRD,1
14796,22294,HEART FILIGREE DOVE  SMALL,14
14796,22295,HEART FILIGREE DOVE LARGE,53
14796,22296,HEART IVORY TRELLIS LARGE,60
14796,22297,HEART IVORY TRELLIS SMALL,4
14796,22398,MAGNETS PACK OF 4 SWALLOWS,4
14796,22417,PACK OF 60 SPACEBOY CAKE CASES,6
14796,22423,REGENCY CAKESTAND 3 TIER,1
14796,22429,ENAMEL MEASURING JUG CREAM,1
14796,22450,SILK PURSE BABUSHKA BLUE,1
14796,22451,SILK PURSE BABUSHKA RED,1
14796,22536,MAGIC DRAWING SLATE PURDEY,1
14796,22630,DOLLY GIRL LUNCH BOX,36
14796,22644,CERAMIC CHERRY CAKE MONEY BANK,4
14796,22645,CERAMIC HEART FAIRY CAKE MONEY BANK,4
14796,22646,CERAMIC STRAWBERRY CAKE MONEY BANK,8
14796,22757,LARGE RED BABUSHKA NOTEBOOK,1
14796,22758,LARGE PURPLE BABUSHKA NOTEBOOK,1
14796,22900,SET 2 TEA TOWELS I LOVE LONDON,4
14796,22909,SET OF 20 VINTAGE CHRISTMAS NAPKINS,4
14796,22922,FRIDGE MAGNETS US DINER ASSORTED,12
14796,22923,FRIDGE MAGNETS LES ENFANTS ASSORTED,24
14796,22924,FRIDGE MAGNETS LA VIE EN ROSE,24
14796,22930,BAKING MOULD HEART MILK CHOCOLATE,1
14796,22931,BAKING MOULD HEART WHITE CHOCOLATE,1
14796,22932,BAKING MOULD TOFFEE CUP CHOCOLATE,1
14796,22937,BAKING MOULD CHOCOLATE CUPCAKES,2
14796,22952,60 CAKE CASES VINTAGE CHRISTMAS,12
14796,37447,CERAMIC CAKE DESIGN SPOTTED PLATE,4
14796,37448,CERAMIC CAKE DESIGN SPOTTED MUG,13
14796,47559B,TEA TIME OVEN GLOVE,8
14796,82567,"AIRLINE LOUNGE,METAL SIGN",2
14796,82582,AREA PATROLLED METAL SIGN,6
14796,82583,HOT BATHS METAL SIGN,8
14796,82599,FANNY'S REST STOPMETAL SIGN,2
14796,84378,SET OF 3 HEART COOKIE CUTTERS,3
14796,84380,SET OF 3 BUTTERFLY COOKIE CUTTERS,3
14796,84596B,SMALL DOLLY MIX DESIGN ORANGE BOWL,4
14796,84991,60 TEATIME FAIRY CAKE CASES,14
14796,84992,72 SWEETHEART FAIRY CAKE CASES,8
14796,85123A,WHITE HANGING HEART T-LIGHT HOLDER,32
14796,85152,HAND OVER THE CHOCOLATE   SIGN,12
14796,85227,SET OF 6 3D KIT CARDS FOR KIDS,1
14800,11001,ASSTD DESIGN RACING CAR PEN,16
14800,16033,MINI HIGHLIGHTER PENS,120
14800,16225,RATTLE SNAKE EGGS,10
14800,16237,SLEEPING CAT ERASERS,30
14800,20615,BLUE POLKADOT PASSPORT COVER,1
14800,20725,LUNCH BAG RED RETROSPOT,10
14800,20726,LUNCH BAG WOODLAND,10
14800,20727,LUNCH BAG  BLACK SKULL.,10
14800,20830,SILVER PHOTO FRAME,6
14800,20831,GOLD PHOTO FRAME,6
14800,21452,TOADSTOOL MONEY BOX,2
14800,21479,WHITE SKULL HOT WATER BOTTLE,2
14800,21481,FAWN BLUE HOT WATER BOTTLE,6
14800,21716,BOYS VINTAGE TIN SEASIDE BUCKET,12
14800,21790,VINTAGE SNAP CARDS,5
14800,21912,VINTAGE SNAKES & LADDERS,1
14800,21914,BLUE HARMONICA IN BOX,24
14800,21915,RED  HARMONICA IN BOX,24
14800,21967,PACK OF 12 SKULL TISSUES,12
14800,22029,SPACEBOY BIRTHDAY CARD,12
14800,22142,CHRISTMAS CRAFT WHITE FAIRY,4
14800,22174,PHOTO CUBE,4
14800,22382,LUNCH BAG SPACEBOY DESIGN,10
14800,22383,LUNCH BAG SUKI  DESIGN,20
14800,22398,MAGNETS PACK OF 4 SWALLOWS,12
14800,22399,MAGNETS PACK OF 4 CHILDHOOD MEMORY,12
14800,22403,MAGNETS PACK OF 4 VINTAGE LABELS,12
14800,22417,PACK OF 60 SPACEBOY CAKE CASES,24
14800,22418,10 COLOUR SPACEBOY PEN,12
14800,22440,BALLOON WATER BOMB PACK OF 35,10
14800,22489,PACK OF 12 TRADITIONAL CRAYONS,24
14800,22491,PACK OF 12 COLOURED PENCILS,12
14800,22492,MINI PAINT SET VINTAGE,36
14800,22548,HEADS AND TAILS SPORTING FUN,4
14800,22551,PLASTERS IN TIN SPACEBOY,26
14800,22553,PLASTERS IN TIN SKULLS,26
14800,22554,PLASTERS IN TIN WOODLAND ANIMALS,26
14800,22556,PLASTERS IN TIN CIRCUS PARADE,2
14800,22560,TRADITIONAL MODELLING CLAY,29
14800,22561,WOODEN SCHOOL COLOURING SET,5
14800,22562,MONSTERS STENCIL CRAFT,5
14800,22563,HAPPY STENCIL CRAFT,5
14800,22564,ALPHABET STENCIL CRAFT,5
14800,22616,PACK OF 12 LONDON TISSUES,12
14800,22620,4 TRADITIONAL SPINNING TOPS,5
14800,22629,SPACEBOY LUNCH BOX,15
14800,22630,DOLLY GIRL LUNCH BOX,5
14800,22633,HAND WARMER UNION JACK,2
14800,22659,LUNCH BOX I LOVE LONDON,15
14800,22662,LUNCH BAG DOLLY GIRL DESIGN,10
14800,22712,CARD DOLLY GIRL,12
14800,22746,POPPY'S PLAYHOUSE LIVINGROOM,10
14800,22748,POPPY'S PLAYHOUSE KITCHEN,20
14800,22749,FELTCRAFT PRINCESS CHARLOTTE DOLL,5
14800,22750,FELTCRAFT PRINCESS LOLA DOLL,5
14800,22758,LARGE PURPLE BABUSHKA NOTEBOOK,2
14800,22834,HAND WARMER BABUSHKA DESIGN,26
14800,22837,HOT WATER BOTTLE BABUSHKA,5
14800,22865,HAND WARMER OWL DESIGN,2
14800,22940,FELTCRAFT CHRISTMAS FAIRY,15
14800,22951,60 CAKE CASES DOLLY GIRL DESIGN,24
14800,22964,3 PIECE SPACEBOY COOKIE CUTTER SET,2
14800,22972,CHILDREN'S SPACEBOY MUG,6
14800,22974,CHILDRENS DOLLY GIRL MUG,6
14800,84029G,KNITTED UNION FLAG HOT WATER BOTTLE,1
14800,84032A,CHARLIE+LOLA PINK HOT WATER BOTTLE,2
14800,84032B,CHARLIE + LOLA RED HOT WATER BOTTLE,2
14800,84077,WORLD WAR 2 GLIDERS ASSTD DESIGNS,96
14800,84375,SET OF 20 KIDS COOKIE CUTTERS,12
14800,84559A,3D SHEET OF DOG STICKERS,5
14800,84559B,3D SHEET OF CAT STICKERS,5
14800,84581,DOG TOY WITH PINK CROCHET SKIRT,1
14800,84827,ASS DES PHONE SPONGE CRAFT STICKER,60
14800,85071A,BLUE CHARLIE+LOLA PERSONAL DOORSIGN,3
14800,85071B,RED CHARLIE+LOLA PERSONAL DOORSIGN,1
14800,85071D,CHARLIE+LOLA MY ROOM DOOR SIGN,2
14800,85124B,BLUE JUICY FRUIT PHOTO FRAME,12
14800,85124C,GREEN JUICY FRUIT PHOTO FRAME,12
14800,90167,BEADED LOVE HEART JEWELLERY SET,10
14810,20981,12 PENCILS TALL TUBE WOODLAND,4
14810,21169,YOU'RE CONFUSING ME METAL SIGN,1
14810,21871,SAVE THE PLANET MUG,6
14810,21929,JUMBO BAG PINK VINTAGE PAISLEY,5
14810,22382,LUNCH BAG SPACEBOY DESIGN,5
14810,22385,JUMBO BAG SPACEBOY DESIGN,5
14810,22551,PLASTERS IN TIN SPACEBOY,5
14810,22557,PLASTERS IN TIN VINTAGE PAISLEY,5
14810,22629,SPACEBOY LUNCH BOX,5
14810,22630,DOLLY GIRL LUNCH BOX,4
14810,22634,CHILDS BREAKFAST SET SPACEBOY,1
14810,22635,CHILDS BREAKFAST SET DOLLY GIRL,1
14810,22637,PIGGY BANK RETROSPOT,2
14810,22726,ALARM CLOCK BAKELIKE GREEN,1
14810,22727,ALARM CLOCK BAKELIKE RED,1
14810,22804,CANDLEHOLDER PINK HANGING HEART,2
14810,22899,CHILDREN'S APRON DOLLY GIRL,4
14810,22972,CHILDREN'S SPACEBOY MUG,6
14810,22974,CHILDRENS DOLLY GIRL MUG,6
14810,82482,WOODEN PICTURE FRAME WHITE FINISH,2
14810,85099F,JUMBO BAG STRAWBERRY,10
14810,85232B,SET OF 3 BABUSHKA STACKING TINS,3
14813,17091J,VANILLA INCENSE IN TIN,1
14813,20828,GLITTER BUTTERFLY CLIPS,2
14813,21034,REX CASH+CARRY JUMBO SHOPPER,1
14813,21955,DOORMAT UNION JACK GUNS AND ROSES,1
14813,21982,PACK OF 12 SUKI TISSUES,12
14813,22449,SILK PURSE BABUSHKA PINK,1
14813,22450,SILK PURSE BABUSHKA BLUE,1
14813,22451,SILK PURSE BABUSHKA RED,2
14813,22585,PACK OF 6 BIRDY GIFT TAGS,2
14813,22632,HAND WARMER RED RETROSPOT,5
14813,22633,HAND WARMER UNION JACK,6
14813,22654,DELUXE SEWING KIT,1
14813,22752,SET 7 BABUSHKA NESTING BOXES,4
14813,22753,SMALL YELLOW BABUSHKA NOTEBOOK,2
14813,22754,SMALL RED BABUSHKA NOTEBOOK,1
14813,22755,SMALL PURPLE BABUSHKA NOTEBOOK,1
14813,22758,LARGE PURPLE BABUSHKA NOTEBOOK,1
14813,22834,HAND WARMER BABUSHKA DESIGN,7
14813,22837,HOT WATER BOTTLE BABUSHKA,1
14813,22865,HAND WARMER OWL DESIGN,2
14813,22866,HAND WARMER SCOTTY DOG DESIGN,3
14813,22867,HAND WARMER BIRD DESIGN,4
14813,72349B,SET/6 PURPLE BUTTERFLY T-LIGHTS,1
14813,84508B,STRIPES DESIGN TEDDY,2
14813,85124C,GREEN JUICY FRUIT PHOTO FRAME,3
14821,22158,3 HEARTS HANGING DECORATION RUSTIC,8
14821,22867,HAND WARMER BIRD DESIGN,12
14825,21407,BROWN CHECK CAT DOORSTOP,3
14825,21621,VINTAGE UNION JACK BUNTING,10
14825,21733,RED HANGING HEART T-LIGHT HOLDER,6
14825,22080,RIBBON REEL POLKADOTS,10
14825,22086,PAPER CHAIN KIT 50'S CHRISTMAS,18
14825,22188,BLACK HEART CARD HOLDER,4
14825,22189,CREAM HEART CARD HOLDER,4
14825,22575,METAL MERRY CHRISTMAS WREATH,16
14825,22617,BAKING SET SPACEBOY DESIGN,3
14825,22637,PIGGY BANK RETROSPOT,4
14825,22784,LANTERN CREAM GAZEBO,3
14825,22835,HOT WATER BOTTLE I AM SO POORLY,4
14825,22910,PAPER CHAIN KIT VINTAGE CHRISTMAS,6
14825,22926,IVORY GIANT GARDEN THERMOMETER,2
14825,22966,GINGERBREAD MAN COOKIE CUTTER,12
14825,47503A,ASS FLORAL PRINT MULTI SCREWDRIVER,24
14825,85123A,WHITE HANGING HEART T-LIGHT HOLDER,12
14829,22024,RAINY LADIES BIRTHDAY CARD,12
14829,22028,PENNY FARTHING BIRTHDAY CARD,12
14829,22031,BOTANICAL LAVENDER BIRTHDAY CARD,12
14829,22099,CARAVAN SQUARE TISSUE BOX,12
14829,22379,RECYCLING BAG RETROSPOT,5
14829,22411,JUMBO SHOPPER VINTAGE RED PAISLEY,10
14829,22716,CARD CIRCUS PARADE,12
14829,22717,CARD DOG AND BALL,12
14829,22718,CARD CAT AND TREE,12
14829,22720,SET OF 3 CAKE TINS PANTRY DESIGN,6
14829,22722,SET OF 6 SPICE TINS PANTRY DESIGN,8
14829,22726,ALARM CLOCK BAKELIKE GREEN,4
14829,22727,ALARM CLOCK BAKELIKE RED,4
14829,22730,ALARM CLOCK BAKELIKE IVORY,4
14829,22744,MAKE YOUR OWN MONSOON CARD KIT,6
14829,22814,CARD PARTY GAMES,12
14829,22909,SET OF 20 VINTAGE CHRISTMAS NAPKINS,12
14829,22960,JAM MAKING SET WITH JARS,6
14829,22961,JAM MAKING SET PRINTED,24
14829,22969,HOMEMADE JAM SCENTED CANDLES,12
14829,22983,CARD BILLBOARD FONT,12
14829,47567B,TEA TIME KITCHEN APRON,3
14829,47591D,PINK FAIRY CAKE CHILDRENS APRON,8
14829,84378,SET OF 3 HEART COOKIE CUTTERS,12
14829,84799,SPRIG LAVENDER ARTIFICIAL FLOWER,48
14829,85099C,JUMBO  BAG BAROQUE BLACK WHITE,10
14841,21631,HIPPY CHIC DECORATIVE PARASOL,12
14841,21733,RED HANGING HEART T-LIGHT HOLDER,6
14841,21879,HEARTS GIFT TAPE,24
14841,22060,LARGE CAKE STAND HANGING HEARTS,4
14841,22061,LARGE CAKE STAND  HANGING STRAWBERY,2
14841,22062,CERAMIC BOWL WITH LOVE HEART DESIGN,6
14841,22377,BOTTLE BAG RETROSPOT,20
14841,22473,TV DINNER TRAY VINTAGE PAISLEY,8
14841,22694,WICKER STAR,12
14841,22700,BLACK AND WHITE DOG BOWL,24
14841,22702,BLACK AND WHITE CAT BOWL,24
14841,22766,PHOTO FRAME CORNICE,8
14841,22851,SET 20 NAPKINS FAIRY CAKES DESIGN,12
14841,22907,PACK OF 20 NAPKINS PANTRY DESIGN,12
14841,70006,LOVE HEART POCKET WARMER,30
14841,82494L,WOODEN FRAME ANTIQUE WHITE,6
14841,84660B,BLACK STITCHED WALL CLOCK,20
14841,84660C,PINK STITCHED WALL CLOCK,20
14841,90057,DIAMANTE RING ASSORTED IN BOX.,24
14849,21121,SET/10 RED POLKADOT PARTY CANDLES,24
14849,21122,SET/10 PINK POLKADOT PARTY CANDLES,24
14849,21257,VICTORIAN SEWING BOX MEDIUM,4
14849,21259,VICTORIAN SEWING BOX SMALL,4
14849,21484,CHICK GREY HOT WATER BOTTLE,14
14849,21485,RETROSPOT HEART HOT WATER BOTTLE,6
14849,21586,KINGS CHOICE GIANT TUBE MATCHES,12
14849,21977,PACK OF 60 PINK PAISLEY CAKE CASES,24
14849,22670,FRENCH WC SIGN BLUE METAL,12
14849,22721,SET OF 3 CAKE TINS SKETCHBOOK,3
14849,22722,SET OF 6 SPICE TINS PANTRY DESIGN,4
14849,22723,SET OF 6 HERB TINS SKETCHBOOK,4
14849,22925,BLUE GIANT GARDEN THERMOMETER,2
14849,22926,IVORY GIANT GARDEN THERMOMETER,4
14849,22927,GREEN GIANT GARDEN THERMOMETER,2
14849,22960,JAM MAKING SET WITH JARS,18
14849,22961,JAM MAKING SET PRINTED,24
14849,82552,WASHROOM METAL SIGN,12
14849,84692,BOX OF 24 COCKTAIL PARASOLS,25
14849,84849B,FAIRY SOAP SOAP HOLDER,12
14849,84879,ASSORTED COLOUR BIRD ORNAMENT,24
14849,84991,60 TEATIME FAIRY CAKE CASES,24
14849,84992,72 SWEETHEART FAIRY CAKE CASES,24
14865,15036,ASSORTED COLOURS SILK FAN,24
14865,40016,CHINESE DRAGON PAPER LANTERNS,24
14865,72232,FENG SHUI PILLAR CANDLE,48
14866,21790,VINTAGE SNAP CARDS,144
14871,21314,SMALL GLASS HEART TRINKET POT,4
14871,21363,HOME SMALL WOOD LETTERS,1
14871,21485,RETROSPOT HEART HOT WATER BOTTLE,1
14871,21586,KINGS CHOICE GIANT TUBE MATCHES,3
14871,21658,GLASS  BEURRE DISH,2
14871,21756,BATH BUILDING BLOCK WORD,4
14871,22111,SCOTTIE DOG HOT WATER BOTTLE,1
14871,22112,CHOCOLATE HOT WATER BOTTLE,1
14871,22119,PEACE WOODEN BLOCK LETTERS,1
14871,22158,3 HEARTS HANGING DECORATION RUSTIC,2
14871,22474,SPACEBOY TV DINNER TRAY,1
14871,22554,PLASTERS IN TIN WOODLAND ANIMALS,2
14871,22555,PLASTERS IN TIN STRONGMAN,1
14871,22556,PLASTERS IN TIN CIRCUS PARADE,1
14871,22557,PLASTERS IN TIN VINTAGE PAISLEY,2
14871,22726,ALARM CLOCK BAKELIKE GREEN,1
14871,22960,JAM MAKING SET WITH JARS,1
14871,71477,COLOUR GLASS. STAR T-LIGHT HOLDER,4
14871,82483,WOOD 2 DRAWER CABINET WHITE FINISH,2
14871,84029E,RED WOOLLY HOTTIE WHITE HEART.,1
14871,84030E,ENGLISH ROSE HOT WATER BOTTLE,2
14878,21231,SWEETHEART CERAMIC TRINKET BOX,12
14878,21232,STRAWBERRY CERAMIC TRINKET BOX,12
14878,22055,MINI CAKE STAND  HANGING STRAWBERY,8
14878,22059,CERAMIC STRAWBERRY DESIGN MUG,12
14878,22063,CERAMIC BOWL WITH STRAWBERRY DESIGN,6
14878,22649,STRAWBERRY FAIRY CAKE TEAPOT,24
14878,22900,SET 2 TEA TOWELS I LOVE LONDON,12
14878,22902,TOTE BAG I LOVE LONDON,12
14878,37446,MINI CAKE STAND WITH HANGING CAKES,8
14878,37448,CERAMIC CAKE DESIGN SPOTTED MUG,12
14878,37450,CERAMIC CAKE BOWL + HANGING CAKES,6
14878,47567B,TEA TIME KITCHEN APRON,3
14878,47591D,PINK FAIRY CAKE CHILDRENS APRON,8
14896,20761,BLUE PAISLEY SKETCHBOOK,1
14896,21080,SET/20 RED RETROSPOT PAPER NAPKINS,2
14896,21164,HOME SWEET HOME METAL SIGN,2
14896,21166,COOK WITH WINE METAL SIGN,2
14896,21169,YOU'RE CONFUSING ME METAL SIGN,3
14896,21181,PLEASE ONE PERSON METAL SIGN,2
14896,21212,PACK OF 72 RETROSPOT CAKE CASES,6
14896,21539,RED RETROSPOT BUTTER DISH,3
14896,21592,RETROSPOT CIGAR BOX MATCHES,4
14896,21733,RED HANGING HEART T-LIGHT HOLDER,5
14896,21754,HOME BUILDING BLOCK WORD,3
14896,21755,LOVE BUILDING BLOCK WORD,3
14896,21756,BATH BUILDING BLOCK WORD,4
14896,21843,RED RETROSPOT CAKE STAND,1
14896,21870,I CAN ONLY PLEASE ONE PERSON MUG,12
14896,21899,"KEY FOB , GARAGE DESIGN",25
14896,21900,"KEY FOB , SHED",22
14896,21901,"KEY FOB , BACK DOOR",19
14896,21902,"KEY FOB , FRONT  DOOR",16
14896,21977,PACK OF 60 PINK PAISLEY CAKE CASES,8
14896,22315,200 RED + WHITE BENDY STRAWS,2
14896,22412,METAL SIGN NEIGHBOURHOOD WITCH,2
14896,22457,NATURAL SLATE HEART CHALKBOARD,4
14896,22567,20 DOLLY PEGS RETROSPOT,2
14896,22745,POPPY'S PLAYHOUSE BEDROOM,1
14896,22867,HAND WARMER BIRD DESIGN,1
14896,22910,PAPER CHAIN KIT VINTAGE CHRISTMAS,1
14896,82552,WASHROOM METAL SIGN,7
14896,82580,BATHROOM METAL SIGN,3
14896,84520B,PACK 20 ENGLISH ROSE PAPER NAPKINS,6
14896,84991,60 TEATIME FAIRY CAKE CASES,7
14896,84992,72 SWEETHEART FAIRY CAKE CASES,5
14898,21781,MA CAMPAGNE CUTLERY BOX,1
14898,22072,RED RETROSPOT TEA CUP AND SAUCER,8
14898,84880,WHITE WIRE EGG HOLDER,9
14901,21524,DOORMAT SPOTTY HOME SWEET HOME,1
14901,22086,PAPER CHAIN KIT 50'S CHRISTMAS,10
14901,22301,COFFEE MUG CAT + BIRD DESIGN,7
14901,22446,PIN CUSHION BABUSHKA PINK,3
14901,22557,PLASTERS IN TIN VINTAGE PAISLEY,4
14901,22728,ALARM CLOCK BAKELIKE PINK,5
14901,22730,ALARM CLOCK BAKELIKE IVORY,4
14901,22832,BROCANTE SHELF WITH HOOKS,4
14901,22838,3 TIER CAKE TIN RED AND CREAM,2
14901,22839,3 TIER CAKE TIN GREEN AND CREAM,4
14901,22909,SET OF 20 VINTAGE CHRISTMAS NAPKINS,24
14901,22916,HERB MARKER THYME,2
14901,22917,HERB MARKER ROSEMARY,2
14901,22918,HERB MARKER PARSLEY,2
14901,22919,HERB MARKER MINT,2
14901,22920,HERB MARKER BASIL,2
14901,22921,HERB MARKER CHIVES,2
14901,22926,IVORY GIANT GARDEN THERMOMETER,1
14901,22930,BAKING MOULD HEART MILK CHOCOLATE,2
14901,22931,BAKING MOULD HEART WHITE CHOCOLATE,2
14901,22935,BAKING MOULD ROSE MILK CHOCOLATE,3
14901,22936,BAKING MOULD ROSE WHITE CHOCOLATE,3
14901,22937,BAKING MOULD CHOCOLATE CUPCAKES,12
14901,22941,CHRISTMAS LIGHTS 10 REINDEER,3
14901,22952,60 CAKE CASES VINTAGE CHRISTMAS,48
14901,22960,JAM MAKING SET WITH JARS,14
14901,22961,JAM MAKING SET PRINTED,18
14901,22965,3 TRADITIONAl BISCUIT CUTTERS  SET,2
14901,22966,GINGERBREAD MAN COOKIE CUTTER,4
14901,84378,SET OF 3 HEART COOKIE CUTTERS,2
14901,84380,SET OF 3 BUTTERFLY COOKIE CUTTERS,12
14907,20685,DOORMAT RED RETROSPOT,2
14907,20967,GREY FLORAL FELTCRAFT SHOULDER BAG,4
14907,20969,RED FLORAL FELTCRAFT SHOULDER BAG,4
14907,20970,PINK FLORAL FELTCRAFT SHOULDER BAG,4
14907,21136,PAINTED METAL PEARS ASSORTED,8
14907,21481,FAWN BLUE HOT WATER BOTTLE,12
14907,21484,CHICK GREY HOT WATER BOTTLE,8
14907,21485,RETROSPOT HEART HOT WATER BOTTLE,3
14907,21790,VINTAGE SNAP CARDS,12
14907,21791,VINTAGE HEADS AND TAILS CARD GAME,12
14907,21868,POTTING SHED TEA MUG,12
14907,21876,POTTERING MUG,12
14907,22077,6 RIBBONS RUSTIC CHARM,12
14907,22111,SCOTTIE DOG HOT WATER BOTTLE,6
14907,22112,CHOCOLATE HOT WATER BOTTLE,12
14907,22113,GREY HEART HOT WATER BOTTLE,16
14907,22114,HOT WATER BOTTLE TEA AND SYMPATHY,8
14907,22147,FELTCRAFT BUTTERFLY HEARTS,24
14907,22149,FELTCRAFT 6 FLOWER FRIENDS,12
14907,22273,FELTCRAFT DOLL MOLLY,6
14907,22274,FELTCRAFT DOLL EMILY,6
14907,22450,SILK PURSE BABUSHKA BLUE,6
14907,22548,HEADS AND TAILS SPORTING FUN,12
14907,22568,FELTCRAFT CUSHION OWL,8
14907,22570,FELTCRAFT CUSHION RABBIT,4
14907,22576,SWALLOW WOODEN CHRISTMAS DECORATION,12
14907,22585,PACK OF 6 BIRDY GIFT TAGS,12
14907,22605,WOODEN CROQUET GARDEN SET,2
14907,22607,WOODEN ROUNDERS GARDEN SET,2
14907,22621,TRADITIONAL KNITTING NANCY,12
14907,22749,FELTCRAFT PRINCESS CHARLOTTE DOLL,4
14907,22751,FELTCRAFT PRINCESS OLIVIA DOLL,4
14907,22835,HOT WATER BOTTLE I AM SO POORLY,4
14907,22865,HAND WARMER OWL DESIGN,15
14907,22866,HAND WARMER SCOTTY DOG DESIGN,24
14907,22940,FELTCRAFT CHRISTMAS FAIRY,8
14907,48173C,DOORMAT BLACK FLOCK,2
14907,48188,DOORMAT WELCOME PUPPIES,2
14907,84029E,RED WOOLLY HOTTIE WHITE HEART.,8
14907,84029G,KNITTED UNION FLAG HOT WATER BOTTLE,8
14907,84879,ASSORTED COLOUR BIRD ORNAMENT,8
14907,85049A,TRADITIONAL CHRISTMAS RIBBONS,12
14913,10135,COLOURING PENCILS BROWN TUBE,20
14913,16011,ANIMAL STICKERS,24
14913,16012,FOOD/DRINK SPONGE STICKERS,24
14913,16225,RATTLE SNAKE EGGS,24
14913,20704,MR ROBOT SOFT TOY,8
14913,21110,LARGE CAKE TOWEL PINK SPOTS,24
14913,21112,"SWISS ROLL TOWEL, PINK  SPOTS",24
14913,21829,DINOSAUR KEYRINGS ASSORTED,36
14913,21883,STARS GIFT TAPE,24
14913,22423,REGENCY CAKESTAND 3 TIER,3
14913,22609,PENS ASSORTED SPACEBALL,72
14913,22610,PENS ASSORTED FUNNY FACE,72
14913,22960,JAM MAKING SET WITH JARS,6
14913,70007,HI TEC ALPINE HAND WARMER,30
14913,79321,CHILLI LIGHTS,4
14913,85170D,SET/6 PINK BIRD T-LIGHT CANDLES,12
14913,85174,S/4 CACTI CANDLES,16
14952,21326,AGED GLASS SILVER T-LIGHT HOLDER,192
14952,22178,VICTORIAN GLASS HANGING T-LIGHT,96
14952,22366,DOORMAT AIRMAIL,10
14952,22690,DOORMAT HOME SWEET HOME BLUE,10
14952,48116,DOORMAT MULTICOLOUR STRIPE,10
14952,48129,DOORMAT TOPIARY,10
14952,84949,SILVER HANGING T-LIGHT HOLDER,144
14961,20725,LUNCH BAG RED RETROSPOT,10
14961,20727,LUNCH BAG  BLACK SKULL.,10
14961,21213,PACK OF 72 SKULL CAKE CASES,24
14961,21485,RETROSPOT HEART HOT WATER BOTTLE,6
14961,21558,SKULL LUNCH BOX WITH CUTLERY,6
14961,21559,STRAWBERRY LUNCH BOX WITH CUTLERY,6
14961,21561,DINOSAUR LUNCH BOX WITH CUTLERY,6
14961,21891,TRADITIONAL WOODEN SKIPPING ROPE,12
14961,21892,TRADITIONAL WOODEN CATCH CUP GAME,12
14961,22085,PAPER CHAIN KIT SKULLS,6
14961,22086,PAPER CHAIN KIT 50'S CHRISTMAS,12
14961,22111,SCOTTIE DOG HOT WATER BOTTLE,6
14961,22112,CHOCOLATE HOT WATER BOTTLE,6
14961,22150,3 STRIPEY MICE FELTCRAFT,12
14961,22197,SMALL POPCORN HOLDER,100
14961,22198,LARGE POPCORN HOLDER,100
14961,22271,FELTCRAFT DOLL ROSIE,12
14961,22274,FELTCRAFT DOLL EMILY,12
14961,22384,LUNCH BAG PINK POLKADOT,10
14961,22565,FELTCRAFT HAIRBANDS PINK AND WHITE,12
14961,22566,FELTCRAFT HAIRBAND PINK AND PURPLE,12
14961,22620,4 TRADITIONAL SPINNING TOPS,12
14961,22720,SET OF 3 CAKE TINS PANTRY DESIGN,6
14961,22722,SET OF 6 SPICE TINS PANTRY DESIGN,4
14961,22749,FELTCRAFT PRINCESS CHARLOTTE DOLL,12
14961,22795,SWEETHEART RECIPE BOOK STAND,16
14961,22835,HOT WATER BOTTLE I AM SO POORLY,8
14961,22900,SET 2 TEA TOWELS I LOVE LONDON,12
14961,22910,PAPER CHAIN KIT VINTAGE CHRISTMAS,12
14961,22911,PAPER CHAIN KIT LONDON,12
14961,22930,BAKING MOULD HEART MILK CHOCOLATE,6
14961,22932,BAKING MOULD TOFFEE CUP CHOCOLATE,6
14961,22935,BAKING MOULD ROSE MILK CHOCOLATE,6
14961,22937,BAKING MOULD CHOCOLATE CUPCAKES,12
14961,22960,JAM MAKING SET WITH JARS,12
14961,22961,JAM MAKING SET PRINTED,24
14961,84029G,KNITTED UNION FLAG HOT WATER BOTTLE,8
14961,84880,WHITE WIRE EGG HOLDER,6
14985,16236,KITTY PENCIL ERASERS,12
14985,20658,RED RETROSPOT LUGGAGE TAG,2
14985,21034,REX CASH+CARRY JUMBO SHOPPER,7
14985,21041,RED RETROSPOT OVEN GLOVE DOUBLE,1
14985,21154,RED RETROSPOT OVEN GLOVE,1
14985,21210,SET OF 72 RETROSPOT PAPER  DOILIES,2
14985,21284,RETROSPOT CANDLE  SMALL,2
14985,21286,RETROSPOT CANDLE  LARGE,1
14985,21348,PINK SPOTS CHOCOLATE NESTING BOXES,1
14985,21584,RETROSPOT SMALL TUBE MATCHES,1
14985,21640,ASSORTED TUTTI FRUTTI  FOB NOTEBOOK,3
14985,21642,ASSORTED TUTTI FRUTTI PEN,7
14985,21644,ASSORTED TUTTI FRUTTI HEART BOX,6
14985,21791,VINTAGE HEADS AND TAILS CARD GAME,1
14985,21888,BINGO SET,1
14985,21931,JUMBO STORAGE BAG SUKI,2
14985,22074,6 RIBBONS SHIMMERING PINKS,1
14985,22075,6 RIBBONS ELEGANT CHRISTMAS,3
14985,22076,6 RIBBONS EMPIRE,1
14985,22086,PAPER CHAIN KIT 50'S CHRISTMAS,1
14985,22312,OFFICE MUG WARMER POLKADOT,1
14985,22396,MAGNETS PACK OF 4 RETRO PHOTO,2
14985,22398,MAGNETS PACK OF 4 SWALLOWS,1
14985,22400,MAGNETS PACK OF 4 HOME SWEET HOME,1
14985,22402,MAGNETS PACK OF 4 VINTAGE COLLAGE,1
14985,22438,BALLOON ART MAKE YOUR OWN FLOWERS,2
14985,22473,TV DINNER TRAY VINTAGE PAISLEY,1
14985,22493,PAINT YOUR OWN CANVAS SET,1
14985,22529,MAGIC DRAWING SLATE GO TO THE FAIR,2
14985,22530,MAGIC DRAWING SLATE DOLLY GIRL,1
14985,22533,MAGIC DRAWING SLATE BAKE A CAKE,1
14985,22534,MAGIC DRAWING SLATE SPACEBOY,1
14985,22535,MAGIC DRAWING SLATE BUNNIES,1
14985,22536,MAGIC DRAWING SLATE PURDEY,2
14985,22557,PLASTERS IN TIN VINTAGE PAISLEY,1
14985,22563,HAPPY STENCIL CRAFT,1
14985,22564,ALPHABET STENCIL CRAFT,1
14985,22583,PACK OF 6 HANDBAG GIFT BOXES,2
14985,22584,PACK OF 6 PANNETONE GIFT BOXES,2
14985,22622,BOX OF VINTAGE ALPHABET BLOCKS,1
14985,22667,RECIPE BOX RETROSPOT,1
14985,22809,SET OF 6 T-LIGHTS SANTA,1
14985,72818,CHRISTMAS DECOUPAGE CANDLE,1
14985,84991,60 TEATIME FAIRY CAKE CASES,2
14985,85099C,JUMBO  BAG BAROQUE BLACK WHITE,2
14987,21733,RED HANGING HEART T-LIGHT HOLDER,32
14987,85123A,WHITE HANGING HEART T-LIGHT HOLDER,32
15002,21407,BROWN CHECK CAT DOORSTOP,2
15002,21411,GINGHAM HEART  DOORSTOP RED,4
15002,21452,TOADSTOOL MONEY BOX,4
15002,21755,LOVE BUILDING BLOCK WORD,3
15002,21811,CHRISTMAS HANGING HEART WITH BELL,48
15002,21812,GARLAND WITH HEARTS AND BELLS,12
15002,21818,GLITTER CHRISTMAS HEART,36
15002,22065,CHRISTMAS PUDDING TRINKET POT,4
15002,22077,6 RIBBONS RUSTIC CHARM,8
15002,22086,PAPER CHAIN KIT 50'S CHRISTMAS,6
15002,22118,JOY WOODEN BLOCK LETTERS,2
15002,22119,PEACE WOODEN BLOCK LETTERS,2
15002,22121,NOEL WOODEN BLOCK LETTERS,2
15002,22158,3 HEARTS HANGING DECORATION RUSTIC,8
15002,22186,RED STAR CARD HOLDER,4
15002,22469,HEART OF WICKER SMALL,9
15002,22470,HEART OF WICKER LARGE,3
15002,22508,DOORSTOP RETROSPOT HEART,2
15002,22589,CARDHOLDER GINGHAM STAR,30
15002,22637,PIGGY BANK RETROSPOT,4
15002,22694,WICKER STAR,10
15002,22804,CANDLEHOLDER PINK HANGING HEART,6
15002,22809,SET OF 6 T-LIGHTS SANTA,6
15002,22810,SET OF 6 T-LIGHTS SNOWMEN,6
15002,22966,GINGERBREAD MAN COOKIE CUTTER,12
15002,72741,GRAND CHOCOLATECANDLE,9
15002,84029E,RED WOOLLY HOTTIE WHITE HEART.,6
15002,84378,SET OF 3 HEART COOKIE CUTTERS,6
15002,85038,6 CHOCOLATE LOVE HEART T-LIGHTS,6
15002,85123A,WHITE HANGING HEART T-LIGHT HOLDER,19
15005,20685,DOORMAT RED RETROSPOT,2
15005,20713,JUMBO BAG OWLS,2
15005,20723,STRAWBERRY CHARLOTTE BAG,16
15005,20724,RED RETROSPOT CHARLOTTE BAG,10
15005,20726,LUNCH BAG WOODLAND,2
15005,20973,12 PENCIL SMALL TUBE WOODLAND,4
15005,20974,12 PENCILS SMALL TUBE SKULL,4
15005,20975,12 PENCILS SMALL TUBE RED RETROSPOT,4
15005,21039,RED RETROSPOT SHOPPING BAG,2
15005,21080,SET/20 RED RETROSPOT PAPER NAPKINS,2
15005,21154,RED RETROSPOT OVEN GLOVE,2
15005,21166,COOK WITH WINE METAL SIGN,1
15005,21175,GIN + TONIC DIET METAL SIGN,2
15005,21231,SWEETHEART CERAMIC TRINKET BOX,8
15005,21239,PINK  POLKADOT CUP,5
15005,21481,FAWN BLUE HOT WATER BOTTLE,2
15005,21733,RED HANGING HEART T-LIGHT HOLDER,2
15005,21843,RED RETROSPOT CAKE STAND,1
15005,21870,I CAN ONLY PLEASE ONE PERSON MUG,2
15005,21874,GIN AND TONIC MUG,4
15005,21930,JUMBO STORAGE BAG SKULLS,2
15005,22042,CHRISTMAS CARD SINGING ANGEL,12
15005,22059,CERAMIC STRAWBERRY DESIGN MUG,2
15005,22065,CHRISTMAS PUDDING TRINKET POT,4
15005,22068,BLACK PIRATE TREASURE CHEST,2
15005,22113,GREY HEART HOT WATER BOTTLE,2
15005,22131,FOOD CONTAINER SET 3 LOVE HEART,4
15005,22175,PINK OWL SOFT TOY,3
15005,22176,BLUE OWL SOFT TOY,3
15005,22197,SMALL POPCORN HOLDER,13
15005,22198,LARGE POPCORN HOLDER,6
15005,22356,CHARLOTTE BAG PINK POLKADOT,6
15005,22382,LUNCH BAG SPACEBOY DESIGN,2
15005,22383,LUNCH BAG SUKI  DESIGN,2
15005,22385,JUMBO BAG SPACEBOY DESIGN,2
15005,22469,HEART OF WICKER SMALL,8
15005,22644,CERAMIC CHERRY CAKE MONEY BANK,4
15005,22646,CERAMIC STRAWBERRY CAKE MONEY BANK,8
15005,22649,STRAWBERRY FAIRY CAKE TEAPOT,2
15005,22650,CERAMIC PIRATE CHEST MONEY BANK,8
15005,22662,LUNCH BAG DOLLY GIRL DESIGN,2
15005,22804,CANDLEHOLDER PINK HANGING HEART,2
15005,22816,CARD MOTORBIKE SANTA,12
15005,22834,HAND WARMER BABUSHKA DESIGN,9
15005,22851,SET 20 NAPKINS FAIRY CAKES DESIGN,4
15005,22867,HAND WARMER BIRD DESIGN,7
15005,22890,NOVELTY BISCUITS CAKE STAND 3 TIER,2
15005,22909,SET OF 20 VINTAGE CHRISTMAS NAPKINS,3
15005,22969,HOMEMADE JAM SCENTED CANDLES,12
15005,37446,MINI CAKE STAND WITH HANGING CAKES,2
15005,37449,CERAMIC CAKE STAND + HANGING CAKES,1
15005,46000M,POLYESTER FILLER PAD 45x45cm,4
15005,47599A,PINK PARTY BAGS,1
15005,47599B,BLUE PARTY BAGS,1
15005,82482,WOODEN PICTURE FRAME WHITE FINISH,6
15005,82483,WOOD 2 DRAWER CABINET WHITE FINISH,4
15005,82484,WOOD BLACK BOARD ANT WHITE FINISH,2
15005,82494L,WOODEN FRAME ANTIQUE WHITE,4
15005,84507B,STRIPES DESIGN MONKEY DOLL,3
15005,84507C,BLUE CIRCLES DESIGN MONKEY DOLL,3
15005,84508A,CAMOUFLAGE DESIGN TEDDY,2
15005,84987,SET OF 36 TEATIME PAPER DOILIES,3
15005,85099C,JUMBO  BAG BAROQUE BLACK WHITE,2
15005,85123A,WHITE HANGING HEART T-LIGHT HOLDER,2
15005,85152,HAND OVER THE CHOCOLATE   SIGN,1
15012,20914,SET/5 RED RETROSPOT LID GLASS BOWLS,1
15012,20972,PINK CREAM FELT CRAFT TRINKET BOX,1
15012,21041,RED RETROSPOT OVEN GLOVE DOUBLE,1
15012,21098,CHRISTMAS TOILET ROLL,2
15012,21121,SET/10 RED POLKADOT PARTY CANDLES,2
15012,21122,SET/10 PINK POLKADOT PARTY CANDLES,2
15012,21124,SET/10 BLUE POLKADOT PARTY CANDLES,2
15012,21190,PINK HEARTS PAPER GARLAND,1
15012,21192,WHITE BELL HONEYCOMB PAPER,3
15012,21197,MULTICOLOUR  CONFETTI IN TUBE,1
15012,21326,AGED GLASS SILVER T-LIGHT HOLDER,12
15012,21664,RIDGED GLASS STORAGE JAR CREAM LID,3
15012,21742,LARGE ROUND WICKER PLATTER,1
15012,21810,CHRISTMAS HANGING STAR WITH BELL,3
15012,21931,JUMBO STORAGE BAG SUKI,1
15012,22107,PIZZA PLATE IN BOX,2
15012,22151,PLACE SETTING WHITE HEART,3
15012,22338,STAR DECORATION PAINTED ZINC,2
15012,22449,SILK PURSE BABUSHKA PINK,1
15012,22481,BLACK TEA TOWEL CLASSIC DESIGN,3
15012,22566,FELTCRAFT HAIRBAND PINK AND PURPLE,1
15012,22569,FELTCRAFT CUSHION BUTTERFLY,1
15012,22632,HAND WARMER RED RETROSPOT,3
15012,22739,RIBBON REEL CHRISTMAS SOCK BAUBLE,5
15012,22749,FELTCRAFT PRINCESS CHARLOTTE DOLL,3
15012,22776,SWEETHEART CAKESTAND 3 TIER,1
15012,22865,HAND WARMER OWL DESIGN,2
15012,22866,HAND WARMER SCOTTY DOG DESIGN,1
15012,22907,PACK OF 20 NAPKINS PANTRY DESIGN,1
15012,22941,CHRISTMAS LIGHTS 10 REINDEER,1
15012,37370,RETRO COFFEE MUGS ASSORTED,2
15012,47504H,ENGLISH ROSE SPIRIT LEVEL,1
15012,47599A,PINK PARTY BAGS,1
15012,47599B,BLUE PARTY BAGS,1
15012,72800B,4 PURPLE FLOCK DINNER CANDLES,2
15012,84563A,PINK & WHITE BREAKFAST TRAY,1
15012,84836,ZINC METAL HEART DECORATION,3
15012,84968C,SET OF 16 VINTAGE PISTACHIO CUTLERY,1
15012,84969,BOX OF 6 ASSORTED COLOUR TEASPOONS,1
15012,84997C,BLUE 3 PIECE POLKADOT CUTLERY SET,1
15012,84997D,PINK 3 PIECE POLKADOT CUTLERY SET,1
15012,85014A,BLACK/BLUE POLKADOT UMBRELLA,1
15012,85035B,CHOCOLATE 3 WICK MORRIS BOX CANDLE,1
15012,85099B,JUMBO BAG RED RETROSPOT,1
15012,85231B,CINAMMON SET OF 9 T-LIGHTS,1
15012,85231G,ORANGE SCENTED SET/9 T-LIGHTS,1
15018,21627,ELEPHANT CARNIVAL POUFFE,1
15018,21692,SILVER LATTICE VANILLA CANDLE POT,4
15018,22423,REGENCY CAKESTAND 3 TIER,4
15018,22699,ROSES REGENCY TEACUP AND SAUCER,6
15018,22745,POPPY'S PLAYHOUSE BEDROOM,6
15021,10120,DOGGY RUBBER,12
15021,15056BL,EDWARDIAN PARASOL BLACK,2
15021,20828,GLITTER BUTTERFLY CLIPS,1
15021,20992,JAZZ HEARTS PURSE NOTEBOOK,3
15021,20996,JAZZ HEARTS ADDRESS BOOK,1
15021,21181,PLEASE ONE PERSON METAL SIGN,2
15021,21307,SET/4 BUTTERFLY MIRROR MAGNETS,1
15021,21407,BROWN CHECK CAT DOORSTOP,1
15021,21558,SKULL LUNCH BOX WITH CUTLERY,1
15021,21559,STRAWBERRY LUNCH BOX WITH CUTLERY,1
15021,21733,RED HANGING HEART T-LIGHT HOLDER,1
15021,21889,WOODEN BOX OF DOMINOES,2
15021,21947,SET OF 6 HEART CHOPSTICKS,1
15021,22130,PARTY CONE CHRISTMAS DECORATION,6
15021,22147,FELTCRAFT BUTTERFLY HEARTS,1
15021,22156,HEART DECORATION WITH PEARLS,2
15021,22157,ANGEL DECORATION WITH LACE PADDED,3
15021,22158,3 HEARTS HANGING DECORATION RUSTIC,8
15021,22188,BLACK HEART CARD HOLDER,1
15021,22189,CREAM HEART CARD HOLDER,1
15021,22350,ILLUSTRATED CAT BOWL,3
15021,22456,NATURAL SLATE CHALKBOARD LARGE,1
15021,22470,HEART OF WICKER LARGE,1
15021,22562,MONSTERS STENCIL CRAFT,1
15021,22563,HAPPY STENCIL CRAFT,1
15021,22564,ALPHABET STENCIL CRAFT,2
15021,22569,FELTCRAFT CUSHION BUTTERFLY,1
15021,22570,FELTCRAFT CUSHION RABBIT,1
15021,22626,BLACK KITCHEN SCALES,1
15021,22766,PHOTO FRAME CORNICE,1
15021,22834,HAND WARMER BABUSHKA DESIGN,6
15021,22867,HAND WARMER BIRD DESIGN,3
15021,71038,WHITE HANGING BEADS CANDLE HOLDER,2
15021,71477,COLOUR GLASS. STAR T-LIGHT HOLDER,1
15021,72802A,ROSE SCENT CANDLE IN JEWELLED BOX,1
15021,72802C,VANILLA SCENT CANDLE JEWELLED BOX,1
15021,72807A,SET/3 ROSE CANDLE IN JEWELLED BOX,1
15021,82482,WOODEN PICTURE FRAME WHITE FINISH,3
15021,82494L,WOODEN FRAME ANTIQUE WHITE,2
15021,85020,ROUND PINK HEART MIRROR,2
15021,85024C,PINK SMALL JEWELLED PHOTOFRAME,1
15021,85025C,PINK HEART SHAPE PHOTO FRAME,1
15021,85123A,WHITE HANGING HEART T-LIGHT HOLDER,3
15021,85208,SET/12 FUNKY FELT FLOWER PEG IN BAG,2
15021,85214,TUB 24 PINK FLOWER PEGS,1
15023,21683,MEDIUM MEDINA STAMPED METAL BOWL,1
15023,21824,PAINTED METAL STAR WITH HOLLY BELLS,3
15023,21899,"KEY FOB , GARAGE DESIGN",12
15023,21900,"KEY FOB , SHED",20
15023,22111,SCOTTIE DOG HOT WATER BOTTLE,4
15023,22112,CHOCOLATE HOT WATER BOTTLE,6
15023,22188,BLACK HEART CARD HOLDER,6
15023,22189,CREAM HEART CARD HOLDER,6
15023,22457,NATURAL SLATE HEART CHALKBOARD,12
15023,22470,HEART OF WICKER LARGE,12
15023,22571,ROCKING HORSE RED CHRISTMAS,3
15023,22574,HEART WOODEN CHRISTMAS DECORATION,24
15023,22576,SWALLOW WOODEN CHRISTMAS DECORATION,11
15023,22577,WOODEN HEART CHRISTMAS SCANDINAVIAN,24
15023,22578,WOODEN STAR CHRISTMAS SCANDINAVIAN,11
15023,22579,WOODEN TREE CHRISTMAS SCANDINAVIAN,12
15023,22581,WOOD STOCKING CHRISTMAS SCANDISPOT,12
15023,22588,CARD HOLDER GINGHAM HEART,11
15023,22659,LUNCH BOX I LOVE LONDON,2
15023,22694,WICKER STAR,12
15023,22719,GUMBALL MONOCHROME COAT RACK,1
15023,22770,MIRROR CORNICE,1
15023,22822,CREAM WALL PLANTER HEART SHAPED,2
15023,22862,LOVE HEART NAPKIN BOX,8
15023,22866,HAND WARMER SCOTTY DOG DESIGN,4
15023,22890,NOVELTY BISCUITS CAKE STAND 3 TIER,2
15023,22891,TEA FOR ONE POLKADOT,2
15023,22909,SET OF 20 VINTAGE CHRISTMAS NAPKINS,2
15023,22912,YELLOW COAT RACK PARIS FASHION,1
15023,22913,RED COAT RACK PARIS FASHION,1
15023,22914,BLUE COAT RACK PARIS FASHION,1
15023,84406B,CREAM CUPID HEARTS COAT HANGER,3
15024,20685,DOORMAT RED RETROSPOT,1
15024,20973,12 PENCIL SMALL TUBE WOODLAND,5
15024,20975,12 PENCILS SMALL TUBE RED RETROSPOT,5
15024,21143,ANTIQUE GLASS HEART DECORATION,24
15024,21591,COSY HOUR CIGAR BOX MATCHES,8
15024,21592,RETROSPOT CIGAR BOX MATCHES,4
15024,21868,POTTING SHED TEA MUG,3
15024,22078,RIBBON REEL LACE DESIGN,5
15024,22082,RIBBON REEL STRIPES DESIGN,5
15024,22083,PAPER CHAIN KIT RETROSPOT,6
15024,22086,PAPER CHAIN KIT 50'S CHRISTMAS,15
15024,22178,VICTORIAN GLASS HANGING T-LIGHT,12
15024,22185,SLATE TILE NATURAL HANGING,3
15024,22423,REGENCY CAKESTAND 3 TIER,1
15024,22441,GROW YOUR OWN BASIL IN ENAMEL MUG,2
15024,22442,GROW YOUR OWN FLOWERS SET OF 3,1
15024,22443,GROW YOUR OWN HERBS SET OF 3,1
15024,22457,NATURAL SLATE HEART CHALKBOARD,2
15024,22458,CAST IRON HOOK GARDEN FORK,2
15024,22459,CAST IRON HOOK GARDEN TROWEL,2
15024,22470,HEART OF WICKER LARGE,2
15024,22508,DOORSTOP RETROSPOT HEART,2
15024,22551,PLASTERS IN TIN SPACEBOY,3
15024,22554,PLASTERS IN TIN WOODLAND ANIMALS,3
15024,22555,PLASTERS IN TIN STRONGMAN,3
15024,22571,ROCKING HORSE RED CHRISTMAS,5
15024,22572,ROCKING HORSE GREEN CHRISTMAS,2
15024,22575,METAL MERRY CHRISTMAS WREATH,8
15024,22577,WOODEN HEART CHRISTMAS SCANDINAVIAN,8
15024,22578,WOODEN STAR CHRISTMAS SCANDINAVIAN,8
15024,22695,WICKER WREATH SMALL,2
15024,22696,WICKER WREATH LARGE,1
15024,22816,CARD MOTORBIKE SANTA,24
15024,22910,PAPER CHAIN KIT VINTAGE CHRISTMAS,10
15024,35958,FOLKART ZINC STAR CHRISTMAS DEC,6
15024,35961,FOLKART ZINC HEART CHRISTMAS DEC,12
15024,48138,DOORMAT UNION FLAG,2
15024,48185,DOORMAT FAIRY CAKE,1
15024,48187,DOORMAT NEW ENGLAND,1
15024,84879,ASSORTED COLOUR BIRD ORNAMENT,16
15024,84949,SILVER HANGING T-LIGHT HOLDER,12
15024,84997A,GREEN 3 PIECE POLKADOT CUTLERY SET,3
15024,84997B,RED 3 PIECE RETROSPOT CUTLERY SET,3
15024,84997C,BLUE 3 PIECE POLKADOT CUTLERY SET,3
15024,84997D,PINK 3 PIECE POLKADOT CUTLERY SET,3
15024,85114B,IVORY ENCHANTED FOREST PLACEMAT,5
15024,85114C,RED ENCHANTED FOREST PLACEMAT,4
15028,21866,UNION JACK FLAG LUGGAGE TAG,8
15028,21867,PINK UNION JACK  LUGGAGE TAG,6
15028,21891,TRADITIONAL WOODEN SKIPPING ROPE,2
15028,22091,EMPIRE TISSUE BOX,4
15028,22358,KINGS CHOICE TEA CADDY,2
15028,22616,PACK OF 12 LONDON TISSUES,48
15028,22633,HAND WARMER UNION JACK,6
15028,22638,SET OF 4 NAPKIN CHARMS CROWNS,6
15028,22660,DOORMAT I LOVE LONDON,2
15028,22900,SET 2 TEA TOWELS I LOVE LONDON,20
15028,22902,TOTE BAG I LOVE LONDON,12
15028,71270,PHOTO CLIP LINE,1
15028,90060D,FIRE POLISHED GLASS NECKL BRONZE,1
15028,90179C,BLACK FINE BEAD NECKLACE W TASSEL,1
15032,20711,JUMBO BAG TOYS,100
15032,20712,JUMBO BAG WOODLAND ANIMALS,100
15032,20713,JUMBO BAG OWLS,200
15032,20716,PARTY FOOD SHOPPER BAG,2
15032,20717,STRAWBERRY SHOPPER BAG,3
15032,20718,RED RETROSPOT SHOPPER BAG,3
15032,20725,LUNCH BAG RED RETROSPOT,3
15032,20726,LUNCH BAG WOODLAND,3
15032,20727,LUNCH BAG  BLACK SKULL.,3
15032,21928,JUMBO BAG SCANDINAVIAN PAISLEY,200
15032,21929,JUMBO BAG PINK VINTAGE PAISLEY,100
15032,21931,JUMBO STORAGE BAG SUKI,100
15032,21932,SCANDINAVIAN PAISLEY PICNIC BAG,3
15032,21933,PINK VINTAGE PAISLEY PICNIC BAG,3
15032,21936,RED RETROSPOT PICNIC BAG,3
15032,21937,STRAWBERRY   PICNIC BAG,3
15032,22382,LUNCH BAG SPACEBOY DESIGN,3
15032,22383,LUNCH BAG SUKI  DESIGN,3
15032,22384,LUNCH BAG PINK POLKADOT,5
15032,22385,JUMBO BAG SPACEBOY DESIGN,100
15032,22386,JUMBO BAG PINK POLKADOT,200
15032,22411,JUMBO SHOPPER VINTAGE RED PAISLEY,100
15032,22415,WHITE TISSUE REAM,3
15032,22662,LUNCH BAG DOLLY GIRL DESIGN,3
15032,47504K,ENGLISH ROSE GARDEN SECATEURS,12
15032,85099B,JUMBO BAG RED RETROSPOT,100
15032,85099C,JUMBO  BAG BAROQUE BLACK WHITE,200
15032,85099F,JUMBO BAG STRAWBERRY,100
15034,20685,DOORMAT RED RETROSPOT,3
15034,20725,LUNCH BAG RED RETROSPOT,20
15034,21080,SET/20 RED RETROSPOT PAPER NAPKINS,2
15034,21086,SET/6 RED SPOTTY PAPER CUPS,5
15034,21094,SET/6 RED SPOTTY PAPER PLATES,4
15034,21621,VINTAGE UNION JACK BUNTING,4
15034,21843,RED RETROSPOT CAKE STAND,2
15034,22083,PAPER CHAIN KIT RETROSPOT,6
15034,22084,PAPER CHAIN KIT EMPIRE,6
15034,22382,LUNCH BAG SPACEBOY DESIGN,10
15034,22425,ENAMEL COLANDER CREAM,2
15034,22456,NATURAL SLATE CHALKBOARD LARGE,18
15034,22469,HEART OF WICKER SMALL,19
15034,22665,RECIPE BOX BLUE SKETCHBOOK DESIGN,1
15034,22666,RECIPE BOX PANTRY YELLOW DESIGN,3
15034,22667,RECIPE BOX RETROSPOT,1
15034,22676,FRENCH BLUE METAL DOOR SIGN 1,20
15034,22677,FRENCH BLUE METAL DOOR SIGN 2,20
15034,22678,FRENCH BLUE METAL DOOR SIGN 3,20
15034,22679,FRENCH BLUE METAL DOOR SIGN 4,20
15034,22680,FRENCH BLUE METAL DOOR SIGN 5,20
15034,22681,FRENCH BLUE METAL DOOR SIGN 6,20
15034,22682,FRENCH BLUE METAL DOOR SIGN 7,20
15034,22683,FRENCH BLUE METAL DOOR SIGN 8,20
15034,22685,FRENCH BLUE METAL DOOR SIGN 0,20
15034,22686,FRENCH BLUE METAL DOOR SIGN No,20
15034,22725,ALARM CLOCK BAKELIKE CHOCOLATE,6
15034,22726,ALARM CLOCK BAKELIKE GREEN,6
15034,22728,ALARM CLOCK BAKELIKE PINK,12
15034,22729,ALARM CLOCK BAKELIKE ORANGE,6
15034,22730,ALARM CLOCK BAKELIKE IVORY,6
15034,71459,HANGING JAM JAR T-LIGHT HOLDER,24
15034,84836,ZINC METAL HEART DECORATION,72
15034,84970S,HANGING HEART ZINC T-LIGHT HOLDER,12
15034,85135A,YELLOW DRAGONFLY HELICOPTER,1
15034,85135B,BLUE DRAGONFLY HELICOPTER,1
15034,85136A,YELLOW SHARK HELICOPTER,1
15034,85136C,RED SHARK HELICOPTER,1
15038,21165,BEWARE OF THE CAT METAL SIGN,1
15038,21166,COOK WITH WINE METAL SIGN,2
15038,21169,YOU'RE CONFUSING ME METAL SIGN,1
15038,21174,POTTERING IN THE SHED METAL SIGN,1
15038,21175,GIN + TONIC DIET METAL SIGN,1
15038,21181,PLEASE ONE PERSON METAL SIGN,2
15038,21485,RETROSPOT HEART HOT WATER BOTTLE,1
15038,21876,POTTERING MUG,2
15038,21907,I'M ON HOLIDAY METAL SIGN,1
15038,22112,CHOCOLATE HOT WATER BOTTLE,1
15038,22156,HEART DECORATION WITH PEARLS,4
15038,22158,3 HEARTS HANGING DECORATION RUSTIC,1
15038,22294,HEART FILIGREE DOVE  SMALL,1
15038,22295,HEART FILIGREE DOVE LARGE,2
15038,22296,HEART IVORY TRELLIS LARGE,2
15038,22297,HEART IVORY TRELLIS SMALL,3
15038,22458,CAST IRON HOOK GARDEN FORK,1
15038,22459,CAST IRON HOOK GARDEN TROWEL,1
15038,22469,HEART OF WICKER SMALL,1
15038,72802A,ROSE SCENT CANDLE IN JEWELLED BOX,2
15038,72802B,OCEAN SCENT CANDLE IN JEWELLED BOX,1
15038,72802C,VANILLA SCENT CANDLE JEWELLED BOX,3
15038,72807C,SET/3 VANILLA SCENTED CANDLE IN BOX,2
15038,85150,LADIES & GENTLEMEN METAL SIGN,1
15038,85152,HAND OVER THE CHOCOLATE   SIGN,3
15038,90002D,FLOWER BURST SILVER RING CRYSTAL,1
15038,90175A,WHITE GLASS CHUNKY CHARM BRACELET,1
15038,90175C,BLUE GLASS CHUNKY CHARM BRACELET,1
15038,90185D,CRYSTAL DIAMANTE EXPANDABLE RING,1
15038,90210B,CLEAR ACRYLIC FACETED BANGLE,1
15039,15056N,EDWARDIAN PARASOL NATURAL,3
15039,20622,VIPPASSPORT COVER,1
15039,20674,GREEN POLKADOT BOWL,2
15039,20675,BLUE POLKADOT BOWL,3
15039,20676,RED RETROSPOT BOWL,2
15039,20677,PINK POLKADOT BOWL,2
15039,20685,DOORMAT RED RETROSPOT,2
15039,20712,JUMBO BAG WOODLAND ANIMALS,11
15039,20713,JUMBO BAG OWLS,10
15039,21033,JUMBO BAG CHARLIE AND LOLA TOYS,2
15039,21080,SET/20 RED RETROSPOT PAPER NAPKINS,6
15039,21210,SET OF 72 RETROSPOT PAPER  DOILIES,3
15039,21212,PACK OF 72 RETROSPOT CAKE CASES,1
15039,21238,RED RETROSPOT CUP,3
15039,21239,PINK  POLKADOT CUP,2
15039,21240,BLUE POLKADOT CUP,2
15039,21242,RED RETROSPOT PLATE,4
15039,21243,PINK  POLKADOT PLATE,6
15039,21244,BLUE POLKADOT PLATE,2
15039,21245,GREEN POLKADOT PLATE,3
15039,21430,SET/3 RED GINGHAM ROSE STORAGE BOX,24
15039,21481,FAWN BLUE HOT WATER BOTTLE,1
15039,21557,SET OF 6 FUNKY BEAKERS,1
15039,21564,PINK  HEART SHAPE LOVE BUCKET,1
15039,21621,VINTAGE UNION JACK BUNTING,2
15039,21733,RED HANGING HEART T-LIGHT HOLDER,2
15039,21865,PINK UNION JACK  PASSPORT COVER,1
15039,21867,PINK UNION JACK  LUGGAGE TAG,1
15039,21907,I'M ON HOLIDAY METAL SIGN,1
15039,21928,JUMBO BAG SCANDINAVIAN PAISLEY,10
15039,21929,JUMBO BAG PINK VINTAGE PAISLEY,10
15039,21930,JUMBO STORAGE BAG SKULLS,1
15039,21931,JUMBO STORAGE BAG SUKI,11
15039,21955,DOORMAT UNION JACK GUNS AND ROSES,1
15039,21973,SET OF 36 MUSHROOM PAPER DOILIES,6
15039,21976,PACK OF 60 MUSHROOM CAKE CASES,3
15039,22064,PINK DOUGHNUT TRINKET POT,6
15039,22109,FULL ENGLISH BREAKFAST PLATE,1
15039,22111,SCOTTIE DOG HOT WATER BOTTLE,15
15039,22114,HOT WATER BOTTLE TEA AND SYMPATHY,1
15039,22158,3 HEARTS HANGING DECORATION RUSTIC,32
15039,22171,3 HOOK PHOTO SHELF ANTIQUE WHITE,12
15039,22197,SMALL POPCORN HOLDER,100
15039,22242,5 HOOK HANGER MAGIC TOADSTOOL,1
15039,22365,DOORMAT RESPECTABLE HOUSE,3
15039,22374,AIRLINE BAG VINTAGE JET SET RED,1
15039,22382,LUNCH BAG SPACEBOY DESIGN,1
15039,22411,JUMBO SHOPPER VINTAGE RED PAISLEY,20
15039,22414,DOORMAT NEIGHBOURHOOD WITCH,1
15039,22424,ENAMEL BREAD BIN CREAM,4
15039,22553,PLASTERS IN TIN SKULLS,1
15039,22580,ADVENT CALENDAR GINGHAM SACK,3
15039,22613,PACK OF 20 SPACEBOY NAPKINS,1
15039,22632,HAND WARMER RED RETROSPOT,3
15039,22633,HAND WARMER UNION JACK,3
15039,22644,CERAMIC CHERRY CAKE MONEY BANK,1
15039,22645,CERAMIC HEART FAIRY CAKE MONEY BANK,2
15039,22646,CERAMIC STRAWBERRY CAKE MONEY BANK,1
15039,22650,CERAMIC PIRATE CHEST MONEY BANK,1
15039,22669,RED BABY BUNTING,2
15039,22680,FRENCH BLUE METAL DOOR SIGN 5,4
15039,22683,FRENCH BLUE METAL DOOR SIGN 8,2
15039,22684,FRENCH BLUE METAL DOOR SIGN 9,2
15039,22685,FRENCH BLUE METAL DOOR SIGN 0,2
15039,22691,DOORMAT WELCOME SUNRISE,1
15039,22720,SET OF 3 CAKE TINS PANTRY DESIGN,1
15039,22721,SET OF 3 CAKE TINS SKETCHBOOK,1
15039,22772,PINK DRAWER KNOB ACRYLIC EDWARDIAN,2
15039,22782,SET 3 WICKER STORAGE BASKETS,4
15039,22795,SWEETHEART RECIPE BOOK STAND,17
15039,22834,HAND WARMER BABUSHKA DESIGN,2
15039,22851,SET 20 NAPKINS FAIRY CAKES DESIGN,2
15039,22866,HAND WARMER SCOTTY DOG DESIGN,4
15039,22867,HAND WARMER BIRD DESIGN,2
15039,22890,NOVELTY BISCUITS CAKE STAND 3 TIER,2
15039,48111,DOORMAT 3 SMILEY CATS,1
15039,48138,DOORMAT UNION FLAG,2
15039,48185,DOORMAT FAIRY CAKE,2
15039,48188,DOORMAT WELCOME PUPPIES,1
15039,71477,COLOUR GLASS. STAR T-LIGHT HOLDER,3
15039,82486,WOOD S/3 CABINET ANT WHITE FINISH,2
15039,82616B,FRAPPUCINO SCARF KNITTING KIT,3
15039,84406B,CREAM CUPID HEARTS COAT HANGER,4
15039,84985A,SET OF 72 GREEN PAPER DOILIES,4
15039,84987,SET OF 36 TEATIME PAPER DOILIES,1
15039,84997A,GREEN 3 PIECE POLKADOT CUTLERY SET,4
15039,84997B,RED 3 PIECE RETROSPOT CUTLERY SET,4
15039,84997C,BLUE 3 PIECE POLKADOT CUTLERY SET,4
15039,84997D,PINK 3 PIECE POLKADOT CUTLERY SET,2
15039,85099B,JUMBO BAG RED RETROSPOT,20
15039,85099C,JUMBO  BAG BAROQUE BLACK WHITE,20
15039,85123A,WHITE HANGING HEART T-LIGHT HOLDER,4
15044,15056BL,EDWARDIAN PARASOL BLACK,2
15044,15056N,EDWARDIAN PARASOL NATURAL,1
15044,15056P,EDWARDIAN PARASOL PINK,1
15044,20679,EDWARDIAN PARASOL RED,1
15044,20685,DOORMAT RED RETROSPOT,2
15044,20711,JUMBO BAG TOYS,9
15044,20752,BLUE POLKADOT WASHING UP GLOVES,6
15044,20754,RETROSPOT RED WASHING UP GLOVES,5
15044,21166,COOK WITH WINE METAL SIGN,12
15044,21175,GIN + TONIC DIET METAL SIGN,24
15044,21181,PLEASE ONE PERSON METAL SIGN,24
15044,21430,SET/3 RED GINGHAM ROSE STORAGE BOX,5
15044,21479,WHITE SKULL HOT WATER BOTTLE,10
15044,21481,FAWN BLUE HOT WATER BOTTLE,16
15044,21484,CHICK GREY HOT WATER BOTTLE,4
15044,21485,RETROSPOT HEART HOT WATER BOTTLE,10
15044,21498,RED RETROSPOT WRAP,25
15044,21499,BLUE POLKADOT WRAP,25
15044,21500,PINK POLKADOT WRAP,25
15044,21524,DOORMAT SPOTTY HOME SWEET HOME,3
15044,21623,VINTAGE UNION JACK MEMOBOARD,2
15044,21675,BUTTERFLIES STICKERS,12
15044,21676,FLOWERS  STICKERS,12
15044,21677,HEARTS  STICKERS,12
15044,21680,WOODLAND  STICKERS,12
15044,21733,RED HANGING HEART T-LIGHT HOLDER,8
15044,21754,HOME BUILDING BLOCK WORD,8
15044,21755,LOVE BUILDING BLOCK WORD,6
15044,21756,BATH BUILDING BLOCK WORD,6
15044,21793,CLASSIC FRENCH STYLE BASKET BROWN,1
15044,21794,CLASSIC FRENCH STYLE BASKET NATURAL,1
15044,22086,PAPER CHAIN KIT 50'S CHRISTMAS,26
15044,22111,SCOTTIE DOG HOT WATER BOTTLE,8
15044,22112,CHOCOLATE HOT WATER BOTTLE,18
15044,22113,GREY HEART HOT WATER BOTTLE,10
15044,22169,FAMILY ALBUM WHITE PICTURE FRAME,2
15044,22170,PICTURE FRAME WOOD TRIPLE PORTRAIT,4
15044,22171,3 HOOK PHOTO SHELF ANTIQUE WHITE,1
15044,22173,METAL 4 HOOK HANGER FRENCH CHATEAU,8
15044,22175,PINK OWL SOFT TOY,2
15044,22176,BLUE OWL SOFT TOY,2
15044,22423,REGENCY CAKESTAND 3 TIER,2
15044,22505,MEMO BOARD COTTAGE DESIGN,4
15044,22652,TRAVEL SEWING KIT,8
15044,22654,DELUXE SEWING KIT,6
15044,22666,RECIPE BOX PANTRY YELLOW DESIGN,8
15044,22667,RECIPE BOX RETROSPOT,2
15044,22688,DOORMAT PEACE ON EARTH BLUE,1
15044,22689,DOORMAT MERRY CHRISTMAS RED,1
15044,22697,GREEN REGENCY TEACUP AND SAUCER,1
15044,22720,SET OF 3 CAKE TINS PANTRY DESIGN,4
15044,22722,SET OF 6 SPICE TINS PANTRY DESIGN,4
15044,22723,SET OF 6 HERB TINS SKETCHBOOK,2
15044,22733,3D TRADITIONAL CHRISTMAS STICKERS,1
15044,22738,RIBBON REEL SNOWY VILLAGE,1
15044,22745,POPPY'S PLAYHOUSE BEDROOM,2
15044,22766,PHOTO FRAME CORNICE,14
15044,22804,CANDLEHOLDER PINK HANGING HEART,2
15044,22809,SET OF 6 T-LIGHTS SANTA,12
15044,22810,SET OF 6 T-LIGHTS SNOWMEN,12
15044,22834,HAND WARMER BABUSHKA DESIGN,14
15044,22835,HOT WATER BOTTLE I AM SO POORLY,14
15044,22969,HOMEMADE JAM SCENTED CANDLES,12
15044,48111,DOORMAT 3 SMILEY CATS,2
15044,48116,DOORMAT MULTICOLOUR STRIPE,1
15044,48138,DOORMAT UNION FLAG,2
15044,48173C,DOORMAT BLACK FLOCK,1
15044,48184,DOORMAT ENGLISH ROSE,1
15044,48188,DOORMAT WELCOME PUPPIES,1
15044,48194,DOORMAT HEARTS,2
15044,72800E,4 IVORY DINNER CANDLES SILVER FLOCK,4
15044,82482,WOODEN PICTURE FRAME WHITE FINISH,18
15044,82483,WOOD 2 DRAWER CABINET WHITE FINISH,22
15044,82484,WOOD BLACK BOARD ANT WHITE FINISH,12
15044,82486,WOOD S/3 CABINET ANT WHITE FINISH,12
15044,82494L,WOODEN FRAME ANTIQUE WHITE,24
15044,84029E,RED WOOLLY HOTTIE WHITE HEART.,4
15044,84029G,KNITTED UNION FLAG HOT WATER BOTTLE,10
15044,84030E,ENGLISH ROSE HOT WATER BOTTLE,17
15044,84406B,CREAM CUPID HEARTS COAT HANGER,6
15044,85066,CREAM SWEETHEART MINI CHEST,2
15044,85123A,WHITE HANGING HEART T-LIGHT HOLDER,19
15048,20717,STRAWBERRY SHOPPER BAG,1
15048,20731,POSY CANDY BAG,1
15048,20749,ASSORTED COLOUR MINI CASES,1
15048,20757,RED DAISY POCKET BOOK,3
15048,21935,SUKI  SHOULDER BAG,1
15048,22086,PAPER CHAIN KIT 50'S CHRISTMAS,1
15048,22186,RED STAR CARD HOLDER,5
15048,22411,JUMBO SHOPPER VINTAGE RED PAISLEY,1
15048,22617,BAKING SET SPACEBOY DESIGN,1
15048,22666,RECIPE BOX PANTRY YELLOW DESIGN,1
15048,22694,WICKER STAR,1
15048,22699,ROSES REGENCY TEACUP AND SAUCER,2
15048,22735,RIBBON REEL SOCKS AND MITTENS,1
15048,22745,POPPY'S PLAYHOUSE BEDROOM,1
15048,22746,POPPY'S PLAYHOUSE LIVINGROOM,1
15048,22747,POPPY'S PLAYHOUSE BATHROOM,1
15048,22748,POPPY'S PLAYHOUSE KITCHEN,1
15048,22941,CHRISTMAS LIGHTS 10 REINDEER,1
15048,35597A,DUSTY PINK CHRISTMAS TREE 30CM,1
15048,35597B,BLACKCHRISTMAS TREE 30CM,1
15048,47480,HANGING PHOTO CLIP ROPE LADDER,1
15048,84522,PINK PARTY SUNGLASSES,1
15048,85048,15CM CHRISTMAS GLASS BALL 20 LIGHTS,3
15061,16237,SLEEPING CAT ERASERS,360
15061,17038,PORCELAIN BUDAH INCENSE HOLDER,100
15061,20685,DOORMAT RED RETROSPOT,100
15061,20719,WOODLAND CHARLOTTE BAG,150
15061,20961,STRAWBERRY BATH SPONGE,100
15061,20963,APPLE BATH SPONGE,100
15061,21131,GOLD STANDING GNOME,30
15061,21212,PACK OF 72 RETROSPOT CAKE CASES,408
15061,21498,RED RETROSPOT WRAP,250
15061,21499,BLUE POLKADOT WRAP,250
15061,21500,PINK POLKADOT WRAP,75
15061,21506,"FANCY FONT BIRTHDAY CARD,",108
15061,21507,"ELEPHANT, BIRTHDAY CARD,",48
15061,21508,VINTAGE KID DOLLY CARD,24
15061,21509,COWBOYS AND INDIANS BIRTHDAY CARD,24
15061,21673,WHITE SPOT BLUE CERAMIC DRAWER KNOB,96
15061,22075,6 RIBBONS ELEGANT CHRISTMAS,312
15061,22328,ROUND SNACK BOXES SET OF 4 FRUITS,120
15061,22423,REGENCY CAKESTAND 3 TIER,576
15061,22452,MEASURING TAPE BABUSHKA PINK,108
15061,22453,MEASURING TAPE BABUSHKA BLUE,108
15061,22454,MEASURING TAPE BABUSHKA RED,84
15061,22467,GUMBALL COAT RACK,252
15061,22492,MINI PAINT SET VINTAGE,144
15061,22529,MAGIC DRAWING SLATE GO TO THE FAIR,24
15061,22530,MAGIC DRAWING SLATE DOLLY GIRL,108
15061,22533,MAGIC DRAWING SLATE BAKE A CAKE,48
15061,22534,MAGIC DRAWING SLATE SPACEBOY,144
15061,22536,MAGIC DRAWING SLATE PURDEY,120
15061,22544,MINI JIGSAW SPACEBOY,24
15061,22545,MINI JIGSAW BUNNIES,24
15061,22546,MINI JIGSAW PURDEY,24
15061,22558,CLOTHES PEGS RETROSPOT PACK 24,132
15061,22585,PACK OF 6 BIRDY GIFT TAGS,252
15061,22617,BAKING SET SPACEBOY DESIGN,54
15061,22629,SPACEBOY LUNCH BOX,228
15061,22630,DOLLY GIRL LUNCH BOX,100
15061,22659,LUNCH BOX I LOVE LONDON,480
15061,22752,SET 7 BABUSHKA NESTING BOXES,168
15061,35001G,HAND OPEN SHAPE GOLD,42
15061,48116,DOORMAT MULTICOLOUR STRIPE,80
15061,48184,DOORMAT ENGLISH ROSE,70
15061,48187,DOORMAT NEW ENGLAND,80
15061,48194,DOORMAT HEARTS,70
15061,71459,HANGING JAM JAR T-LIGHT HOLDER,576
15061,84347,ROTATING SILVER ANGELS T-LIGHT HLDR,1200
15061,84692,BOX OF 24 COCKTAIL PARASOLS,150
15061,84879,ASSORTED COLOUR BIRD ORNAMENT,320
15061,84946,ANTIQUE SILVER TEA GLASS ETCHED,216
15061,84952B,BLACK LOVE BIRD T-LIGHT HOLDER,108
15061,84952C,MIRROR LOVE BIRD T-LIGHT HOLDER,108
15061,85116,BLACK CANDELABRA T-LIGHT HOLDER,144
15061,85178,VICTORIAN SEWING KIT,150
15062,20713,JUMBO BAG OWLS,10
15062,20971,PINK BLUE FELT CRAFT TRINKET BOX,12
15062,21137,BLACK RECORD COVER FRAME,4
15062,21931,JUMBO STORAGE BAG SUKI,10
15062,22311,OFFICE MUG WARMER BLACK+SILVER,6
15062,22421,LIPSTICK PEN FUSCHIA,24
15062,22969,HOMEMADE JAM SCENTED CANDLES,12
15062,84212,"ASSORTED FLOWER COLOUR ""LEIS""",24
15062,84535B,FAIRY CAKES NOTEBOOK A6 SIZE,32
15062,85099B,JUMBO BAG RED RETROSPOT,20
15062,85099C,JUMBO  BAG BAROQUE BLACK WHITE,10
15070,22086,PAPER CHAIN KIT 50'S CHRISTMAS,36
15078,20711,JUMBO BAG TOYS,10
15078,20712,JUMBO BAG WOODLAND ANIMALS,10
15078,20713,JUMBO BAG OWLS,30
15078,20725,LUNCH BAG RED RETROSPOT,10
15078,20914,SET/5 RED RETROSPOT LID GLASS BOWLS,12
15078,21080,SET/20 RED RETROSPOT PAPER NAPKINS,12
15078,21166,COOK WITH WINE METAL SIGN,12
15078,21175,GIN + TONIC DIET METAL SIGN,24
15078,21181,PLEASE ONE PERSON METAL SIGN,24
15078,21928,JUMBO BAG SCANDINAVIAN PAISLEY,20
15078,21930,JUMBO STORAGE BAG SKULLS,10
15078,21931,JUMBO STORAGE BAG SUKI,30
15078,22379,RECYCLING BAG RETROSPOT,10
15078,22381,TOY TIDY PINK POLKADOT,10
15078,22386,JUMBO BAG PINK POLKADOT,10
15078,22423,REGENCY CAKESTAND 3 TIER,3
15078,22652,TRAVEL SEWING KIT,10
15078,22690,DOORMAT HOME SWEET HOME BLUE,2
15078,48111,DOORMAT 3 SMILEY CATS,2
15078,48187,DOORMAT NEW ENGLAND,2
15078,48188,DOORMAT WELCOME PUPPIES,2
15078,48194,DOORMAT HEARTS,2
15078,82582,AREA PATROLLED METAL SIGN,12
15078,82600,NO SINGING METAL SIGN,12
15078,85014B,RED RETROSPOT UMBRELLA,4
15078,85099B,JUMBO BAG RED RETROSPOT,40
15078,85099F,JUMBO BAG STRAWBERRY,10
15078,85152,HAND OVER THE CHOCOLATE   SIGN,24
15079,22111,SCOTTIE DOG HOT WATER BOTTLE,6
15079,22112,CHOCOLATE HOT WATER BOTTLE,3
15079,22114,HOT WATER BOTTLE TEA AND SYMPATHY,4
15079,22804,CANDLEHOLDER PINK HANGING HEART,32
15081,18097C,WHITE TALL PORCELAIN T-LIGHT HOLDER,6
15081,21730,GLASS STAR FROSTED T-LIGHT HOLDER,3
15081,84347,ROTATING SILVER ANGELS T-LIGHT HLDR,6
15081,84970L,SINGLE HEART ZINC T-LIGHT HOLDER,12
15081,85026B,EAU DE NILE JEWELLED T-LIGHT HOLDER,10
15081,85123A,WHITE HANGING HEART T-LIGHT HOLDER,6
15081,85231B,CINAMMON SET OF 9 T-LIGHTS,12
15081,90175D,TIGRIS EYE CHUNKY CHARM BRACELET,2
15093,20685,DOORMAT RED RETROSPOT,5
15093,21506,"FANCY FONT BIRTHDAY CARD,",24
15093,21507,"ELEPHANT, BIRTHDAY CARD,",36
15093,21508,VINTAGE KID DOLLY CARD,12
15093,21509,COWBOYS AND INDIANS BIRTHDAY CARD,48
15093,21519,GIN & TONIC DIET GREETING CARD,36
15093,21524,DOORMAT SPOTTY HOME SWEET HOME,10
15093,21916,SET 12 RETRO WHITE CHALK STICKS,24
15093,22023,EMPIRE BIRTHDAY CARD,24
15093,22027,TEA PARTY BIRTHDAY CARD,12
15093,22029,SPACEBOY BIRTHDAY CARD,36
15093,22030,SWALLOWS GREETING CARD,36
15093,22585,PACK OF 6 BIRDY GIFT TAGS,144
15093,84077,WORLD WAR 2 GLIDERS ASSTD DESIGNS,288
15093,84247G,"DECOUPAGE,GREETING CARD,",48
15093,84879,ASSORTED COLOUR BIRD ORNAMENT,96
15100,21258,VICTORIAN SEWING BOX LARGE,64
15101,20830,SILVER PHOTO FRAME,6
15101,21463,MIRRORED DISCO BALL,4
15101,82599,FANNY'S REST STOPMETAL SIGN,12
15101,84279P,CHERRY BLOSSOM  DECORATIVE FLASK,12
15107,20914,SET/5 RED RETROSPOT LID GLASS BOWLS,6
15107,22191,IVORY DINER WALL CLOCK,6
15107,22426,ENAMEL WASH BOWL CREAM,4
15107,22634,CHILDS BREAKFAST SET SPACEBOY,2
15107,72760B,VINTAGE CREAM 3 BASKET CAKE STAND,2
15107,84945,MULTI COLOUR SILVER T-LIGHT HOLDER,48
15107,84968A,SET OF 16 VINTAGE ROSE CUTLERY,1
15111,21042,RED RETROSPOT APRON,3
15111,21872,GLAMOROUS  MUG,12
15111,21888,BINGO SET,4
15111,22090,PAPER BUNTING RETROSPOT,6
15111,22112,CHOCOLATE HOT WATER BOTTLE,3
15111,22365,DOORMAT RESPECTABLE HOUSE,2
15111,22632,HAND WARMER RED RETROSPOT,12
15111,22637,PIGGY BANK RETROSPOT,6
15111,22822,CREAM WALL PLANTER HEART SHAPED,2
15111,22865,HAND WARMER OWL DESIGN,12
15111,22866,HAND WARMER SCOTTY DOG DESIGN,12
15111,22867,HAND WARMER BIRD DESIGN,12
15111,22961,JAM MAKING SET PRINTED,12
15111,48111,DOORMAT 3 SMILEY CATS,2
15111,48138,DOORMAT UNION FLAG,2
15111,84029G,KNITTED UNION FLAG HOT WATER BOTTLE,4
15157,10135,COLOURING PENCILS BROWN TUBE,20
15157,20704,MR ROBOT SOFT TOY,8
15157,20705,MRS ROBOT SOFT TOY,8
15157,20802,SMALL GLASS SUNDAE DISH CLEAR,72
15157,20803,SMALL PINK GLASS SUNDAE DISH,36
15157,21109,LARGE CAKE TOWEL CHOCOLATE SPOTS,24
15157,21110,LARGE CAKE TOWEL PINK SPOTS,24
15157,21111,"SWISS ROLL TOWEL, CHOCOLATE  SPOTS",24
15157,21112,"SWISS ROLL TOWEL, PINK  SPOTS",24
15157,21615,4 LAVENDER BOTANICAL DINNER CANDLES,24
15157,21616,4 PEAR BOTANICAL DINNER CANDLES,12
15157,21617,4 LILY  BOTANICAL DINNER CANDLES,12
15157,21618,4 WILDFLOWER BOTANICAL CANDLES,12
15157,21619,4 VANILLA BOTANICAL CANDLES,12
15157,21620,SET OF 4 ROSE BOTANICAL CANDLES,24
15157,21773,DECORATIVE ROSE BATHROOM BOTTLE,24
15157,21774,DECORATIVE CATS BATHROOM BOTTLE,24
15157,22108,PING! MICROWAVE PLATE,8
15157,22190,LOCAL CAFE MUG,24
15157,22222,CAKE PLATE LOVEBIRD WHITE,12
15157,22223,CAKE PLATE LOVEBIRD PINK,12
15157,22258,FELT FARM ANIMAL RABBIT,48
15157,22259,FELT FARM ANIMAL HEN,48
15157,22263,FELT EGG COSY LADYBIRD,48
15157,22264,FELT FARM ANIMAL WHITE BUNNY,48
15157,22390,PAPERWEIGHT CHILDHOOD MEMORIES,12
15157,22391,PAPERWEIGHT HOME SWEET HOME,12
15157,22393,PAPERWEIGHT VINTAGE COLLAGE,12
15157,22394,PAPERWEIGHT KINGS CHOICE,12
15157,22511,RETROSPOT BABUSHKA DOORSTOP,8
15157,22512,DOORSTOP RACING CAR DESIGN,8
15157,22640,SET OF 4 NAPKIN CHARMS 3 KEYS,32
15157,22641,SET OF 4 NAPKIN CHARMS INSTRUMENT,32
15157,22643,SET OF 4 NAPKIN CHARMS LEAVES,32
15157,22782,SET 3 WICKER STORAGE BASKETS,4
15157,22783,SET 3 WICKER OVAL BASKETS W LIDS,4
15157,37342,POLKADOT COFFEE CUP & SAUCER PINK,24
15157,84813,SET OF 4 DIAMOND NAPKIN RINGS,8
15157,84817,DANISH ROSE DECORATIVE PLATE,24
15157,84818,DANISH ROSE PHOTO FRAME,24
15157,84819,DANISH ROSE ROUND SEWING BOX,16
15157,84820,DANISH ROSE TRINKET TRAYS,8
15157,84823,DANISH ROSE FOLDING CHAIR,2
15157,85034B,3 WHITE CHOC MORRIS BOXED CANDLES,12
15157,85034C,3 ROSE MORRIS BOXED CANDLES,12
15157,85035B,CHOCOLATE 3 WICK MORRIS BOX CANDLE,12
15157,85035C,ROSE 3 WICK MORRIS BOX CANDLE,12
15157,85036B,CHOCOLATE 1 WICK MORRIS BOX CANDLE,12
15157,85036C,ROSE 1 WICK MORRIS BOXED CANDLE,12
15157,85054,FRENCH ENAMEL POT W LID,12
15157,85059,FRENCH ENAMEL WATER BASIN,8
15157,85173,SET/6 FROG PRINCE T-LIGHT CANDLES,24
15157,85174,S/4 CACTI CANDLES,32
15157,85184C,S/4 VALENTINE DECOUPAGE HEART BOX,24
15159,17091A,LAVENDER INCENSE IN TIN,36
15159,17091J,VANILLA INCENSE IN TIN,36
15159,20704,MR ROBOT SOFT TOY,8
15159,20725,LUNCH BAG RED RETROSPOT,20
15159,20726,LUNCH BAG WOODLAND,20
15159,20727,LUNCH BAG  BLACK SKULL.,10
15159,21065,BOOM BOX SPEAKER GIRLS,24
15159,21109,LARGE CAKE TOWEL CHOCOLATE SPOTS,24
15159,21110,LARGE CAKE TOWEL PINK SPOTS,24
15159,21111,"SWISS ROLL TOWEL, CHOCOLATE  SPOTS",24
15159,21112,"SWISS ROLL TOWEL, PINK  SPOTS",24
15159,21523,DOORMAT FANCY FONT HOME SWEET HOME,10
15159,22074,6 RIBBONS SHIMMERING PINKS,24
15159,22236,CAKE STAND 3 TIER MAGIC GARDEN,2
15159,22371,AIRLINE BAG VINTAGE TOKYO 78,12
15159,22374,AIRLINE BAG VINTAGE JET SET RED,12
15159,22375,AIRLINE BAG VINTAGE JET SET BROWN,12
15159,22471,TV DINNER TRAY AIR HOSTESS,8
15159,22473,TV DINNER TRAY VINTAGE PAISLEY,16
15159,22655,VINTAGE RED KITCHEN CABINET,2
15159,22656,VINTAGE BLUE KITCHEN CABINET,2
15159,22834,HAND WARMER BABUSHKA DESIGN,48
15159,22964,3 PIECE SPACEBOY COOKIE CUTTER SET,6
15159,70006,LOVE HEART POCKET WARMER,60
15159,79321,CHILLI LIGHTS,24
15159,84509G,SET OF 4 FAIRY CAKE PLACEMATS,24
15159,84519A,TOMATO CHARLIE+LOLA COASTER SET,24
15159,84625A,PINK NEW BAROQUECANDLESTICK CANDLE,24
15159,84625C,BLUE NEW BAROQUE CANDLESTICK CANDLE,24
15159,84818,DANISH ROSE PHOTO FRAME,24
15159,84819,DANISH ROSE ROUND SEWING BOX,16
15159,84820,DANISH ROSE TRINKET TRAYS,16
15159,84823,DANISH ROSE FOLDING CHAIR,12
15159,85034B,3 WHITE CHOC MORRIS BOXED CANDLES,24
15159,85034C,3 ROSE MORRIS BOXED CANDLES,24
15159,85035B,CHOCOLATE 3 WICK MORRIS BOX CANDLE,12
15159,85035C,ROSE 3 WICK MORRIS BOX CANDLE,24
15159,85169A,IVORY LOVE BIRD CANDLE,24
15159,85169B,BLACK LOVE BIRD CANDLE,24
15159,85169D,PINK LOVE BIRD CANDLE,24
15159,85170B,SET/6 BLACK BIRD T-LIGHT CANDLES,24
15159,85170C,SET/6 EAU DE NIL BIRD T-LIGHTS,24
15159,85170D,SET/6 PINK BIRD T-LIGHT CANDLES,24
15159,85184C,S/4 VALENTINE DECOUPAGE HEART BOX,24
15159,90057,DIAMANTE RING ASSORTED IN BOX.,48
15159,90210A,GREY ACRYLIC FACETED BANGLE,12
15159,90210C,RED   ACRYLIC FACETED BANGLE,12
15159,90210D,PURPLE ACRYLIC FACETED BANGLE,12
15160,21484,CHICK GREY HOT WATER BOTTLE,36
15160,21984,PACK OF 12 PINK PAISLEY TISSUES,24
15160,22557,PLASTERS IN TIN VINTAGE PAISLEY,12
15160,72351B,SET/6 PINK  BUTTERFLY T-LIGHTS,12
15165,20902,VINTAGE KEEPSAKE BOX PARIS DAYS,2
15165,21429,RED GINGHAM ROSE JEWELLERY BOX,8
15165,21481,FAWN BLUE HOT WATER BOTTLE,6
15165,21625,VINTAGE UNION JACK APRON,3
15165,21743,STAR PORTABLE TABLE LIGHT,6
15165,22114,HOT WATER BOTTLE TEA AND SYMPATHY,4
15165,22171,3 HOOK PHOTO SHELF ANTIQUE WHITE,2
15165,22173,METAL 4 HOOK HANGER FRENCH CHATEAU,8
15165,22326,ROUND SNACK BOXES SET OF4 WOODLAND,6
15165,22379,RECYCLING BAG RETROSPOT,5
15165,22423,REGENCY CAKESTAND 3 TIER,2
15165,22554,PLASTERS IN TIN WOODLAND ANIMALS,12
15165,22557,PLASTERS IN TIN VINTAGE PAISLEY,12
15165,22632,HAND WARMER RED RETROSPOT,12
15165,22807,SET OF 6 T-LIGHTS TOADSTOOLS,6
15165,22867,HAND WARMER BIRD DESIGN,12
15165,22969,HOMEMADE JAM SCENTED CANDLES,12
15165,37495,FAIRY CAKE BIRTHDAY CANDLE SET,4
15165,48129,DOORMAT TOPIARY,2
15165,48138,DOORMAT UNION FLAG,2
15165,48184,DOORMAT ENGLISH ROSE,2
15165,72741,GRAND CHOCOLATECANDLE,18
15165,82486,WOOD S/3 CABINET ANT WHITE FINISH,2
15165,84030E,ENGLISH ROSE HOT WATER BOTTLE,4
15165,85019A,ROMANTIC IMAGES NOTEBOOK SET,4
15165,85019C,CURIOUS  IMAGES NOTEBOOK SET,3
15165,85067,CREAM SWEETHEART WALL CABINET,1
15180,22112,CHOCOLATE HOT WATER BOTTLE,3
15180,22113,GREY HEART HOT WATER BOTTLE,4
15180,22114,HOT WATER BOTTLE TEA AND SYMPATHY,4
15180,22348,TEA BAG PLATE RED RETROSPOT,12
15180,22835,HOT WATER BOTTLE I AM SO POORLY,4
15180,72741,GRAND CHOCOLATECANDLE,9
15192,20749,ASSORTED COLOUR MINI CASES,2
15192,20750,RED RETROSPOT MINI CASES,2
15192,20974,12 PENCILS SMALL TUBE SKULL,24
15192,20975,12 PENCILS SMALL TUBE RED RETROSPOT,24
15192,21888,BINGO SET,4
15192,22332,SKULLS PARTY BAG + STICKER SET,8
15192,22333,RETROSPOT PARTY BAG + STICKER SET,24
15192,22436,12 COLOURED PARTY BALLOONS,20
15192,22439,6 ROCKET BALLOONS,24
15192,22560,TRADITIONAL MODELLING CLAY,24
15192,22573,STAR WOODEN CHRISTMAS DECORATION,12
15192,22597,CHRISTMAS MUSICAL ZINC HEART,12
15192,47590A,BLUE HAPPY BIRTHDAY BUNTING,6
15192,47590B,PINK HAPPY BIRTHDAY BUNTING,6
15192,72760B,VINTAGE CREAM 3 BASKET CAKE STAND,4
15194,10133,COLOURING PENCILS BROWN TUBE,20
15194,20801,LARGE PINK GLASS SUNDAE DISH,16
15194,21065,BOOM BOX SPEAKER GIRLS,24
15194,21259,VICTORIAN SEWING BOX SMALL,2
15194,21262,WHITE GOOSE FEATHER CHRISTMAS TREE,6
15194,21314,SMALL GLASS HEART TRINKET POT,8
15194,21619,4 VANILLA BOTANICAL CANDLES,12
15194,21620,SET OF 4 ROSE BOTANICAL CANDLES,12
15194,21773,DECORATIVE ROSE BATHROOM BOTTLE,48
15194,21774,DECORATIVE CATS BATHROOM BOTTLE,24
15194,21879,HEARTS GIFT TAPE,12
15194,22050,PINK PAISLEY ROSE GIFT WRAP,25
15194,22074,6 RIBBONS SHIMMERING PINKS,24
15194,22112,CHOCOLATE HOT WATER BOTTLE,15
15194,22114,HOT WATER BOTTLE TEA AND SYMPATHY,12
15194,22147,FELTCRAFT BUTTERFLY HEARTS,12
15194,22150,3 STRIPEY MICE FELTCRAFT,12
15194,22155,STAR DECORATION RUSTIC,48
15194,22156,HEART DECORATION WITH PEARLS,24
15194,22219,LOVEBIRD HANGING DECORATION WHITE,12
15194,22222,CAKE PLATE LOVEBIRD WHITE,12
15194,22342,HOME GARLAND PAINTED ZINC,24
15194,22377,BOTTLE BAG RETROSPOT,20
15194,22378,WALL TIDY RETROSPOT,20
15194,22389,PAPERWEIGHT SAVE THE PLANET,12
15194,22395,PAPERWEIGHT VINTAGE PAISLEY,12
15194,22423,REGENCY CAKESTAND 3 TIER,4
15194,22473,TV DINNER TRAY VINTAGE PAISLEY,8
15194,22486,PLASMATRONIC LAMP,12
15194,22700,BLACK AND WHITE DOG BOWL,24
15194,22702,BLACK AND WHITE CAT BOWL,24
15194,22798,ANTIQUE GLASS DRESSING TABLE POT,8
15194,22800,ANTIQUE TALL SWIRLGLASS TRINKET POT,4
15194,22834,HAND WARMER BABUSHKA DESIGN,24
15194,22835,HOT WATER BOTTLE I AM SO POORLY,4
15194,22865,HAND WARMER OWL DESIGN,24
15194,22866,HAND WARMER SCOTTY DOG DESIGN,12
15194,22867,HAND WARMER BIRD DESIGN,12
15194,37327,ASSTD MULTICOLOUR CIRCLES MUG,48
15194,37342,POLKADOT COFFEE CUP & SAUCER PINK,24
15194,47480,HANGING PHOTO CLIP ROPE LADDER,12
15194,47503A,ASS FLORAL PRINT MULTI SCREWDRIVER,24
15194,47504K,ENGLISH ROSE GARDEN SECATEURS,24
15194,70006,LOVE HEART POCKET WARMER,60
15194,72802C,VANILLA SCENT CANDLE JEWELLED BOX,18
15194,84029E,RED WOOLLY HOTTIE WHITE HEART.,8
15194,84813,SET OF 4 DIAMOND NAPKIN RINGS,8
15194,84817,DANISH ROSE DECORATIVE PLATE,24
15194,84818,DANISH ROSE PHOTO FRAME,48
15194,84819,DANISH ROSE ROUND SEWING BOX,16
15194,84820,DANISH ROSE TRINKET TRAYS,8
15194,84821,DANISH ROSE DELUXE COASTER,24
15194,84823,DANISH ROSE FOLDING CHAIR,2
15194,84915,HAND TOWEL PINK FLOWER AND DAISY,10
15194,84916,HAND TOWEL PALE BLUE W FLOWERS,10
15194,84917,WHITE HAND TOWEL WITH BUTTERFLY,20
15194,84970S,HANGING HEART ZINC T-LIGHT HOLDER,12
15194,85035B,CHOCOLATE 3 WICK MORRIS BOX CANDLE,24
15194,85035C,ROSE 3 WICK MORRIS BOX CANDLE,48
15194,85036B,CHOCOLATE 1 WICK MORRIS BOX CANDLE,24
15194,85036C,ROSE 1 WICK MORRIS BOXED CANDLE,24
15194,85062,PEARL CRYSTAL PUMPKIN T-LIGHT HLDR,24
15194,85169A,IVORY LOVE BIRD CANDLE,12
15194,85169C,EAU DE NIL LOVE BIRD CANDLE,12
15194,85169D,PINK LOVE BIRD CANDLE,12
15194,85180A,RED HEARTS LIGHT CHAIN,24
15194,85180B,PINK HEARTS LIGHT CHAIN,12
15194,90210A,GREY ACRYLIC FACETED BANGLE,12
15194,90210B,CLEAR ACRYLIC FACETED BANGLE,12
15197,22178,VICTORIAN GLASS HANGING T-LIGHT,24
15197,84078A,SET/4 WHITE RETRO STORAGE CUBES,12
15197,84347,ROTATING SILVER ANGELS T-LIGHT HLDR,42
15204,21062,PARTY INVITES SPACEMAN,36
15204,22029,SPACEBOY BIRTHDAY CARD,48
15204,22367,CHILDRENS APRON SPACEBOY DESIGN,24
15204,22382,LUNCH BAG SPACEBOY DESIGN,10
15204,22544,MINI JIGSAW SPACEBOY,96
15204,22617,BAKING SET SPACEBOY DESIGN,12
15204,22634,CHILDS BREAKFAST SET SPACEBOY,8
15204,22972,CHILDREN'S SPACEBOY MUG,12
15204,22975,SPACEBOY CHILDRENS EGG CUP,12
15208,22086,PAPER CHAIN KIT 50'S CHRISTMAS,6
15208,22457,NATURAL SLATE HEART CHALKBOARD,6
15208,22619,SET OF 6 SOLDIER SKITTLES,8
15211,21135,VICTORIAN  METAL POSTCARD SPRING,8
15211,21781,MA CAMPAGNE CUTLERY BOX,1
15211,22098,BOUDOIR SQUARE TISSUE BOX,12
15211,22168,ORGANISER WOOD ANTIQUE WHITE,2
15211,22224,WHITE LOVEBIRD LANTERN,6
15211,22236,CAKE STAND 3 TIER MAGIC GARDEN,1
15211,22276,WASH BAG VINTAGE ROSE PAISLEY,6
15211,22423,REGENCY CAKESTAND 3 TIER,2
15211,22469,HEART OF WICKER SMALL,12
15211,22763,KEY CABINET MA CAMPAGNE,2
15211,35648,VINTAGE BEAD PINK PURSE,12
15211,72819,CUPID DESIGN SCENTED CANDLES,6
15211,82494L,WOODEN FRAME ANTIQUE WHITE,6
15211,84843,WHITE SOAP RACK WITH 2 BOTTLES,2
15211,84913A,SOFT PINK ROSE TOWEL,4
15211,84913B,MINT GREEN ROSE TOWEL,4
15211,84915,HAND TOWEL PINK FLOWER AND DAISY,2
15211,84916,HAND TOWEL PALE BLUE W FLOWERS,2
15211,85008,SET OF 3 CONEY ISLAND OVAL BOXES,3
15211,85032A,ROMANTIC IMAGES GIFT WRAP SET,6
15211,85032C,CURIOUS IMAGES GIFT WRAP SET,6
15211,85032D,YULETIDE IMAGES GIFT WRAP SET,6
15211,85123A,WHITE HANGING HEART T-LIGHT HOLDER,6
15221,22761,CHEST 7 DRAWER MA CAMPAGNE,4
15221,22762,CUPBOARD 3 DRAWER MA CAMPAGNE,8
15221,82483,WOOD 2 DRAWER CABINET WHITE FINISH,16
15221,82486,WOOD S/3 CABINET ANT WHITE FINISH,12
15221,85067,CREAM SWEETHEART WALL CABINET,3
15224,21109,LARGE CAKE TOWEL CHOCOLATE SPOTS,24
15224,21110,LARGE CAKE TOWEL PINK SPOTS,24
15224,21231,SWEETHEART CERAMIC TRINKET BOX,12
15224,21232,STRAWBERRY CERAMIC TRINKET BOX,12
15224,22055,MINI CAKE STAND  HANGING STRAWBERY,1
15224,37446,MINI CAKE STAND WITH HANGING CAKES,8
15224,37447,CERAMIC CAKE DESIGN SPOTTED PLATE,12
15224,37449,CERAMIC CAKE STAND + HANGING CAKES,9
15224,37450,CERAMIC CAKE BOWL + HANGING CAKES,6
15224,47566B,TEA TIME PARTY BUNTING,5
15224,47567B,TEA TIME KITCHEN APRON,3
15224,84987,SET OF 36 TEATIME PAPER DOILIES,12
15224,84991,60 TEATIME FAIRY CAKE CASES,24
15235,10133,COLOURING PENCILS BROWN TUBE,10
15235,10135,COLOURING PENCILS BROWN TUBE,10
15235,20854,BLUE PATCH PURSE PINK HEART,10
15235,20856,DENIM PATCH PURSE PINK BUTTERFLY,10
15235,20866,BLUE ROSE FABRIC MIRROR,12
15235,20867,PINK ROSE FABRIC MIRROR,12
15235,21042,RED RETROSPOT APRON,3
15235,21155,RED RETROSPOT PEG BAG,6
15235,21212,PACK OF 72 RETROSPOT CAKE CASES,24
15235,21213,PACK OF 72 SKULL CAKE CASES,24
15235,21216,"SET 3 RETROSPOT TEA,COFFEE,SUGAR",4
15235,21479,WHITE SKULL HOT WATER BOTTLE,4
15235,21485,RETROSPOT HEART HOT WATER BOTTLE,3
15235,21733,RED HANGING HEART T-LIGHT HOLDER,6
15235,22074,6 RIBBONS SHIMMERING PINKS,12
15235,22112,CHOCOLATE HOT WATER BOTTLE,6
15235,22113,GREY HEART HOT WATER BOTTLE,8
15235,22114,HOT WATER BOTTLE TEA AND SYMPATHY,4
15235,22443,GROW YOUR OWN HERBS SET OF 3,2
15235,22551,PLASTERS IN TIN SPACEBOY,12
15235,22554,PLASTERS IN TIN WOODLAND ANIMALS,12
15235,22558,CLOTHES PEGS RETROSPOT PACK 24,12
15235,22632,HAND WARMER RED RETROSPOT,12
15235,22723,SET OF 6 HERB TINS SKETCHBOOK,4
15235,22804,CANDLEHOLDER PINK HANGING HEART,6
15235,22960,JAM MAKING SET WITH JARS,6
15235,22962,JAM JAR WITH PINK LID,12
15235,72741,GRAND CHOCOLATECANDLE,9
15235,72799E,IVORY PILLAR CANDLE SILVER FLOCK,6
15235,72799F,IVORY PILLAR CANDLE GOLD FLOCK,6
15235,82613B,"METAL SIGN,CUPCAKE SINGLE HOOK",8
15235,82613C,"METAL SIGN,CUPCAKE SINGLE HOOK",8
15235,84970L,SINGLE HEART ZINC T-LIGHT HOLDER,12
15235,84991,60 TEATIME FAIRY CAKE CASES,24
15235,85123A,WHITE HANGING HEART T-LIGHT HOLDER,6
15235,85230F,JASMINE VOTIVE CANDLE,24
15235,85232A,SET/3 POLKADOT STACKING TINS,3
15235,90003D,CRYSTAL PAIR HEART HAIR SLIDES,4
15235,90108,BLUE BLOSSOM HAIR CLIP,12
15235,90170,DAISY HAIR BAND,12
15235,90173,PAIR BUTTERFLY HAIR CLIPS,8
15235,90204,PAIR OF ENAMEL BUTTERFLY HAIRCLIP,4
15246,20828,GLITTER BUTTERFLY CLIPS,6
15246,20972,PINK CREAM FELT CRAFT TRINKET BOX,12
15246,21931,JUMBO STORAGE BAG SUKI,10
15246,22149,FELTCRAFT 6 FLOWER FRIENDS,6
15246,22273,FELTCRAFT DOLL MOLLY,6
15246,22303,COFFEE MUG APPLES DESIGN,6
15246,22319,HAIRCLIPS FORTIES FABRIC ASSORTED,12
15246,22457,NATURAL SLATE HEART CHALKBOARD,6
15246,22730,ALARM CLOCK BAKELIKE IVORY,4
15246,22858,EASTER TIN KEEPSAKE,6
15246,84997A,GREEN 3 PIECE POLKADOT CUTLERY SET,6
15246,85123A,WHITE HANGING HEART T-LIGHT HOLDER,6
15260,21217,RED RETROSPOT ROUND CAKE TINS,2
15260,21738,COSY SLIPPER SHOES SMALL  RED,6
15260,21739,COSY SLIPPER SHOES SMALL GREEN,6
15260,21741,COSY SLIPPER SHOES LARGE GREEN,6
15260,22086,PAPER CHAIN KIT 50'S CHRISTMAS,12
15260,22423,REGENCY CAKESTAND 3 TIER,4
15260,22469,HEART OF WICKER SMALL,40
15260,22574,HEART WOODEN CHRISTMAS DECORATION,24
15260,22576,SWALLOW WOODEN CHRISTMAS DECORATION,24
15260,22579,WOODEN TREE CHRISTMAS SCANDINAVIAN,24
15260,22594,CHRISTMAS GINGHAM TREE,24
15260,22595,CHRISTMAS GINGHAM HEART,12
15260,22601,CHRISTMAS RETROSPOT ANGEL WOOD,24
15260,22602,CHRISTMAS RETROSPOT HEART WOOD,24
15260,22910,PAPER CHAIN KIT VINTAGE CHRISTMAS,12
15260,79321,CHILLI LIGHTS,4
15260,84347,ROTATING SILVER ANGELS T-LIGHT HLDR,6
15271,10133,COLOURING PENCILS BROWN TUBE,2
15271,20981,12 PENCILS TALL TUBE WOODLAND,2
15271,20982,12 PENCILS TALL TUBE SKULLS,2
15271,20983,12 PENCILS TALL TUBE RED RETROSPOT,2
15271,21221,SET/4 BADGES CUTE CREATURES,4
15271,21224,SET/4 SKULL BADGES,4
15271,21385,IVORY HANGING DECORATION  HEART,2
15271,21622,VINTAGE UNION JACK CUSHION COVER,2
15271,21823,PAINTED METAL HEART WITH HOLLY BELL,2
15271,21899,"KEY FOB , GARAGE DESIGN",4
15271,21900,"KEY FOB , SHED",4
15271,21901,"KEY FOB , BACK DOOR",6
15271,21902,"KEY FOB , FRONT  DOOR",6
15271,21904,HOUSE WRECKING METAL SIGN,3
15271,21930,JUMBO STORAGE BAG SKULLS,2
15271,22163,HEART STRING MEMO HOLDER HANGING,3
15271,22297,HEART IVORY TRELLIS SMALL,1
15271,22332,SKULLS PARTY BAG + STICKER SET,1
15271,22469,HEART OF WICKER SMALL,4
15271,22695,WICKER WREATH SMALL,4
15271,22909,SET OF 20 VINTAGE CHRISTMAS NAPKINS,3
15271,22952,60 CAKE CASES VINTAGE CHRISTMAS,5
15271,85038,6 CHOCOLATE LOVE HEART T-LIGHTS,2
15271,85123A,WHITE HANGING HEART T-LIGHT HOLDER,8
15279,10135,COLOURING PENCILS BROWN TUBE,20
15279,21198,WHITE HEART CONFETTI IN TUBE,48
15279,22222,CAKE PLATE LOVEBIRD WHITE,12
15279,22646,CERAMIC STRAWBERRY CAKE MONEY BANK,12
15279,22776,SWEETHEART CAKESTAND 3 TIER,1
15279,22802,FAUX FUR CHOCOLATE THROW,1
15279,22891,TEA FOR ONE POLKADOT,3
15279,72741,GRAND CHOCOLATECANDLE,18
15279,72802C,VANILLA SCENT CANDLE JEWELLED BOX,6
15279,82613D,METAL SIGN CUPCAKE SINGLE HOOK,20
15279,84836,ZINC METAL HEART DECORATION,12
15279,85034C,3 ROSE MORRIS BOXED CANDLES,12
15279,90019A,SILVER M.O.P ORBIT BRACELET,2
15279,90027A,GLASS BEAD HOOP EARRINGS BLACK,4
15279,90027D,GLASS BEAD HOOP EARRINGS AMETHYST,4
15279,90040A,MURANO STYLE GLASS BRACELET RED,3
15279,90040B,MURANO STYLE GLASS BRACELET BLACK,3
15279,90120C,GREEN MURANO TWIST BRACELET,4
15279,90198A,VINTAGE ROSE BEAD BRACELET RASPBERR,4
15288,21591,COSY HOUR CIGAR BOX MATCHES,1
15288,21791,VINTAGE HEADS AND TAILS CARD GAME,1
15288,22119,PEACE WOODEN BLOCK LETTERS,2
15288,22121,NOEL WOODEN BLOCK LETTERS,2
15288,22429,ENAMEL MEASURING JUG CREAM,1
15288,22623,BOX OF VINTAGE JIGSAW BLOCKS,1
15288,22630,DOLLY GIRL LUNCH BOX,4
15288,22631,CIRCUS PARADE LUNCH BOX,4
15288,22635,CHILDS BREAKFAST SET DOLLY GIRL,2
15288,22636,CHILDS BREAKFAST SET CIRCUS PARADE,2
15288,22659,LUNCH BOX I LOVE LONDON,4
15288,22726,ALARM CLOCK BAKELIKE GREEN,1
15288,22736,RIBBON REEL MAKING SNOWMEN,1
15288,22738,RIBBON REEL SNOWY VILLAGE,1
15288,22746,POPPY'S PLAYHOUSE LIVINGROOM,1
15288,22812,PACK 3 BOXES CHRISTMAS PANNETONE,2
15288,22899,CHILDREN'S APRON DOLLY GIRL,4
15288,22910,PAPER CHAIN KIT VINTAGE CHRISTMAS,1
15288,22938,CUPCAKE LACE PAPER SET 6,2
15288,22952,60 CAKE CASES VINTAGE CHRISTMAS,2
15288,22956,36 FOIL HEART CAKE CASES,2
15288,22962,JAM JAR WITH PINK LID,6
15288,22963,JAM JAR WITH GREEN LID,6
15288,22973,CHILDREN'S CIRCUS PARADE MUG,6
15288,22974,CHILDRENS DOLLY GIRL MUG,6
15288,84944,SET OF 6 KASHMIR FOLKART BAUBLES,1
15290,21704,BAG 250g SWIRLY MARBLES,24
15290,21868,POTTING SHED TEA MUG,24
15290,21888,BINGO SET,8
15290,22285,"DECORATION HEN ON NEST, HANGING",24
15290,22302,COFFEE MUG PEARS  DESIGN,12
15290,22619,SET OF 6 SOLDIER SKITTLES,4
15290,22909,SET OF 20 VINTAGE CHRISTMAS NAPKINS,48
15290,22952,60 CAKE CASES VINTAGE CHRISTMAS,24
15291,21733,RED HANGING HEART T-LIGHT HOLDER,64
15291,21754,HOME BUILDING BLOCK WORD,6
15291,22114,HOT WATER BOTTLE TEA AND SYMPATHY,48
15291,22424,ENAMEL BREAD BIN CREAM,4
15291,82484,WOOD BLACK BOARD ANT WHITE FINISH,12
15291,82486,WOOD S/3 CABINET ANT WHITE FINISH,24
15298,20754,RETROSPOT RED WASHING UP GLOVES,6
15298,20914,SET/5 RED RETROSPOT LID GLASS BOWLS,6
15298,21071,VINTAGE BILLBOARD DRINK ME MUG,24
15298,21212,PACK OF 72 RETROSPOT CAKE CASES,24
15298,21213,PACK OF 72 SKULL CAKE CASES,24
15298,22131,FOOD CONTAINER SET 3 LOVE HEART,6
15298,22179,SET 10 LIGHTS NIGHT OWL,6
15298,22197,SMALL POPCORN HOLDER,60
15298,22198,LARGE POPCORN HOLDER,24
15298,22644,CERAMIC CHERRY CAKE MONEY BANK,12
15298,22645,CERAMIC HEART FAIRY CAKE MONEY BANK,12
15298,22649,STRAWBERRY FAIRY CAKE TEAPOT,8
15298,22966,GINGERBREAD MAN COOKIE CUTTER,12
15298,37500,TEA TIME TEAPOT IN GIFT BOX,2
15298,84006,MAGIC TREE -PAPER FLOWERS,24
15298,84375,SET OF 20 KIDS COOKIE CUTTERS,12
15298,84991,60 TEATIME FAIRY CAKE CASES,24
15299,21833,CAMOUFLAGE LED TORCH,204
15299,22275,WEEKEND BAG VINTAGE ROSE PAISLEY,69
15299,84950,ASSORTED COLOUR T-LIGHT HOLDER,1824
15301,20685,DOORMAT RED RETROSPOT,2
15301,21253,SET OF PICTURE FRAME  STICKERS,6
15301,21351,CINAMMON & ORANGE WREATH,4
15301,21352,EUCALYPTUS & PINECONE  WREATH,4
15301,21366,MIRRORED WALL ART PHOTO FRAMES,3
15301,21523,DOORMAT FANCY FONT HOME SWEET HOME,2
15301,21657,MILK BOTTLE WITH GLASS STOPPER,6
15301,21801,CHRISTMAS TREE DECORATION WITH BELL,36
15301,21802,CHRISTMAS TREE HEART DECORATION,36
15301,21803,CHRISTMAS TREE STAR DECORATION,36
15301,22044,CHRISTMAS CARD STACK OF PRESENTS,12
15301,22154,ANGEL DECORATION 3 BUTTONS,48
15301,22155,STAR DECORATION RUSTIC,48
15301,22187,GREEN CHRISTMAS TREE CARD HOLDER,4
15301,22571,ROCKING HORSE RED CHRISTMAS,12
15301,22572,ROCKING HORSE GREEN CHRISTMAS,12
15301,22585,PACK OF 6 BIRDY GIFT TAGS,24
15301,22589,CARDHOLDER GINGHAM STAR,6
15301,22688,DOORMAT PEACE ON EARTH BLUE,4
15301,22694,WICKER STAR,12
15301,22731,3D CHRISTMAS STAMPS STICKERS,18
15301,22732,3D VINTAGE CHRISTMAS STICKERS,18
15301,22733,3D TRADITIONAL CHRISTMAS STICKERS,18
15301,22809,SET OF 6 T-LIGHTS SANTA,12
15301,22810,SET OF 6 T-LIGHTS SNOWMEN,12
15301,22818,CARD CHRISTMAS VILLAGE,12
15301,22923,FRIDGE MAGNETS LES ENFANTS ASSORTED,12
15301,22960,JAM MAKING SET WITH JARS,6
15301,22961,JAM MAKING SET PRINTED,12
15301,22962,JAM JAR WITH PINK LID,12
15301,22963,JAM JAR WITH GREEN LID,12
15301,22965,3 TRADITIONAl BISCUIT CUTTERS  SET,6
15301,22966,GINGERBREAD MAN COOKIE CUTTER,12
15301,84879,ASSORTED COLOUR BIRD ORNAMENT,24
15304,21843,RED RETROSPOT CAKE STAND,2
15304,22423,REGENCY CAKESTAND 3 TIER,4
15304,22697,GREEN REGENCY TEACUP AND SAUCER,6
15304,22699,ROSES REGENCY TEACUP AND SAUCER,6
15304,22784,LANTERN CREAM GAZEBO,3
15311,15056BL,EDWARDIAN PARASOL BLACK,3
15311,15056N,EDWARDIAN PARASOL NATURAL,3
15311,20655,QUEEN OF SKIES LUGGAGE TAG,2
15311,20674,GREEN POLKADOT BOWL,1
15311,20675,BLUE POLKADOT BOWL,1
15311,20677,PINK POLKADOT BOWL,4
15311,20719,WOODLAND CHARLOTTE BAG,1
15311,20726,LUNCH BAG WOODLAND,1
15311,20750,RED RETROSPOT MINI CASES,3
15311,20802,SMALL GLASS SUNDAE DISH CLEAR,36
15311,20829,GLITTER HANGING BUTTERFLY STRING,15
15311,20906,VINTAGE NOTEBOOK BEAUTY GIRL,1
15311,21033,JUMBO BAG CHARLIE AND LOLA TOYS,2
15311,21098,CHRISTMAS TOILET ROLL,72
15311,21158,MOODY GIRL DOOR HANGER,1
15311,21166,COOK WITH WINE METAL SIGN,1
15311,21169,YOU'RE CONFUSING ME METAL SIGN,3
15311,21172,PARTY METAL SIGN,24
15311,21175,GIN + TONIC DIET METAL SIGN,2
15311,21212,PACK OF 72 RETROSPOT CAKE CASES,3
15311,21231,SWEETHEART CERAMIC TRINKET BOX,2
15311,21239,PINK  POLKADOT CUP,3
15311,21240,BLUE POLKADOT CUP,1
15311,21243,PINK  POLKADOT PLATE,5
15311,21244,BLUE POLKADOT PLATE,1
15311,21245,GREEN POLKADOT PLATE,2
15311,21258,VICTORIAN SEWING BOX LARGE,16
15311,21259,VICTORIAN SEWING BOX SMALL,1
15311,21470,FLOWER VINE RAFFIA FOOD COVER,2
15311,21504,SKULLS GREETING CARD,12
15311,21523,DOORMAT FANCY FONT HOME SWEET HOME,10
15311,21533,RETROSPOT LARGE MILK JUG,1
15311,21557,SET OF 6 FUNKY BEAKERS,2
15311,21559,STRAWBERRY LUNCH BOX WITH CUTLERY,1
15311,21563,RED HEART SHAPE LOVE BUCKET,2
15311,21670,BLUE SPOT CERAMIC DRAWER KNOB,12
15311,21672,WHITE SPOT RED CERAMIC DRAWER KNOB,12
15311,21673,WHITE SPOT BLUE CERAMIC DRAWER KNOB,12
15311,21731,RED TOADSTOOL LED NIGHT LIGHT,4
15311,21774,DECORATIVE CATS BATHROOM BOTTLE,24
15311,21832,CHOCOLATE CALCULATOR,1
15311,21867,PINK UNION JACK  LUGGAGE TAG,1
15311,21872,GLAMOROUS  MUG,2
15311,21899,"KEY FOB , GARAGE DESIGN",1
15311,21934,SKULL SHOULDER BAG,20
15311,21949,SET OF 6 STRAWBERRY CHOPSTICKS,1
15311,22083,PAPER CHAIN KIT RETROSPOT,46
15311,22086,PAPER CHAIN KIT 50'S CHRISTMAS,7
15311,22088,PAPER BUNTING COLOURED LACE,2
15311,22090,PAPER BUNTING RETROSPOT,2
15311,22139,RETROSPOT TEA SET CERAMIC 11 PC,23
15311,22170,PICTURE FRAME WOOD TRIPLE PORTRAIT,1
15311,22175,PINK OWL SOFT TOY,1
15311,22176,BLUE OWL SOFT TOY,2
15311,22261,FELT EGG COSY WHITE RABBIT,2
15311,22262,FELT EGG COSY CHICKEN,6
15311,22313,OFFICE MUG WARMER PINK,1
15311,22355,CHARLOTTE BAG SUKI DESIGN,100
15311,22411,JUMBO SHOPPER VINTAGE RED PAISLEY,10
15311,22438,BALLOON ART MAKE YOUR OWN FLOWERS,1
15311,22445,PENCIL CASE LIFE IS BEAUTIFUL,1
15311,22502,PICNIC BASKET WICKER SMALL,5
15311,22562,MONSTERS STENCIL CRAFT,1
15311,22563,HAPPY STENCIL CRAFT,1
15311,22620,4 TRADITIONAL SPINNING TOPS,3
15311,22637,PIGGY BANK RETROSPOT,5
15311,22644,CERAMIC CHERRY CAKE MONEY BANK,4
15311,22646,CERAMIC STRAWBERRY CAKE MONEY BANK,5
15311,22719,GUMBALL MONOCHROME COAT RACK,36
15311,22723,SET OF 6 HERB TINS SKETCHBOOK,1
15311,22746,POPPY'S PLAYHOUSE LIVINGROOM,1
15311,22756,LARGE YELLOW BABUSHKA NOTEBOOK,1
15311,22766,PHOTO FRAME CORNICE,1
15311,22771,CLEAR DRAWER KNOB ACRYLIC EDWARDIAN,24
15311,22774,RED DRAWER KNOB ACRYLIC EDWARDIAN,48
15311,22775,PURPLE DRAWERKNOB ACRYLIC EDWARDIAN,24
15311,22778,GLASS CLOCHE SMALL,9
15311,22788,BROCANTE COAT RACK,4
15311,22834,HAND WARMER BABUSHKA DESIGN,1
15311,22844,VINTAGE CREAM DOG FOOD CONTAINER,1
15311,22845,VINTAGE CREAM CAT FOOD CONTAINER,5
15311,22891,TEA FOR ONE POLKADOT,3
15311,22909,SET OF 20 VINTAGE CHRISTMAS NAPKINS,15
15311,22910,PAPER CHAIN KIT VINTAGE CHRISTMAS,2
15311,35004C,SET OF 3 COLOURED  FLYING DUCKS,24
15311,37333,"RETRO ""TEA FOR ONE""",1
15311,37444A,YELLOW BREAKFAST CUP AND SAUCER,2
15311,37444B,BLUE BREAKFAST CUP AND SAUCER,2
15311,37444C,PINK BREAKFAST CUP AND SAUCER,1
15311,37446,MINI CAKE STAND WITH HANGING CAKES,32
15311,37449,CERAMIC CAKE STAND + HANGING CAKES,8
15311,40001,WHITE BAMBOO RIBS LAMPSHADE,1
15311,47580,TEA TIME DES TEA COSY,10
15311,48111,DOORMAT 3 SMILEY CATS,10
15311,48173C,DOORMAT BLACK FLOCK,10
15311,71270,PHOTO CLIP LINE,4
15311,72598,SET/12 TAPER CANDLES,3
15311,79321,CHILLI LIGHTS,96
15311,82486,WOOD S/3 CABINET ANT WHITE FINISH,2
15311,82494L,WOODEN FRAME ANTIQUE WHITE,24
15311,82567,"AIRLINE LOUNGE,METAL SIGN",3
15311,82599,FANNY'S REST STOPMETAL SIGN,5
15311,82600,NO SINGING METAL SIGN,3
15311,82613B,"METAL SIGN,CUPCAKE SINGLE HOOK",1
15311,84050,PINK HEART SHAPE EGG FRYING PAN,72
15311,84378,SET OF 3 HEART COOKIE CUTTERS,1
15311,84415B,BLUE FLOCK CUSHION COVER,2
15311,84559B,3D SHEET OF CAT STICKERS,2
15311,84563A,PINK & WHITE BREAKFAST TRAY,2
15311,84563B,BLUE & WHITE BREAKFAST TRAY,1
15311,84832,ZINC WILLIE WINKIE  CANDLE STICK,1
15311,84836,ZINC METAL HEART DECORATION,12
15311,84849D,HOT BATHS SOAP HOLDER,1
15311,84854,GIRLY PINK TOOL SET,5
15311,84865,NEW BAROQUE BLACK PHOTO ALBUM,2
15311,84946,ANTIQUE SILVER TEA GLASS ETCHED,14
15311,84971S,SMALL HEART FLOWERS HOOK,6
15311,84978,HANGING HEART JAR T-LIGHT HOLDER,36
15311,84997B,RED 3 PIECE RETROSPOT CUTLERY SET,4
15311,84997C,BLUE 3 PIECE POLKADOT CUTLERY SET,5
15311,84997D,PINK 3 PIECE POLKADOT CUTLERY SET,12
15311,85014A,BLACK/BLUE POLKADOT UMBRELLA,1
15311,85035B,CHOCOLATE 3 WICK MORRIS BOX CANDLE,13
15311,85136A,YELLOW SHARK HELICOPTER,1
15311,85184C,S/4 VALENTINE DECOUPAGE HEART BOX,1
15312,21231,SWEETHEART CERAMIC TRINKET BOX,12
15312,21232,STRAWBERRY CERAMIC TRINKET BOX,12
15312,21380,WOODEN HAPPY BIRTHDAY GARLAND,6
15312,21468,BUTTERFLY CROCHET FOOD COVER,6
15312,21977,PACK OF 60 PINK PAISLEY CAKE CASES,24
15312,22077,6 RIBBONS RUSTIC CHARM,12
15312,22505,MEMO BOARD COTTAGE DESIGN,4
15312,22510,GINGHAM BABUSHKA DOORSTOP,4
15312,22511,RETROSPOT BABUSHKA DOORSTOP,4
15312,22711,WRAP CIRCUS PARADE,25
15312,22716,CARD CIRCUS PARADE,12
15312,22804,CANDLEHOLDER PINK HANGING HEART,12
15312,22851,SET 20 NAPKINS FAIRY CAKES DESIGN,12
15312,22907,PACK OF 20 NAPKINS PANTRY DESIGN,12
15312,84029G,KNITTED UNION FLAG HOT WATER BOTTLE,8
15312,85123A,WHITE HANGING HEART T-LIGHT HOLDER,12
15347,21155,RED RETROSPOT PEG BAG,12
15347,22083,PAPER CHAIN KIT RETROSPOT,6
15347,22090,PAPER BUNTING RETROSPOT,6
15347,22378,WALL TIDY RETROSPOT,10
15347,22558,CLOTHES PEGS RETROSPOT PACK 24,96
15350,22112,CHOCOLATE HOT WATER BOTTLE,3
15350,22834,HAND WARMER BABUSHKA DESIGN,12
15350,22865,HAND WARMER OWL DESIGN,12
15350,22866,HAND WARMER SCOTTY DOG DESIGN,12
15350,22867,HAND WARMER BIRD DESIGN,12
15351,20681,PINK POLKADOT CHILDRENS UMBRELLA,2
15351,20975,12 PENCILS SMALL TUBE RED RETROSPOT,1
15351,20983,12 PENCILS TALL TUBE RED RETROSPOT,1
15351,21161,KEEP OUT BOYS DOOR HANGER,6
15351,21329,DINOSAURS  WRITING SET,1
15351,21429,RED GINGHAM ROSE JEWELLERY BOX,10
15351,21446,12 RED ROSE PEG PLACE SETTINGS,2
15351,21447,12 IVORY ROSE PEG PLACE SETTINGS,1
15351,21833,CAMOUFLAGE LED TORCH,18
15351,21888,BINGO SET,1
15351,21892,TRADITIONAL WOODEN CATCH CUP GAME,1
15351,21912,VINTAGE SNAKES & LADDERS,1
15351,21936,RED RETROSPOT PICNIC BAG,1
15351,22086,PAPER CHAIN KIT 50'S CHRISTMAS,1
15351,22185,SLATE TILE NATURAL HANGING,1
15351,22196,SMALL HEART MEASURING SPOONS,2
15351,22197,SMALL POPCORN HOLDER,2
15351,22255,FELT TOADSTOOL  SMALL,5
15351,22256,FELT FARM ANIMAL CHICKEN,3
15351,22356,CHARLOTTE BAG PINK POLKADOT,2
15351,22379,RECYCLING BAG RETROSPOT,2
15351,22380,TOY TIDY SPACEBOY,2
15351,22382,LUNCH BAG SPACEBOY DESIGN,2
15351,22383,LUNCH BAG SUKI  DESIGN,4
15351,22432,WATERING CAN PINK BUNNY,1
15351,22433,WATERING CAN GREEN DINOSAUR,4
15351,22457,NATURAL SLATE HEART CHALKBOARD,1
15351,22474,SPACEBOY TV DINNER TRAY,1
15351,22477,WATERING CAN GARDEN MARKER,3
15351,22478,BIRDHOUSE GARDEN MARKER,3
15351,22479,DAISY GARDEN MARKER,3
15351,22505,MEMO BOARD COTTAGE DESIGN,2
15351,22524,CHILDRENS GARDEN GLOVES BLUE,1
15351,22525,CHILDRENS GARDEN GLOVES PINK,1
15351,22617,BAKING SET SPACEBOY DESIGN,1
15351,22618,COOKING SET RETROSPOT,1
15351,22662,LUNCH BAG DOLLY GIRL DESIGN,2
15351,22728,ALARM CLOCK BAKELIKE PINK,1
15351,22839,3 TIER CAKE TIN GREEN AND CREAM,1
15351,22840,ROUND CAKE TIN VINTAGE RED,2
15351,22898,CHILDRENS APRON APPLES DESIGN,1
15351,22977,DOLLY GIRL CHILDRENS EGG CUP,1
15351,22988,SOLDIERS EGG CUP,2
15351,47310M,"SMALL POP BOX,FUNKY MONKEY",1
15351,84969,BOX OF 6 ASSORTED COLOUR TEASPOONS,1
15351,84997D,PINK 3 PIECE POLKADOT CUTLERY SET,6
15351,85099B,JUMBO BAG RED RETROSPOT,4
15351,85150,LADIES & GENTLEMEN METAL SIGN,1
15351,85214,TUB 24 PINK FLOWER PEGS,12
15353,21114,LAVENDER SCENTED FABRIC HEART,10
15353,21704,BAG 250g SWIRLY MARBLES,12
15353,22295,HEART FILIGREE DOVE LARGE,12
15353,22297,HEART IVORY TRELLIS SMALL,24
15353,22423,REGENCY CAKESTAND 3 TIER,6
15353,22622,BOX OF VINTAGE ALPHABET BLOCKS,2
15353,22623,BOX OF VINTAGE JIGSAW BLOCKS,3
15353,22632,HAND WARMER RED RETROSPOT,12
15353,22633,HAND WARMER UNION JACK,24
15353,22829,SWEETHEART WIRE WALL TIDY,2
15353,22961,JAM MAKING SET PRINTED,12
15353,22966,GINGERBREAD MAN COOKIE CUTTER,12
15356,20973,12 PENCIL SMALL TUBE WOODLAND,4
15356,20974,12 PENCILS SMALL TUBE SKULL,3
15356,20975,12 PENCILS SMALL TUBE RED RETROSPOT,2
15356,20978,36 PENCILS TUBE SKULLS,2
15356,20979,36 PENCILS TUBE RED RETROSPOT,2
15356,20981,12 PENCILS TALL TUBE WOODLAND,4
15356,20982,12 PENCILS TALL TUBE SKULLS,5
15356,20983,12 PENCILS TALL TUBE RED RETROSPOT,3
15356,21100,CHARLIE AND LOLA CHARLOTTE BAG,1
15356,21166,COOK WITH WINE METAL SIGN,3
15356,21169,YOU'RE CONFUSING ME METAL SIGN,2
15356,21175,GIN + TONIC DIET METAL SIGN,6
15356,21181,PLEASE ONE PERSON METAL SIGN,3
15356,21479,WHITE SKULL HOT WATER BOTTLE,4
15356,21558,SKULL LUNCH BOX WITH CUTLERY,1
15356,21733,RED HANGING HEART T-LIGHT HOLDER,4
15356,21870,I CAN ONLY PLEASE ONE PERSON MUG,10
15356,21872,GLAMOROUS  MUG,8
15356,21874,GIN AND TONIC MUG,9
15356,21876,POTTERING MUG,1
15356,21877,HOME SWEET HOME MUG,8
15356,21903,MAN FLU METAL SIGN,3
15356,21904,HOUSE WRECKING METAL SIGN,3
15356,21908,CHOCOLATE THIS WAY METAL SIGN,2
15356,22085,PAPER CHAIN KIT SKULLS,1
15356,22086,PAPER CHAIN KIT 50'S CHRISTMAS,3
15356,22114,HOT WATER BOTTLE TEA AND SYMPATHY,1
15356,22413,METAL SIGN TAKE IT OR LEAVE IT,2
15356,22469,HEART OF WICKER SMALL,1
15356,22470,HEART OF WICKER LARGE,1
15356,22529,MAGIC DRAWING SLATE GO TO THE FAIR,1
15356,22530,MAGIC DRAWING SLATE DOLLY GIRL,1
15356,22531,MAGIC DRAWING SLATE CIRCUS PARADE,2
15356,22533,MAGIC DRAWING SLATE BAKE A CAKE,1
15356,22534,MAGIC DRAWING SLATE SPACEBOY,1
15356,22535,MAGIC DRAWING SLATE BUNNIES,1
15356,22536,MAGIC DRAWING SLATE PURDEY,1
15356,22537,MAGIC DRAWING SLATE DINOSAUR,1
15356,22629,SPACEBOY LUNCH BOX,3
15356,22630,DOLLY GIRL LUNCH BOX,2
15356,22631,CIRCUS PARADE LUNCH BOX,1
15356,22632,HAND WARMER RED RETROSPOT,2
15356,22633,HAND WARMER UNION JACK,6
15356,22659,LUNCH BOX I LOVE LONDON,4
15356,22666,RECIPE BOX PANTRY YELLOW DESIGN,1
15356,22726,ALARM CLOCK BAKELIKE GREEN,3
15356,22727,ALARM CLOCK BAKELIKE RED,1
15356,22728,ALARM CLOCK BAKELIKE PINK,1
15356,22730,ALARM CLOCK BAKELIKE IVORY,2
15356,22733,3D TRADITIONAL CHRISTMAS STICKERS,2
15356,22804,CANDLEHOLDER PINK HANGING HEART,4
15356,22865,HAND WARMER OWL DESIGN,1
15356,22866,HAND WARMER SCOTTY DOG DESIGN,1
15356,22867,HAND WARMER BIRD DESIGN,2
15356,22909,SET OF 20 VINTAGE CHRISTMAS NAPKINS,6
15356,22911,PAPER CHAIN KIT LONDON,1
15356,22952,60 CAKE CASES VINTAGE CHRISTMAS,6
15356,35961,FOLKART ZINC HEART CHRISTMAS DEC,4
15356,82551,LAUNDRY 15C METAL SIGN,3
15356,82552,WASHROOM METAL SIGN,3
15356,82567,"AIRLINE LOUNGE,METAL SIGN",2
15356,82583,HOT BATHS METAL SIGN,2
15356,82599,FANNY'S REST STOPMETAL SIGN,2
15356,82600,NO SINGING METAL SIGN,2
15356,84029G,KNITTED UNION FLAG HOT WATER BOTTLE,5
15356,84032A,CHARLIE+LOLA PINK HOT WATER BOTTLE,1
15356,84032B,CHARLIE + LOLA RED HOT WATER BOTTLE,1
15356,84849B,FAIRY SOAP SOAP HOLDER,2
15356,84924A,WAKE UP COCKEREL CALENDAR SIGN,1
15356,84927A,WAKE UP COCKEREL TILE HOOK,1
15356,85123A,WHITE HANGING HEART T-LIGHT HOLDER,6
15356,85150,LADIES & GENTLEMEN METAL SIGN,2
15356,85152,HAND OVER THE CHOCOLATE   SIGN,4
15358,10135,COLOURING PENCILS BROWN TUBE,10
15358,20971,PINK BLUE FELT CRAFT TRINKET BOX,12
15358,21259,VICTORIAN SEWING BOX SMALL,2
15358,21498,RED RETROSPOT WRAP,25
15358,21880,RED RETROSPOT TAPE,12
15358,21976,PACK OF 60 MUSHROOM CAKE CASES,48
15358,22029,SPACEBOY BIRTHDAY CARD,12
15358,22082,RIBBON REEL STRIPES DESIGN,10
15358,22083,PAPER CHAIN KIT RETROSPOT,6
15358,22147,FELTCRAFT BUTTERFLY HEARTS,12
15358,22150,3 STRIPEY MICE FELTCRAFT,6
15358,22195,LARGE HEART MEASURING SPOONS,12
15358,22398,MAGNETS PACK OF 4 SWALLOWS,24
15358,22399,MAGNETS PACK OF 4 CHILDHOOD MEMORY,12
15358,22423,REGENCY CAKESTAND 3 TIER,1
15358,22454,MEASURING TAPE BABUSHKA RED,6
15358,22501,PICNIC BASKET WICKER LARGE,2
15358,22587,FELTCRAFT HAIRBAND RED AND BLUE,12
15358,22621,TRADITIONAL KNITTING NANCY,12
15358,22732,3D VINTAGE CHRISTMAS STICKERS,18
15358,22738,RIBBON REEL SNOWY VILLAGE,10
15358,22739,RIBBON REEL CHRISTMAS SOCK BAUBLE,10
15358,22744,MAKE YOUR OWN MONSOON CARD KIT,6
15358,22746,POPPY'S PLAYHOUSE LIVINGROOM,6
15358,22748,POPPY'S PLAYHOUSE KITCHEN,6
15358,22813,PACK 3 BOXES BIRD PANNETONE,12
15358,22818,CARD CHRISTMAS VILLAGE,12
15358,22910,PAPER CHAIN KIT VINTAGE CHRISTMAS,6
15358,22930,BAKING MOULD HEART MILK CHOCOLATE,6
15358,22931,BAKING MOULD HEART WHITE CHOCOLATE,6
15358,22932,BAKING MOULD TOFFEE CUP CHOCOLATE,6
15358,22935,BAKING MOULD ROSE MILK CHOCOLATE,6
15358,22936,BAKING MOULD ROSE WHITE CHOCOLATE,6
15358,22937,BAKING MOULD CHOCOLATE CUPCAKES,6
15358,22951,60 CAKE CASES DOLLY GIRL DESIGN,24
15358,22952,60 CAKE CASES VINTAGE CHRISTMAS,24
15358,84247L,FAWN AND MUSHROOM GREETING CARD,12
15358,84535B,FAIRY CAKES NOTEBOOK A6 SIZE,16
15358,84993A,75 GREEN PETIT FOUR CASES,24
15358,85049E,SCANDINAVIAN REDS RIBBONS,12
15358,85185B,PINK HORSE SOCK PUPPET,6
15361,20893,HANGING BAUBLE T-LIGHT HOLDER SMALL,36
15361,22130,PARTY CONE CHRISTMAS DECORATION,12
15361,22178,VICTORIAN GLASS HANGING T-LIGHT,192
15361,22460,EMBOSSED GLASS TEALIGHT HOLDER,24
15361,35610B,BLACK CHRISTMAS FLOCK DROPLET,24
15361,35610C,WHITE CHRISTMAS FLOCK DROPLET,24
15361,84949,SILVER HANGING T-LIGHT HOLDER,24
15363,20798,CLEAR MILKSHAKE GLASS,12
15363,21249,WOODLAND  HEIGHT CHART STICKERS,6
15363,21561,DINOSAUR LUNCH BOX WITH CUTLERY,6
15363,21731,RED TOADSTOOL LED NIGHT LIGHT,12
15363,21743,STAR PORTABLE TABLE LIGHT,12
15363,21790,VINTAGE SNAP CARDS,12
15363,21913,VINTAGE SEASIDE JIGSAW PUZZLES,4
15363,22320,BIRDS MOBILE VINTAGE DESIGN,3
15363,22382,LUNCH BAG SPACEBOY DESIGN,10
15363,22457,NATURAL SLATE HEART CHALKBOARD,6
15363,22493,PAINT YOUR OWN CANVAS SET,24
15363,22669,RED BABY BUNTING,5
15363,22745,POPPY'S PLAYHOUSE BEDROOM,12
15363,22943,CHRISTMAS LIGHTS 10 VINTAGE BAUBLES,6
15363,85135B,BLUE DRAGONFLY HELICOPTER,2
15363,85227,SET OF 6 3D KIT CARDS FOR KIDS,12
15366,20967,GREY FLORAL FELTCRAFT SHOULDER BAG,4
15366,20969,RED FLORAL FELTCRAFT SHOULDER BAG,4
15366,20970,PINK FLORAL FELTCRAFT SHOULDER BAG,4
15366,21498,RED RETROSPOT WRAP,25
15366,22029,SPACEBOY BIRTHDAY CARD,12
15366,22568,FELTCRAFT CUSHION OWL,4
15366,22569,FELTCRAFT CUSHION BUTTERFLY,4
15366,22570,FELTCRAFT CUSHION RABBIT,4
15373,21625,VINTAGE UNION JACK APRON,3
15373,21843,RED RETROSPOT CAKE STAND,12
15373,21955,DOORMAT UNION JACK GUNS AND ROSES,4
15373,22087,PAPER BUNTING WHITE LACE,6
15373,22113,GREY HEART HOT WATER BOTTLE,8
15373,22114,HOT WATER BOTTLE TEA AND SYMPATHY,4
15373,22179,SET 10 LIGHTS NIGHT OWL,8
15373,22191,IVORY DINER WALL CLOCK,2
15373,22192,BLUE DINER WALL CLOCK,2
15373,22423,REGENCY CAKESTAND 3 TIER,12
15373,22504,CABIN BAG VINTAGE RETROSPOT,1
15373,22835,HOT WATER BOTTLE I AM SO POORLY,4
15379,20972,PINK CREAM FELT CRAFT TRINKET BOX,12
15379,21043,APRON MODERN VINTAGE COTTON,6
15379,21054,NURSE'S BAG SOFT TOY,3
15379,21055,TOOL BOX SOFT TOY,6
15379,21136,PAINTED METAL PEARS ASSORTED,32
15379,21164,HOME SWEET HOME METAL SIGN,6
15379,21166,COOK WITH WINE METAL SIGN,12
15379,21175,GIN + TONIC DIET METAL SIGN,12
15379,21355,TOAST ITS - I LOVE YOU,12
15379,21356,TOAST ITS - FAIRY FLOWER,12
15379,21358,TOAST ITS - HAPPY BIRTHDAY,12
15379,21508,VINTAGE KID DOLLY CARD,12
15379,21625,VINTAGE UNION JACK APRON,3
15379,21651,HANGING GLASS ETCHED TEALIGHT,36
15379,21689,SILVER VANILLA  FLOWER CANDLE POT,8
15379,21693,SMALL HAMMERED SILVER CANDLEPOT,6
15379,21694,SMALL REGAL  SILVER CANDLEPOT,6
15379,21733,RED HANGING HEART T-LIGHT HOLDER,24
15379,21756,BATH BUILDING BLOCK WORD,3
15379,21891,TRADITIONAL WOODEN SKIPPING ROPE,12
15379,21892,TRADITIONAL WOODEN CATCH CUP GAME,12
15379,21914,BLUE HARMONICA IN BOX,12
15379,21915,RED  HARMONICA IN BOX,12
15379,21929,JUMBO BAG PINK VINTAGE PAISLEY,20
15379,21930,JUMBO STORAGE BAG SKULLS,10
15379,22026,BANQUET BIRTHDAY  CARD,12
15379,22083,PAPER CHAIN KIT RETROSPOT,6
15379,22149,FELTCRAFT 6 FLOWER FRIENDS,12
15379,22181,SNOWSTORM PHOTO FRAME FRIDGE MAGNET,12
15379,22215,CAKE STAND WHITE TWO TIER LACE,2
15379,22271,FELTCRAFT DOLL ROSIE,6
15379,22272,FELTCRAFT DOLL MARIA,6
15379,22273,FELTCRAFT DOLL MOLLY,12
15379,22274,FELTCRAFT DOLL EMILY,12
15379,22341,LOVE GARLAND PAINTED ZINC,12
15379,22342,HOME GARLAND PAINTED ZINC,12
15379,22355,CHARLOTTE BAG SUKI DESIGN,10
15379,22423,REGENCY CAKESTAND 3 TIER,2
15379,22456,NATURAL SLATE CHALKBOARD LARGE,6
15379,22457,NATURAL SLATE HEART CHALKBOARD,18
15379,22497,SET OF 2 TINS VINTAGE BATHROOM,4
15379,22549,PICTURE DOMINOES,12
15379,22556,PLASTERS IN TIN CIRCUS PARADE,12
15379,22565,FELTCRAFT HAIRBANDS PINK AND WHITE,12
15379,22566,FELTCRAFT HAIRBAND PINK AND PURPLE,12
15379,22570,FELTCRAFT CUSHION RABBIT,16
15379,22776,SWEETHEART CAKESTAND 3 TIER,3
15379,22817,CARD SUKI BIRTHDAY,12
15379,22960,JAM MAKING SET WITH JARS,12
15379,22961,JAM MAKING SET PRINTED,12
15379,22969,HOMEMADE JAM SCENTED CANDLES,24
15379,22983,CARD BILLBOARD FONT,12
15379,82578,KITCHEN METAL SIGN,12
15379,82580,BATHROOM METAL SIGN,12
15379,84792,ENCHANTED BIRD COATHANGER 5 HOOK,4
15379,84879,ASSORTED COLOUR BIRD ORNAMENT,24
15379,84970L,SINGLE HEART ZINC T-LIGHT HOLDER,24
15379,84970S,HANGING HEART ZINC T-LIGHT HOLDER,48
15379,84978,HANGING HEART JAR T-LIGHT HOLDER,36
15379,85123A,WHITE HANGING HEART T-LIGHT HOLDER,12
15379,85152,HAND OVER THE CHOCOLATE   SIGN,12
15380,35001W,HAND OPEN SHAPE DECO.WHITE,78
15384,20725,LUNCH BAG RED RETROSPOT,10
15384,20727,LUNCH BAG  BLACK SKULL.,10
15384,21213,PACK OF 72 SKULL CAKE CASES,24
15384,21231,SWEETHEART CERAMIC TRINKET BOX,12
15384,21232,STRAWBERRY CERAMIC TRINKET BOX,12
15384,21495,SKULLS AND CROSSBONES WRAP,25
15384,21504,SKULLS GREETING CARD,12
15384,21508,VINTAGE KID DOLLY CARD,12
15384,21715,GIRLS VINTAGE TIN SEASIDE BUCKET,8
15384,22029,SPACEBOY BIRTHDAY CARD,12
15384,22045,SPACEBOY GIFT WRAP,25
15384,22382,LUNCH BAG SPACEBOY DESIGN,10
15384,22472,TV DINNER TRAY DOLLY GIRL,3
15384,22474,SPACEBOY TV DINNER TRAY,3
15384,22475,SKULL DESIGN TV DINNER TRAY,3
15384,22551,PLASTERS IN TIN SPACEBOY,12
15384,22630,DOLLY GIRL LUNCH BOX,12
15384,22649,STRAWBERRY FAIRY CAKE TEAPOT,8
15384,22662,LUNCH BAG DOLLY GIRL DESIGN,10
15384,22708,WRAP DOLLY GIRL,25
15392,20668,DISCO BALL CHRISTMAS DECORATION,48
15392,21080,SET/20 RED RETROSPOT PAPER NAPKINS,12
15392,21212,PACK OF 72 RETROSPOT CAKE CASES,48
15392,21977,PACK OF 60 PINK PAISLEY CAKE CASES,24
15392,21980,PACK OF 12 RED RETROSPOT TISSUES,24
15392,21982,PACK OF 12 SUKI TISSUES,24
15392,21983,PACK OF 12 BLUE PAISLEY TISSUES,24
15392,22130,PARTY CONE CHRISTMAS DECORATION,24
15392,22150,3 STRIPEY MICE FELTCRAFT,12
15392,22453,MEASURING TAPE BABUSHKA BLUE,6
15392,22555,PLASTERS IN TIN STRONGMAN,12
15392,22557,PLASTERS IN TIN VINTAGE PAISLEY,12
15392,22585,PACK OF 6 BIRDY GIFT TAGS,12
15392,22593,CHRISTMAS GINGHAM STAR,24
15392,22595,CHRISTMAS GINGHAM HEART,36
15392,22759,SET OF 3 NOTEBOOKS IN PARCEL,24
15392,22837,HOT WATER BOTTLE BABUSHKA,8
15392,22983,CARD BILLBOARD FONT,12
15392,84819,DANISH ROSE ROUND SEWING BOX,16
15394,20713,JUMBO BAG OWLS,10
15394,21033,JUMBO BAG CHARLIE AND LOLA TOYS,10
15394,21843,RED RETROSPOT CAKE STAND,6
15394,21928,JUMBO BAG SCANDINAVIAN PAISLEY,10
15394,22173,METAL 4 HOOK HANGER FRENCH CHATEAU,8
15394,22385,JUMBO BAG SPACEBOY DESIGN,10
15394,22386,JUMBO BAG PINK POLKADOT,10
15394,22507,MEMO BOARD RETROSPOT  DESIGN,4
15394,22558,CLOTHES PEGS RETROSPOT PACK 24,24
15394,22567,20 DOLLY PEGS RETROSPOT,12
15394,22629,SPACEBOY LUNCH BOX,12
15394,22630,DOLLY GIRL LUNCH BOX,12
15394,22659,LUNCH BOX I LOVE LONDON,12
15394,22663,JUMBO BAG DOLLY GIRL DESIGN,20
15394,22674,FRENCH TOILET SIGN BLUE METAL,12
15394,22697,GREEN REGENCY TEACUP AND SAUCER,6
15394,22699,ROSES REGENCY TEACUP AND SAUCER,6
15394,22766,PHOTO FRAME CORNICE,8
15394,22784,LANTERN CREAM GAZEBO,6
15394,48138,DOORMAT UNION FLAG,2
15394,82482,WOODEN PICTURE FRAME WHITE FINISH,6
15394,82494L,WOODEN FRAME ANTIQUE WHITE,6
15394,85099B,JUMBO BAG RED RETROSPOT,20
15394,85099F,JUMBO BAG STRAWBERRY,10
15426,15034,PAPER POCKET TRAVELING FAN,1
15426,15060B,FAIRY CAKE DESIGN UMBRELLA,3
15426,20671,BLUE TEATIME PRINT BOWL,2
15426,20829,GLITTER HANGING BUTTERFLY STRING,1
15426,20967,GREY FLORAL FELTCRAFT SHOULDER BAG,1
15426,21116,OWL DOORSTOP,1
15426,21137,BLACK RECORD COVER FRAME,24
15426,21143,ANTIQUE GLASS HEART DECORATION,1
15426,21166,COOK WITH WINE METAL SIGN,1
15426,21181,PLEASE ONE PERSON METAL SIGN,2
15426,21213,PACK OF 72 SKULL CAKE CASES,1
15426,21231,SWEETHEART CERAMIC TRINKET BOX,4
15426,21232,STRAWBERRY CERAMIC TRINKET BOX,2
15426,21313,GLASS HEART T-LIGHT HOLDER,1
15426,21326,AGED GLASS SILVER T-LIGHT HOLDER,12
15426,21340,CLASSIC METAL BIRDCAGE PLANT HOLDER,1
15426,21356,TOAST ITS - FAIRY FLOWER,1
15426,21361,LOVE LARGE WOOD LETTERS,1
15426,21422,PORCELAIN ROSE SMALL,8
15426,21624,VINTAGE UNION JACK DOORSTOP,1
15426,21745,GAOLERS KEYS DECORATIVE GARDEN,1
15426,21754,HOME BUILDING BLOCK WORD,3
15426,21811,CHRISTMAS HANGING HEART WITH BELL,3
15426,21892,TRADITIONAL WOODEN CATCH CUP GAME,1
15426,21903,MAN FLU METAL SIGN,2
15426,21904,HOUSE WRECKING METAL SIGN,1
15426,21908,CHOCOLATE THIS WAY METAL SIGN,2
15426,22112,CHOCOLATE HOT WATER BOTTLE,1
15426,22121,NOEL WOODEN BLOCK LETTERS,1
15426,22147,FELTCRAFT BUTTERFLY HEARTS,2
15426,22151,PLACE SETTING WHITE HEART,1
15426,22156,HEART DECORATION WITH PEARLS,1
15426,22278,OVERNIGHT BAG VINTAGE ROSE PAISLEY,2
15426,22296,HEART IVORY TRELLIS LARGE,1
15426,22318,FIVE HEART HANGING DECORATION,1
15426,22421,LIPSTICK PEN FUSCHIA,1
15426,22427,ENAMEL FLOWER JUG CREAM,1
15426,22430,ENAMEL WATERING CAN CREAM,2
15426,22568,FELTCRAFT CUSHION OWL,2
15426,22570,FELTCRAFT CUSHION RABBIT,2
15426,22574,HEART WOODEN CHRISTMAS DECORATION,2
15426,22595,CHRISTMAS GINGHAM HEART,2
15426,22607,WOODEN ROUNDERS GARDEN SET,1
15426,22639,SET OF 4 NAPKIN CHARMS HEARTS,1
15426,22640,SET OF 4 NAPKIN CHARMS 3 KEYS,2
15426,22798,ANTIQUE GLASS DRESSING TABLE POT,1
15426,22800,ANTIQUE TALL SWIRLGLASS TRINKET POT,1
15426,22834,HAND WARMER BABUSHKA DESIGN,1
15426,22851,SET 20 NAPKINS FAIRY CAKES DESIGN,2
15426,22910,PAPER CHAIN KIT VINTAGE CHRISTMAS,1
15426,35004B,SET OF 3 BLACK FLYING DUCKS,1
15426,35924,HANGING FAIRY CAKE DECORATION,2
15426,47559B,TEA TIME OVEN GLOVE,2
15426,47566B,TEA TIME PARTY BUNTING,3
15426,47567B,TEA TIME KITCHEN APRON,2
15426,47593B,SCOTTIE DOGS BABY BIB,1
15426,79190A,RETRO PLASTIC 70'S TRAY,1
15426,82483,WOOD 2 DRAWER CABINET WHITE FINISH,1
15426,82486,WOOD S/3 CABINET ANT WHITE FINISH,1
15426,82599,FANNY'S REST STOPMETAL SIGN,1
15426,84406B,CREAM CUPID HEARTS COAT HANGER,1
15426,84508B,STRIPES DESIGN TEDDY,1
15426,84509G,SET OF 4 FAIRY CAKE PLACEMATS,2
15426,84792,ENCHANTED BIRD COATHANGER 5 HOOK,1
15426,84879,ASSORTED COLOUR BIRD ORNAMENT,4
15426,84946,ANTIQUE SILVER TEA GLASS ETCHED,7
15426,84947,ANTIQUE SILVER TEA GLASS ENGRAVED,3
15426,84987,SET OF 36 TEATIME PAPER DOILIES,1
15426,84988,SET OF 72 PINK HEART PAPER DOILIES,1
15426,85129B,BEADED CRYSTAL HEART GREEN SMALL,2
15426,85129C,BEADED CRYSTAL HEART BLUE SMALL,2
15426,85129D,BEADED CRYSTAL HEART PINK SMALL,2
15426,85130A,BEADED PEARL HEART WHITE LARGE,2
15426,85152,HAND OVER THE CHOCOLATE   SIGN,1
15454,21034,REX CASH+CARRY JUMBO SHOPPER,1
15454,21462,"NURSERY A,B,C PAINTED LETTERS",2
15454,21479,WHITE SKULL HOT WATER BOTTLE,2
15454,21485,RETROSPOT HEART HOT WATER BOTTLE,1
15454,21668,RED STRIPE CERAMIC DRAWER KNOB,6
15454,21671,RED SPOT CERAMIC DRAWER KNOB,2
15454,21672,WHITE SPOT RED CERAMIC DRAWER KNOB,2
15454,21673,WHITE SPOT BLUE CERAMIC DRAWER KNOB,8
15454,21843,RED RETROSPOT CAKE STAND,2
15454,22110,BIRD HOUSE HOT WATER BOTTLE,4
15454,22111,SCOTTIE DOG HOT WATER BOTTLE,2
15454,22112,CHOCOLATE HOT WATER BOTTLE,2
15454,22127,PARTY CONES CARNIVAL ASSORTED,18
15454,22128,PARTY CONES CANDY ASSORTED,12
15454,22222,CAKE PLATE LOVEBIRD WHITE,2
15454,22241,GARLAND WOODEN HAPPY EASTER,4
15454,22585,PACK OF 6 BIRDY GIFT TAGS,2
15454,22639,SET OF 4 NAPKIN CHARMS HEARTS,2
15454,22640,SET OF 4 NAPKIN CHARMS 3 KEYS,1
15454,22641,SET OF 4 NAPKIN CHARMS INSTRUMENT,1
15454,22909,SET OF 20 VINTAGE CHRISTMAS NAPKINS,4
15454,22910,PAPER CHAIN KIT VINTAGE CHRISTMAS,2
15454,85084,HOLLY TOP CHRISTMAS STOCKING,4
15456,17003,BROCADE RING PURSE,36
15456,17012A,ORIGAMI VANILLA INCENSE/CANDLE SET,24
15456,17012B,ORIGAMI JASMINE INCENSE/CANDLE SET,24
15456,17012C,ORIGAMI LAVENDER INCENSE/CANDL SET,24
15456,17012E,ORIGAMI OPIUM INCENSE/CANDLE SET,48
15456,17012F,ORIGAMI SANDLEWOOD INCENSE/CAND SET,24
15456,17014A,ORIGAMI VANILLA INCENSE CONES,24
15456,17084R,ASSORTED INCENSE PACK,144
15456,18098C,PORCELAIN BUTTERFLY OIL BURNER,4
15456,20725,LUNCH BAG RED RETROSPOT,4
15456,21165,BEWARE OF THE CAT METAL SIGN,3
15456,21166,COOK WITH WINE METAL SIGN,3
15456,21175,GIN + TONIC DIET METAL SIGN,3
15456,21181,PLEASE ONE PERSON METAL SIGN,4
15456,21640,ASSORTED TUTTI FRUTTI  FOB NOTEBOOK,12
15456,21832,CHOCOLATE CALCULATOR,4
15456,21892,TRADITIONAL WOODEN CATCH CUP GAME,5
15456,22311,OFFICE MUG WARMER BLACK+SILVER,3
15456,22419,LIPSTICK PEN RED,10
15456,22422,TOOTHPASTE TUBE PEN,6
15456,22437,SET OF 9 BLACK SKULL BALLOONS,10
15456,37446,MINI CAKE STAND WITH HANGING CAKES,4
15456,82599,FANNY'S REST STOPMETAL SIGN,3
15456,82600,NO SINGING METAL SIGN,4
15456,85152,HAND OVER THE CHOCOLATE   SIGN,4
15460,20754,RETROSPOT RED WASHING UP GLOVES,2
15460,20828,GLITTER BUTTERFLY CLIPS,3
15460,21034,REX CASH+CARRY JUMBO SHOPPER,1
15460,21068,VINTAGE BILLBOARD LOVE/HATE MUG,1
15460,21109,LARGE CAKE TOWEL CHOCOLATE SPOTS,1
15460,21110,LARGE CAKE TOWEL PINK SPOTS,1
15460,21733,RED HANGING HEART T-LIGHT HOLDER,2
15460,21744,SNOWFLAKE PORTABLE TABLE LIGHT,4
15460,21871,SAVE THE PLANET MUG,1
15460,21872,GLAMOROUS  MUG,2
15460,21875,KINGS CHOICE MUG,1
15460,21877,HOME SWEET HOME MUG,1
15460,21944,KITTENS DESIGN FLANNEL,2
15460,22061,LARGE CAKE STAND  HANGING STRAWBERY,1
15460,22094,RED RETROSPOT TISSUE BOX,1
15460,22098,BOUDOIR SQUARE TISSUE BOX,2
15460,22112,CHOCOLATE HOT WATER BOTTLE,1
15460,22423,REGENCY CAKESTAND 3 TIER,1
15460,22467,GUMBALL COAT RACK,2
15460,22468,BABUSHKA LIGHTS STRING OF 10,1
15460,22518,CHILDS GARDEN BRUSH BLUE,1
15460,22520,CHILDS GARDEN TROWEL BLUE,1
15460,22522,CHILDS GARDEN FORK BLUE,1
15460,22561,WOODEN SCHOOL COLOURING SET,1
15460,22630,DOLLY GIRL LUNCH BOX,1
15460,22663,JUMBO BAG DOLLY GIRL DESIGN,1
15460,22666,RECIPE BOX PANTRY YELLOW DESIGN,1
15460,22667,RECIPE BOX RETROSPOT,1
15460,22746,POPPY'S PLAYHOUSE LIVINGROOM,1
15460,22752,SET 7 BABUSHKA NESTING BOXES,1
15460,22835,HOT WATER BOTTLE I AM SO POORLY,1
15460,22988,SOLDIERS EGG CUP,1
15460,37370,RETRO COFFEE MUGS ASSORTED,9
15460,47504K,ENGLISH ROSE GARDEN SECATEURS,1
15460,47594A,CAROUSEL DESIGN WASHBAG,1
15460,47594B,SCOTTIES DESIGN WASHBAG,1
15460,48185,DOORMAT FAIRY CAKE,1
15460,48187,DOORMAT NEW ENGLAND,1
15460,72225C,LAVENDER SCENT CAKE CANDLE,24
15460,72802A,ROSE SCENT CANDLE IN JEWELLED BOX,1
15460,72807A,SET/3 ROSE CANDLE IN JEWELLED BOX,1
15460,79163,BLACK CHAMPAGNE GLASS,8
15460,84247N,PACK/12 BLUE FOLKART CARDS,1
15460,84520B,PACK 20 ENGLISH ROSE PAPER NAPKINS,2
15460,84987,SET OF 36 TEATIME PAPER DOILIES,1
15460,84988,SET OF 72 PINK HEART PAPER DOILIES,3
15460,84991,60 TEATIME FAIRY CAKE CASES,1
15460,85026B,EAU DE NILE JEWELLED T-LIGHT HOLDER,4
15460,85049B,LUSH GREENS RIBBONS,1
15460,85049E,SCANDINAVIAN REDS RIBBONS,1
15460,85099C,JUMBO  BAG BAROQUE BLACK WHITE,1
15460,85124C,GREEN JUICY FRUIT PHOTO FRAME,2
15460,85184C,S/4 VALENTINE DECOUPAGE HEART BOX,1
15465,21523,DOORMAT FANCY FONT HOME SWEET HOME,10
15465,21524,DOORMAT SPOTTY HOME SWEET HOME,13
15465,21527,RED RETROSPOT TRADITIONAL TEAPOT,6
15465,21754,HOME BUILDING BLOCK WORD,6
15465,21755,LOVE BUILDING BLOCK WORD,3
15465,22083,PAPER CHAIN KIT RETROSPOT,10
15465,22086,PAPER CHAIN KIT 50'S CHRISTMAS,80
15465,22423,REGENCY CAKESTAND 3 TIER,32
15465,22689,DOORMAT MERRY CHRISTMAS RED,3
15482,22114,HOT WATER BOTTLE TEA AND SYMPATHY,48
15482,22423,REGENCY CAKESTAND 3 TIER,32
15482,35001G,HAND OPEN SHAPE GOLD,6
15482,35001W,HAND OPEN SHAPE DECO.WHITE,6
15482,46000M,POLYESTER FILLER PAD 45x45cm,20
15482,84946,ANTIQUE SILVER TEA GLASS ETCHED,72
15482,84947,ANTIQUE SILVER TEA GLASS ENGRAVED,72
15485,15056BL,EDWARDIAN PARASOL BLACK,12
15485,15056N,EDWARDIAN PARASOL NATURAL,12
15485,20679,EDWARDIAN PARASOL RED,12
15485,21333,CLASSIC WHITE FRAME,12
15485,21497,FANCY FONTS BIRTHDAY WRAP,25
15485,21498,RED RETROSPOT WRAP,50
15485,21506,"FANCY FONT BIRTHDAY CARD,",24
15485,21519,GIN & TONIC DIET GREETING CARD,24
15485,22049,WRAP CHRISTMAS SCREEN PRINT,25
15485,22086,PAPER CHAIN KIT 50'S CHRISTMAS,80
15485,22191,IVORY DINER WALL CLOCK,4
15485,22192,BLUE DINER WALL CLOCK,4
15485,22193,RED DINER WALL CLOCK,4
15485,22194,BLACK DINER WALL CLOCK,2
15485,22688,DOORMAT PEACE ON EARTH BLUE,4
15485,22704,WRAP RED APPLES,25
15485,22726,ALARM CLOCK BAKELIKE GREEN,9
15485,22727,ALARM CLOCK BAKELIKE RED,9
15485,22730,ALARM CLOCK BAKELIKE IVORY,9
15485,22768,FAMILY PHOTO FRAME CORNICE,6
15485,22819,"BIRTHDAY CARD, RETRO SPOT",24
15485,22910,PAPER CHAIN KIT VINTAGE CHRISTMAS,40
15498,16237,SLEEPING CAT ERASERS,30
15498,21210,SET OF 72 RETROSPOT PAPER  DOILIES,12
15498,21212,PACK OF 72 RETROSPOT CAKE CASES,24
15498,21215,IVORY PAPER CUP CAKE CASES,24
15498,21232,STRAWBERRY CERAMIC TRINKET BOX,24
15498,21481,FAWN BLUE HOT WATER BOTTLE,12
15498,21524,DOORMAT SPOTTY HOME SWEET HOME,20
15498,21843,RED RETROSPOT CAKE STAND,4
15498,21967,PACK OF 12 SKULL TISSUES,24
15498,22083,PAPER CHAIN KIT RETROSPOT,12
15498,22086,PAPER CHAIN KIT 50'S CHRISTMAS,18
15498,22158,3 HEARTS HANGING DECORATION RUSTIC,8
15498,22174,PHOTO CUBE,48
15498,22358,KINGS CHOICE TEA CADDY,6
15498,22423,REGENCY CAKESTAND 3 TIER,6
15498,22568,FELTCRAFT CUSHION OWL,4
15498,22569,FELTCRAFT CUSHION BUTTERFLY,4
15498,22570,FELTCRAFT CUSHION RABBIT,4
15498,22688,DOORMAT PEACE ON EARTH BLUE,10
15498,22910,PAPER CHAIN KIT VINTAGE CHRISTMAS,18
15498,47559B,TEA TIME OVEN GLOVE,10
15498,47580,TEA TIME DES TEA COSY,6
15498,48173C,DOORMAT BLACK FLOCK,10
15498,84077,WORLD WAR 2 GLIDERS ASSTD DESIGNS,48
15498,84378,SET OF 3 HEART COOKIE CUTTERS,12
15498,84988,SET OF 72 PINK HEART PAPER DOILIES,24
15498,85049A,TRADITIONAL CHRISTMAS RIBBONS,12
15498,85099B,JUMBO BAG RED RETROSPOT,30
15502,18098C,PORCELAIN BUTTERFLY OIL BURNER,6
15502,21080,SET/20 RED RETROSPOT PAPER NAPKINS,24
15502,21733,RED HANGING HEART T-LIGHT HOLDER,24
15502,21906,PHARMACIE FIRST AID TIN,4
15502,21949,SET OF 6 STRAWBERRY CHOPSTICKS,12
15502,22195,LARGE HEART MEASURING SPOONS,12
15502,22196,SMALL HEART MEASURING SPOONS,24
15502,22197,SMALL POPCORN HOLDER,48
15502,22198,LARGE POPCORN HOLDER,30
15502,22357,KINGS CHOICE BISCUIT TIN,4
15502,22473,TV DINNER TRAY VINTAGE PAISLEY,4
15502,22476,EMPIRE UNION JACK TV DINNER TRAY,4
15502,22625,RED KITCHEN SCALES,2
15502,22847,BREAD BIN DINER STYLE IVORY,8
15502,22849,BREAD BIN DINER STYLE MINT,8
15502,22926,IVORY GIANT GARDEN THERMOMETER,8
15502,22927,GREEN GIANT GARDEN THERMOMETER,8
15502,47566B,TEA TIME PARTY BUNTING,8
15502,47580,TEA TIME DES TEA COSY,12
15502,71477,COLOUR GLASS. STAR T-LIGHT HOLDER,24
15502,82484,WOOD BLACK BOARD ANT WHITE FINISH,10
15502,84658,WHITE STITCHED CUSHION COVER,6
15503,20828,GLITTER BUTTERFLY CLIPS,1
15503,20966,SANDWICH BATH SPONGE,1
15503,20972,PINK CREAM FELT CRAFT TRINKET BOX,1
15503,20973,12 PENCIL SMALL TUBE WOODLAND,2
15503,20974,12 PENCILS SMALL TUBE SKULL,1
15503,20975,12 PENCILS SMALL TUBE RED RETROSPOT,1
15503,21106,CREAM SLICE FLANNEL CHOCOLATE SPOT,1
15503,21107,CREAM SLICE FLANNEL PINK SPOT,1
15503,21121,SET/10 RED POLKADOT PARTY CANDLES,1
15503,21430,SET/3 RED GINGHAM ROSE STORAGE BOX,1
15503,21539,RED RETROSPOT BUTTER DISH,1
15503,21648,ASSORTED TUTTI FRUTTI SMALL PURSE,1
15503,21677,HEARTS  STICKERS,2
15503,21679,SKULLS  STICKERS,1
15503,21721,CANDY SHOP  STICKER SHEET,1
15503,21723,ALPHABET HEARTS STICKER SHEET,1
15503,21879,HEARTS GIFT TAPE,1
15503,21880,RED RETROSPOT TAPE,1
15503,21881,CUTE CATS TAPE,1
15503,21883,STARS GIFT TAPE,1
15503,21908,CHOCOLATE THIS WAY METAL SIGN,1
15503,21944,KITTENS DESIGN FLANNEL,2
15503,22098,BOUDOIR SQUARE TISSUE BOX,1
15503,22131,FOOD CONTAINER SET 3 LOVE HEART,1
15503,22195,LARGE HEART MEASURING SPOONS,2
15503,22196,SMALL HEART MEASURING SPOONS,1
15503,22197,SMALL POPCORN HOLDER,1
15503,22273,FELTCRAFT DOLL MOLLY,1
15503,22352,LUNCH BOX WITH CUTLERY RETROSPOT,1
15503,22374,AIRLINE BAG VINTAGE JET SET RED,1
15503,22419,LIPSTICK PEN RED,2
15503,22420,LIPSTICK PEN BABY PINK,1
15503,22421,LIPSTICK PEN FUSCHIA,1
15503,22466,FAIRY TALE COTTAGE NIGHTLIGHT,1
15503,22493,PAINT YOUR OWN CANVAS SET,1
15503,22532,MAGIC DRAWING SLATE LEAP FROG,1
15503,22533,MAGIC DRAWING SLATE BAKE A CAKE,1
15503,22548,HEADS AND TAILS SPORTING FUN,1
15503,22549,PICTURE DOMINOES,1
15503,22553,PLASTERS IN TIN SKULLS,1
15503,22554,PLASTERS IN TIN WOODLAND ANIMALS,1
15503,22556,PLASTERS IN TIN CIRCUS PARADE,1
15503,22563,HAPPY STENCIL CRAFT,1
15503,22618,COOKING SET RETROSPOT,1
15503,22625,RED KITCHEN SCALES,1
15503,22652,TRAVEL SEWING KIT,1
15503,22667,RECIPE BOX RETROSPOT,1
15503,22677,FRENCH BLUE METAL DOOR SIGN 2,2
15503,22726,ALARM CLOCK BAKELIKE GREEN,1
15503,22727,ALARM CLOCK BAKELIKE RED,1
15503,22753,SMALL YELLOW BABUSHKA NOTEBOOK,1
15503,22759,SET OF 3 NOTEBOOKS IN PARCEL,2
15503,22834,HAND WARMER BABUSHKA DESIGN,2
15503,22937,BAKING MOULD CHOCOLATE CUPCAKES,1
15503,79321,CHILLI LIGHTS,1
15503,84509C,SET OF 4 POLKADOT PLACEMATS,1
15503,84536A,ENGLISH ROSE NOTEBOOK A7 SIZE,1
15503,84754,S/15 SILVER GLASS BAUBLES IN BAG,1
15503,84997A,GREEN 3 PIECE POLKADOT CUTLERY SET,1
15503,84997B,RED 3 PIECE RETROSPOT CUTLERY SET,1
15503,84997D,PINK 3 PIECE POLKADOT CUTLERY SET,1
15503,85014B,RED RETROSPOT UMBRELLA,1
15503,85049E,SCANDINAVIAN REDS RIBBONS,1
15503,85084,HOLLY TOP CHRISTMAS STOCKING,1
15503,85227,SET OF 6 3D KIT CARDS FOR KIDS,1
15503,90200A,PURPLE SWEETHEART BRACELET,1
15512,21143,ANTIQUE GLASS HEART DECORATION,12
15512,21820,GLITTER HEART GARLAND WITH BELLS,6
15512,35471D,SET OF 3 BIRD LIGHT PINK FEATHER,12
15512,35610A,PINK CHRISTMAS FLOCK DROPLET,8
15512,35817P,"ACRYLIC JEWEL SNOWFLAKE,PINK",6
15512,35833P,4 PINK FLOCK CHRISTMAS BALLS,12
15513,20685,DOORMAT RED RETROSPOT,10
15513,21523,DOORMAT FANCY FONT HOME SWEET HOME,10
15513,21741,COSY SLIPPER SHOES LARGE GREEN,18
15513,22086,PAPER CHAIN KIT 50'S CHRISTMAS,40
15513,22278,OVERNIGHT BAG VINTAGE ROSE PAISLEY,24
15513,22605,WOODEN CROQUET GARDEN SET,8
15513,22727,ALARM CLOCK BAKELIKE RED,16
15513,22730,ALARM CLOCK BAKELIKE IVORY,16
15513,22837,HOT WATER BOTTLE BABUSHKA,36
15513,22910,PAPER CHAIN KIT VINTAGE CHRISTMAS,40
15513,48111,DOORMAT 3 SMILEY CATS,10
15513,48188,DOORMAT WELCOME PUPPIES,10
15513,82484,WOOD BLACK BOARD ANT WHITE FINISH,12
15513,84050,PINK HEART SHAPE EGG FRYING PAN,72
15513,85174,S/4 CACTI CANDLES,32
15514,16258A,SWIRLY CIRCULAR RUBBERS IN BAG,2
15514,21034,REX CASH+CARRY JUMBO SHOPPER,3
15514,21056,DOCTOR'S BAG SOFT TOY,2
15514,21644,ASSORTED TUTTI FRUTTI HEART BOX,2
15514,21647,ASSORTED TUTTI FRUTTI LARGE PURSE,2
15514,21731,RED TOADSTOOL LED NIGHT LIGHT,2
15514,21790,VINTAGE SNAP CARDS,24
15514,21791,VINTAGE HEADS AND TAILS CARD GAME,24
15514,21889,WOODEN BOX OF DOMINOES,48
15514,22086,PAPER CHAIN KIT 50'S CHRISTMAS,2
15514,22131,FOOD CONTAINER SET 3 LOVE HEART,2
15514,22243,5 HOOK HANGER RED MAGIC TOADSTOOL,12
15514,22415,WHITE TISSUE REAM,1
15514,22549,PICTURE DOMINOES,24
15514,22571,ROCKING HORSE RED CHRISTMAS,96
15514,22586,FELTCRAFT HAIRBAND PINK AND BLUE,49
15514,22621,TRADITIONAL KNITTING NANCY,96
15514,22722,SET OF 6 SPICE TINS PANTRY DESIGN,8
15514,22725,ALARM CLOCK BAKELIKE CHOCOLATE,12
15514,22726,ALARM CLOCK BAKELIKE GREEN,22
15514,22727,ALARM CLOCK BAKELIKE RED,20
15514,22728,ALARM CLOCK BAKELIKE PINK,8
15514,22729,ALARM CLOCK BAKELIKE ORANGE,18
15514,22730,ALARM CLOCK BAKELIKE IVORY,6
15514,22752,SET 7 BABUSHKA NESTING BOXES,96
15514,22943,CHRISTMAS LIGHTS 10 VINTAGE BAUBLES,16
15514,22973,CHILDREN'S CIRCUS PARADE MUG,36
15514,22976,CIRCUS PARADE CHILDRENS EGG CUP,72
15514,22988,SOLDIERS EGG CUP,96
15514,84380,SET OF 3 BUTTERFLY COOKIE CUTTERS,2
15525,21452,TOADSTOOL MONEY BOX,2
15525,21587,COSY HOUR GIANT TUBE MATCHES,1
15525,21731,RED TOADSTOOL LED NIGHT LIGHT,2
15525,21992,VINTAGE PAISLEY STATIONERY SET,1
15525,22077,6 RIBBONS RUSTIC CHARM,2
15525,22082,RIBBON REEL STRIPES DESIGN,1
15525,22128,PARTY CONES CANDY ASSORTED,6
15525,22130,PARTY CONE CHRISTMAS DECORATION,12
15525,22326,ROUND SNACK BOXES SET OF4 WOODLAND,4
15525,22411,JUMBO SHOPPER VINTAGE RED PAISLEY,2
15525,22423,REGENCY CAKESTAND 3 TIER,1
15525,22445,PENCIL CASE LIFE IS BEAUTIFUL,4
15525,22453,MEASURING TAPE BABUSHKA BLUE,1
15525,22454,MEASURING TAPE BABUSHKA RED,3
15525,22568,FELTCRAFT CUSHION OWL,3
15525,22570,FELTCRAFT CUSHION RABBIT,1
15525,22584,PACK OF 6 PANNETONE GIFT BOXES,4
15525,22585,PACK OF 6 BIRDY GIFT TAGS,11
15525,22607,WOODEN ROUNDERS GARDEN SET,1
15525,22616,PACK OF 12 LONDON TISSUES,1
15525,22634,CHILDS BREAKFAST SET SPACEBOY,1
15525,22635,CHILDS BREAKFAST SET DOLLY GIRL,1
15525,22743,MAKE YOUR OWN FLOWERPOWER CARD KIT,2
15525,22744,MAKE YOUR OWN MONSOON CARD KIT,4
15525,22812,PACK 3 BOXES CHRISTMAS PANNETONE,3
15525,22813,PACK 3 BOXES BIRD PANNETONE,3
15525,22815,CARD PSYCHEDELIC APPLES,12
15525,22839,3 TIER CAKE TIN GREEN AND CREAM,2
15525,22865,HAND WARMER OWL DESIGN,4
15525,22867,HAND WARMER BIRD DESIGN,3
15525,22900,SET 2 TEA TOWELS I LOVE LONDON,1
15525,22910,PAPER CHAIN KIT VINTAGE CHRISTMAS,3
15525,22911,PAPER CHAIN KIT LONDON,2
15525,22938,CUPCAKE LACE PAPER SET 6,4
15525,22960,JAM MAKING SET WITH JARS,1
15525,22961,JAM MAKING SET PRINTED,1
15525,22963,JAM JAR WITH GREEN LID,2
15525,22968,ROSE COTTAGE KEEPSAKE BOX,3
15525,22974,CHILDRENS DOLLY GIRL MUG,2
15525,84985A,SET OF 72 GREEN PAPER DOILIES,2
15525,85049A,TRADITIONAL CHRISTMAS RIBBONS,1
15525,85049E,SCANDINAVIAN REDS RIBBONS,1
15525,85114B,IVORY ENCHANTED FOREST PLACEMAT,2
15525,85114C,RED ENCHANTED FOREST PLACEMAT,1
15527,21484,CHICK GREY HOT WATER BOTTLE,6
15527,21706,FOLDING UMBRELLA RED/WHITE POLKADOT,1
15527,21707,FOLDING UMBRELLA BLACKBLUE POLKADOT,1
15527,21791,VINTAGE HEADS AND TAILS CARD GAME,1
15527,21890,S/6 WOODEN SKITTLES IN COTTON BAG,1
15527,22423,REGENCY CAKESTAND 3 TIER,8
15527,22549,PICTURE DOMINOES,1
15527,22561,WOODEN SCHOOL COLOURING SET,2
15527,22621,TRADITIONAL KNITTING NANCY,1
15527,22623,BOX OF VINTAGE JIGSAW BLOCKS,1
15527,22697,GREEN REGENCY TEACUP AND SAUCER,4
15527,22699,ROSES REGENCY TEACUP AND SAUCER,4
15527,22720,SET OF 3 CAKE TINS PANTRY DESIGN,4
15527,22834,HAND WARMER BABUSHKA DESIGN,24
15527,84580,MOUSE TOY WITH PINK T-SHIRT,1
15527,85185B,PINK HORSE SOCK PUPPET,1
15527,85185D,FROG SOCK PUPPET,1
15529,10002,INFLATABLE POLITICAL GLOBE,12
15529,21137,BLACK RECORD COVER FRAME,8
15529,21197,MULTICOLOUR  CONFETTI IN TUBE,12
15529,21912,VINTAGE SNAKES & LADDERS,8
15529,21935,SUKI  SHOULDER BAG,10
15529,22044,CHRISTMAS CARD STACK OF PRESENTS,24
15529,22111,SCOTTIE DOG HOT WATER BOTTLE,6
15529,22114,HOT WATER BOTTLE TEA AND SYMPATHY,4
15529,22197,SMALL POPCORN HOLDER,12
15529,22367,CHILDRENS APRON SPACEBOY DESIGN,8
15529,22752,SET 7 BABUSHKA NESTING BOXES,2
15529,22821,GIFT BAG PSYCHEDELIC APPLES,12
15529,22900,SET 2 TEA TOWELS I LOVE LONDON,18
15529,22902,TOTE BAG I LOVE LONDON,12
15529,22909,SET OF 20 VINTAGE CHRISTMAS NAPKINS,12
15529,40016,CHINESE DRAGON PAPER LANTERNS,24
15529,84945,MULTI COLOUR SILVER T-LIGHT HOLDER,12
15532,17011F,ORIGAMI SANDLEWOOD INCENSE+FLOWER,1
15532,17012A,ORIGAMI VANILLA INCENSE/CANDLE SET,1
15532,17012B,ORIGAMI JASMINE INCENSE/CANDLE SET,1
15532,17012C,ORIGAMI LAVENDER INCENSE/CANDL SET,2
15532,17012D,ORIGAMI ROSE INCENSE/CANDLE SET,1
15532,17012F,ORIGAMI SANDLEWOOD INCENSE/CAND SET,1
15532,21055,TOOL BOX SOFT TOY,1
15532,21106,CREAM SLICE FLANNEL CHOCOLATE SPOT,2
15532,21108,FAIRY CAKE FLANNEL ASSORTED COLOUR,9
15532,21110,LARGE CAKE TOWEL PINK SPOTS,1
15532,21111,"SWISS ROLL TOWEL, CHOCOLATE  SPOTS",1
15532,21112,"SWISS ROLL TOWEL, PINK  SPOTS",1
15532,21259,VICTORIAN SEWING BOX SMALL,1
15532,21391,FRENCH LAVENDER SCENT HEART,3
15532,21556,CERAMIC STRAWBERRY MONEY BOX,1
15532,21743,STAR PORTABLE TABLE LIGHT,4
15532,21784,SHOE SHINE BOX,1
15532,21846,PINK DIAMANTE PEN IN GIFT BOX,1
15532,21849,SILVER DIAMANTE PEN IN GIFT BOX,1
15532,21851,LILAC DIAMANTE PEN IN GIFT BOX,2
15532,22112,CHOCOLATE HOT WATER BOTTLE,2
15532,22113,GREY HEART HOT WATER BOTTLE,4
15532,22167,OVAL WALL MIRROR DIAMANTE,3
15532,22277,COSMETIC BAG VINTAGE ROSE PAISLEY,1
15532,22278,OVERNIGHT BAG VINTAGE ROSE PAISLEY,1
15532,22307,GOLD MUG BONE CHINA TREE OF LIFE,1
15532,22445,PENCIL CASE LIFE IS BEAUTIFUL,1
15532,22464,HANGING METAL HEART LANTERN,1
15532,22465,HANGING METAL STAR LANTERN,1
15532,22834,HAND WARMER BABUSHKA DESIGN,2
15532,22846,BREAD BIN DINER STYLE RED,1
15532,22976,CIRCUS PARADE CHILDRENS EGG CUP,1
15532,47574A,ENGLISH ROSE SCENTED HANGING FLOWER,1
15532,71053,WHITE METAL LANTERN,2
15532,72349B,SET/6 PURPLE BUTTERFLY T-LIGHTS,1
15532,72800C,4 PINK DINNER CANDLE SILVER FLOCK,1
15532,72800D,4 BLUE DINNER CANDLES SILVER FLOCK,1
15532,72802B,OCEAN SCENT CANDLE IN JEWELLED BOX,1
15532,82482,WOODEN PICTURE FRAME WHITE FINISH,6
15532,82483,WOOD 2 DRAWER CABINET WHITE FINISH,4
15532,82484,WOOD BLACK BOARD ANT WHITE FINISH,1
15532,82486,WOOD S/3 CABINET ANT WHITE FINISH,3
15532,82494L,WOODEN FRAME ANTIQUE WHITE,6
15532,84912B,GREEN ROSE WASHBAG,1
15532,84917,WHITE HAND TOWEL WITH BUTTERFLY,1
15532,85038,6 CHOCOLATE LOVE HEART T-LIGHTS,3
15532,85040A,S/4 PINK FLOWER CANDLES IN BOWL,1
15532,85104,SILVER GLASS T-LIGHT SET,4
15544,20674,GREEN POLKADOT BOWL,8
15544,20675,BLUE POLKADOT BOWL,8
15544,21080,SET/20 RED RETROSPOT PAPER NAPKINS,12
15544,21086,SET/6 RED SPOTTY PAPER CUPS,12
15544,21094,SET/6 RED SPOTTY PAPER PLATES,12
15544,21207,SKULL AND CROSSBONES  GARLAND,12
15544,21212,PACK OF 72 RETROSPOT CAKE CASES,24
15544,21213,PACK OF 72 SKULL CAKE CASES,24
15544,21238,RED RETROSPOT CUP,8
15544,21239,PINK  POLKADOT CUP,8
15544,21244,BLUE POLKADOT PLATE,8
15544,21245,GREEN POLKADOT PLATE,8
15544,21479,WHITE SKULL HOT WATER BOTTLE,4
15544,21679,SKULLS  STICKERS,12
15544,21987,PACK OF 6 SKULL PAPER CUPS,12
15544,21988,PACK OF 6 SKULL PAPER PLATES,12
15544,21989,PACK OF 20 SKULL PAPER NAPKINS,12
15544,22086,PAPER CHAIN KIT 50'S CHRISTMAS,6
15544,22316,200 BENDY SKULL STRAWS,12
15544,22332,SKULLS PARTY BAG + STICKER SET,8
15544,22423,REGENCY CAKESTAND 3 TIER,2
15544,22437,SET OF 9 BLACK SKULL BALLOONS,20
15544,22910,PAPER CHAIN KIT VINTAGE CHRISTMAS,6
15544,84997A,GREEN 3 PIECE POLKADOT CUTLERY SET,6
15544,84997D,PINK 3 PIECE POLKADOT CUTLERY SET,6
15544,85049A,TRADITIONAL CHRISTMAS RIBBONS,12
15545,20697,LITTLE GREEN MONSTER SOFT TOY,1
15545,20699,MOUSEY LONG LEGS SOFT TOY,1
15545,21360,JOY LARGE WOOD LETTERS,1
15545,22024,RAINY LADIES BIRTHDAY CARD,12
15545,22037,ROBOT BIRTHDAY CARD,12
15545,22076,6 RIBBONS EMPIRE,1
15545,22077,6 RIBBONS RUSTIC CHARM,1
15545,22088,PAPER BUNTING COLOURED LACE,1
15545,22117,METAL SIGN HER DINNER IS SERVED,1
15545,22441,GROW YOUR OWN BASIL IN ENAMEL MUG,1
15545,22467,GUMBALL COAT RACK,1
15545,22551,PLASTERS IN TIN SPACEBOY,1
15545,22555,PLASTERS IN TIN STRONGMAN,1
15545,22556,PLASTERS IN TIN CIRCUS PARADE,1
15545,22616,PACK OF 12 LONDON TISSUES,12
15545,22625,RED KITCHEN SCALES,1
15545,22660,DOORMAT I LOVE LONDON,1
15545,22671,FRENCH LAUNDRY SIGN BLUE METAL,1
15545,22837,HOT WATER BOTTLE BABUSHKA,5
15545,22943,CHRISTMAS LIGHTS 10 VINTAGE BAUBLES,1
15545,35004C,SET OF 3 COLOURED  FLYING DUCKS,1
15545,79067,CORONA MEXICAN TRAY,1
15545,82551,LAUNDRY 15C METAL SIGN,1
15545,82580,BATHROOM METAL SIGN,1
15545,82581,TOILET METAL SIGN,1
15545,84792,ENCHANTED BIRD COATHANGER 5 HOOK,1
15545,84879,ASSORTED COLOUR BIRD ORNAMENT,8
15545,85049A,TRADITIONAL CHRISTMAS RIBBONS,1
15545,85049E,SCANDINAVIAN REDS RIBBONS,1
15545,85049G,CHOCOLATE BOX RIBBONS,1
15545,85135C,RED DRAGONFLY HELICOPTER,1
15547,20717,STRAWBERRY SHOPPER BAG,1
15547,20828,GLITTER BUTTERFLY CLIPS,4
15547,20914,SET/5 RED RETROSPOT LID GLASS BOWLS,3
15547,21098,CHRISTMAS TOILET ROLL,6
15547,21135,VICTORIAN  METAL POSTCARD SPRING,8
15547,21143,ANTIQUE GLASS HEART DECORATION,12
15547,21155,RED RETROSPOT PEG BAG,1
15547,21166,COOK WITH WINE METAL SIGN,1
15547,21169,YOU'RE CONFUSING ME METAL SIGN,1
15547,21175,GIN + TONIC DIET METAL SIGN,1
15547,21181,PLEASE ONE PERSON METAL SIGN,1
15547,21259,VICTORIAN SEWING BOX SMALL,3
15547,21390,FILIGRIS HEART WITH BUTTERFLY,24
15547,21527,RED RETROSPOT TRADITIONAL TEAPOT,1
15547,21592,RETROSPOT CIGAR BOX MATCHES,1
15547,21730,GLASS STAR FROSTED T-LIGHT HOLDER,5
15547,21818,GLITTER CHRISTMAS HEART,8
15547,21819,GLITTER CHRISTMAS STAR,10
15547,21844,RED RETROSPOT MUG,2
15547,21870,I CAN ONLY PLEASE ONE PERSON MUG,6
15547,22072,RED RETROSPOT TEA CUP AND SAUCER,1
15547,22154,ANGEL DECORATION 3 BUTTONS,6
15547,22157,ANGEL DECORATION WITH LACE PADDED,24
15547,22158,3 HEARTS HANGING DECORATION RUSTIC,16
15547,22161,HEART DECORATION RUSTIC HANGING,38
15547,22219,LOVEBIRD HANGING DECORATION WHITE,19
15547,22227,HANGING HEART MIRROR DECORATION,18
15547,22294,HEART FILIGREE DOVE  SMALL,24
15547,22295,HEART FILIGREE DOVE LARGE,24
15547,22296,HEART IVORY TRELLIS LARGE,24
15547,22297,HEART IVORY TRELLIS SMALL,48
15547,22335,HEART DECORATION PAINTED ZINC,20
15547,22337,ANGEL DECORATION PAINTED ZINC,20
15547,22338,STAR DECORATION PAINTED ZINC,24
15547,22339,CHRISTMAS TREE PAINTED ZINC,24
15547,22469,HEART OF WICKER SMALL,3
15547,22470,HEART OF WICKER LARGE,5
15547,22649,STRAWBERRY FAIRY CAKE TEAPOT,3
15547,22659,LUNCH BOX I LOVE LONDON,2
15547,22791,T-LIGHT GLASS FLUTED ANTIQUE,15
15547,22796,PHOTO FRAME 3 CLASSIC HANGING,2
15547,35961,FOLKART ZINC HEART CHRISTMAS DEC,24
15547,37450,CERAMIC CAKE BOWL + HANGING CAKES,2
15547,82483,WOOD 2 DRAWER CABINET WHITE FINISH,6
15547,82494L,WOODEN FRAME ANTIQUE WHITE,6
15547,84029E,RED WOOLLY HOTTIE WHITE HEART.,2
15547,84406B,CREAM CUPID HEARTS COAT HANGER,3
15547,84755,COLOUR GLASS T-LIGHT HOLDER HANGING,8
15547,84836,ZINC METAL HEART DECORATION,12
15547,84865,NEW BAROQUE BLACK PHOTO ALBUM,1
15547,85031A,ROMANTIC IMAGES SCRAP BOOK SET,2
15547,85114A,BLACK ENCHANTED FOREST PLACEMAT,1
15547,85114C,RED ENCHANTED FOREST PLACEMAT,1
15547,85175,CACTI T-LIGHT CANDLES,32
15555,16161U,WRAP SUKI AND FRIENDS,25
15555,16216,LETTER SHAPE PENCIL SHARPENER,10
15555,17107D,"FLOWER FAIRY,5 SUMMER B'DRAW LINERS",10
15555,20733,GOLD MINI TAPE MEASURE,3
15555,20761,BLUE PAISLEY SKETCHBOOK,3
15555,20762,GREEN FERN SKETCHBOOK,3
15555,20971,PINK BLUE FELT CRAFT TRINKET BOX,4
15555,20972,PINK CREAM FELT CRAFT TRINKET BOX,6
15555,20973,12 PENCIL SMALL TUBE WOODLAND,12
15555,20974,12 PENCILS SMALL TUBE SKULL,12
15555,20975,12 PENCILS SMALL TUBE RED RETROSPOT,12
15555,20981,12 PENCILS TALL TUBE WOODLAND,3
15555,20982,12 PENCILS TALL TUBE SKULLS,3
15555,20983,12 PENCILS TALL TUBE RED RETROSPOT,3
15555,21014,SWISS CHALET TREE DECORATION,5
15555,21018,BIRD BOX CHRISTMAS TREE DECORATION,15
15555,21187,WHITE BELL HONEYCOMB PAPER GARLAND,11
15555,21191,LARGE WHITE HONEYCOMB PAPER BELL,9
15555,21192,WHITE BELL HONEYCOMB PAPER,6
15555,21205,MULTICOLOUR 3D BALLS GARLAND,5
15555,21497,FANCY FONTS BIRTHDAY WRAP,25
15555,21703,BAG 125g SWIRLY MARBLES,20
15555,21801,CHRISTMAS TREE DECORATION WITH BELL,10
15555,21802,CHRISTMAS TREE HEART DECORATION,25
15555,21803,CHRISTMAS TREE STAR DECORATION,10
15555,21807,WHITE CHRISTMAS STAR DECORATION,20
15555,21812,GARLAND WITH HEARTS AND BELLS,6
15555,21813,GARLAND WITH STARS AND BELLS,6
15555,21817,GLITTER CHRISTMAS TREE,6
15555,21818,GLITTER CHRISTMAS HEART,6
15555,21819,GLITTER CHRISTMAS STAR,6
15555,21823,PAINTED METAL HEART WITH HOLLY BELL,5
15555,21824,PAINTED METAL STAR WITH HOLLY BELLS,15
15555,21889,WOODEN BOX OF DOMINOES,4
15555,21918,SET 12 KIDS COLOUR  CHALK STICKS,6
15555,22024,RAINY LADIES BIRTHDAY CARD,12
15555,22045,SPACEBOY GIFT WRAP,25
15555,22075,6 RIBBONS ELEGANT CHRISTMAS,8
15555,22077,6 RIBBONS RUSTIC CHARM,6
15555,22113,GREY HEART HOT WATER BOTTLE,6
15555,22141,CHRISTMAS CRAFT TREE TOP ANGEL,3
15555,22147,FELTCRAFT BUTTERFLY HEARTS,6
15555,22149,FELTCRAFT 6 FLOWER FRIENDS,6
15555,22150,3 STRIPEY MICE FELTCRAFT,6
15555,22154,ANGEL DECORATION 3 BUTTONS,12
15555,22155,STAR DECORATION RUSTIC,10
15555,22173,METAL 4 HOOK HANGER FRENCH CHATEAU,6
15555,22212,FOUR HOOK  WHITE LOVEBIRDS,8
15555,22271,FELTCRAFT DOLL ROSIE,2
15555,22272,FELTCRAFT DOLL MARIA,3
15555,22273,FELTCRAFT DOLL MOLLY,1
15555,22274,FELTCRAFT DOLL EMILY,3
15555,22294,HEART FILIGREE DOVE  SMALL,11
15555,22295,HEART FILIGREE DOVE LARGE,5
15555,22296,HEART IVORY TRELLIS LARGE,5
15555,22297,HEART IVORY TRELLIS SMALL,16
15555,22423,REGENCY CAKESTAND 3 TIER,6
15555,22489,PACK OF 12 TRADITIONAL CRAYONS,24
15555,22493,PAINT YOUR OWN CANVAS SET,4
15555,22560,TRADITIONAL MODELLING CLAY,7
15555,22561,WOODEN SCHOOL COLOURING SET,4
15555,22569,FELTCRAFT CUSHION BUTTERFLY,3
15555,22570,FELTCRAFT CUSHION RABBIT,3
15555,22571,ROCKING HORSE RED CHRISTMAS,5
15555,22576,SWALLOW WOODEN CHRISTMAS DECORATION,5
15555,22577,WOODEN HEART CHRISTMAS SCANDINAVIAN,5
15555,22600,CHRISTMAS RETROSPOT STAR WOOD,5
15555,22601,CHRISTMAS RETROSPOT ANGEL WOOD,3
15555,22602,CHRISTMAS RETROSPOT HEART WOOD,5
15555,22603,CHRISTMAS RETROSPOT TREE WOOD,5
15555,22623,BOX OF VINTAGE JIGSAW BLOCKS,2
15555,22713,CARD I LOVE LONDON,12
15555,22718,CARD CAT AND TREE,12
15555,22749,FELTCRAFT PRINCESS CHARLOTTE DOLL,2
15555,22750,FELTCRAFT PRINCESS LOLA DOLL,3
15555,22751,FELTCRAFT PRINCESS OLIVIA DOLL,2
15555,22752,SET 7 BABUSHKA NESTING BOXES,3
15555,22817,CARD SUKI BIRTHDAY,12
15555,22834,HAND WARMER BABUSHKA DESIGN,24
15555,22837,HOT WATER BOTTLE BABUSHKA,10
15555,22940,FELTCRAFT CHRISTMAS FAIRY,3
15555,22961,JAM MAKING SET PRINTED,1
15555,82482,WOODEN PICTURE FRAME WHITE FINISH,6
15555,82494L,WOODEN FRAME ANTIQUE WHITE,6
15555,84356,POMPOM CURTAIN,1
15555,84406B,CREAM CUPID HEARTS COAT HANGER,8
15555,84879,ASSORTED COLOUR BIRD ORNAMENT,8
15555,85227,SET OF 6 3D KIT CARDS FOR KIDS,1
15555,M,Manual,1
15562,51008,AFGHAN SLIPPER SOCK PAIR,39
15563,20973,12 PENCIL SMALL TUBE WOODLAND,12
15563,20974,12 PENCILS SMALL TUBE SKULL,12
15563,20975,12 PENCILS SMALL TUBE RED RETROSPOT,12
15563,21495,SKULLS AND CROSSBONES WRAP,25
15563,21830,ASSORTED CREEPY CRAWLIES,24
15563,21918,SET 12 KIDS COLOUR  CHALK STICKS,12
15563,22049,WRAP CHRISTMAS SCREEN PRINT,25
15563,22553,PLASTERS IN TIN SKULLS,5
15563,22554,PLASTERS IN TIN WOODLAND ANIMALS,5
15563,22555,PLASTERS IN TIN STRONGMAN,5
15563,22745,POPPY'S PLAYHOUSE BEDROOM,3
15563,22746,POPPY'S PLAYHOUSE LIVINGROOM,3
15563,22747,POPPY'S PLAYHOUSE BATHROOM,3
15563,22748,POPPY'S PLAYHOUSE KITCHEN,3
15563,22970,LONDON BUS COFFEE MUG,6
15563,22971,QUEENS GUARD COFFEE MUG,6
15563,46000S,POLYESTER FILLER PAD 40x40cm,25
15563,82484,WOOD BLACK BOARD ANT WHITE FINISH,6
15563,82578,KITCHEN METAL SIGN,25
15563,82580,BATHROOM METAL SIGN,25
15563,82581,TOILET METAL SIGN,25
15563,84077,WORLD WAR 2 GLIDERS ASSTD DESIGNS,48
15570,20713,JUMBO BAG OWLS,3
15570,21216,"SET 3 RETROSPOT TEA,COFFEE,SUGAR",2
15570,21326,AGED GLASS SILVER T-LIGHT HOLDER,12
15570,21479,WHITE SKULL HOT WATER BOTTLE,6
15570,21481,FAWN BLUE HOT WATER BOTTLE,6
15570,21484,CHICK GREY HOT WATER BOTTLE,5
15570,21485,RETROSPOT HEART HOT WATER BOTTLE,5
15570,21698,MOCK LOBSTER FRIDGE MAGNET,2
15570,21700,BIG DOUGHNUT FRIDGE MAGNETS,1
15570,21807,WHITE CHRISTMAS STAR DECORATION,10
15570,21808,"CHRISTMAS GARLAND STARS,TREES",12
15570,21809,CHRISTMAS HANGING TREE WITH BELL,5
15570,21818,GLITTER CHRISTMAS HEART,10
15570,21819,GLITTER CHRISTMAS STAR,10
15570,21877,HOME SWEET HOME MUG,4
15570,22070,SMALL RED RETROSPOT MUG IN BOX,1
15570,22071,SMALL WHITE RETROSPOT MUG IN BOX,1
15570,22072,RED RETROSPOT TEA CUP AND SAUCER,3
15570,22083,PAPER CHAIN KIT RETROSPOT,13
15570,22086,PAPER CHAIN KIT 50'S CHRISTMAS,23
15570,22111,SCOTTIE DOG HOT WATER BOTTLE,5
15570,22113,GREY HEART HOT WATER BOTTLE,3
15570,22130,PARTY CONE CHRISTMAS DECORATION,12
15570,22141,CHRISTMAS CRAFT TREE TOP ANGEL,3
15570,22154,ANGEL DECORATION 3 BUTTONS,10
15570,22191,IVORY DINER WALL CLOCK,1
15570,22192,BLUE DINER WALL CLOCK,2
15570,22193,RED DINER WALL CLOCK,3
15570,22338,STAR DECORATION PAINTED ZINC,10
15570,22424,ENAMEL BREAD BIN CREAM,2
15570,22460,EMBOSSED GLASS TEALIGHT HOLDER,6
15570,22483,RED GINGHAM TEDDY BEAR,1
15570,22560,TRADITIONAL MODELLING CLAY,5
15570,22568,FELTCRAFT CUSHION OWL,1
15570,22570,FELTCRAFT CUSHION RABBIT,1
15570,22573,STAR WOODEN CHRISTMAS DECORATION,6
15570,22574,HEART WOODEN CHRISTMAS DECORATION,5
15570,22576,SWALLOW WOODEN CHRISTMAS DECORATION,14
15570,22577,WOODEN HEART CHRISTMAS SCANDINAVIAN,10
15570,22595,CHRISTMAS GINGHAM HEART,5
15570,22601,CHRISTMAS RETROSPOT ANGEL WOOD,5
15570,22602,CHRISTMAS RETROSPOT HEART WOOD,5
15570,22624,IVORY KITCHEN SCALES,1
15570,22625,RED KITCHEN SCALES,1
15570,22626,BLACK KITCHEN SCALES,1
15570,22627,MINT KITCHEN SCALES,1
15570,22632,HAND WARMER RED RETROSPOT,5
15570,22699,ROSES REGENCY TEACUP AND SAUCER,4
15570,22725,ALARM CLOCK BAKELIKE CHOCOLATE,3
15570,22726,ALARM CLOCK BAKELIKE GREEN,20
15570,22727,ALARM CLOCK BAKELIKE RED,12
15570,22728,ALARM CLOCK BAKELIKE PINK,5
15570,22730,ALARM CLOCK BAKELIKE IVORY,4
15570,22733,3D TRADITIONAL CHRISTMAS STICKERS,5
15570,22745,POPPY'S PLAYHOUSE BEDROOM,2
15570,22746,POPPY'S PLAYHOUSE LIVINGROOM,2
15570,22747,POPPY'S PLAYHOUSE BATHROOM,2
15570,22748,POPPY'S PLAYHOUSE KITCHEN,6
15570,22759,SET OF 3 NOTEBOOKS IN PARCEL,3
15570,22834,HAND WARMER BABUSHKA DESIGN,5
15570,22865,HAND WARMER OWL DESIGN,10
15570,22866,HAND WARMER SCOTTY DOG DESIGN,5
15570,22867,HAND WARMER BIRD DESIGN,5
15570,22891,TEA FOR ONE POLKADOT,1
15570,22910,PAPER CHAIN KIT VINTAGE CHRISTMAS,10
15570,22943,CHRISTMAS LIGHTS 10 VINTAGE BAUBLES,8
15570,22975,SPACEBOY CHILDRENS EGG CUP,3
15570,22977,DOLLY GIRL CHILDRENS EGG CUP,3
15570,22988,SOLDIERS EGG CUP,6
15570,35400,WOODEN BOX ADVENT CALENDAR,1
15570,37464,ROBOT MUG IN DISPLAY BOX,2
15570,82482,WOODEN PICTURE FRAME WHITE FINISH,12
15570,82483,WOOD 2 DRAWER CABINET WHITE FINISH,2
15570,82486,WOOD S/3 CABINET ANT WHITE FINISH,2
15570,84030E,ENGLISH ROSE HOT WATER BOTTLE,5
15570,84347,ROTATING SILVER ANGELS T-LIGHT HLDR,10
15570,84947,ANTIQUE SILVER TEA GLASS ENGRAVED,6
15570,85084,HOLLY TOP CHRISTMAS STOCKING,5
15570,85123A,WHITE HANGING HEART T-LIGHT HOLDER,6
15570,85199S,SMALL HANGING IVORY/RED WOOD BIRD,7
15574,16258A,SWIRLY CIRCULAR RUBBERS IN BAG,1
15574,20665,RED RETROSPOT PURSE,1
15574,20668,DISCO BALL CHRISTMAS DECORATION,10
15574,20719,WOODLAND CHARLOTTE BAG,2
15574,20724,RED RETROSPOT CHARLOTTE BAG,1
15574,20728,LUNCH BAG CARS BLUE,1
15574,20749,ASSORTED COLOUR MINI CASES,1
15574,20751,FUNKY WASHING UP GLOVES ASSORTED,1
15574,20752,BLUE POLKADOT WASHING UP GLOVES,1
15574,20761,BLUE PAISLEY SKETCHBOOK,1
15574,20766,GARDEN PATH SKETCHBOOK,1
15574,20977,36 PENCILS TUBE WOODLAND,2
15574,20979,36 PENCILS TUBE RED RETROSPOT,1
15574,21025,SPACE FROG,1
15574,21026,SPACE OWL,2
15574,21030,SPACE CADET RED,2
15574,21031,SPACE CADET BLACK,2
15574,21032,SPACE CADET WHITE,2
15574,21121,SET/10 RED POLKADOT PARTY CANDLES,1
15574,21135,VICTORIAN  METAL POSTCARD SPRING,16
15574,21268,VINTAGE BLUE TINSEL REEL,2
15574,21327,SKULLS WRITING SET,3
15574,21328,BALLOONS  WRITING SET,2
15574,21354,TOAST ITS - BEST MUM,1
15574,21357,TOAST ITS - DINOSAUR,1
15574,21381,MINI WOODEN HAPPY BIRTHDAY GARLAND,1
15574,21392,RED POLKADOT PUDDING BOWL,3
15574,21393,BLUE POLKADOT PUDDING BOWL,3
15574,21398,RED POLKADOT COFFEE  MUG,2
15574,21399,BLUE POLKADOT COFFEE MUG,2
15574,21426,WOODLAND STORAGE BOX SMALL,1
15574,21430,SET/3 RED GINGHAM ROSE STORAGE BOX,2
15574,21479,WHITE SKULL HOT WATER BOTTLE,1
15574,21484,CHICK GREY HOT WATER BOTTLE,1
15574,21559,STRAWBERRY LUNCH BOX WITH CUTLERY,1
15574,21577,SAVE THE PLANET COTTON TOTE BAG,2
15574,21578,WOODLAND DESIGN  COTTON TOTE BAG,3
15574,21581,SKULLS  DESIGN  COTTON TOTE BAG,1
15574,21584,RETROSPOT SMALL TUBE MATCHES,2
15574,21587,COSY HOUR GIANT TUBE MATCHES,6
15574,21591,COSY HOUR CIGAR BOX MATCHES,4
15574,21623,VINTAGE UNION JACK MEMOBOARD,1
15574,21625,VINTAGE UNION JACK APRON,1
15574,21714,CITRONELLA CANDLE GARDEN POT,1
15574,21719,LOVELY BONBON STICKER SHEET,1
15574,21892,TRADITIONAL WOODEN CATCH CUP GAME,1
15574,21935,SUKI  SHOULDER BAG,1
15574,21967,PACK OF 12 SKULL TISSUES,3
15574,21981,PACK OF 12 WOODLAND TISSUES,2
15574,21982,PACK OF 12 SUKI TISSUES,2
15574,21984,PACK OF 12 PINK PAISLEY TISSUES,1
15574,21990,MODERN FLORAL STATIONERY SET,1
15574,21993,FLORAL FOLK STATIONERY SET,1
15574,22030,SWALLOWS GREETING CARD,36
15574,22077,6 RIBBONS RUSTIC CHARM,2
15574,22082,RIBBON REEL STRIPES DESIGN,4
15574,22087,PAPER BUNTING WHITE LACE,2
15574,22096,PINK PAISLEY SQUARE TISSUE BOX,2
15574,22174,PHOTO CUBE,1
15574,22181,SNOWSTORM PHOTO FRAME FRIDGE MAGNET,2
15574,22328,ROUND SNACK BOXES SET OF 4 FRUITS,1
15574,22350,ILLUSTRATED CAT BOWL,1
15574,22376,AIRLINE BAG VINTAGE JET SET WHITE,6
15574,22423,REGENCY CAKESTAND 3 TIER,3
15574,22435,SET OF 9 HEART SHAPED BALLOONS,1
15574,22472,TV DINNER TRAY DOLLY GIRL,1
15574,22553,PLASTERS IN TIN SKULLS,2
15574,22554,PLASTERS IN TIN WOODLAND ANIMALS,1
15574,22555,PLASTERS IN TIN STRONGMAN,1
15574,22557,PLASTERS IN TIN VINTAGE PAISLEY,1
15574,22561,WOODEN SCHOOL COLOURING SET,2
15574,22562,MONSTERS STENCIL CRAFT,1
15574,22570,FELTCRAFT CUSHION RABBIT,1
15574,22582,PACK OF 6 SWEETIE GIFT BOXES,1
15574,22583,PACK OF 6 HANDBAG GIFT BOXES,1
15574,22585,PACK OF 6 BIRDY GIFT TAGS,6
15574,22607,WOODEN ROUNDERS GARDEN SET,3
15574,22616,PACK OF 12 LONDON TISSUES,4
15574,22617,BAKING SET SPACEBOY DESIGN,1
15574,22619,SET OF 6 SOLDIER SKITTLES,1
15574,22623,BOX OF VINTAGE JIGSAW BLOCKS,1
15574,22634,CHILDS BREAKFAST SET SPACEBOY,1
15574,22635,CHILDS BREAKFAST SET DOLLY GIRL,2
15574,22636,CHILDS BREAKFAST SET CIRCUS PARADE,3
15574,22653,BUTTON BOX,1
15574,22659,LUNCH BOX I LOVE LONDON,1
15574,22661,CHARLOTTE BAG DOLLY GIRL DESIGN,1
15574,22727,ALARM CLOCK BAKELIKE RED,1
15574,22738,RIBBON REEL SNOWY VILLAGE,3
15574,22744,MAKE YOUR OWN MONSOON CARD KIT,2
15574,22745,POPPY'S PLAYHOUSE BEDROOM,2
15574,22748,POPPY'S PLAYHOUSE KITCHEN,1
15574,22756,LARGE YELLOW BABUSHKA NOTEBOOK,1
15574,22758,LARGE PURPLE BABUSHKA NOTEBOOK,1
15574,22759,SET OF 3 NOTEBOOKS IN PARCEL,1
15574,22791,T-LIGHT GLASS FLUTED ANTIQUE,6
15574,22813,PACK 3 BOXES BIRD PANNETONE,2
15574,22816,CARD MOTORBIKE SANTA,36
15574,22838,3 TIER CAKE TIN RED AND CREAM,1
15574,22899,CHILDREN'S APRON DOLLY GIRL,1
15574,22902,TOTE BAG I LOVE LONDON,2
15574,22906,12 MESSAGE CARDS WITH ENVELOPES,2
15574,22909,SET OF 20 VINTAGE CHRISTMAS NAPKINS,4
15574,22952,60 CAKE CASES VINTAGE CHRISTMAS,2
15574,22972,CHILDREN'S SPACEBOY MUG,1
15574,22973,CHILDREN'S CIRCUS PARADE MUG,1
15574,22974,CHILDRENS DOLLY GIRL MUG,1
15574,22976,CIRCUS PARADE CHILDRENS EGG CUP,1
15574,22977,DOLLY GIRL CHILDRENS EGG CUP,1
15574,22988,SOLDIERS EGG CUP,1
15574,72598,SET/12 TAPER CANDLES,1
15574,84347,ROTATING SILVER ANGELS T-LIGHT HLDR,1
15574,84613A,PINK NEW BAROQUE FLOCK CANDLESTICK,1
15574,84832,ZINC WILLIE WINKIE  CANDLE STICK,2
15574,84870B,BLUE GEISHA GIRL,1
15574,84870C,GREEN GEISHA GIRL,1
15574,84879,ASSORTED COLOUR BIRD ORNAMENT,6
15574,84952B,BLACK LOVE BIRD T-LIGHT HOLDER,1
15574,84952C,MIRROR LOVE BIRD T-LIGHT HOLDER,1
15574,84985A,SET OF 72 GREEN PAPER DOILIES,1
15574,85032D,YULETIDE IMAGES GIFT WRAP SET,1
15574,85035A,GARDENIA 3 WICK MORRIS BOXED CANDLE,1
15574,85035C,ROSE 3 WICK MORRIS BOX CANDLE,1
15574,85136A,YELLOW SHARK HELICOPTER,1
15574,85144,JARDIN ETCHED GLASS BUTTER DISH,1
15581,20618,QUEEN OF THE SKIES PASSPORT COVER,1
15581,20655,QUEEN OF SKIES LUGGAGE TAG,1
15581,20717,STRAWBERRY SHOPPER BAG,4
15581,20781,GOLD EAR MUFF HEADPHONES,1
15581,20828,GLITTER BUTTERFLY CLIPS,1
15581,20961,STRAWBERRY BATH SPONGE,2
15581,21232,STRAWBERRY CERAMIC TRINKET BOX,1
15581,21291,SMALL POLKADOT CHOCOLATE GIFT BAG,16
15581,21468,BUTTERFLY CROCHET FOOD COVER,1
15581,21564,PINK  HEART SHAPE LOVE BUCKET,5
15581,21578,WOODLAND DESIGN  COTTON TOTE BAG,2
15581,21719,LOVELY BONBON STICKER SHEET,1
15581,21723,ALPHABET HEARTS STICKER SHEET,1
15581,21790,VINTAGE SNAP CARDS,2
15581,21891,TRADITIONAL WOODEN SKIPPING ROPE,2
15581,21892,TRADITIONAL WOODEN CATCH CUP GAME,2
15581,21928,JUMBO BAG SCANDINAVIAN PAISLEY,10
15581,21977,PACK OF 60 PINK PAISLEY CAKE CASES,1
15581,22063,CERAMIC BOWL WITH STRAWBERRY DESIGN,1
15581,22070,SMALL RED RETROSPOT MUG IN BOX,5
15581,22071,SMALL WHITE RETROSPOT MUG IN BOX,2
15581,22083,PAPER CHAIN KIT RETROSPOT,1
15581,22144,CHRISTMAS CRAFT LITTLE FRIENDS,1
15581,22147,FELTCRAFT BUTTERFLY HEARTS,1
15581,22166,WALL MIRROR RECTANGLE DIAMANTE PINK,5
15581,22197,SMALL POPCORN HOLDER,5
15581,22306,SILVER MUG BONE CHINA TREE OF LIFE,6
15581,22311,OFFICE MUG WARMER BLACK+SILVER,1
15581,22444,GROW YOUR OWN PLANT IN A CAN,2
15581,22473,TV DINNER TRAY VINTAGE PAISLEY,8
15581,22474,SPACEBOY TV DINNER TRAY,3
15581,22480,RED TEA TOWEL CLASSIC DESIGN,2
15581,22508,DOORSTOP RETROSPOT HEART,1
15581,22620,4 TRADITIONAL SPINNING TOPS,2
15581,22867,HAND WARMER BIRD DESIGN,24
15581,22966,GINGERBREAD MAN COOKIE CUTTER,1
15581,70006,LOVE HEART POCKET WARMER,1
15581,72741,GRAND CHOCOLATECANDLE,2
15581,84077,WORLD WAR 2 GLIDERS ASSTD DESIGNS,3
15581,84558A,3D DOG PICTURE PLAYING CARDS,1
15581,84826,ASSTD DESIGN 3D PAPER STICKERS,4
15581,84991,60 TEATIME FAIRY CAKE CASES,1
15581,85136A,YELLOW SHARK HELICOPTER,2
15581,85227,SET OF 6 3D KIT CARDS FOR KIDS,1
15587,21137,BLACK RECORD COVER FRAME,48
15587,22041,"RECORD FRAME 7"" SINGLE SIZE",48
15587,82001S,VINYL RECORD FRAME SILVER,24
15596,20676,RED RETROSPOT BOWL,8
15596,21217,RED RETROSPOT ROUND CAKE TINS,2
15596,21239,PINK  POLKADOT CUP,8
15596,21242,RED RETROSPOT PLATE,8
15596,21527,RED RETROSPOT TRADITIONAL TEAPOT,2
15596,21539,RED RETROSPOT BUTTER DISH,6
15596,21564,PINK  HEART SHAPE LOVE BUCKET,6
15596,21843,RED RETROSPOT CAKE STAND,2
15596,21933,PINK VINTAGE PAISLEY PICNIC BAG,5
15596,21977,PACK OF 60 PINK PAISLEY CAKE CASES,24
15596,22072,RED RETROSPOT TEA CUP AND SAUCER,4
15596,22073,RED RETROSPOT STORAGE JAR,4
15596,22195,LARGE HEART MEASURING SPOONS,24
15596,22196,SMALL HEART MEASURING SPOONS,24
15596,22501,PICNIC BASKET WICKER LARGE,2
15596,22502,PICNIC BASKET WICKER SMALL,4
15596,22629,SPACEBOY LUNCH BOX,12
15596,22630,DOLLY GIRL LUNCH BOX,12
15596,22666,RECIPE BOX PANTRY YELLOW DESIGN,6
15596,37500,TEA TIME TEAPOT IN GIFT BOX,2
15596,37501,TEA TIME TEA SET IN GIFT BOX,3
15601,20685,DOORMAT RED RETROSPOT,4
15601,21068,VINTAGE BILLBOARD LOVE/HATE MUG,12
15601,21069,VINTAGE BILLBOARD TEA MUG,12
15601,21070,VINTAGE BILLBOARD MUG,12
15601,21071,VINTAGE BILLBOARD DRINK ME MUG,12
15601,21355,TOAST ITS - I LOVE YOU,24
15601,21506,"FANCY FONT BIRTHDAY CARD,",24
15601,21509,COWBOYS AND INDIANS BIRTHDAY CARD,12
15601,21518,BANK ACCOUNT  GREETING  CARD,24
15601,21519,GIN & TONIC DIET GREETING CARD,12
15601,21520,BOOZE & WOMEN GREETING CARD,12
15601,21523,DOORMAT FANCY FONT HOME SWEET HOME,4
15601,21524,DOORMAT SPOTTY HOME SWEET HOME,4
15601,21668,RED STRIPE CERAMIC DRAWER KNOB,12
15601,21669,BLUE STRIPE CERAMIC DRAWER KNOB,12
15601,21670,BLUE SPOT CERAMIC DRAWER KNOB,12
15601,21671,RED SPOT CERAMIC DRAWER KNOB,12
15601,21672,WHITE SPOT RED CERAMIC DRAWER KNOB,12
15601,21673,WHITE SPOT BLUE CERAMIC DRAWER KNOB,12
15601,21754,HOME BUILDING BLOCK WORD,6
15601,21755,LOVE BUILDING BLOCK WORD,3
15601,21756,BATH BUILDING BLOCK WORD,6
15601,22023,EMPIRE BIRTHDAY CARD,24
15601,22026,BANQUET BIRTHDAY  CARD,12
15601,22027,TEA PARTY BIRTHDAY CARD,12
15601,22028,PENNY FARTHING BIRTHDAY CARD,12
15601,22029,SPACEBOY BIRTHDAY CARD,12
15601,22030,SWALLOWS GREETING CARD,12
15601,22037,ROBOT BIRTHDAY CARD,12
15601,22245,"HOOK, 1 HANGER ,MAGIC GARDEN",24
15601,22419,LIPSTICK PEN RED,36
15601,22431,WATERING CAN BLUE ELEPHANT,12
15601,22432,WATERING CAN PINK BUNNY,6
15601,22433,WATERING CAN GREEN DINOSAUR,6
15601,22460,EMBOSSED GLASS TEALIGHT HOLDER,36
15601,22692,DOORMAT WELCOME TO OUR HOME,4
15601,22697,GREEN REGENCY TEACUP AND SAUCER,12
15601,22712,CARD DOLLY GIRL,24
15601,22716,CARD CIRCUS PARADE,12
15601,22717,CARD DOG AND BALL,12
15601,22718,CARD CAT AND TREE,24
15601,22766,PHOTO FRAME CORNICE,8
15601,22771,CLEAR DRAWER KNOB ACRYLIC EDWARDIAN,24
15601,22772,PINK DRAWER KNOB ACRYLIC EDWARDIAN,24
15601,22773,GREEN DRAWER KNOB ACRYLIC EDWARDIAN,12
15601,22774,RED DRAWER KNOB ACRYLIC EDWARDIAN,24
15601,22775,PURPLE DRAWERKNOB ACRYLIC EDWARDIAN,12
15601,22805,BLUE DRAWER KNOB ACRYLIC EDWARDIAN,12
15601,22815,CARD PSYCHEDELIC APPLES,24
15601,22817,CARD SUKI BIRTHDAY,12
15601,22972,CHILDREN'S SPACEBOY MUG,12
15601,22974,CHILDRENS DOLLY GIRL MUG,12
15601,22983,CARD BILLBOARD FONT,36
15601,48116,DOORMAT MULTICOLOUR STRIPE,4
15601,48185,DOORMAT FAIRY CAKE,4
15601,48187,DOORMAT NEW ENGLAND,4
15601,72818,CHRISTMAS DECOUPAGE CANDLE,24
15601,82483,WOOD 2 DRAWER CABINET WHITE FINISH,4
15601,82486,WOOD S/3 CABINET ANT WHITE FINISH,4
15601,82494L,WOODEN FRAME ANTIQUE WHITE,24
15601,84674,FLYING PIG WATERING CAN,12
15601,84755,COLOUR GLASS T-LIGHT HOLDER HANGING,48
15601,84970L,SINGLE HEART ZINC T-LIGHT HOLDER,36
15602,21730,GLASS STAR FROSTED T-LIGHT HOLDER,3
15602,22178,VICTORIAN GLASS HANGING T-LIGHT,48
15602,22217,T-LIGHT HOLDER HANGING LACE,48
15602,85123A,WHITE HANGING HEART T-LIGHT HOLDER,6
15605,20685,DOORMAT RED RETROSPOT,2
15605,21156,RETROSPOT CHILDRENS APRON,8
15605,21485,RETROSPOT HEART HOT WATER BOTTLE,3
15605,21523,DOORMAT FANCY FONT HOME SWEET HOME,2
15605,22118,JOY WOODEN BLOCK LETTERS,3
15605,22119,PEACE WOODEN BLOCK LETTERS,3
15605,22121,NOEL WOODEN BLOCK LETTERS,3
15605,22219,LOVEBIRD HANGING DECORATION WHITE,12
15605,22311,OFFICE MUG WARMER BLACK+SILVER,6
15605,22418,10 COLOUR SPACEBOY PEN,24
15605,22943,CHRISTMAS LIGHTS 10 VINTAGE BAUBLES,3
15605,48194,DOORMAT HEARTS,2
15615,20713,JUMBO BAG OWLS,10
15615,20719,WOODLAND CHARLOTTE BAG,10
15615,20724,RED RETROSPOT CHARLOTTE BAG,10
15615,20725,LUNCH BAG RED RETROSPOT,10
15615,21485,RETROSPOT HEART HOT WATER BOTTLE,24
15615,21623,VINTAGE UNION JACK MEMOBOARD,4
15615,22111,SCOTTIE DOG HOT WATER BOTTLE,24
15615,22112,CHOCOLATE HOT WATER BOTTLE,24
15615,22113,GREY HEART HOT WATER BOTTLE,36
15615,22178,VICTORIAN GLASS HANGING T-LIGHT,12
15615,22355,CHARLOTTE BAG SUKI DESIGN,10
15615,22383,LUNCH BAG SUKI  DESIGN,10
15615,22386,JUMBO BAG PINK POLKADOT,20
15615,22411,JUMBO SHOPPER VINTAGE RED PAISLEY,10
15615,22507,MEMO BOARD RETROSPOT  DESIGN,8
15615,22666,RECIPE BOX PANTRY YELLOW DESIGN,12
15615,22720,SET OF 3 CAKE TINS PANTRY DESIGN,3
15615,22831,WHITE BROCANTE SOAP DISH,6
15615,22835,HOT WATER BOTTLE I AM SO POORLY,24
15615,22840,ROUND CAKE TIN VINTAGE RED,12
15615,82552,WASHROOM METAL SIGN,12
15615,84836,ZINC METAL HEART DECORATION,12
15615,85099B,JUMBO BAG RED RETROSPOT,40
15615,85099C,JUMBO  BAG BAROQUE BLACK WHITE,10
15615,85099F,JUMBO BAG STRAWBERRY,20
15620,16048,TEATIME ROUND PENCIL SHARPENER,24
15620,16219,HOUSE SHAPE PENCIL SHARPENER,12
15620,16225,RATTLE SNAKE EGGS,12
15620,16236,KITTY PENCIL ERASERS,28
15620,18007,ESSENTIAL BALM 3.5g TIN IN ENVELOPE,24
15620,20981,12 PENCILS TALL TUBE WOODLAND,12
15620,20982,12 PENCILS TALL TUBE SKULLS,12
15620,21071,VINTAGE BILLBOARD DRINK ME MUG,12
15620,21108,FAIRY CAKE FLANNEL ASSORTED COLOUR,9
15620,21221,SET/4 BADGES CUTE CREATURES,10
15620,21258,VICTORIAN SEWING BOX LARGE,1
15620,21279,VINTAGE KITCHEN PRINT FRUITS,6
15620,21481,FAWN BLUE HOT WATER BOTTLE,6
15620,21832,CHOCOLATE CALCULATOR,12
15620,21896,POTTING SHED TWINE,6
15620,22112,CHOCOLATE HOT WATER BOTTLE,3
15620,22398,MAGNETS PACK OF 4 SWALLOWS,12
15620,22418,10 COLOUR SPACEBOY PEN,24
15620,22466,FAIRY TALE COTTAGE NIGHTLIGHT,12
15620,22489,PACK OF 12 TRADITIONAL CRAYONS,24
15620,22539,MINI JIGSAW DOLLY GIRL,24
15620,22540,MINI JIGSAW CIRCUS PARADE,24
15620,22748,POPPY'S PLAYHOUSE KITCHEN,6
15620,22792,FLUTED ANTIQUE CANDLE HOLDER,12
15620,22961,JAM MAKING SET PRINTED,12
15620,22969,HOMEMADE JAM SCENTED CANDLES,12
15620,35961,FOLKART ZINC HEART CHRISTMAS DEC,12
15620,48187,DOORMAT NEW ENGLAND,2
15620,72819,CUPID DESIGN SCENTED CANDLES,6
15620,84946,ANTIQUE SILVER TEA GLASS ETCHED,12
15620,85025C,PINK HEART SHAPE PHOTO FRAME,12
15628,20724,RED RETROSPOT CHARLOTTE BAG,10
15628,20971,PINK BLUE FELT CRAFT TRINKET BOX,12
15628,20972,PINK CREAM FELT CRAFT TRINKET BOX,12
15628,21080,SET/20 RED RETROSPOT PAPER NAPKINS,24
15628,21181,PLEASE ONE PERSON METAL SIGN,12
15628,21212,PACK OF 72 RETROSPOT CAKE CASES,24
15628,21544,SKULLS  WATER TRANSFER TATTOOS,12
15628,21704,BAG 250g SWIRLY MARBLES,12
15628,21733,RED HANGING HEART T-LIGHT HOLDER,6
15628,21790,VINTAGE SNAP CARDS,12
15628,21868,POTTING SHED TEA MUG,12
15628,21870,I CAN ONLY PLEASE ONE PERSON MUG,12
15628,21917,SET 12 KIDS  WHITE CHALK STICKS,24
15628,22147,FELTCRAFT BUTTERFLY HEARTS,12
15628,22470,HEART OF WICKER LARGE,12
15628,22601,CHRISTMAS RETROSPOT ANGEL WOOD,12
15628,22961,JAM MAKING SET PRINTED,12
15628,82494L,WOODEN FRAME ANTIQUE WHITE,12
15628,85123A,WHITE HANGING HEART T-LIGHT HOLDER,6
15640,20718,RED RETROSPOT SHOPPER BAG,20
15640,20724,RED RETROSPOT CHARLOTTE BAG,20
15640,21034,REX CASH+CARRY JUMBO SHOPPER,1
15640,21098,CHRISTMAS TOILET ROLL,4
15640,21210,SET OF 72 RETROSPOT PAPER  DOILIES,24
15640,21212,PACK OF 72 RETROSPOT CAKE CASES,24
15640,21452,TOADSTOOL MONEY BOX,12
15640,21479,WHITE SKULL HOT WATER BOTTLE,12
15640,21481,FAWN BLUE HOT WATER BOTTLE,6
15640,21485,RETROSPOT HEART HOT WATER BOTTLE,6
15640,21524,DOORMAT SPOTTY HOME SWEET HOME,10
15640,21623,VINTAGE UNION JACK MEMOBOARD,1
15640,21657,MILK BOTTLE WITH GLASS STOPPER,1
15640,21868,POTTING SHED TEA MUG,12
15640,21871,SAVE THE PLANET MUG,12
15640,21877,HOME SWEET HOME MUG,12
15640,21928,JUMBO BAG SCANDINAVIAN PAISLEY,30
15640,21929,JUMBO BAG PINK VINTAGE PAISLEY,21
15640,21930,JUMBO STORAGE BAG SKULLS,10
15640,21931,JUMBO STORAGE BAG SUKI,20
15640,21955,DOORMAT UNION JACK GUNS AND ROSES,10
15640,21967,PACK OF 12 SKULL TISSUES,24
15640,21974,SET OF 36 PAISLEY FLOWER DOILIES,24
15640,21975,PACK OF 60 DINOSAUR CAKE CASES,24
15640,21977,PACK OF 60 PINK PAISLEY CAKE CASES,24
15640,21982,PACK OF 12 SUKI TISSUES,24
15640,22077,6 RIBBONS RUSTIC CHARM,36
15640,22084,PAPER CHAIN KIT EMPIRE,12
15640,22086,PAPER CHAIN KIT 50'S CHRISTMAS,80
15640,22107,PIZZA PLATE IN BOX,8
15640,22109,FULL ENGLISH BREAKFAST PLATE,17
15640,22111,SCOTTIE DOG HOT WATER BOTTLE,6
15640,22112,CHOCOLATE HOT WATER BOTTLE,6
15640,22113,GREY HEART HOT WATER BOTTLE,12
15640,22132,RED LOVE HEART SHAPE CUP,12
15640,22180,RETROSPOT LAMP,1
15640,22189,CREAM HEART CARD HOLDER,36
15640,22199,FRYING PAN RED RETROSPOT,1
15640,22310,IVORY KNITTED MUG COSY,1
15640,22382,LUNCH BAG SPACEBOY DESIGN,10
15640,22384,LUNCH BAG PINK POLKADOT,10
15640,22411,JUMBO SHOPPER VINTAGE RED PAISLEY,1
15640,22416,SET OF 36 DOILIES SPACEBOY DESIGN,5
15640,22417,PACK OF 60 SPACEBOY CAKE CASES,24
15640,22423,REGENCY CAKESTAND 3 TIER,16
15640,22424,ENAMEL BREAD BIN CREAM,1
15640,22461,SAVOY ART DECO CLOCK,1
15640,22502,PICNIC BASKET WICKER SMALL,4
15640,22508,DOORSTOP RETROSPOT HEART,2
15640,22557,PLASTERS IN TIN VINTAGE PAISLEY,1
15640,22607,WOODEN ROUNDERS GARDEN SET,4
15640,22629,SPACEBOY LUNCH BOX,12
15640,22630,DOLLY GIRL LUNCH BOX,4
15640,22636,CHILDS BREAKFAST SET CIRCUS PARADE,4
15640,22659,LUNCH BOX I LOVE LONDON,6
15640,22690,DOORMAT HOME SWEET HOME BLUE,2
15640,22736,RIBBON REEL MAKING SNOWMEN,5
15640,22738,RIBBON REEL SNOWY VILLAGE,10
15640,22809,SET OF 6 T-LIGHTS SANTA,1
15640,22834,HAND WARMER BABUSHKA DESIGN,72
15640,22865,HAND WARMER OWL DESIGN,24
15640,22866,HAND WARMER SCOTTY DOG DESIGN,24
15640,22910,PAPER CHAIN KIT VINTAGE CHRISTMAS,6
15640,22930,BAKING MOULD HEART MILK CHOCOLATE,3
15640,22931,BAKING MOULD HEART WHITE CHOCOLATE,3
15640,22937,BAKING MOULD CHOCOLATE CUPCAKES,3
15640,22941,CHRISTMAS LIGHTS 10 REINDEER,3
15640,22943,CHRISTMAS LIGHTS 10 VINTAGE BAUBLES,4
15640,22951,60 CAKE CASES DOLLY GIRL DESIGN,24
15640,22952,60 CAKE CASES VINTAGE CHRISTMAS,48
15640,22956,36 FOIL HEART CAKE CASES,3
15640,22961,JAM MAKING SET PRINTED,5
15640,22971,QUEENS GUARD COFFEE MUG,6
15640,22972,CHILDREN'S SPACEBOY MUG,12
15640,22973,CHILDREN'S CIRCUS PARADE MUG,12
15640,22975,SPACEBOY CHILDRENS EGG CUP,12
15640,22977,DOLLY GIRL CHILDRENS EGG CUP,12
15640,22988,SOLDIERS EGG CUP,24
15640,37449,CERAMIC CAKE STAND + HANGING CAKES,1
15640,48138,DOORMAT UNION FLAG,10
15640,79321,CHILLI LIGHTS,8
15640,84077,WORLD WAR 2 GLIDERS ASSTD DESIGNS,96
15640,84375,SET OF 20 KIDS COOKIE CUTTERS,12
15640,84378,SET OF 3 HEART COOKIE CUTTERS,24
15640,84380,SET OF 3 BUTTERFLY COOKIE CUTTERS,24
15640,84692,BOX OF 24 COCKTAIL PARASOLS,50
15640,84988,SET OF 72 PINK HEART PAPER DOILIES,6
15640,84991,60 TEATIME FAIRY CAKE CASES,24
15640,84992,72 SWEETHEART FAIRY CAKE CASES,1
15640,85049E,SCANDINAVIAN REDS RIBBONS,72
15640,85123A,WHITE HANGING HEART T-LIGHT HOLDER,96
15641,16156S,WRAP PINK FAIRY CAKES,25
15641,22050,PINK PAISLEY ROSE GIFT WRAP,25
15641,22108,PING! MICROWAVE PLATE,4
15641,22111,SCOTTIE DOG HOT WATER BOTTLE,3
15641,22150,3 STRIPEY MICE FELTCRAFT,12
15641,22196,SMALL HEART MEASURING SPOONS,12
15641,22470,HEART OF WICKER LARGE,12
15641,22568,FELTCRAFT CUSHION OWL,4
15641,22570,FELTCRAFT CUSHION RABBIT,4
15641,22666,RECIPE BOX PANTRY YELLOW DESIGN,6
15641,22851,SET 20 NAPKINS FAIRY CAKES DESIGN,12
15641,22961,JAM MAKING SET PRINTED,12
15641,82613B,"METAL SIGN,CUPCAKE SINGLE HOOK",20
15641,82613C,"METAL SIGN,CUPCAKE SINGLE HOOK",20
15641,82613D,METAL SIGN CUPCAKE SINGLE HOOK,20
15641,84818,DANISH ROSE PHOTO FRAME,6
15641,84823,DANISH ROSE FOLDING CHAIR,4
15641,84826,ASSTD DESIGN 3D PAPER STICKERS,60
15641,84991,60 TEATIME FAIRY CAKE CASES,24
15641,85212,MINI PAINTED GARDEN DECORATION,72
15646,17003,BROCADE RING PURSE,36
15646,20668,DISCO BALL CHRISTMAS DECORATION,24
15646,22042,CHRISTMAS CARD SINGING ANGEL,12
15646,22043,CHRISTMAS CARD SCREEN PRINT,12
15646,22044,CHRISTMAS CARD STACK OF PRESENTS,12
15646,22086,PAPER CHAIN KIT 50'S CHRISTMAS,6
15646,22089,PAPER BUNTING VINTAGE PAISLEY,6
15646,22413,METAL SIGN TAKE IT OR LEAVE IT,6
15646,22816,CARD MOTORBIKE SANTA,12
15646,22818,CARD CHRISTMAS VILLAGE,12
15646,22910,PAPER CHAIN KIT VINTAGE CHRISTMAS,6
15646,35957,SMALLFOLKART BAUBLE CHRISTMAS DEC,48
15646,37450,CERAMIC CAKE BOWL + HANGING CAKES,6
15646,46000S,POLYESTER FILLER PAD 40x40cm,2
15646,72816,SET/3 CHRISTMAS DECOUPAGE CANDLES,12
15646,85032D,YULETIDE IMAGES GIFT WRAP SET,6
15646,85049A,TRADITIONAL CHRISTMAS RIBBONS,12
15649,79321,CHILLI LIGHTS,120
15658,21755,LOVE BUILDING BLOCK WORD,4
15658,21756,BATH BUILDING BLOCK WORD,3
15658,22423,REGENCY CAKESTAND 3 TIER,4
15658,22697,GREEN REGENCY TEACUP AND SAUCER,12
15658,22699,ROSES REGENCY TEACUP AND SAUCER,12
15658,22776,SWEETHEART CAKESTAND 3 TIER,2
15658,22777,GLASS CLOCHE LARGE,2
15658,22778,GLASS CLOCHE SMALL,4
15658,22783,SET 3 WICKER OVAL BASKETS W LIDS,1
15658,22926,IVORY GIANT GARDEN THERMOMETER,2
15658,22927,GREEN GIANT GARDEN THERMOMETER,2
15658,22928,YELLOW GIANT GARDEN THERMOMETER,2
15658,22941,CHRISTMAS LIGHTS 10 REINDEER,2
15658,22961,JAM MAKING SET PRINTED,12
15660,20685,DOORMAT RED RETROSPOT,2
15660,22150,3 STRIPEY MICE FELTCRAFT,6
15660,22158,3 HEARTS HANGING DECORATION RUSTIC,8
15660,22350,ILLUSTRATED CAT BOWL,6
15660,22568,FELTCRAFT CUSHION OWL,4
15660,22855,FINE WICKER HEART,12
15660,22960,JAM MAKING SET WITH JARS,12
15660,22961,JAM MAKING SET PRINTED,12
15660,84945,MULTI COLOUR SILVER T-LIGHT HOLDER,24
15660,84946,ANTIQUE SILVER TEA GLASS ETCHED,24
15680,21136,PAINTED METAL PEARS ASSORTED,8
15680,21519,GIN & TONIC DIET GREETING CARD,12
15680,21733,RED HANGING HEART T-LIGHT HOLDER,6
15680,21810,CHRISTMAS HANGING STAR WITH BELL,12
15680,21811,CHRISTMAS HANGING HEART WITH BELL,12
15680,22111,SCOTTIE DOG HOT WATER BOTTLE,3
15680,22112,CHOCOLATE HOT WATER BOTTLE,3
15680,22142,CHRISTMAS CRAFT WHITE FAIRY,12
15680,22151,PLACE SETTING WHITE HEART,24
15680,22152,PLACE SETTING WHITE STAR,24
15680,22163,HEART STRING MEMO HOLDER HANGING,6
15680,22219,LOVEBIRD HANGING DECORATION WHITE,12
15680,22244,3 HOOK HANGER MAGIC GARDEN,12
15680,22245,"HOOK, 1 HANGER ,MAGIC GARDEN",12
15680,22389,PAPERWEIGHT SAVE THE PLANET,6
15680,22398,MAGNETS PACK OF 4 SWALLOWS,12
15680,22565,FELTCRAFT HAIRBANDS PINK AND WHITE,12
15680,22568,FELTCRAFT CUSHION OWL,4
15680,22569,FELTCRAFT CUSHION BUTTERFLY,4
15680,22587,FELTCRAFT HAIRBAND RED AND BLUE,12
15680,22639,SET OF 4 NAPKIN CHARMS HEARTS,12
15680,22776,SWEETHEART CAKESTAND 3 TIER,1
15680,22821,GIFT BAG PSYCHEDELIC APPLES,12
15680,22904,CALENDAR PAPER CUT DESIGN,6
15680,22961,JAM MAKING SET PRINTED,24
15680,82582,AREA PATROLLED METAL SIGN,12
15680,84754,S/15 SILVER GLASS BAUBLES IN BAG,12
15680,84879,ASSORTED COLOUR BIRD ORNAMENT,8
15680,84992,72 SWEETHEART FAIRY CAKE CASES,24
15680,85123A,WHITE HANGING HEART T-LIGHT HOLDER,12
15689,21868,POTTING SHED TEA MUG,12
15689,21875,KINGS CHOICE MUG,12
15689,22467,GUMBALL COAT RACK,12
15689,22781,GUMBALL MAGAZINE RACK,2
15689,37370,RETRO COFFEE MUGS ASSORTED,12
15689,84927E,FLOWERS TILE HOOK,6
15694,20749,ASSORTED COLOUR MINI CASES,12
15694,21056,DOCTOR'S BAG SOFT TOY,8
15694,21116,OWL DOORSTOP,3
15694,21137,BLACK RECORD COVER FRAME,48
15694,22041,"RECORD FRAME 7"" SINGLE SIZE",12
15694,22169,FAMILY ALBUM WHITE PICTURE FRAME,8
15694,22423,REGENCY CAKESTAND 3 TIER,16
15694,22726,ALARM CLOCK BAKELIKE GREEN,12
15694,22727,ALARM CLOCK BAKELIKE RED,4
15694,22778,GLASS CLOCHE SMALL,24
15694,22968,ROSE COTTAGE KEEPSAKE BOX,8
15694,84945,MULTI COLOUR SILVER T-LIGHT HOLDER,36
15694,POST,POSTAGE,1
15708,20936,FORKED CACTUS CANDLE,6
15708,21733,RED HANGING HEART T-LIGHT HOLDER,3
15708,21916,SET 12 RETRO WHITE CHALK STICKS,5
15708,22173,METAL 4 HOOK HANGER FRENCH CHATEAU,2
15708,22188,BLACK HEART CARD HOLDER,1
15708,22300,COFFEE MUG DOG + BALL DESIGN,6
15708,22301,COFFEE MUG CAT + BIRD DESIGN,6
15708,22304,COFFEE MUG BLUE PAISLEY DESIGN,6
15708,22305,COFFEE MUG PINK PAISLEY DESIGN,6
15708,22307,GOLD MUG BONE CHINA TREE OF LIFE,6
15708,22469,HEART OF WICKER SMALL,2
15708,22470,HEART OF WICKER LARGE,3
15708,22592,CARDHOLDER HOLLY WREATH METAL,1
15708,22624,IVORY KITCHEN SCALES,1
15708,22625,RED KITCHEN SCALES,1
15708,22694,WICKER STAR,2
15708,22725,ALARM CLOCK BAKELIKE CHOCOLATE,3
15708,22726,ALARM CLOCK BAKELIKE GREEN,3
15708,22727,ALARM CLOCK BAKELIKE RED,5
15708,22729,ALARM CLOCK BAKELIKE ORANGE,3
15708,22730,ALARM CLOCK BAKELIKE IVORY,3
15708,22776,SWEETHEART CAKESTAND 3 TIER,2
15708,22799,SWEETHEART WIRE FRUIT BOWL,1
15708,22804,CANDLEHOLDER PINK HANGING HEART,2
15708,22854,CREAM SWEETHEART EGG HOLDER,2
15708,72760B,VINTAGE CREAM 3 BASKET CAKE STAND,2
15708,82483,WOOD 2 DRAWER CABINET WHITE FINISH,2
15708,85064,CREAM SWEETHEART LETTER RACK,2
15708,85123A,WHITE HANGING HEART T-LIGHT HOLDER,5
15708,85174,S/4 CACTI CANDLES,2
15708,85175,CACTI T-LIGHT CANDLES,64
15713,21781,MA CAMPAGNE CUTLERY BOX,1
15713,22219,LOVEBIRD HANGING DECORATION WHITE,12
15713,22485,SET OF 2 WOODEN MARKET CRATES,2
15713,22645,CERAMIC HEART FAIRY CAKE MONEY BANK,12
15713,22776,SWEETHEART CAKESTAND 3 TIER,2
15713,22777,GLASS CLOCHE LARGE,2
15713,22778,GLASS CLOCHE SMALL,4
15713,22855,FINE WICKER HEART,12
15713,85123A,WHITE HANGING HEART T-LIGHT HOLDER,12
15716,20878,SET/9 CHRISTMAS T-LIGHTS SCENTED,3
15716,21034,REX CASH+CARRY JUMBO SHOPPER,2
15716,21294,ETCHED GLASS COASTER,48
15716,21326,AGED GLASS SILVER T-LIGHT HOLDER,12
15716,22082,RIBBON REEL STRIPES DESIGN,5
15716,22086,PAPER CHAIN KIT 50'S CHRISTMAS,2
15716,22114,HOT WATER BOTTLE TEA AND SYMPATHY,2
15716,22121,NOEL WOODEN BLOCK LETTERS,3
15716,22155,STAR DECORATION RUSTIC,12
15716,22158,3 HEARTS HANGING DECORATION RUSTIC,1
15716,22173,METAL 4 HOOK HANGER FRENCH CHATEAU,2
15716,22365,DOORMAT RESPECTABLE HOUSE,1
15716,22429,ENAMEL MEASURING JUG CREAM,1
15716,22470,HEART OF WICKER LARGE,5
15716,22572,ROCKING HORSE GREEN CHRISTMAS,96
15716,22574,HEART WOODEN CHRISTMAS DECORATION,96
15716,22576,SWALLOW WOODEN CHRISTMAS DECORATION,48
15716,22585,PACK OF 6 BIRDY GIFT TAGS,6
15716,22604,SET OF 4 NAPKIN CHARMS CUTLERY,1
15716,22638,SET OF 4 NAPKIN CHARMS CROWNS,1
15716,22639,SET OF 4 NAPKIN CHARMS HEARTS,3
15716,22696,WICKER WREATH LARGE,4
15716,22739,RIBBON REEL CHRISTMAS SOCK BAUBLE,10
15716,22766,PHOTO FRAME CORNICE,4
15716,22809,SET OF 6 T-LIGHTS SANTA,6
15716,22810,SET OF 6 T-LIGHTS SNOWMEN,12
15716,22835,HOT WATER BOTTLE I AM SO POORLY,2
15716,22904,CALENDAR PAPER CUT DESIGN,3
15716,22910,PAPER CHAIN KIT VINTAGE CHRISTMAS,1
15716,84029G,KNITTED UNION FLAG HOT WATER BOTTLE,3
15716,84836,ZINC METAL HEART DECORATION,12
15716,84879,ASSORTED COLOUR BIRD ORNAMENT,16
15716,85038,6 CHOCOLATE LOVE HEART T-LIGHTS,3
15716,85049A,TRADITIONAL CHRISTMAS RIBBONS,6
15716,85049E,SCANDINAVIAN REDS RIBBONS,3
15723,20761,BLUE PAISLEY SKETCHBOOK,3
15723,20868,SILVER FABRIC MIRROR,2
15723,21051,RIBBONS PURSE,2
15723,21123,SET/10 IVORY POLKADOT PARTY CANDLES,1
15723,21189,WHITE HONEYCOMB PAPER GARLAND,1
15723,21191,LARGE WHITE HONEYCOMB PAPER BELL,1
15723,21640,ASSORTED TUTTI FRUTTI  FOB NOTEBOOK,3
15723,21642,ASSORTED TUTTI FRUTTI PEN,3
15723,21647,ASSORTED TUTTI FRUTTI LARGE PURSE,3
15723,21742,LARGE ROUND WICKER PLATTER,1
15723,21744,SNOWFLAKE PORTABLE TABLE LIGHT,4
15723,22082,RIBBON REEL STRIPES DESIGN,5
15723,22086,PAPER CHAIN KIT 50'S CHRISTMAS,2
15723,22141,CHRISTMAS CRAFT TREE TOP ANGEL,1
15723,22150,3 STRIPEY MICE FELTCRAFT,2
15723,22173,METAL 4 HOOK HANGER FRENCH CHATEAU,1
15723,22315,200 RED + WHITE BENDY STRAWS,1
15723,22319,HAIRCLIPS FORTIES FABRIC ASSORTED,24
15723,22381,TOY TIDY PINK POLKADOT,2
15723,22396,MAGNETS PACK OF 4 RETRO PHOTO,1
15723,22439,6 ROCKET BALLOONS,1
15723,22473,TV DINNER TRAY VINTAGE PAISLEY,2
15723,22476,EMPIRE UNION JACK TV DINNER TRAY,2
15723,22652,TRAVEL SEWING KIT,2
15723,22665,RECIPE BOX BLUE SKETCHBOOK DESIGN,1
15723,22733,3D TRADITIONAL CHRISTMAS STICKERS,1
15723,22759,SET OF 3 NOTEBOOKS IN PARCEL,1
15723,22785,SQUARECUSHION COVER PINK UNION FLAG,1
15723,22810,SET OF 6 T-LIGHTS SNOWMEN,1
15723,22835,HOT WATER BOTTLE I AM SO POORLY,1
15723,22906,12 MESSAGE CARDS WITH ENVELOPES,1
15723,22910,PAPER CHAIN KIT VINTAGE CHRISTMAS,1
15723,22968,ROSE COTTAGE KEEPSAKE BOX,3
15723,84559B,3D SHEET OF CAT STICKERS,1
15723,85048,15CM CHRISTMAS GLASS BALL 20 LIGHTS,3
15723,85049C,ROMANTIC PINKS RIBBONS,1
15723,85049G,CHOCOLATE BOX RIBBONS,1
15727,20685,DOORMAT RED RETROSPOT,1
15727,20717,STRAWBERRY SHOPPER BAG,10
15727,20751,FUNKY WASHING UP GLOVES ASSORTED,2
15727,20752,BLUE POLKADOT WASHING UP GLOVES,3
15727,20754,RETROSPOT RED WASHING UP GLOVES,5
15727,21212,PACK OF 72 RETROSPOT CAKE CASES,24
15727,21221,SET/4 BADGES CUTE CREATURES,10
15727,21481,FAWN BLUE HOT WATER BOTTLE,10
15727,21485,RETROSPOT HEART HOT WATER BOTTLE,2
15727,21731,RED TOADSTOOL LED NIGHT LIGHT,10
15727,21843,RED RETROSPOT CAKE STAND,1
15727,21977,PACK OF 60 PINK PAISLEY CAKE CASES,24
15727,22111,SCOTTIE DOG HOT WATER BOTTLE,2
15727,22112,CHOCOLATE HOT WATER BOTTLE,3
15727,22113,GREY HEART HOT WATER BOTTLE,4
15727,22191,IVORY DINER WALL CLOCK,1
15727,22197,SMALL POPCORN HOLDER,29
15727,22254,FELT TOADSTOOL LARGE,24
15727,22255,FELT TOADSTOOL  SMALL,36
15727,22383,LUNCH BAG SUKI  DESIGN,10
15727,22469,HEART OF WICKER SMALL,12
15727,22470,HEART OF WICKER LARGE,12
15727,22507,MEMO BOARD RETROSPOT  DESIGN,4
15727,22558,CLOTHES PEGS RETROSPOT PACK 24,48
15727,22624,IVORY KITCHEN SCALES,1
15727,22629,SPACEBOY LUNCH BOX,3
15727,22630,DOLLY GIRL LUNCH BOX,3
15727,22644,CERAMIC CHERRY CAKE MONEY BANK,4
15727,22645,CERAMIC HEART FAIRY CAKE MONEY BANK,4
15727,22646,CERAMIC STRAWBERRY CAKE MONEY BANK,4
15727,22655,VINTAGE RED KITCHEN CABINET,2
15727,22656,VINTAGE BLUE KITCHEN CABINET,2
15727,22659,LUNCH BOX I LOVE LONDON,4
15727,22662,LUNCH BAG DOLLY GIRL DESIGN,10
15727,22720,SET OF 3 CAKE TINS PANTRY DESIGN,6
15727,22721,SET OF 3 CAKE TINS SKETCHBOOK,4
15727,22722,SET OF 6 SPICE TINS PANTRY DESIGN,8
15727,22759,SET OF 3 NOTEBOOKS IN PARCEL,1
15727,22835,HOT WATER BOTTLE I AM SO POORLY,4
15727,22837,HOT WATER BOTTLE BABUSHKA,4
15727,22851,SET 20 NAPKINS FAIRY CAKES DESIGN,8
15727,22868,NUMBER TILE COTTAGE GARDEN 0,8
15727,22869,NUMBER TILE COTTAGE GARDEN 1,6
15727,22870,NUMBER TILE COTTAGE GARDEN 2,8
15727,22871,NUMBER TILE COTTAGE GARDEN 3,6
15727,22872,NUMBER TILE COTTAGE GARDEN 4,6
15727,22873,NUMBER TILE COTTAGE GARDEN 5,6
15727,22874,NUMBER TILE COTTAGE GARDEN 6,6
15727,22875,NUMBER TILE COTTAGE GARDEN 7,6
15727,22876,NUMBER TILE COTTAGE GARDEN 8,6
15727,22877,NUMBER TILE COTTAGE GARDEN 9,6
15727,22878,NUMBER TILE COTTAGE GARDEN No,10
15727,22890,NOVELTY BISCUITS CAKE STAND 3 TIER,4
15727,22910,PAPER CHAIN KIT VINTAGE CHRISTMAS,1
15727,22912,YELLOW COAT RACK PARIS FASHION,6
15727,22913,RED COAT RACK PARIS FASHION,6
15727,22914,BLUE COAT RACK PARIS FASHION,6
15727,22955,36 FOIL STAR CAKE CASES,4
15727,22956,36 FOIL HEART CAKE CASES,4
15727,22961,JAM MAKING SET PRINTED,24
15727,48188,DOORMAT WELCOME PUPPIES,1
15727,77101A,UNION FLAG WINDSOCK,4
15727,84030E,ENGLISH ROSE HOT WATER BOTTLE,4
15727,84032A,CHARLIE+LOLA PINK HOT WATER BOTTLE,4
15727,84836,ZINC METAL HEART DECORATION,36
15732,20975,12 PENCILS SMALL TUBE RED RETROSPOT,24
15732,21500,PINK POLKADOT WRAP,25
15732,22940,FELTCRAFT CHRISTMAS FAIRY,8
15732,85099B,JUMBO BAG RED RETROSPOT,20
15732,85099F,JUMBO BAG STRAWBERRY,20
15738,20677,PINK POLKADOT BOWL,8
15738,20914,SET/5 RED RETROSPOT LID GLASS BOWLS,6
15738,20974,12 PENCILS SMALL TUBE SKULL,24
15738,20975,12 PENCILS SMALL TUBE RED RETROSPOT,24
15738,21080,SET/20 RED RETROSPOT PAPER NAPKINS,24
15738,21086,SET/6 RED SPOTTY PAPER CUPS,36
15738,21094,SET/6 RED SPOTTY PAPER PLATES,60
15738,21206,STRAWBERRY HONEYCOMB  GARLAND,12
15738,22083,PAPER CHAIN KIT RETROSPOT,6
15738,22333,RETROSPOT PARTY BAG + STICKER SET,16
15738,47590B,PINK HAPPY BIRTHDAY BUNTING,9
15738,47599A,PINK PARTY BAGS,12
15738,47599B,BLUE PARTY BAGS,6
15738,84375,SET OF 20 KIDS COOKIE CUTTERS,12
15750,10125,MINI FUNKY DESIGN TAPES,20
15750,11001,ASSTD DESIGN RACING CAR PEN,16
15750,21833,CAMOUFLAGE LED TORCH,12
15750,21930,JUMBO STORAGE BAG SKULLS,10
15750,21967,PACK OF 12 SKULL TISSUES,24
15750,21985,PACK OF 12 HEARTS DESIGN TISSUES,24
15750,22095,LADS ONLY TISSUE BOX,12
15750,22207,FRYING PAN UNION FLAG,4
15750,22467,GUMBALL COAT RACK,6
15750,22563,HAPPY STENCIL CRAFT,12
15750,22616,PACK OF 12 LONDON TISSUES,24
15750,22740,POLKADOT PEN,48
15750,22834,HAND WARMER BABUSHKA DESIGN,12
15750,48129,DOORMAT TOPIARY,2
15750,72351B,SET/6 PINK  BUTTERFLY T-LIGHTS,12
15750,82494L,WOODEN FRAME ANTIQUE WHITE,6
15750,84077,WORLD WAR 2 GLIDERS ASSTD DESIGNS,48
15750,85099B,JUMBO BAG RED RETROSPOT,10
15750,85150,LADIES & GENTLEMEN METAL SIGN,6
15752,21272,SALLE DE BAIN HOOK,12
15752,21790,VINTAGE SNAP CARDS,12
15752,21889,WOODEN BOX OF DOMINOES,12
15752,21915,RED  HARMONICA IN BOX,12
15752,22549,PICTURE DOMINOES,12
15752,22632,HAND WARMER RED RETROSPOT,24
15752,22633,HAND WARMER UNION JACK,12
15752,22865,HAND WARMER OWL DESIGN,12
15752,22866,HAND WARMER SCOTTY DOG DESIGN,12
15752,62096A,PINK/YELLOW FLOWERS HANDBAG,6
15752,82580,BATHROOM METAL SIGN,12
15752,84031A,CHARLIE+LOLA RED HOT WATER BOTTLE,3
15752,84032A,CHARLIE+LOLA PINK HOT WATER BOTTLE,6
15752,85071D,CHARLIE+LOLA MY ROOM DOOR SIGN,6
15759,21506,"FANCY FONT BIRTHDAY CARD,",12
15759,22273,FELTCRAFT DOLL MOLLY,12
15759,22371,AIRLINE BAG VINTAGE TOKYO 78,4
15759,22607,WOODEN ROUNDERS GARDEN SET,4
15769,84032B,CHARLIE + LOLA RED HOT WATER BOTTLE,36
15777,18098C,PORCELAIN BUTTERFLY OIL BURNER,48
15777,21892,TRADITIONAL WOODEN CATCH CUP GAME,12
15777,22111,SCOTTIE DOG HOT WATER BOTTLE,9
15777,22180,RETROSPOT LAMP,12
15777,85123A,WHITE HANGING HEART T-LIGHT HOLDER,32
15780,20685,DOORMAT RED RETROSPOT,2
15780,21527,RED RETROSPOT TRADITIONAL TEAPOT,2
15780,22413,METAL SIGN TAKE IT OR LEAVE IT,6
15780,22423,REGENCY CAKESTAND 3 TIER,1
15780,22470,HEART OF WICKER LARGE,6
15780,22508,DOORSTOP RETROSPOT HEART,4
15780,22692,DOORMAT WELCOME TO OUR HOME,2
15780,82551,LAUNDRY 15C METAL SIGN,12
15780,82578,KITCHEN METAL SIGN,12
15780,82580,BATHROOM METAL SIGN,12
15780,85014A,BLACK/BLUE POLKADOT UMBRELLA,3
15780,85014B,RED RETROSPOT UMBRELLA,3
15789,10135,COLOURING PENCILS BROWN TUBE,20
15789,16225,RATTLE SNAKE EGGS,24
15789,20704,MR ROBOT SOFT TOY,8
15789,20705,MRS ROBOT SOFT TOY,8
15789,21429,RED GINGHAM ROSE JEWELLERY BOX,8
15789,21703,BAG 125g SWIRLY MARBLES,12
15789,21790,VINTAGE SNAP CARDS,12
15789,21873,IF YOU CAN'T STAND THE HEAT MUG,36
15789,21876,POTTERING MUG,36
15789,21889,WOODEN BOX OF DOMINOES,12
15789,21891,TRADITIONAL WOODEN SKIPPING ROPE,12
15789,22377,BOTTLE BAG RETROSPOT,20
15789,22378,WALL TIDY RETROSPOT,20
15789,22492,MINI PAINT SET VINTAGE,36
15789,22510,GINGHAM BABUSHKA DOORSTOP,8
15789,22834,HAND WARMER BABUSHKA DESIGN,24
15789,22896,PEG BAG APPLES DESIGN,6
15789,37342,POLKADOT COFFEE CUP & SAUCER PINK,24
15789,84818,DANISH ROSE PHOTO FRAME,24
15789,84819,DANISH ROSE ROUND SEWING BOX,16
15789,84821,DANISH ROSE DELUXE COASTER,24
15789,84951A,SET OF 4 PISTACHIO LOVEBIRD COASTER,12
15789,84951B,SET OF 4 BLACK LOVEBIRD COASTERS,12
15789,85159A,"BLACK TEA,COFFEE,SUGAR JARS",12
15789,85159B,"WHITE TEA,COFFEE,SUGAR JARS",12
15805,21098,CHRISTMAS TOILET ROLL,24
15805,21562,HAWAIIAN GRASS SKIRT,12
15805,21870,I CAN ONLY PLEASE ONE PERSON MUG,12
15805,21914,BLUE HARMONICA IN BOX,24
15805,22041,"RECORD FRAME 7"" SINGLE SIZE",12
15805,22834,HAND WARMER BABUSHKA DESIGN,36
15805,22910,PAPER CHAIN KIT VINTAGE CHRISTMAS,24
15805,22952,60 CAKE CASES VINTAGE CHRISTMAS,24
15805,79321,CHILLI LIGHTS,8
15805,84212,"ASSORTED FLOWER COLOUR ""LEIS""",24
15805,84558A,3D DOG PICTURE PLAYING CARDS,12
15808,20914,SET/5 RED RETROSPOT LID GLASS BOWLS,4
15808,20977,36 PENCILS TUBE WOODLAND,1
15808,21187,WHITE BELL HONEYCOMB PAPER GARLAND,4
15808,21189,WHITE HONEYCOMB PAPER GARLAND,4
15808,21191,LARGE WHITE HONEYCOMB PAPER BELL,9
15808,21192,WHITE BELL HONEYCOMB PAPER,6
15808,21314,SMALL GLASS HEART TRINKET POT,12
15808,21479,WHITE SKULL HOT WATER BOTTLE,20
15808,21559,STRAWBERRY LUNCH BOX WITH CUTLERY,4
15808,21787,RAIN PONCHO RETROSPOT,1
15808,22086,PAPER CHAIN KIT 50'S CHRISTMAS,1
15808,22111,SCOTTIE DOG HOT WATER BOTTLE,6
15808,22112,CHOCOLATE HOT WATER BOTTLE,6
15808,22113,GREY HEART HOT WATER BOTTLE,36
15808,22141,CHRISTMAS CRAFT TREE TOP ANGEL,1
15808,22147,FELTCRAFT BUTTERFLY HEARTS,1
15808,22191,IVORY DINER WALL CLOCK,1
15808,22192,BLUE DINER WALL CLOCK,3
15808,22193,RED DINER WALL CLOCK,1
15808,22198,LARGE POPCORN HOLDER,2
15808,22352,LUNCH BOX WITH CUTLERY RETROSPOT,3
15808,22371,AIRLINE BAG VINTAGE TOKYO 78,5
15808,22374,AIRLINE BAG VINTAGE JET SET RED,2
15808,22376,AIRLINE BAG VINTAGE JET SET WHITE,2
15808,22451,SILK PURSE BABUSHKA RED,12
15808,22454,MEASURING TAPE BABUSHKA RED,6
15808,22467,GUMBALL COAT RACK,4
15808,22469,HEART OF WICKER SMALL,10
15808,22470,HEART OF WICKER LARGE,6
15808,22563,HAPPY STENCIL CRAFT,1
15808,22624,IVORY KITCHEN SCALES,8
15808,22625,RED KITCHEN SCALES,10
15808,22633,HAND WARMER UNION JACK,2
15808,22644,CERAMIC CHERRY CAKE MONEY BANK,4
15808,22645,CERAMIC HEART FAIRY CAKE MONEY BANK,4
15808,22646,CERAMIC STRAWBERRY CAKE MONEY BANK,4
15808,22654,DELUXE SEWING KIT,4
15808,22666,RECIPE BOX PANTRY YELLOW DESIGN,12
15808,22689,DOORMAT MERRY CHRISTMAS RED,1
15808,22697,GREEN REGENCY TEACUP AND SAUCER,4
15808,22699,ROSES REGENCY TEACUP AND SAUCER,4
15808,22726,ALARM CLOCK BAKELIKE GREEN,13
15808,22727,ALARM CLOCK BAKELIKE RED,13
15808,22728,ALARM CLOCK BAKELIKE PINK,9
15808,22729,ALARM CLOCK BAKELIKE ORANGE,8
15808,22742,MAKE YOUR OWN PLAYTIME CARD KIT,1
15808,22745,POPPY'S PLAYHOUSE BEDROOM,2
15808,22746,POPPY'S PLAYHOUSE LIVINGROOM,2
15808,22747,POPPY'S PLAYHOUSE BATHROOM,2
15808,22748,POPPY'S PLAYHOUSE KITCHEN,2
15808,22795,SWEETHEART RECIPE BOOK STAND,4
15808,22834,HAND WARMER BABUSHKA DESIGN,14
15808,22837,HOT WATER BOTTLE BABUSHKA,30
15808,22865,HAND WARMER OWL DESIGN,24
15808,22866,HAND WARMER SCOTTY DOG DESIGN,5
15808,22867,HAND WARMER BIRD DESIGN,10
15808,22900,SET 2 TEA TOWELS I LOVE LONDON,10
15808,22910,PAPER CHAIN KIT VINTAGE CHRISTMAS,1
15808,22969,HOMEMADE JAM SCENTED CANDLES,36
15808,22988,SOLDIERS EGG CUP,5
15808,37370,RETRO COFFEE MUGS ASSORTED,12
15808,79321,CHILLI LIGHTS,4
15808,82482,WOODEN PICTURE FRAME WHITE FINISH,48
15808,82483,WOOD 2 DRAWER CABINET WHITE FINISH,16
15808,82484,WOOD BLACK BOARD ANT WHITE FINISH,6
15808,82486,WOOD S/3 CABINET ANT WHITE FINISH,12
15808,82494L,WOODEN FRAME ANTIQUE WHITE,36
15808,82580,BATHROOM METAL SIGN,25
15808,82581,TOILET METAL SIGN,25
15808,82582,AREA PATROLLED METAL SIGN,12
15808,82583,HOT BATHS METAL SIGN,12
15808,82599,FANNY'S REST STOPMETAL SIGN,12
15808,82605,OLD DOC RUSSEL METAL SIGN,9
15808,84029E,RED WOOLLY HOTTIE WHITE HEART.,15
15808,84029G,KNITTED UNION FLAG HOT WATER BOTTLE,18
15808,84406B,CREAM CUPID HEARTS COAT HANGER,8
15808,85099B,JUMBO BAG RED RETROSPOT,20
15808,85099C,JUMBO  BAG BAROQUE BLACK WHITE,20
15808,85099F,JUMBO BAG STRAWBERRY,30
15808,85152,HAND OVER THE CHOCOLATE   SIGN,12
15811,20967,GREY FLORAL FELTCRAFT SHOULDER BAG,8
15811,20969,RED FLORAL FELTCRAFT SHOULDER BAG,4
15811,20970,PINK FLORAL FELTCRAFT SHOULDER BAG,4
15811,20971,PINK BLUE FELT CRAFT TRINKET BOX,12
15811,21527,RED RETROSPOT TRADITIONAL TEAPOT,4
15811,21533,RETROSPOT LARGE MILK JUG,3
15811,21843,RED RETROSPOT CAKE STAND,3
15811,21844,RED RETROSPOT MUG,6
15811,22147,FELTCRAFT BUTTERFLY HEARTS,12
15811,22274,FELTCRAFT DOLL EMILY,6
15811,22566,FELTCRAFT HAIRBAND PINK AND PURPLE,12
15811,22568,FELTCRAFT CUSHION OWL,4
15811,22569,FELTCRAFT CUSHION BUTTERFLY,4
15811,22570,FELTCRAFT CUSHION RABBIT,4
15811,22585,PACK OF 6 BIRDY GIFT TAGS,12
15811,22750,FELTCRAFT PRINCESS LOLA DOLL,4
15811,22837,HOT WATER BOTTLE BABUSHKA,4
15811,84030E,ENGLISH ROSE HOT WATER BOTTLE,4
15811,84823,DANISH ROSE FOLDING CHAIR,6
15811,85127,SMALL SQUARE CUT GLASS CANDLESTICK,4
15811,85163A,WHITE BAROQUE WALL CLOCK,1
15811,85163B,BLACK BAROQUE WALL CLOCK,1
15811,85185B,PINK HORSE SOCK PUPPET,6
15822,20685,DOORMAT RED RETROSPOT,5
15822,21034,REX CASH+CARRY JUMBO SHOPPER,3
15822,21385,IVORY HANGING DECORATION  HEART,24
15822,21623,VINTAGE UNION JACK MEMOBOARD,6
15822,21742,LARGE ROUND WICKER PLATTER,4
15822,22156,HEART DECORATION WITH PEARLS,12
15822,22162,HEART GARLAND RUSTIC PADDED,16
15822,22178,VICTORIAN GLASS HANGING T-LIGHT,12
15822,22366,DOORMAT AIRMAIL,4
15822,22469,HEART OF WICKER SMALL,20
15822,22470,HEART OF WICKER LARGE,14
15822,22694,WICKER STAR,8
15822,48116,DOORMAT MULTICOLOUR STRIPE,4
15822,48194,DOORMAT HEARTS,4
15822,84947,ANTIQUE SILVER TEA GLASS ENGRAVED,12
15822,84949,SILVER HANGING T-LIGHT HOLDER,12
15823,BANK CHARGES,Bank Charges,1
15827,20914,SET/5 RED RETROSPOT LID GLASS BOWLS,6
15827,21217,RED RETROSPOT ROUND CAKE TINS,2
15827,21843,RED RETROSPOT CAKE STAND,1
15827,22806,SET OF 6 T-LIGHTS WEDDING CAKE,6
15827,22840,ROUND CAKE TIN VINTAGE RED,2
15827,22841,ROUND CAKE TIN VINTAGE GREEN,2
15827,22893,MINI CAKE STAND T-LIGHT HOLDER,24
15827,22961,JAM MAKING SET PRINTED,12
15827,22962,JAM JAR WITH PINK LID,12
15827,22963,JAM JAR WITH GREEN LID,12
15827,22964,3 PIECE SPACEBOY COOKIE CUTTER SET,6
15827,22966,GINGERBREAD MAN COOKIE CUTTER,12
15827,22969,HOMEMADE JAM SCENTED CANDLES,12
15838,22379,RECYCLING BAG RETROSPOT,150
15838,22381,TOY TIDY PINK POLKADOT,100
15838,85099B,JUMBO BAG RED RETROSPOT,300
15854,15056BL,EDWARDIAN PARASOL BLACK,6
15854,15056N,EDWARDIAN PARASOL NATURAL,3
15854,15056P,EDWARDIAN PARASOL PINK,2
15854,20679,EDWARDIAN PARASOL RED,4
15854,21030,SPACE CADET RED,1
15854,21034,REX CASH+CARRY JUMBO SHOPPER,5
15854,21622,VINTAGE UNION JACK CUSHION COVER,6
15854,22111,SCOTTIE DOG HOT WATER BOTTLE,3
15854,22113,GREY HEART HOT WATER BOTTLE,2
15854,22804,CANDLEHOLDER PINK HANGING HEART,2
15854,22834,HAND WARMER BABUSHKA DESIGN,48
15854,84029G,KNITTED UNION FLAG HOT WATER BOTTLE,4
15854,84031A,CHARLIE+LOLA RED HOT WATER BOTTLE,1
15854,84031B,CHARLIE LOLA BLUE HOT WATER BOTTLE,1
15854,85123A,WHITE HANGING HEART T-LIGHT HOLDER,4
15856,20671,BLUE TEATIME PRINT BOWL,8
15856,20676,RED RETROSPOT BOWL,16
15856,20754,RETROSPOT RED WASHING UP GLOVES,12
15856,20914,SET/5 RED RETROSPOT LID GLASS BOWLS,32
15856,20966,SANDWICH BATH SPONGE,130
15856,21843,RED RETROSPOT CAKE STAND,10
15856,22086,PAPER CHAIN KIT 50'S CHRISTMAS,6
15856,22111,SCOTTIE DOG HOT WATER BOTTLE,72
15856,22113,GREY HEART HOT WATER BOTTLE,36
15856,22142,CHRISTMAS CRAFT WHITE FAIRY,6
15856,22144,CHRISTMAS CRAFT LITTLE FRIENDS,6
15856,22212,FOUR HOOK  WHITE LOVEBIRDS,24
15856,22312,OFFICE MUG WARMER POLKADOT,12
15856,22666,RECIPE BOX PANTRY YELLOW DESIGN,36
15856,22667,RECIPE BOX RETROSPOT,30
15856,22837,HOT WATER BOTTLE BABUSHKA,46
15856,22867,HAND WARMER BIRD DESIGN,60
15856,22910,PAPER CHAIN KIT VINTAGE CHRISTMAS,6
15856,22941,CHRISTMAS LIGHTS 10 REINDEER,6
15856,22966,GINGERBREAD MAN COOKIE CUTTER,12
15856,47480,HANGING PHOTO CLIP ROPE LADDER,96
15856,79190A,RETRO PLASTIC 70'S TRAY,15
15856,79190B,RETRO PLASTIC POLKA TRAY,15
15856,79190D,RETRO PLASTIC DAISY TRAY,15
15856,79321,CHILLI LIGHTS,24
15856,82483,WOOD 2 DRAWER CABINET WHITE FINISH,38
15856,82484,WOOD BLACK BOARD ANT WHITE FINISH,12
15856,82580,BATHROOM METAL SIGN,25
15856,82581,TOILET METAL SIGN,25
15856,82600,NO SINGING METAL SIGN,48
15856,84029E,RED WOOLLY HOTTIE WHITE HEART.,24
15856,84029G,KNITTED UNION FLAG HOT WATER BOTTLE,96
15856,84030E,ENGLISH ROSE HOT WATER BOTTLE,72
15856,84050,PINK HEART SHAPE EGG FRYING PAN,144
15856,84406B,CREAM CUPID HEARTS COAT HANGER,32
15856,84596B,SMALL DOLLY MIX DESIGN ORANGE BOWL,16
15856,85123A,WHITE HANGING HEART T-LIGHT HOLDER,64
15856,90165B,WHITE ROSEBUD  PEARL EARRINGS,1
15858,21172,PARTY METAL SIGN,6
15858,21179,NO JUNK MAIL METAL SIGN,6
15858,21314,SMALL GLASS HEART TRINKET POT,8
15858,21744,SNOWFLAKE PORTABLE TABLE LIGHT,1
15858,22082,RIBBON REEL STRIPES DESIGN,5
15858,22130,PARTY CONE CHRISTMAS DECORATION,6
15858,22144,CHRISTMAS CRAFT LITTLE FRIENDS,1
15858,22385,JUMBO BAG SPACEBOY DESIGN,1
15858,22438,BALLOON ART MAKE YOUR OWN FLOWERS,3
15858,22439,6 ROCKET BALLOONS,2
15858,22560,TRADITIONAL MODELLING CLAY,3
15858,22613,PACK OF 20 SPACEBOY NAPKINS,3
15858,22659,LUNCH BOX I LOVE LONDON,2
15858,22731,3D CHRISTMAS STAMPS STICKERS,5
15858,22732,3D VINTAGE CHRISTMAS STICKERS,5
15858,22733,3D TRADITIONAL CHRISTMAS STICKERS,4
15858,22735,RIBBON REEL SOCKS AND MITTENS,5
15858,22738,RIBBON REEL SNOWY VILLAGE,5
15858,22739,RIBBON REEL CHRISTMAS SOCK BAUBLE,5
15858,22745,POPPY'S PLAYHOUSE BEDROOM,1
15858,22746,POPPY'S PLAYHOUSE LIVINGROOM,1
15858,22748,POPPY'S PLAYHOUSE KITCHEN,1
15858,22791,T-LIGHT GLASS FLUTED ANTIQUE,12
15858,22798,ANTIQUE GLASS DRESSING TABLE POT,4
15858,22800,ANTIQUE TALL SWIRLGLASS TRINKET POT,7
15858,22809,SET OF 6 T-LIGHTS SANTA,2
15858,22816,CARD MOTORBIKE SANTA,24
15858,22845,VINTAGE CREAM CAT FOOD CONTAINER,1
15858,22900,SET 2 TEA TOWELS I LOVE LONDON,2
15858,22907,PACK OF 20 NAPKINS PANTRY DESIGN,2
15858,22908,PACK OF 20 NAPKINS RED APPLES,2
15858,22909,SET OF 20 VINTAGE CHRISTMAS NAPKINS,4
15858,22911,PAPER CHAIN KIT LONDON,1
15858,22940,FELTCRAFT CHRISTMAS FAIRY,1
15858,22941,CHRISTMAS LIGHTS 10 REINDEER,3
15858,22942,CHRISTMAS LIGHTS 10 SANTAS,3
15858,22943,CHRISTMAS LIGHTS 10 VINTAGE BAUBLES,2
15858,22945,CHRISTMAS METAL TAGS ASSORTED,30
15858,84947,ANTIQUE SILVER TEA GLASS ENGRAVED,12
15858,84968A,SET OF 16 VINTAGE ROSE CUTLERY,1
15858,84968C,SET OF 16 VINTAGE PISTACHIO CUTLERY,1
15858,84968D,SET OF 16 VINTAGE RED CUTLERY,1
15858,84968F,SET OF 16 VINTAGE SKY BLUE CUTLERY,1
15858,84969,BOX OF 6 ASSORTED COLOUR TEASPOONS,4
15860,17003,BROCADE RING PURSE,36
15860,21034,REX CASH+CARRY JUMBO SHOPPER,1
15860,22158,3 HEARTS HANGING DECORATION RUSTIC,3
15860,22231,JIGSAW TREE WITH BIRDHOUSE,2
15860,22233,JIGSAW RABBIT AND BIRDHOUSE,2
15860,22449,SILK PURSE BABUSHKA PINK,1
15860,22450,SILK PURSE BABUSHKA BLUE,2
15860,22451,SILK PURSE BABUSHKA RED,3
15860,22470,HEART OF WICKER LARGE,4
15860,22694,WICKER STAR,4
15860,22752,SET 7 BABUSHKA NESTING BOXES,2
15860,84926A,WAKE UP COCKEREL TILE COASTER,4
15860,84926D,LA PALMIERA TILE COASTER,4
15860,85123A,WHITE HANGING HEART T-LIGHT HOLDER,4
15862,17091A,LAVENDER INCENSE IN TIN,1
15862,20725,LUNCH BAG RED RETROSPOT,1
15862,20726,LUNCH BAG WOODLAND,1
15862,20749,ASSORTED COLOUR MINI CASES,1
15862,20820,SILVER LOOKING MIRROR,3
15862,20961,STRAWBERRY BATH SPONGE,1
15862,20963,APPLE BATH SPONGE,1
15862,20966,SANDWICH BATH SPONGE,3
15862,20992,JAZZ HEARTS PURSE NOTEBOOK,9
15862,21033,JUMBO BAG CHARLIE AND LOLA TOYS,4
15862,21108,FAIRY CAKE FLANNEL ASSORTED COLOUR,9
15862,21122,SET/10 PINK POLKADOT PARTY CANDLES,1
15862,21169,YOU'RE CONFUSING ME METAL SIGN,2
15862,21328,BALLOONS  WRITING SET,1
15862,21463,MIRRORED DISCO BALL,1
15862,21464,DISCO BALL ROTATOR BATTERY OPERATED,1
15862,21587,COSY HOUR GIANT TUBE MATCHES,2
15862,21592,RETROSPOT CIGAR BOX MATCHES,1
15862,21743,STAR PORTABLE TABLE LIGHT,2
15862,21744,SNOWFLAKE PORTABLE TABLE LIGHT,2
15862,21907,I'M ON HOLIDAY METAL SIGN,2
15862,22068,BLACK PIRATE TREASURE CHEST,2
15862,22098,BOUDOIR SQUARE TISSUE BOX,1
15862,22100,SKULLS SQUARE TISSUE BOX,2
15862,22110,BIRD HOUSE HOT WATER BOTTLE,1
15862,22117,METAL SIGN HER DINNER IS SERVED,1
15862,22382,LUNCH BAG SPACEBOY DESIGN,2
15862,22384,LUNCH BAG PINK POLKADOT,1
15862,22413,METAL SIGN TAKE IT OR LEAVE IT,4
15862,22428,ENAMEL FIRE BUCKET CREAM,2
15862,22435,SET OF 9 HEART SHAPED BALLOONS,2
15862,22441,GROW YOUR OWN BASIL IN ENAMEL MUG,1
15862,22451,SILK PURSE BABUSHKA RED,1
15862,22467,GUMBALL COAT RACK,5
15862,22473,TV DINNER TRAY VINTAGE PAISLEY,1
15862,22502,PICNIC BASKET WICKER SMALL,2
15862,22549,PICTURE DOMINOES,1
15862,22662,LUNCH BAG DOLLY GIRL DESIGN,1
15862,22766,PHOTO FRAME CORNICE,1
15862,22767,TRIPLE PHOTO FRAME CORNICE,2
15862,22768,FAMILY PHOTO FRAME CORNICE,1
15862,22804,CANDLEHOLDER PINK HANGING HEART,3
15862,22809,SET OF 6 T-LIGHTS SANTA,1
15862,22810,SET OF 6 T-LIGHTS SNOWMEN,1
15862,22848,BREAD BIN DINER STYLE PINK,1
15862,22851,SET 20 NAPKINS FAIRY CAKES DESIGN,1
15862,22961,JAM MAKING SET PRINTED,4
15862,47570B,TEA TIME TABLE CLOTH,1
15862,48129,DOORMAT TOPIARY,1
15862,82483,WOOD 2 DRAWER CABINET WHITE FINISH,1
15862,82578,KITCHEN METAL SIGN,1
15862,82580,BATHROOM METAL SIGN,1
15862,82581,TOILET METAL SIGN,2
15862,84030E,ENGLISH ROSE HOT WATER BOTTLE,1
15862,84509A,SET OF 4 ENGLISH ROSE PLACEMATS,2
15862,84510A,SET OF 4 ENGLISH ROSE COASTERS,2
15862,84625A,PINK NEW BAROQUECANDLESTICK CANDLE,3
15862,84625C,BLUE NEW BAROQUE CANDLESTICK CANDLE,3
15862,84709B,PINK OVAL JEWELLED MIRROR,1
15862,84744,S/6 SEW ON CROCHET FLOWERS,1
15862,84991,60 TEATIME FAIRY CAKE CASES,3
15862,85049E,SCANDINAVIAN REDS RIBBONS,2
15862,85123A,WHITE HANGING HEART T-LIGHT HOLDER,4
15862,85150,LADIES & GENTLEMEN METAL SIGN,1
15867,15056BL,EDWARDIAN PARASOL BLACK,2
15867,15056N,EDWARDIAN PARASOL NATURAL,2
15867,15056P,EDWARDIAN PARASOL PINK,2
15867,16014,SMALL CHINESE STYLE SCISSOR,4
15867,21038,SET/4 MODERN VINTAGE COTTON NAPKINS,3
15867,21165,BEWARE OF THE CAT METAL SIGN,2
15867,21166,COOK WITH WINE METAL SIGN,2
15867,21171,BATHROOM METAL SIGN,2
15867,21181,PLEASE ONE PERSON METAL SIGN,2
15867,21473,SWEETHEART CREAM STEEL TABLE RECT,1
15867,21479,WHITE SKULL HOT WATER BOTTLE,3
15867,21524,DOORMAT SPOTTY HOME SWEET HOME,2
15867,21533,RETROSPOT LARGE MILK JUG,6
15867,21544,SKULLS  WATER TRANSFER TATTOOS,5
15867,21668,RED STRIPE CERAMIC DRAWER KNOB,2
15867,21669,BLUE STRIPE CERAMIC DRAWER KNOB,2
15867,21670,BLUE SPOT CERAMIC DRAWER KNOB,2
15867,21671,RED SPOT CERAMIC DRAWER KNOB,2
15867,21672,WHITE SPOT RED CERAMIC DRAWER KNOB,2
15867,21673,WHITE SPOT BLUE CERAMIC DRAWER KNOB,2
15867,21891,TRADITIONAL WOODEN SKIPPING ROPE,2
15867,21892,TRADITIONAL WOODEN CATCH CUP GAME,2
15867,21905,MORE BUTTER METAL SIGN,2
15867,21907,I'M ON HOLIDAY METAL SIGN,2
15867,22049,WRAP CHRISTMAS SCREEN PRINT,50
15867,22076,6 RIBBONS EMPIRE,2
15867,22077,6 RIBBONS RUSTIC CHARM,2
15867,22110,BIRD HOUSE HOT WATER BOTTLE,1
15867,22112,CHOCOLATE HOT WATER BOTTLE,3
15867,22113,GREY HEART HOT WATER BOTTLE,6
15867,22149,FELTCRAFT 6 FLOWER FRIENDS,2
15867,22188,BLACK HEART CARD HOLDER,3
15867,22272,FELTCRAFT DOLL MARIA,1
15867,22273,FELTCRAFT DOLL MOLLY,1
15867,22449,SILK PURSE BABUSHKA PINK,3
15867,22450,SILK PURSE BABUSHKA BLUE,4
15867,22451,SILK PURSE BABUSHKA RED,4
15867,22471,TV DINNER TRAY AIR HOSTESS,1
15867,22489,PACK OF 12 TRADITIONAL CRAYONS,5
15867,22491,PACK OF 12 COLOURED PENCILS,5
15867,22565,FELTCRAFT HAIRBANDS PINK AND WHITE,3
15867,22586,FELTCRAFT HAIRBAND PINK AND BLUE,3
15867,22587,FELTCRAFT HAIRBAND RED AND BLUE,3
15867,22632,HAND WARMER RED RETROSPOT,2
15867,22651,GENTLEMAN SHIRT REPAIR KIT,2
15867,22689,DOORMAT MERRY CHRISTMAS RED,1
15867,22721,SET OF 3 CAKE TINS SKETCHBOOK,2
15867,22745,POPPY'S PLAYHOUSE BEDROOM,2
15867,22746,POPPY'S PLAYHOUSE LIVINGROOM,2
15867,22748,POPPY'S PLAYHOUSE KITCHEN,2
15867,22752,SET 7 BABUSHKA NESTING BOXES,2
15867,22834,HAND WARMER BABUSHKA DESIGN,10
15867,22837,HOT WATER BOTTLE BABUSHKA,6
15867,22865,HAND WARMER OWL DESIGN,1
15867,22909,SET OF 20 VINTAGE CHRISTMAS NAPKINS,3
15867,22940,FELTCRAFT CHRISTMAS FAIRY,1
15867,47343A,FUSCHIA FLOWER PURSE WITH BEADS,3
15867,47367B,PAIR PADDED HANGERS PINK CHECK,2
15867,47369A,PINK GREEN EMBROIDERY COSMETIC BAG,1
15867,47369B,BLUE GREEN EMBROIDERY COSMETIC BAG,1
15867,48116,DOORMAT MULTICOLOUR STRIPE,2
15867,48173C,DOORMAT BLACK FLOCK,2
15867,48184,DOORMAT ENGLISH ROSE,2
15867,82580,BATHROOM METAL SIGN,3
15867,82581,TOILET METAL SIGN,3
15867,82599,FANNY'S REST STOPMETAL SIGN,2
15867,82600,NO SINGING METAL SIGN,2
15867,84029E,RED WOOLLY HOTTIE WHITE HEART.,1
15867,84030E,ENGLISH ROSE HOT WATER BOTTLE,2
15867,84199,GLOW IN DARK DOLPHINS,4
15867,84558A,3D DOG PICTURE PLAYING CARDS,3
15867,85049A,TRADITIONAL CHRISTMAS RIBBONS,4
15867,85049E,SCANDINAVIAN REDS RIBBONS,2
15867,85055,FRENCH ENAMEL UTENSIL HOLDER,1
15867,85150,LADIES & GENTLEMEN METAL SIGN,2
15867,85152,HAND OVER THE CHOCOLATE   SIGN,2
15867,85178,VICTORIAN SEWING KIT,2
15867,85231B,CINAMMON SET OF 9 T-LIGHTS,10
15880,15060B,FAIRY CAKE DESIGN UMBRELLA,1
15880,20764,ABSTRACT CIRCLES SKETCHBOOK,1
15880,21110,LARGE CAKE TOWEL PINK SPOTS,1
15880,21158,MOODY GIRL DOOR HANGER,1
15880,21163,DO NOT TOUCH MY STUFF DOOR HANGER,1
15880,21165,BEWARE OF THE CAT METAL SIGN,1
15880,21169,YOU'RE CONFUSING ME METAL SIGN,1
15880,21174,POTTERING IN THE SHED METAL SIGN,1
15880,21181,PLEASE ONE PERSON METAL SIGN,1
15880,21187,WHITE BELL HONEYCOMB PAPER GARLAND,2
15880,21326,AGED GLASS SILVER T-LIGHT HOLDER,12
15880,21427,SKULLS STORAGE BOX SMALL,1
15880,21504,SKULLS GREETING CARD,12
15880,21563,RED HEART SHAPE LOVE BUCKET,2
15880,21581,SKULLS  DESIGN  COTTON TOTE BAG,1
15880,21588,RETROSPOT GIANT TUBE MATCHES,1
15880,21592,RETROSPOT CIGAR BOX MATCHES,1
15880,21623,VINTAGE UNION JACK MEMOBOARD,2
15880,21677,HEARTS  STICKERS,1
15880,21679,SKULLS  STICKERS,2
15880,21723,ALPHABET HEARTS STICKER SHEET,1
15880,21726,MULTI HEARTS  STICKERS,1
15880,21864,UNION JACK FLAG PASSPORT COVER,1
15880,21881,CUTE CATS TAPE,1
15880,21882,SKULLS TAPE,3
15880,21900,"KEY FOB , SHED",2
15880,21901,"KEY FOB , BACK DOOR",1
15880,21930,JUMBO STORAGE BAG SKULLS,1
15880,21931,JUMBO STORAGE BAG SUKI,1
15880,21967,PACK OF 12 SKULL TISSUES,12
15880,21985,PACK OF 12 HEARTS DESIGN TISSUES,12
15880,22086,PAPER CHAIN KIT 50'S CHRISTMAS,3
15880,22095,LADS ONLY TISSUE BOX,2
15880,22100,SKULLS SQUARE TISSUE BOX,2
15880,22109,FULL ENGLISH BREAKFAST PLATE,1
15880,22112,CHOCOLATE HOT WATER BOTTLE,1
15880,22158,3 HEARTS HANGING DECORATION RUSTIC,1
15880,22186,RED STAR CARD HOLDER,1
15880,22190,LOCAL CAFE MUG,1
15880,22197,SMALL POPCORN HOLDER,4
15880,22198,LARGE POPCORN HOLDER,2
15880,22278,OVERNIGHT BAG VINTAGE ROSE PAISLEY,1
15880,22294,HEART FILIGREE DOVE  SMALL,2
15880,22295,HEART FILIGREE DOVE LARGE,3
15880,22296,HEART IVORY TRELLIS LARGE,2
15880,22297,HEART IVORY TRELLIS SMALL,2
15880,22327,ROUND SNACK BOXES SET OF 4 SKULLS,1
15880,22328,ROUND SNACK BOXES SET OF 4 FRUITS,1
15880,22364,GLASS JAR DIGESTIVE BISCUITS,1
15880,22412,METAL SIGN NEIGHBOURHOOD WITCH,1
15880,22435,SET OF 9 HEART SHAPED BALLOONS,2
15880,22437,SET OF 9 BLACK SKULL BALLOONS,2
15880,22469,HEART OF WICKER SMALL,2
15880,22470,HEART OF WICKER LARGE,1
15880,22480,RED TEA TOWEL CLASSIC DESIGN,2
15880,22551,PLASTERS IN TIN SPACEBOY,2
15880,22553,PLASTERS IN TIN SKULLS,4
15880,22557,PLASTERS IN TIN VINTAGE PAISLEY,2
15880,22633,HAND WARMER UNION JACK,2
15880,22659,LUNCH BOX I LOVE LONDON,1
15880,22730,ALARM CLOCK BAKELIKE IVORY,1
15880,22759,SET OF 3 NOTEBOOKS IN PARCEL,3
15880,22779,WOODEN OWLS LIGHT GARLAND,1
15880,22784,LANTERN CREAM GAZEBO,1
15880,22865,HAND WARMER OWL DESIGN,3
15880,22866,HAND WARMER SCOTTY DOG DESIGN,1
15880,22867,HAND WARMER BIRD DESIGN,3
15880,22906,12 MESSAGE CARDS WITH ENVELOPES,2
15880,22910,PAPER CHAIN KIT VINTAGE CHRISTMAS,1
15880,22952,60 CAKE CASES VINTAGE CHRISTMAS,2
15880,22953,BIRTHDAY PARTY CORDON BARRIER TAPE,1
15880,35471D,SET OF 3 BIRD LIGHT PINK FEATHER,1
15880,35953,FOLKART STAR CHRISTMAS DECORATIONS,24
15880,47566B,TEA TIME PARTY BUNTING,1
15880,47579,TEA TIME BREAKFAST BASKET,1
15880,72051S,BAG OF SILVER STONES,4
15880,72799E,IVORY PILLAR CANDLE SILVER FLOCK,3
15880,72799F,IVORY PILLAR CANDLE GOLD FLOCK,2
15880,72800E,4 IVORY DINNER CANDLES SILVER FLOCK,3
15880,82551,LAUNDRY 15C METAL SIGN,1
15880,84051,ASS COLOUR GLOWING TIARAS,4
15880,84352,SILVER CHRISTMAS TREE BAUBLE STAND,1
15880,84378,SET OF 3 HEART COOKIE CUTTERS,1
15880,84534B,FAIRY CAKE NOTEBOOK A5 SIZE,1
15880,84535B,FAIRY CAKES NOTEBOOK A6 SIZE,1
15880,84536B,FAIRY CAKES NOTEBOOK A7 SIZE,1
15880,84569D,PACK 6 HEART/ICE-CREAM PATCHES,1
15880,84596E,SMALL LICORICE DES PINK BOWL,1
15880,84596G,SMALL CHOCOLATES PINK BOWL,1
15880,84744,S/6 SEW ON CROCHET FLOWERS,1
15880,85014B,RED RETROSPOT UMBRELLA,1
15880,85099B,JUMBO BAG RED RETROSPOT,1
15880,85099F,JUMBO BAG STRAWBERRY,1
15880,85123A,WHITE HANGING HEART T-LIGHT HOLDER,1
15880,85152,HAND OVER THE CHOCOLATE   SIGN,1
15881,21034,REX CASH+CARRY JUMBO SHOPPER,6
15881,22834,HAND WARMER BABUSHKA DESIGN,96
15881,85048,15CM CHRISTMAS GLASS BALL 20 LIGHTS,1
15882,17007B,S/3 POT POURI CUSHIONS BLUE COLOURS,12
15882,21833,CAMOUFLAGE LED TORCH,24
15882,22505,MEMO BOARD COTTAGE DESIGN,4
15882,22530,MAGIC DRAWING SLATE DOLLY GIRL,1
15882,22531,MAGIC DRAWING SLATE CIRCUS PARADE,1
15882,22533,MAGIC DRAWING SLATE BAKE A CAKE,1
15882,22534,MAGIC DRAWING SLATE SPACEBOY,1
15882,22632,HAND WARMER RED RETROSPOT,24
15882,22633,HAND WARMER UNION JACK,24
15882,22810,SET OF 6 T-LIGHTS SNOWMEN,4
15882,22865,HAND WARMER OWL DESIGN,10
15882,22866,HAND WARMER SCOTTY DOG DESIGN,10
15882,72349B,SET/6 PURPLE BUTTERFLY T-LIGHTS,12
15882,72802A,ROSE SCENT CANDLE IN JEWELLED BOX,12
15882,72807A,SET/3 ROSE CANDLE IN JEWELLED BOX,12
15882,M,Manual,12
15889,20767,BLUE PAISLEY JOURNAL,1
15889,20978,36 PENCILS TUBE SKULLS,4
15889,21034,REX CASH+CARRY JUMBO SHOPPER,2
15889,21098,CHRISTMAS TOILET ROLL,2
15889,21165,BEWARE OF THE CAT METAL SIGN,1
15889,21277,FRENCH STYLE EMBOSSED HEART CABINET,1
15889,21306,SET/4 DAISY MIRROR MAGNETS,1
15889,21307,SET/4 BUTTERFLY MIRROR MAGNETS,1
15889,21311,SET/4 BIRD MIRROR MAGNETS,1
15889,21393,BLUE POLKADOT PUDDING BOWL,6
15889,21401,BLUE PUDDING SPOON,6
15889,21581,SKULLS  DESIGN  COTTON TOTE BAG,2
15889,21584,RETROSPOT SMALL TUBE MATCHES,2
15889,21587,COSY HOUR GIANT TUBE MATCHES,1
15889,21592,RETROSPOT CIGAR BOX MATCHES,2
15889,21635,MADRAS NOTEBOOK LARGE,4
15889,21830,ASSORTED CREEPY CRAWLIES,24
15889,21890,S/6 WOODEN SKITTLES IN COTTON BAG,1
15889,21892,TRADITIONAL WOODEN CATCH CUP GAME,1
15889,22041,"RECORD FRAME 7"" SINGLE SIZE",2
15889,22081,RIBBON REEL FLORA + FAUNA,1
15889,22428,ENAMEL FIRE BUCKET CREAM,1
15889,22441,GROW YOUR OWN BASIL IN ENAMEL MUG,5
15889,22467,GUMBALL COAT RACK,1
15889,22475,SKULL DESIGN TV DINNER TRAY,2
15889,22531,MAGIC DRAWING SLATE CIRCUS PARADE,3
15889,22532,MAGIC DRAWING SLATE LEAP FROG,4
15889,22548,HEADS AND TAILS SPORTING FUN,1
15889,22550,HOLIDAY FUN LUDO,1
15889,22633,HAND WARMER UNION JACK,2
15889,22665,RECIPE BOX BLUE SKETCHBOOK DESIGN,1
15889,22666,RECIPE BOX PANTRY YELLOW DESIGN,1
15889,22725,ALARM CLOCK BAKELIKE CHOCOLATE,1
15889,22726,ALARM CLOCK BAKELIKE GREEN,1
15889,22744,MAKE YOUR OWN MONSOON CARD KIT,1
15889,22745,POPPY'S PLAYHOUSE BEDROOM,1
15889,22746,POPPY'S PLAYHOUSE LIVINGROOM,1
15889,22747,POPPY'S PLAYHOUSE BATHROOM,1
15889,22748,POPPY'S PLAYHOUSE KITCHEN,1
15889,22867,HAND WARMER BIRD DESIGN,2
15889,22915,ASSORTED BOTTLE TOP  MAGNETS,6
15889,22924,FRIDGE MAGNETS LA VIE EN ROSE,6
15889,48187,DOORMAT NEW ENGLAND,1
15889,51020A,SUMMER FUN DESIGN SHOWER CAP,1
15889,51020B,STRIPY DESIGN SHOWER CAP,2
15889,82600,NO SINGING METAL SIGN,2
15889,84558A,3D DOG PICTURE PLAYING CARDS,1
15889,84597C,RETRO PINK BALL ASHTRAY,1
15889,84836,ZINC METAL HEART DECORATION,4
15889,84879,ASSORTED COLOUR BIRD ORNAMENT,8
15889,85114A,BLACK ENCHANTED FOREST PLACEMAT,6
15889,90062,CARNIVAL BRACELET,1
15889,90082B,DIAMANTE BOW BROOCH RED COLOUR,3
15889,90082D,DIAMANTE BOW BROOCH BLACK COLOUR,2
15889,90185D,CRYSTAL DIAMANTE EXPANDABLE RING,2
15889,90200E,GREEN SWEETHEART BRACELET,2
15889,M,Manual,4
15894,20711,JUMBO BAG TOYS,1
15894,21034,REX CASH+CARRY JUMBO SHOPPER,2
15894,21122,SET/10 PINK POLKADOT PARTY CANDLES,1
15894,21126,SET OF 6 GIRLS CELEBRATION CANDLES,1
15894,21212,PACK OF 72 RETROSPOT CAKE CASES,3
15894,21811,CHRISTMAS HANGING HEART WITH BELL,1
15894,21820,GLITTER HEART GARLAND WITH BELLS,2
15894,21849,SILVER DIAMANTE PEN IN GIFT BOX,5
15894,22030,SWALLOWS GREETING CARD,12
15894,22156,HEART DECORATION WITH PEARLS,2
15894,22158,3 HEARTS HANGING DECORATION RUSTIC,1
15894,22174,PHOTO CUBE,3
15894,22197,SMALL POPCORN HOLDER,1
15894,22278,OVERNIGHT BAG VINTAGE ROSE PAISLEY,1
15894,22417,PACK OF 60 SPACEBOY CAKE CASES,1
15894,22443,GROW YOUR OWN HERBS SET OF 3,1
15894,22482,BLUE TEA TOWEL CLASSIC DESIGN,2
15894,22557,PLASTERS IN TIN VINTAGE PAISLEY,1
15894,22585,PACK OF 6 BIRDY GIFT TAGS,2
15894,22616,PACK OF 12 LONDON TISSUES,12
15894,22633,HAND WARMER UNION JACK,1
15894,22809,SET OF 6 T-LIGHTS SANTA,6
15894,22810,SET OF 6 T-LIGHTS SNOWMEN,6
15894,22816,CARD MOTORBIKE SANTA,12
15894,22818,CARD CHRISTMAS VILLAGE,12
15894,22866,HAND WARMER SCOTTY DOG DESIGN,4
15894,37509,NEW ENGLAND MUG W GIFT BOX,1
15894,82616B,FRAPPUCINO SCARF KNITTING KIT,2
15894,84247G,"DECOUPAGE,GREETING CARD,",12
15894,84991,60 TEATIME FAIRY CAKE CASES,2
15894,85174,S/4 CACTI CANDLES,1
15894,M,Manual,1
15898,20765,CHRYSANTHEMUM SKETCHBOOK,1
15898,20766,GARDEN PATH SKETCHBOOK,1
15898,20970,PINK FLORAL FELTCRAFT SHOULDER BAG,2
15898,20972,PINK CREAM FELT CRAFT TRINKET BOX,2
15898,20974,12 PENCILS SMALL TUBE SKULL,3
15898,20975,12 PENCILS SMALL TUBE RED RETROSPOT,4
15898,21292,SMALL STRIPES CHOCOLATE GIFT BAG,12
15898,21328,BALLOONS  WRITING SET,3
15898,21329,DINOSAURS  WRITING SET,1
15898,21479,WHITE SKULL HOT WATER BOTTLE,2
15898,21485,RETROSPOT HEART HOT WATER BOTTLE,3
15898,21524,DOORMAT SPOTTY HOME SWEET HOME,2
15898,21843,RED RETROSPOT CAKE STAND,1
15898,22082,RIBBON REEL STRIPES DESIGN,5
15898,22111,SCOTTIE DOG HOT WATER BOTTLE,3
15898,22112,CHOCOLATE HOT WATER BOTTLE,2
15898,22113,GREY HEART HOT WATER BOTTLE,4
15898,22130,PARTY CONE CHRISTMAS DECORATION,6
15898,22142,CHRISTMAS CRAFT WHITE FAIRY,3
15898,22147,FELTCRAFT BUTTERFLY HEARTS,2
15898,22149,FELTCRAFT 6 FLOWER FRIENDS,4
15898,22568,FELTCRAFT CUSHION OWL,2
15898,22570,FELTCRAFT CUSHION RABBIT,3
15898,22577,WOODEN HEART CHRISTMAS SCANDINAVIAN,1
15898,22578,WOODEN STAR CHRISTMAS SCANDINAVIAN,2
15898,22579,WOODEN TREE CHRISTMAS SCANDINAVIAN,1
15898,22606,WOODEN SKITTLES GARDEN SET,1
15898,22619,SET OF 6 SOLDIER SKITTLES,3
15898,22699,ROSES REGENCY TEACUP AND SAUCER,2
15898,22713,CARD I LOVE LONDON,12
15898,22716,CARD CIRCUS PARADE,12
15898,22733,3D TRADITIONAL CHRISTMAS STICKERS,6
15898,22750,FELTCRAFT PRINCESS LOLA DOLL,2
15898,22753,SMALL YELLOW BABUSHKA NOTEBOOK,3
15898,22812,PACK 3 BOXES CHRISTMAS PANNETONE,4
15898,22813,PACK 3 BOXES BIRD PANNETONE,3
15898,22818,CARD CHRISTMAS VILLAGE,24
15898,22835,HOT WATER BOTTLE I AM SO POORLY,2
15898,22866,HAND WARMER SCOTTY DOG DESIGN,2
15898,22900,SET 2 TEA TOWELS I LOVE LONDON,4
15898,22940,FELTCRAFT CHRISTMAS FAIRY,2
15898,22941,CHRISTMAS LIGHTS 10 REINDEER,1
15898,22972,CHILDREN'S SPACEBOY MUG,6
15898,22974,CHILDRENS DOLLY GIRL MUG,6
15898,22983,CARD BILLBOARD FONT,12
15898,22984,CARD GINGHAM ROSE,12
15898,35241,ENAMEL BLUE RIM BISCUIT BIN,1
15898,37370,RETRO COFFEE MUGS ASSORTED,2
15898,37479B,CUBIC MUG FLOCK BLUE ON BROWN,1
15898,37482P,CUBIC MUG PINK POLKADOT,1
15898,37509,NEW ENGLAND MUG W GIFT BOX,1
15898,47559B,TEA TIME OVEN GLOVE,2
15898,47567B,TEA TIME KITCHEN APRON,1
15898,48138,DOORMAT UNION FLAG,4
15898,48185,DOORMAT FAIRY CAKE,5
15898,48194,DOORMAT HEARTS,5
15898,72802B,OCEAN SCENT CANDLE IN JEWELLED BOX,4
15898,72807B,SET/3 OCEAN SCENT CANDLE JEWEL BOX,6
15898,84029E,RED WOOLLY HOTTIE WHITE HEART.,2
15898,85049C,ROMANTIC PINKS RIBBONS,1
15899,21289,LARGE STRIPES CHOCOLATE GIFT BAG,16
15899,21291,SMALL POLKADOT CHOCOLATE GIFT BAG,16
15899,79030D,"TUMBLER, BAROQUE",6
15899,84968F,SET OF 16 VINTAGE SKY BLUE CUTLERY,1
15916,21034,REX CASH+CARRY JUMBO SHOPPER,1
15916,21078,SET/20 STRAWBERRY PAPER NAPKINS,10
15916,21080,SET/20 RED RETROSPOT PAPER NAPKINS,6
15916,21340,CLASSIC METAL BIRDCAGE PLANT HOLDER,2
15916,21479,WHITE SKULL HOT WATER BOTTLE,4
15916,22111,SCOTTIE DOG HOT WATER BOTTLE,4
15916,22613,PACK OF 20 SPACEBOY NAPKINS,6
15916,22942,CHRISTMAS LIGHTS 10 SANTAS,2
15916,84029E,RED WOOLLY HOTTIE WHITE HEART.,4
15916,84029G,KNITTED UNION FLAG HOT WATER BOTTLE,6
15916,84520B,PACK 20 ENGLISH ROSE PAPER NAPKINS,10
15916,90184A,AMBER CHUNKY BEAD BRACELET W STRAP,5
15916,90184B,AMETHYST CHUNKY BEAD BRACELET W STR,5
15919,20752,BLUE POLKADOT WASHING UP GLOVES,1
15919,21039,RED RETROSPOT SHOPPING BAG,1
15919,21042,RED RETROSPOT APRON,1
15919,21154,RED RETROSPOT OVEN GLOVE,1
15919,21158,MOODY GIRL DOOR HANGER,1
15919,21162,TOXIC AREA  DOOR HANGER,1
15919,21163,DO NOT TOUCH MY STUFF DOOR HANGER,3
15919,21175,GIN + TONIC DIET METAL SIGN,2
15919,21260,FIRST AID TIN,1
15919,21291,SMALL POLKADOT CHOCOLATE GIFT BAG,12
15919,21470,FLOWER VINE RAFFIA FOOD COVER,2
15919,21479,WHITE SKULL HOT WATER BOTTLE,1
15919,21497,FANCY FONTS BIRTHDAY WRAP,25
15919,21499,BLUE POLKADOT WRAP,50
15919,21500,PINK POLKADOT WRAP,25
15919,21506,"FANCY FONT BIRTHDAY CARD,",24
15919,21622,VINTAGE UNION JACK CUSHION COVER,1
15919,21907,I'M ON HOLIDAY METAL SIGN,1
15919,22098,BOUDOIR SQUARE TISSUE BOX,3
15919,22197,SMALL POPCORN HOLDER,11
15919,22356,CHARLOTTE BAG PINK POLKADOT,1
15919,22413,METAL SIGN TAKE IT OR LEAVE IT,2
15919,22425,ENAMEL COLANDER CREAM,1
15919,22471,TV DINNER TRAY AIR HOSTESS,1
15919,22473,TV DINNER TRAY VINTAGE PAISLEY,1
15919,22475,SKULL DESIGN TV DINNER TRAY,1
15919,22476,EMPIRE UNION JACK TV DINNER TRAY,1
15919,22485,SET OF 2 WOODEN MARKET CRATES,2
15919,22785,SQUARECUSHION COVER PINK UNION FLAG,1
15919,22844,VINTAGE CREAM DOG FOOD CONTAINER,2
15919,22960,JAM MAKING SET WITH JARS,2
15919,22962,JAM JAR WITH PINK LID,6
15919,22983,CARD BILLBOARD FONT,12
15919,46000M,POLYESTER FILLER PAD 45x45cm,2
15919,47594A,CAROUSEL DESIGN WASHBAG,1
15919,79000,MOROCCAN TEA GLASS,36
15919,84509B,SET OF 4 FAIRY CAKE PLACEMATS,2
15919,85136A,YELLOW SHARK HELICOPTER,1
15922,20867,PINK ROSE FABRIC MIRROR,36
15922,21688,SILVER PLATE CANDLE BOWL SMALL,12
15922,21694,SMALL REGAL  SILVER CANDLEPOT,12
15922,22183,CAKE STAND VICTORIAN FILIGREE MED,6
15922,22277,COSMETIC BAG VINTAGE ROSE PAISLEY,36
15922,22333,RETROSPOT PARTY BAG + STICKER SET,8
15922,22423,REGENCY CAKESTAND 3 TIER,2
15922,22781,GUMBALL MAGAZINE RACK,2
15922,22798,ANTIQUE GLASS DRESSING TABLE POT,8
15922,22800,ANTIQUE TALL SWIRLGLASS TRINKET POT,8
15922,22801,ANTIQUE GLASS PEDESTAL BOWL,8
15923,16235,RECYCLED PENCIL WITH RABBIT ERASER,48
15923,20832,RED FLOCK LOVE HEART PHOTO FRAME,4
15923,20986,BLUE CALCULATOR RULER,4
15923,21034,REX CASH+CARRY JUMBO SHOPPER,5
15923,21064,BOOM BOX SPEAKER BOYS,1
15923,21161,KEEP OUT BOYS DOOR HANGER,2
15923,21364,PEACE SMALL WOOD LETTERS,1
15923,22131,FOOD CONTAINER SET 3 LOVE HEART,1
15923,22195,LARGE HEART MEASURING SPOONS,1
15923,22202,MILK PAN PINK POLKADOT,2
15923,22367,CHILDRENS APRON SPACEBOY DESIGN,2
15923,22501,PICNIC BASKET WICKER LARGE,1
15923,22650,CERAMIC PIRATE CHEST MONEY BANK,4
15923,22964,3 PIECE SPACEBOY COOKIE CUTTER SET,1
15923,47591B,SCOTTIES CHILDRENS APRON,1
15923,47591D,PINK FAIRY CAKE CHILDRENS APRON,1
15923,48173C,DOORMAT BLACK FLOCK,1
15923,84341B,SMALL PINK MAGIC CHRISTMAS TREE,1
15923,84509G,SET OF 4 FAIRY CAKE PLACEMATS,2
15923,84755,COLOUR GLASS T-LIGHT HOLDER HANGING,32
15923,85038,6 CHOCOLATE LOVE HEART T-LIGHTS,7
15945,84360,TABLE LAMP WHITE SHADE WOOD BASE,36
15945,84534B,FAIRY CAKE NOTEBOOK A5 SIZE,16
15950,20983,12 PENCILS TALL TUBE RED RETROSPOT,1
15950,21484,CHICK GREY HOT WATER BOTTLE,2
15950,21485,RETROSPOT HEART HOT WATER BOTTLE,4
15950,22086,PAPER CHAIN KIT 50'S CHRISTMAS,23
15950,22111,SCOTTIE DOG HOT WATER BOTTLE,5
15950,22112,CHOCOLATE HOT WATER BOTTLE,5
15950,22113,GREY HEART HOT WATER BOTTLE,11
15950,22141,CHRISTMAS CRAFT TREE TOP ANGEL,4
15950,22144,CHRISTMAS CRAFT LITTLE FRIENDS,6
15950,22578,WOODEN STAR CHRISTMAS SCANDINAVIAN,3
15950,22601,CHRISTMAS RETROSPOT ANGEL WOOD,2
15950,22603,CHRISTMAS RETROSPOT TREE WOOD,2
15950,22653,BUTTON BOX,2
15950,22654,DELUXE SEWING KIT,1
15950,22665,RECIPE BOX BLUE SKETCHBOOK DESIGN,3
15950,22834,HAND WARMER BABUSHKA DESIGN,14
15950,22835,HOT WATER BOTTLE I AM SO POORLY,2
15950,22837,HOT WATER BOTTLE BABUSHKA,4
15950,22844,VINTAGE CREAM DOG FOOD CONTAINER,1
15950,22911,PAPER CHAIN KIT LONDON,1
15950,22960,JAM MAKING SET WITH JARS,1
15950,51008,AFGHAN SLIPPER SOCK PAIR,10
15950,84879,ASSORTED COLOUR BIRD ORNAMENT,8
15950,84969,BOX OF 6 ASSORTED COLOUR TEASPOONS,2
15950,84997A,GREEN 3 PIECE POLKADOT CUTLERY SET,4
15950,84997B,RED 3 PIECE RETROSPOT CUTLERY SET,4
15950,84997C,BLUE 3 PIECE POLKADOT CUTLERY SET,4
15950,84997D,PINK 3 PIECE POLKADOT CUTLERY SET,6
15953,20726,LUNCH BAG WOODLAND,1
15953,20728,LUNCH BAG CARS BLUE,1
15953,21136,PAINTED METAL PEARS ASSORTED,8
15953,22633,HAND WARMER UNION JACK,2
15953,22942,CHRISTMAS LIGHTS 10 SANTAS,1
15953,47559B,TEA TIME OVEN GLOVE,1
15953,72802B,OCEAN SCENT CANDLE IN JEWELLED BOX,3
15953,72802C,VANILLA SCENT CANDLE JEWELLED BOX,3
15953,82482,WOODEN PICTURE FRAME WHITE FINISH,6
15953,82494L,WOODEN FRAME ANTIQUE WHITE,6
15953,84596F,SMALL MARSHMALLOWS PINK BOWL,1
15953,84596L,BISCUITS SMALL BOWL LIGHT BLUE,1
15953,84879,ASSORTED COLOUR BIRD ORNAMENT,8
15953,85123A,WHITE HANGING HEART T-LIGHT HOLDER,32
15953,85231B,CINAMMON SET OF 9 T-LIGHTS,27
15955,21181,PLEASE ONE PERSON METAL SIGN,12
15955,21428,SET3 BOOK BOX GREEN GINGHAM FLOWER,8
15955,21429,RED GINGHAM ROSE JEWELLERY BOX,16
15955,21754,HOME BUILDING BLOCK WORD,6
15955,21868,POTTING SHED TEA MUG,12
15955,21870,I CAN ONLY PLEASE ONE PERSON MUG,12
15955,21877,HOME SWEET HOME MUG,12
15955,22112,CHOCOLATE HOT WATER BOTTLE,12
15955,22114,HOT WATER BOTTLE TEA AND SYMPATHY,8
15955,22441,GROW YOUR OWN BASIL IN ENAMEL MUG,8
15955,22502,PICNIC BASKET WICKER SMALL,8
15955,22557,PLASTERS IN TIN VINTAGE PAISLEY,12
15955,22759,SET OF 3 NOTEBOOKS IN PARCEL,12
15955,22840,ROUND CAKE TIN VINTAGE RED,4
15955,22855,FINE WICKER HEART,48
15955,22961,JAM MAKING SET PRINTED,12
15955,84029E,RED WOOLLY HOTTIE WHITE HEART.,8
15955,84375,SET OF 20 KIDS COOKIE CUTTERS,12
15955,85150,LADIES & GENTLEMEN METAL SIGN,12
15955,85152,HAND OVER THE CHOCOLATE   SIGN,12
15965,21479,WHITE SKULL HOT WATER BOTTLE,6
15965,21481,FAWN BLUE HOT WATER BOTTLE,6
15965,21484,CHICK GREY HOT WATER BOTTLE,2
15965,21621,VINTAGE UNION JACK BUNTING,2
15965,22386,JUMBO BAG PINK POLKADOT,5
15965,22633,HAND WARMER UNION JACK,3
15965,22659,LUNCH BOX I LOVE LONDON,2
15965,22713,CARD I LOVE LONDON,12
15965,22738,RIBBON REEL SNOWY VILLAGE,3
15965,22900,SET 2 TEA TOWELS I LOVE LONDON,4
15965,22902,TOTE BAG I LOVE LONDON,4
15965,22909,SET OF 20 VINTAGE CHRISTMAS NAPKINS,4
15965,22952,60 CAKE CASES VINTAGE CHRISTMAS,6
15965,85099B,JUMBO BAG RED RETROSPOT,4
15965,85099F,JUMBO BAG STRAWBERRY,5
15965,85123A,WHITE HANGING HEART T-LIGHT HOLDER,6
15973,21428,SET3 BOOK BOX GREEN GINGHAM FLOWER,4
15973,21735,TWO DOOR CURIO CABINET,18
15973,21870,I CAN ONLY PLEASE ONE PERSON MUG,72
15973,22961,JAM MAKING SET PRINTED,12
15983,10133,COLOURING PENCILS BROWN TUBE,5
15983,16014,SMALL CHINESE STYLE SCISSOR,10
15983,16016,LARGE CHINESE STYLE SCISSOR,10
15983,20773,BLUE PAISLEY NOTEBOOK,2
15983,20774,GREEN FERN NOTEBOOK,2
15983,20777,CHRYSANTHEMUM NOTEBOOK,2
15983,21136,PAINTED METAL PEARS ASSORTED,16
15983,21156,RETROSPOT CHILDRENS APRON,4
15983,21586,KINGS CHOICE GIANT TUBE MATCHES,4
15983,21587,COSY HOUR GIANT TUBE MATCHES,4
15983,21591,COSY HOUR CIGAR BOX MATCHES,6
15983,21651,HANGING GLASS ETCHED TEALIGHT,18
15983,21890,S/6 WOODEN SKITTLES IN COTTON BAG,2
15983,21891,TRADITIONAL WOODEN SKIPPING ROPE,2
15983,21914,BLUE HARMONICA IN BOX,5
15983,21915,RED  HARMONICA IN BOX,5
15983,22082,RIBBON REEL STRIPES DESIGN,2
15983,22113,GREY HEART HOT WATER BOTTLE,20
15983,22139,RETROSPOT TEA SET CERAMIC 11 PC,1
15983,22142,CHRISTMAS CRAFT WHITE FAIRY,2
15983,22144,CHRISTMAS CRAFT LITTLE FRIENDS,6
15983,22152,PLACE SETTING WHITE STAR,24
15983,22294,HEART FILIGREE DOVE  SMALL,120
15983,22480,RED TEA TOWEL CLASSIC DESIGN,12
15983,22514,CHILDS GARDEN SPADE BLUE,1
15983,22516,CHILDS GARDEN RAKE BLUE,1
15983,22518,CHILDS GARDEN BRUSH BLUE,1
15983,22520,CHILDS GARDEN TROWEL BLUE,1
15983,22521,CHILDS GARDEN TROWEL PINK,2
15983,22522,CHILDS GARDEN FORK BLUE,1
15983,22523,CHILDS GARDEN FORK PINK,2
15983,22524,CHILDRENS GARDEN GLOVES BLUE,1
15983,22525,CHILDRENS GARDEN GLOVES PINK,2
15983,22548,HEADS AND TAILS SPORTING FUN,8
15983,22618,COOKING SET RETROSPOT,2
15983,22619,SET OF 6 SOLDIER SKITTLES,8
15983,22620,4 TRADITIONAL SPINNING TOPS,8
15983,22622,BOX OF VINTAGE ALPHABET BLOCKS,1
15983,22623,BOX OF VINTAGE JIGSAW BLOCKS,2
15983,22736,RIBBON REEL MAKING SNOWMEN,5
15983,22739,RIBBON REEL CHRISTMAS SOCK BAUBLE,5
15983,22834,HAND WARMER BABUSHKA DESIGN,2
15983,22891,TEA FOR ONE POLKADOT,1
15983,22926,IVORY GIANT GARDEN THERMOMETER,1
15983,22927,GREEN GIANT GARDEN THERMOMETER,1
15983,72800E,4 IVORY DINNER CANDLES SILVER FLOCK,10
15983,84347,ROTATING SILVER ANGELS T-LIGHT HLDR,60
15983,84625A,PINK NEW BAROQUECANDLESTICK CANDLE,20
15983,84625C,BLUE NEW BAROQUE CANDLESTICK CANDLE,36
15983,84754,S/15 SILVER GLASS BAUBLES IN BAG,48
15983,84836,ZINC METAL HEART DECORATION,12
15983,84879,ASSORTED COLOUR BIRD ORNAMENT,40
15983,85169A,IVORY LOVE BIRD CANDLE,24
15983,85169B,BLACK LOVE BIRD CANDLE,24
15983,85170B,SET/6 BLACK BIRD T-LIGHT CANDLES,2
15983,85170C,SET/6 EAU DE NIL BIRD T-LIGHTS,4
15983,85172,HYACINTH BULB T-LIGHT CANDLES,80
15984,22086,PAPER CHAIN KIT 50'S CHRISTMAS,6
15984,22632,HAND WARMER RED RETROSPOT,20
15984,22633,HAND WARMER UNION JACK,10
15984,22865,HAND WARMER OWL DESIGN,10
15984,22867,HAND WARMER BIRD DESIGN,10
15987,20781,GOLD EAR MUFF HEADPHONES,2
15987,20802,SMALL GLASS SUNDAE DISH CLEAR,6
15987,21713,CITRONELLA CANDLE FLOWERPOT,8
15987,22052,VINTAGE CARAVAN GIFT WRAP,25
15987,22310,IVORY KNITTED MUG COSY,6
15987,22389,PAPERWEIGHT SAVE THE PLANET,6
15987,22705,WRAP GREEN PEARS,25
15987,22811,SET OF 6 T-LIGHTS CACTI,6
15987,22927,GREEN GIANT GARDEN THERMOMETER,2
15996,20685,DOORMAT RED RETROSPOT,2
15996,21311,SET/4 BIRD MIRROR MAGNETS,4
15996,21380,WOODEN HAPPY BIRTHDAY GARLAND,2
15996,21381,MINI WOODEN HAPPY BIRTHDAY GARLAND,5
15996,21688,SILVER PLATE CANDLE BOWL SMALL,6
15996,21690,SILVER  CANDLEPOT JARDIN,4
15996,21890,S/6 WOODEN SKITTLES IN COTTON BAG,1
15996,21891,TRADITIONAL WOODEN SKIPPING ROPE,1
15996,22111,SCOTTIE DOG HOT WATER BOTTLE,2
15996,22130,PARTY CONE CHRISTMAS DECORATION,6
15996,22158,3 HEARTS HANGING DECORATION RUSTIC,4
15996,22176,BLUE OWL SOFT TOY,1
15996,22224,WHITE LOVEBIRD LANTERN,2
15996,22243,5 HOOK HANGER RED MAGIC TOADSTOOL,4
15996,22573,STAR WOODEN CHRISTMAS DECORATION,2
15996,22574,HEART WOODEN CHRISTMAS DECORATION,2
15996,22618,COOKING SET RETROSPOT,1
15996,22637,PIGGY BANK RETROSPOT,4
15996,22766,PHOTO FRAME CORNICE,4
15996,22968,ROSE COTTAGE KEEPSAKE BOX,1
15996,22988,SOLDIERS EGG CUP,12
15996,72802C,VANILLA SCENT CANDLE JEWELLED BOX,2
15996,84580,MOUSE TOY WITH PINK T-SHIRT,2
15996,84706D,CHERRY BLOSSOM TABLE CLOCK,2
15996,84792,ENCHANTED BIRD COATHANGER 5 HOOK,1
15996,85035A,GARDENIA 3 WICK MORRIS BOXED CANDLE,2
15996,85035B,CHOCOLATE 3 WICK MORRIS BOX CANDLE,1
15996,85048,15CM CHRISTMAS GLASS BALL 20 LIGHTS,1
15996,85114C,RED ENCHANTED FOREST PLACEMAT,6
15996,85129B,BEADED CRYSTAL HEART GREEN SMALL,6
15996,85167B,BLACK GRAND BAROQUE PHOTO FRAME,2
15998,20685,DOORMAT RED RETROSPOT,1
15998,20854,BLUE PATCH PURSE PINK HEART,2
15998,20856,DENIM PATCH PURSE PINK BUTTERFLY,2
15998,20857,BLUE ROSE PATCH PURSE PINK BUTTERFL,2
15998,20956,PORCELAIN T-LIGHT HOLDERS ASSORTED,12
15998,21166,COOK WITH WINE METAL SIGN,1
15998,21175,GIN + TONIC DIET METAL SIGN,2
15998,21217,RED RETROSPOT ROUND CAKE TINS,2
15998,21429,RED GINGHAM ROSE JEWELLERY BOX,2
15998,21452,TOADSTOOL MONEY BOX,2
15998,21463,MIRRORED DISCO BALL,10
15998,21464,DISCO BALL ROTATOR BATTERY OPERATED,4
15998,21471,STRAWBERRY RAFFIA FOOD COVER,2
15998,21472,LADYBIRD + BEE RAFFIA FOOD COVER,6
15998,21479,WHITE SKULL HOT WATER BOTTLE,2
15998,21485,RETROSPOT HEART HOT WATER BOTTLE,2
15998,21584,RETROSPOT SMALL TUBE MATCHES,6
15998,21588,RETROSPOT GIANT TUBE MATCHES,4
15998,21592,RETROSPOT CIGAR BOX MATCHES,4
15998,21638,ASSORTED TUTTI FRUTTI NOTEBOOK,4
15998,21647,ASSORTED TUTTI FRUTTI LARGE PURSE,4
15998,21733,RED HANGING HEART T-LIGHT HOLDER,4
15998,21743,STAR PORTABLE TABLE LIGHT,4
15998,21744,SNOWFLAKE PORTABLE TABLE LIGHT,4
15998,21755,LOVE BUILDING BLOCK WORD,1
15998,21807,WHITE CHRISTMAS STAR DECORATION,12
15998,21829,DINOSAUR KEYRINGS ASSORTED,36
15998,21833,CAMOUFLAGE LED TORCH,6
15998,21843,RED RETROSPOT CAKE STAND,2
15998,21873,IF YOU CAN'T STAND THE HEAT MUG,1
15998,21889,WOODEN BOX OF DOMINOES,4
15998,21891,TRADITIONAL WOODEN SKIPPING ROPE,4
15998,21908,CHOCOLATE THIS WAY METAL SIGN,3
15998,21989,PACK OF 20 SKULL PAPER NAPKINS,4
15998,22074,6 RIBBONS SHIMMERING PINKS,2
15998,22075,6 RIBBONS ELEGANT CHRISTMAS,2
15998,22111,SCOTTIE DOG HOT WATER BOTTLE,2
15998,22112,CHOCOLATE HOT WATER BOTTLE,2
15998,22113,GREY HEART HOT WATER BOTTLE,2
15998,22118,JOY WOODEN BLOCK LETTERS,1
15998,22121,NOEL WOODEN BLOCK LETTERS,1
15998,22154,ANGEL DECORATION 3 BUTTONS,12
15998,22178,VICTORIAN GLASS HANGING T-LIGHT,6
15998,22197,SMALL POPCORN HOLDER,4
15998,22296,HEART IVORY TRELLIS LARGE,2
15998,22297,HEART IVORY TRELLIS SMALL,6
15998,22300,COFFEE MUG DOG + BALL DESIGN,2
15998,22301,COFFEE MUG CAT + BIRD DESIGN,2
15998,22418,10 COLOUR SPACEBOY PEN,12
15998,22423,REGENCY CAKESTAND 3 TIER,3
15998,22435,SET OF 9 HEART SHAPED BALLOONS,5
15998,22449,SILK PURSE BABUSHKA PINK,1
15998,22450,SILK PURSE BABUSHKA BLUE,1
15998,22451,SILK PURSE BABUSHKA RED,1
15998,22460,EMBOSSED GLASS TEALIGHT HOLDER,6
15998,22469,HEART OF WICKER SMALL,3
15998,22470,HEART OF WICKER LARGE,2
15998,22489,PACK OF 12 TRADITIONAL CRAYONS,4
15998,22505,MEMO BOARD COTTAGE DESIGN,2
15998,22531,MAGIC DRAWING SLATE CIRCUS PARADE,4
15998,22534,MAGIC DRAWING SLATE SPACEBOY,4
15998,22535,MAGIC DRAWING SLATE BUNNIES,4
15998,22536,MAGIC DRAWING SLATE PURDEY,4
15998,22537,MAGIC DRAWING SLATE DINOSAUR,4
15998,22544,MINI JIGSAW SPACEBOY,4
15998,22546,MINI JIGSAW PURDEY,4
15998,22547,MINI JIGSAW DINOSAUR,4
15998,22560,TRADITIONAL MODELLING CLAY,4
15998,22573,STAR WOODEN CHRISTMAS DECORATION,6
15998,22574,HEART WOODEN CHRISTMAS DECORATION,6
15998,22576,SWALLOW WOODEN CHRISTMAS DECORATION,6
15998,22577,WOODEN HEART CHRISTMAS SCANDINAVIAN,6
15998,22578,WOODEN STAR CHRISTMAS SCANDINAVIAN,6
15998,22579,WOODEN TREE CHRISTMAS SCANDINAVIAN,6
15998,22581,WOOD STOCKING CHRISTMAS SCANDISPOT,6
15998,22588,CARD HOLDER GINGHAM HEART,2
15998,22589,CARDHOLDER GINGHAM STAR,2
15998,22593,CHRISTMAS GINGHAM STAR,6
15998,22594,CHRISTMAS GINGHAM TREE,6
15998,22595,CHRISTMAS GINGHAM HEART,6
15998,22621,TRADITIONAL KNITTING NANCY,4
15998,22644,CERAMIC CHERRY CAKE MONEY BANK,2
15998,22646,CERAMIC STRAWBERRY CAKE MONEY BANK,2
15998,22654,DELUXE SEWING KIT,2
15998,22689,DOORMAT MERRY CHRISTMAS RED,1
15998,22690,DOORMAT HOME SWEET HOME BLUE,1
15998,22695,WICKER WREATH SMALL,2
15998,22752,SET 7 BABUSHKA NESTING BOXES,3
15998,22753,SMALL YELLOW BABUSHKA NOTEBOOK,3
15998,22754,SMALL RED BABUSHKA NOTEBOOK,3
15998,22755,SMALL PURPLE BABUSHKA NOTEBOOK,3
15998,22801,ANTIQUE GLASS PEDESTAL BOWL,2
15998,22812,PACK 3 BOXES CHRISTMAS PANNETONE,6
15998,22834,HAND WARMER BABUSHKA DESIGN,11
15998,22835,HOT WATER BOTTLE I AM SO POORLY,2
15998,22837,HOT WATER BOTTLE BABUSHKA,6
15998,22893,MINI CAKE STAND T-LIGHT HOLDER,12
15998,22930,BAKING MOULD HEART MILK CHOCOLATE,2
15998,22932,BAKING MOULD TOFFEE CUP CHOCOLATE,2
15998,22935,BAKING MOULD ROSE MILK CHOCOLATE,2
15998,22937,BAKING MOULD CHOCOLATE CUPCAKES,4
15998,48111,DOORMAT 3 SMILEY CATS,3
15998,48116,DOORMAT MULTICOLOUR STRIPE,1
15998,70006,LOVE HEART POCKET WARMER,4
15998,70007,HI TEC ALPINE HAND WARMER,4
15998,82582,AREA PATROLLED METAL SIGN,2
15998,84029E,RED WOOLLY HOTTIE WHITE HEART.,2
15998,84030E,ENGLISH ROSE HOT WATER BOTTLE,1
15998,84032B,CHARLIE + LOLA RED HOT WATER BOTTLE,2
15998,84375,SET OF 20 KIDS COOKIE CUTTERS,4
15998,84754,S/15 SILVER GLASS BAUBLES IN BAG,4
15998,85049A,TRADITIONAL CHRISTMAS RIBBONS,2
15998,85049B,LUSH GREENS RIBBONS,2
15998,85049C,ROMANTIC PINKS RIBBONS,2
15998,85049E,SCANDINAVIAN REDS RIBBONS,2
15998,85099C,JUMBO  BAG BAROQUE BLACK WHITE,1
15998,85123A,WHITE HANGING HEART T-LIGHT HOLDER,6
15998,85152,HAND OVER THE CHOCOLATE   SIGN,2
16003,21012,ANTIQUE ALL GLASS CANDLESTICK,6
16003,21656,RIDGED GLASS POSY VASE,6
16003,21743,STAR PORTABLE TABLE LIGHT,6
16003,21744,SNOWFLAKE PORTABLE TABLE LIGHT,6
16003,21843,RED RETROSPOT CAKE STAND,6
16003,22050,PINK PAISLEY ROSE GIFT WRAP,25
16003,22051,BLUE SCANDINAVIAN PAISLEY WRAP,25
16003,22082,RIBBON REEL STRIPES DESIGN,20
16003,22086,PAPER CHAIN KIT 50'S CHRISTMAS,6
16003,22423,REGENCY CAKESTAND 3 TIER,16
16003,22655,VINTAGE RED KITCHEN CABINET,2
16003,22656,VINTAGE BLUE KITCHEN CABINET,2
16003,22770,MIRROR CORNICE,2
16003,22788,BROCANTE COAT RACK,12
16003,22798,ANTIQUE GLASS DRESSING TABLE POT,8
16003,22800,ANTIQUE TALL SWIRLGLASS TRINKET POT,4
16003,22910,PAPER CHAIN KIT VINTAGE CHRISTMAS,6
16003,82484,WOOD BLACK BOARD ANT WHITE FINISH,12
16003,82494L,WOODEN FRAME ANTIQUE WHITE,12
16003,85141,JARDIN ETCHED GLASS FRUITBOWL,2
16010,20681,PINK POLKADOT CHILDRENS UMBRELLA,1
16010,20682,RED RETROSPOT CHILDRENS UMBRELLA,1
16010,20967,GREY FLORAL FELTCRAFT SHOULDER BAG,1
16010,20969,RED FLORAL FELTCRAFT SHOULDER BAG,2
16010,20970,PINK FLORAL FELTCRAFT SHOULDER BAG,1
16010,21232,STRAWBERRY CERAMIC TRINKET BOX,2
16010,21408,SPOTTY PINK DUCK DOORSTOP,1
16010,21411,GINGHAM HEART  DOORSTOP RED,1
16010,21624,VINTAGE UNION JACK DOORSTOP,1
16010,21733,RED HANGING HEART T-LIGHT HOLDER,2
16010,21866,UNION JACK FLAG LUGGAGE TAG,2
16010,21867,PINK UNION JACK  LUGGAGE TAG,2
16010,22469,HEART OF WICKER SMALL,5
16010,22470,HEART OF WICKER LARGE,5
16010,22749,FELTCRAFT PRINCESS CHARLOTTE DOLL,1
16010,22804,CANDLEHOLDER PINK HANGING HEART,2
16010,22909,SET OF 20 VINTAGE CHRISTMAS NAPKINS,2
16010,22940,FELTCRAFT CHRISTMAS FAIRY,1
16010,72127,COLUMBIAN CANDLE ROUND,2
16010,72128,COLUMBIAN CANDLE ROUND,2
16010,72130,COLUMBIAN CANDLE ROUND,2
16010,85099C,JUMBO  BAG BAROQUE BLACK WHITE,2
16010,85099F,JUMBO BAG STRAWBERRY,2
16010,85123A,WHITE HANGING HEART T-LIGHT HOLDER,3
16011,21143,ANTIQUE GLASS HEART DECORATION,3
16011,21281,VINTAGE KITCHEN PRINT SEAFOOD,6
16011,21326,AGED GLASS SILVER T-LIGHT HOLDER,36
16011,21333,CLASSIC WHITE FRAME,4
16011,21484,CHICK GREY HOT WATER BOTTLE,3
16011,21485,RETROSPOT HEART HOT WATER BOTTLE,3
16011,21494,ROTATING LEAVES T-LIGHT HOLDER,17
16011,21669,BLUE STRIPE CERAMIC DRAWER KNOB,6
16011,21670,BLUE SPOT CERAMIC DRAWER KNOB,18
16011,22077,6 RIBBONS RUSTIC CHARM,6
16011,22110,BIRD HOUSE HOT WATER BOTTLE,3
16011,22111,SCOTTIE DOG HOT WATER BOTTLE,3
16011,22113,GREY HEART HOT WATER BOTTLE,3
16011,22429,ENAMEL MEASURING JUG CREAM,1
16011,22457,NATURAL SLATE HEART CHALKBOARD,12
16011,22467,GUMBALL COAT RACK,5
16011,22469,HEART OF WICKER SMALL,4
16011,22561,WOODEN SCHOOL COLOURING SET,5
16011,22578,WOODEN STAR CHRISTMAS SCANDINAVIAN,12
16011,22588,CARD HOLDER GINGHAM HEART,1
16011,22589,CARDHOLDER GINGHAM STAR,3
16011,22591,CARDHOLDER GINGHAM CHRISTMAS TREE,4
16011,22592,CARDHOLDER HOLLY WREATH METAL,4
16011,22595,CHRISTMAS GINGHAM HEART,12
16011,22601,CHRISTMAS RETROSPOT ANGEL WOOD,12
16011,22677,FRENCH BLUE METAL DOOR SIGN 2,2
16011,22680,FRENCH BLUE METAL DOOR SIGN 5,1
16011,22681,FRENCH BLUE METAL DOOR SIGN 6,5
16011,22694,WICKER STAR,4
16011,22696,WICKER WREATH LARGE,2
16011,22737,RIBBON REEL CHRISTMAS PRESENT,4
16011,22837,HOT WATER BOTTLE BABUSHKA,3
16011,22943,CHRISTMAS LIGHTS 10 VINTAGE BAUBLES,4
16011,84029E,RED WOOLLY HOTTIE WHITE HEART.,2
16011,84882,GREEN WIRE STANDING CANDLE HOLDER,3
16011,84946,ANTIQUE SILVER TEA GLASS ETCHED,12
16013,20733,GOLD MINI TAPE MEASURE,600
16013,71477,COLOUR GLASS. STAR T-LIGHT HOLDER,312
16013,79321,CHILLI LIGHTS,96
16013,85123A,WHITE HANGING HEART T-LIGHT HOLDER,500
16016,15056N,EDWARDIAN PARASOL NATURAL,2
16016,20712,JUMBO BAG WOODLAND ANIMALS,1
16016,20725,LUNCH BAG RED RETROSPOT,3
16016,20726,LUNCH BAG WOODLAND,3
16016,20727,LUNCH BAG  BLACK SKULL.,5
16016,20762,GREEN FERN SKETCHBOOK,1
16016,20763,DAISY SKETCHBOOK,1
16016,20764,ABSTRACT CIRCLES SKETCHBOOK,1
16016,20765,CHRYSANTHEMUM SKETCHBOOK,1
16016,20766,GARDEN PATH SKETCHBOOK,1
16016,20973,12 PENCIL SMALL TUBE WOODLAND,4
16016,20978,36 PENCILS TUBE SKULLS,1
16016,21479,WHITE SKULL HOT WATER BOTTLE,1
16016,21484,CHICK GREY HOT WATER BOTTLE,5
16016,21485,RETROSPOT HEART HOT WATER BOTTLE,1
16016,21578,WOODLAND DESIGN  COTTON TOTE BAG,2
16016,21730,GLASS STAR FROSTED T-LIGHT HOLDER,1
16016,21891,TRADITIONAL WOODEN SKIPPING ROPE,4
16016,21916,SET 12 RETRO WHITE CHALK STICKS,6
16016,21929,JUMBO BAG PINK VINTAGE PAISLEY,3
16016,21967,PACK OF 12 SKULL TISSUES,1
16016,21981,PACK OF 12 WOODLAND TISSUES,3
16016,21984,PACK OF 12 PINK PAISLEY TISSUES,1
16016,21990,MODERN FLORAL STATIONERY SET,1
16016,21991,BOHEMIAN COLLAGE STATIONERY SET,1
16016,21992,VINTAGE PAISLEY STATIONERY SET,1
16016,22082,RIBBON REEL STRIPES DESIGN,10
16016,22111,SCOTTIE DOG HOT WATER BOTTLE,1
16016,22113,GREY HEART HOT WATER BOTTLE,1
16016,22142,CHRISTMAS CRAFT WHITE FAIRY,2
16016,22144,CHRISTMAS CRAFT LITTLE FRIENDS,2
16016,22147,FELTCRAFT BUTTERFLY HEARTS,1
16016,22149,FELTCRAFT 6 FLOWER FRIENDS,3
16016,22150,3 STRIPEY MICE FELTCRAFT,2
16016,22326,ROUND SNACK BOXES SET OF4 WOODLAND,6
16016,22327,ROUND SNACK BOXES SET OF 4 SKULLS,4
16016,22382,LUNCH BAG SPACEBOY DESIGN,1
16016,22384,LUNCH BAG PINK POLKADOT,1
16016,22386,JUMBO BAG PINK POLKADOT,1
16016,22411,JUMBO SHOPPER VINTAGE RED PAISLEY,3
16016,22457,NATURAL SLATE HEART CHALKBOARD,6
16016,22469,HEART OF WICKER SMALL,6
16016,22553,PLASTERS IN TIN SKULLS,1
16016,22554,PLASTERS IN TIN WOODLAND ANIMALS,2
16016,22556,PLASTERS IN TIN CIRCUS PARADE,1
16016,22569,FELTCRAFT CUSHION BUTTERFLY,2
16016,22570,FELTCRAFT CUSHION RABBIT,1
16016,22622,BOX OF VINTAGE ALPHABET BLOCKS,1
16016,22624,IVORY KITCHEN SCALES,1
16016,22627,MINT KITCHEN SCALES,2
16016,22867,HAND WARMER BIRD DESIGN,5
16016,22926,IVORY GIANT GARDEN THERMOMETER,3
16016,22960,JAM MAKING SET WITH JARS,6
16016,22961,JAM MAKING SET PRINTED,6
16016,48187,DOORMAT NEW ENGLAND,1
16016,71477,COLOUR GLASS. STAR T-LIGHT HOLDER,5
16016,84497,BUTTONS AND STRIPES NOTEBOOK,2
16016,85014A,BLACK/BLUE POLKADOT UMBRELLA,1
16016,85123A,WHITE HANGING HEART T-LIGHT HOLDER,1
16019,21463,MIRRORED DISCO BALL,4
16019,22624,IVORY KITCHEN SCALES,2
16019,22625,RED KITCHEN SCALES,2
16019,22627,MINT KITCHEN SCALES,2
16019,79321,CHILLI LIGHTS,6
16019,82482,WOODEN PICTURE FRAME WHITE FINISH,6
16019,82494L,WOODEN FRAME ANTIQUE WHITE,6
16019,85123A,WHITE HANGING HEART T-LIGHT HOLDER,32
16029,21166,COOK WITH WINE METAL SIGN,144
16029,21181,PLEASE ONE PERSON METAL SIGN,432
16029,21731,RED TOADSTOOL LED NIGHT LIGHT,840
16029,21928,JUMBO BAG SCANDINAVIAN PAISLEY,100
16029,21929,JUMBO BAG PINK VINTAGE PAISLEY,100
16029,22070,SMALL RED RETROSPOT MUG IN BOX,24
16029,22174,PHOTO CUBE,816
16029,22207,FRYING PAN UNION FLAG,48
16029,22466,FAIRY TALE COTTAGE NIGHTLIGHT,840
16029,22693,GROW A FLYTRAP OR SUNFLOWER IN TIN,2400
16029,22779,WOODEN OWLS LIGHT GARLAND,392
16029,22780,LIGHT GARLAND BUTTERFILES PINK,392
16029,79321,CHILLI LIGHTS,392
16029,84880,WHITE WIRE EGG HOLDER,60
16029,85099B,JUMBO BAG RED RETROSPOT,200
16029,85099C,JUMBO  BAG BAROQUE BLACK WHITE,200
16029,85150,LADIES & GENTLEMEN METAL SIGN,288
16029,85152,HAND OVER THE CHOCOLATE   SIGN,288
16033,21165,BEWARE OF THE CAT METAL SIGN,6
16033,21868,POTTING SHED TEA MUG,1
16033,21873,IF YOU CAN'T STAND THE HEAT MUG,2
16033,21874,GIN AND TONIC MUG,2
16033,21876,POTTERING MUG,3
16033,21877,HOME SWEET HOME MUG,2
16033,22192,BLUE DINER WALL CLOCK,1
16033,22193,RED DINER WALL CLOCK,1
16033,22358,KINGS CHOICE TEA CADDY,1
16033,22426,ENAMEL WASH BOWL CREAM,1
16033,22427,ENAMEL FLOWER JUG CREAM,1
16033,22429,ENAMEL MEASURING JUG CREAM,1
16033,22507,MEMO BOARD RETROSPOT  DESIGN,2
16033,22629,SPACEBOY LUNCH BOX,1
16033,22630,DOLLY GIRL LUNCH BOX,1
16033,22637,PIGGY BANK RETROSPOT,2
16033,22646,CERAMIC STRAWBERRY CAKE MONEY BANK,8
16033,22652,TRAVEL SEWING KIT,4
16033,22653,BUTTON BOX,2
16033,22654,DELUXE SEWING KIT,2
16033,22666,RECIPE BOX PANTRY YELLOW DESIGN,4
16033,22667,RECIPE BOX RETROSPOT,4
16033,22726,ALARM CLOCK BAKELIKE GREEN,4
16033,22727,ALARM CLOCK BAKELIKE RED,9
16033,22728,ALARM CLOCK BAKELIKE PINK,13
16033,22730,ALARM CLOCK BAKELIKE IVORY,4
16033,22844,VINTAGE CREAM DOG FOOD CONTAINER,2
16033,22845,VINTAGE CREAM CAT FOOD CONTAINER,1
16033,22913,RED COAT RACK PARIS FASHION,1
16033,22914,BLUE COAT RACK PARIS FASHION,1
16033,22955,36 FOIL STAR CAKE CASES,1
16033,22956,36 FOIL HEART CAKE CASES,1
16033,35241,ENAMEL BLUE RIM BISCUIT BIN,1
16033,35810B,ENAMEL BLUE RIM COFFEE CONTAINER,1
16033,37370,RETRO COFFEE MUGS ASSORTED,2
16033,84924A,WAKE UP COCKEREL CALENDAR SIGN,1
16033,85054,FRENCH ENAMEL POT W LID,2
16033,85055,FRENCH ENAMEL UTENSIL HOLDER,2
16037,18097C,WHITE TALL PORCELAIN T-LIGHT HOLDER,6
16037,18098C,PORCELAIN BUTTERFLY OIL BURNER,6
16037,20725,LUNCH BAG RED RETROSPOT,10
16037,20728,LUNCH BAG CARS BLUE,10
16037,21985,PACK OF 12 HEARTS DESIGN TISSUES,24
16037,22144,CHRISTMAS CRAFT LITTLE FRIENDS,6
16037,22435,SET OF 9 HEART SHAPED BALLOONS,12
16037,22585,PACK OF 6 BIRDY GIFT TAGS,12
16037,22930,BAKING MOULD HEART MILK CHOCOLATE,12
16037,22931,BAKING MOULD HEART WHITE CHOCOLATE,12
16037,22937,BAKING MOULD CHOCOLATE CUPCAKES,18
16037,22968,ROSE COTTAGE KEEPSAKE BOX,2
16037,85049C,ROMANTIC PINKS RIBBONS,12
16037,85049E,SCANDINAVIAN REDS RIBBONS,12
16037,85180A,RED HEARTS LIGHT CHAIN,6
16048,21231,SWEETHEART CERAMIC TRINKET BOX,12
16048,22632,HAND WARMER RED RETROSPOT,24
16048,22645,CERAMIC HEART FAIRY CAKE MONEY BANK,12
16048,22646,CERAMIC STRAWBERRY CAKE MONEY BANK,12
16048,22865,HAND WARMER OWL DESIGN,24
16048,22866,HAND WARMER SCOTTY DOG DESIGN,24
16048,22867,HAND WARMER BIRD DESIGN,24
16048,22915,ASSORTED BOTTLE TOP  MAGNETS,12
16059,21733,RED HANGING HEART T-LIGHT HOLDER,2
16059,21889,WOODEN BOX OF DOMINOES,3
16059,22077,6 RIBBONS RUSTIC CHARM,2
16059,22114,HOT WATER BOTTLE TEA AND SYMPATHY,4
16059,22141,CHRISTMAS CRAFT TREE TOP ANGEL,3
16059,22469,HEART OF WICKER SMALL,3
16059,22561,WOODEN SCHOOL COLOURING SET,3
16059,22568,FELTCRAFT CUSHION OWL,2
16059,22569,FELTCRAFT CUSHION BUTTERFLY,2
16059,22570,FELTCRAFT CUSHION RABBIT,2
16059,22632,HAND WARMER RED RETROSPOT,5
16059,22633,HAND WARMER UNION JACK,3
16059,22834,HAND WARMER BABUSHKA DESIGN,2
16059,22835,HOT WATER BOTTLE I AM SO POORLY,2
16059,22867,HAND WARMER BIRD DESIGN,5
16059,84836,ZINC METAL HEART DECORATION,2
16059,85049C,ROMANTIC PINKS RIBBONS,2
16059,85049E,SCANDINAVIAN REDS RIBBONS,4
16062,21733,RED HANGING HEART T-LIGHT HOLDER,6
16062,22086,PAPER CHAIN KIT 50'S CHRISTMAS,40
16062,22423,REGENCY CAKESTAND 3 TIER,6
16062,22558,CLOTHES PEGS RETROSPOT PACK 24,12
16062,22816,CARD MOTORBIKE SANTA,24
16062,22909,SET OF 20 VINTAGE CHRISTMAS NAPKINS,12
16062,22952,60 CAKE CASES VINTAGE CHRISTMAS,24
16065,20713,JUMBO BAG OWLS,1
16065,20728,LUNCH BAG CARS BLUE,6
16065,20854,BLUE PATCH PURSE PINK HEART,2
16065,21051,RIBBONS PURSE,2
16065,21098,CHRISTMAS TOILET ROLL,4
16065,21115,ROSE CARAVAN DOORSTOP,1
16065,21181,PLEASE ONE PERSON METAL SIGN,4
16065,21212,PACK OF 72 RETROSPOT CAKE CASES,3
16065,21382,SET/4 SPRING FLOWER DECORATION,3
16065,21429,RED GINGHAM ROSE JEWELLERY BOX,2
16065,21479,WHITE SKULL HOT WATER BOTTLE,2
16065,21494,ROTATING LEAVES T-LIGHT HOLDER,5
16065,21733,RED HANGING HEART T-LIGHT HOLDER,4
16065,21870,I CAN ONLY PLEASE ONE PERSON MUG,3
16065,21907,I'M ON HOLIDAY METAL SIGN,2
16065,21928,JUMBO BAG SCANDINAVIAN PAISLEY,1
16065,21929,JUMBO BAG PINK VINTAGE PAISLEY,1
16065,21930,JUMBO STORAGE BAG SKULLS,1
16065,22078,RIBBON REEL LACE DESIGN,1
16065,22175,PINK OWL SOFT TOY,5
16065,22176,BLUE OWL SOFT TOY,4
16065,22296,HEART IVORY TRELLIS LARGE,4
16065,22297,HEART IVORY TRELLIS SMALL,5
16065,22367,CHILDRENS APRON SPACEBOY DESIGN,2
16065,22371,AIRLINE BAG VINTAGE TOKYO 78,1
16065,22411,JUMBO SHOPPER VINTAGE RED PAISLEY,1
16065,22469,HEART OF WICKER SMALL,5
16065,22470,HEART OF WICKER LARGE,5
16065,22549,PICTURE DOMINOES,3
16065,22565,FELTCRAFT HAIRBANDS PINK AND WHITE,2
16065,22566,FELTCRAFT HAIRBAND PINK AND PURPLE,2
16065,22572,ROCKING HORSE GREEN CHRISTMAS,3
16065,22575,METAL MERRY CHRISTMAS WREATH,6
16065,22579,WOODEN TREE CHRISTMAS SCANDINAVIAN,2
16065,22581,WOOD STOCKING CHRISTMAS SCANDISPOT,2
16065,22586,FELTCRAFT HAIRBAND PINK AND BLUE,2
16065,22587,FELTCRAFT HAIRBAND RED AND BLUE,2
16065,22644,CERAMIC CHERRY CAKE MONEY BANK,4
16065,22663,JUMBO BAG DOLLY GIRL DESIGN,1
16065,22728,ALARM CLOCK BAKELIKE PINK,2
16065,22741,FUNKY DIVA PEN,48
16065,22756,LARGE YELLOW BABUSHKA NOTEBOOK,3
16065,22757,LARGE RED BABUSHKA NOTEBOOK,3
16065,22758,LARGE PURPLE BABUSHKA NOTEBOOK,3
16065,22784,LANTERN CREAM GAZEBO,1
16065,22909,SET OF 20 VINTAGE CHRISTMAS NAPKINS,1
16065,22916,HERB MARKER THYME,1
16065,22917,HERB MARKER ROSEMARY,1
16065,22918,HERB MARKER PARSLEY,1
16065,22919,HERB MARKER MINT,1
16065,22920,HERB MARKER BASIL,1
16065,22921,HERB MARKER CHIVES,1
16065,22941,CHRISTMAS LIGHTS 10 REINDEER,1
16065,22952,60 CAKE CASES VINTAGE CHRISTMAS,6
16065,22956,36 FOIL HEART CAKE CASES,2
16065,22960,JAM MAKING SET WITH JARS,1
16065,37370,RETRO COFFEE MUGS ASSORTED,3
16065,44234,ASSORTED CIRCULAR MOBILE,5
16065,44235,ASS COL CIRCLE MOBILE,5
16065,47591D,PINK FAIRY CAKE CHILDRENS APRON,2
16065,75131,METAL TUBE CHIME ON BAMBOO,1
16065,82583,HOT BATHS METAL SIGN,1
16065,84029E,RED WOOLLY HOTTIE WHITE HEART.,2
16065,84341B,SMALL PINK MAGIC CHRISTMAS TREE,1
16065,84347,ROTATING SILVER ANGELS T-LIGHT HLDR,7
16065,84884A,ANT WHITE WIRE HEART SPIRAL,2
16065,84991,60 TEATIME FAIRY CAKE CASES,3
16065,84992,72 SWEETHEART FAIRY CAKE CASES,3
16065,85049E,SCANDINAVIAN REDS RIBBONS,1
16065,85099B,JUMBO BAG RED RETROSPOT,1
16065,85123A,WHITE HANGING HEART T-LIGHT HOLDER,8
16081,21232,STRAWBERRY CERAMIC TRINKET BOX,4
16081,21531,RED RETROSPOT SUGAR JAM BOWL,2
16081,21621,VINTAGE UNION JACK BUNTING,1
16081,22070,SMALL RED RETROSPOT MUG IN BOX,1
16081,22071,SMALL WHITE RETROSPOT MUG IN BOX,2
16081,22084,PAPER CHAIN KIT EMPIRE,1
16081,22115,METAL SIGN EMPIRE TEA,1
16081,22139,RETROSPOT TEA SET CERAMIC 11 PC,2
16081,22304,COFFEE MUG BLUE PAISLEY DESIGN,6
16081,22305,COFFEE MUG PINK PAISLEY DESIGN,6
16081,22348,TEA BAG PLATE RED RETROSPOT,4
16081,22645,CERAMIC HEART FAIRY CAKE MONEY BANK,4
16081,22649,STRAWBERRY FAIRY CAKE TEAPOT,3
16081,22699,ROSES REGENCY TEACUP AND SAUCER,4
16081,37446,MINI CAKE STAND WITH HANGING CAKES,2
16081,37449,CERAMIC CAKE STAND + HANGING CAKES,2
16081,47559B,TEA TIME OVEN GLOVE,1
16081,47567B,TEA TIME KITCHEN APRON,1
16081,84509B,SET OF 4 FAIRY CAKE PLACEMATS,1
16081,84987,SET OF 36 TEATIME PAPER DOILIES,2
16081,85123A,WHITE HANGING HEART T-LIGHT HOLDER,3
16083,21109,LARGE CAKE TOWEL CHOCOLATE SPOTS,24
16083,21110,LARGE CAKE TOWEL PINK SPOTS,24
16083,21111,"SWISS ROLL TOWEL, CHOCOLATE  SPOTS",24
16083,21112,"SWISS ROLL TOWEL, PINK  SPOTS",24
16083,21879,HEARTS GIFT TAPE,24
16083,21884,CAKES AND BOWS GIFT  TAPE,24
16083,22074,6 RIBBONS SHIMMERING PINKS,24
16083,22481,BLACK TEA TOWEL CLASSIC DESIGN,24
16083,22834,HAND WARMER BABUSHKA DESIGN,24
16083,35651,VINTAGE BEAD PINK SCARF,12
16083,70006,LOVE HEART POCKET WARMER,30
16083,84826,ASSTD DESIGN 3D PAPER STICKERS,60
16083,84915,HAND TOWEL PINK FLOWER AND DAISY,10
16083,84916,HAND TOWEL PALE BLUE W FLOWERS,10
16083,84917,WHITE HAND TOWEL WITH BUTTERFLY,10
16083,85036C,ROSE 1 WICK MORRIS BOXED CANDLE,12
16083,85184C,S/4 VALENTINE DECOUPAGE HEART BOX,24
16086,20967,GREY FLORAL FELTCRAFT SHOULDER BAG,4
16086,20969,RED FLORAL FELTCRAFT SHOULDER BAG,4
16086,20972,PINK CREAM FELT CRAFT TRINKET BOX,12
16086,21621,VINTAGE UNION JACK BUNTING,2
16086,21833,CAMOUFLAGE LED TORCH,24
16086,22101,MIRROR MOSAIC VOTIVE HOLDER,12
16086,84029G,KNITTED UNION FLAG HOT WATER BOTTLE,8
16086,85099B,JUMBO BAG RED RETROSPOT,10
16098,10002,INFLATABLE POLITICAL GLOBE,12
16098,21832,CHOCOLATE CALCULATOR,12
16098,21912,VINTAGE SNAKES & LADDERS,8
16098,22379,RECYCLING BAG RETROSPOT,10
16098,22381,TOY TIDY PINK POLKADOT,50
16098,22411,JUMBO SHOPPER VINTAGE RED PAISLEY,10
16098,22726,ALARM CLOCK BAKELIKE GREEN,4
16098,22783,SET 3 WICKER OVAL BASKETS W LIDS,4
16098,22798,ANTIQUE GLASS DRESSING TABLE POT,8
16098,22838,3 TIER CAKE TIN RED AND CREAM,2
16098,22839,3 TIER CAKE TIN GREEN AND CREAM,2
16098,22926,IVORY GIANT GARDEN THERMOMETER,12
16122,15034,PAPER POCKET TRAVELING FAN,24
16122,16237,SLEEPING CAT ERASERS,30
16122,20972,PINK CREAM FELT CRAFT TRINKET BOX,12
16122,22149,FELTCRAFT 6 FLOWER FRIENDS,6
16122,22150,3 STRIPEY MICE FELTCRAFT,6
16122,22421,LIPSTICK PEN FUSCHIA,12
16122,22568,FELTCRAFT CUSHION OWL,4
16122,22569,FELTCRAFT CUSHION BUTTERFLY,4
16122,22749,FELTCRAFT PRINCESS CHARLOTTE DOLL,4
16122,84536B,FAIRY CAKES NOTEBOOK A7 SIZE,16
16125,21479,WHITE SKULL HOT WATER BOTTLE,8
16125,21499,BLUE POLKADOT WRAP,25
16125,22113,GREY HEART HOT WATER BOTTLE,12
16125,22312,OFFICE MUG WARMER POLKADOT,6
16125,22314,OFFICE MUG WARMER CHOC+BLUE,6
16125,22385,JUMBO BAG SPACEBOY DESIGN,10
16125,22654,DELUXE SEWING KIT,3
16125,22960,JAM MAKING SET WITH JARS,6
16125,22961,JAM MAKING SET PRINTED,12
16125,22969,HOMEMADE JAM SCENTED CANDLES,12
16125,48187,DOORMAT NEW ENGLAND,2
16125,85099B,JUMBO BAG RED RETROSPOT,10
16125,85123A,WHITE HANGING HEART T-LIGHT HOLDER,12
16134,20754,RETROSPOT RED WASHING UP GLOVES,6
16134,20886,BOX OF 9 PEBBLE CANDLES,12
16134,20914,SET/5 RED RETROSPOT LID GLASS BOWLS,12
16134,21080,SET/20 RED RETROSPOT PAPER NAPKINS,12
16134,21218,RED SPOTTY BISCUIT TIN,6
16134,21495,SKULLS AND CROSSBONES WRAP,25
16134,21527,RED RETROSPOT TRADITIONAL TEAPOT,4
16134,21531,RED RETROSPOT SUGAR JAM BOWL,6
16134,21535,RED RETROSPOT SMALL MILK JUG,6
16134,21876,POTTERING MUG,12
16134,22348,TEA BAG PLATE RED RETROSPOT,12
16134,22667,RECIPE BOX RETROSPOT,6
16134,37370,RETRO COFFEE MUGS ASSORTED,12
16134,72741,GRAND CHOCOLATECANDLE,9
16134,84849D,HOT BATHS SOAP HOLDER,12
16134,85150,LADIES & GENTLEMEN METAL SIGN,6
16140,21479,WHITE SKULL HOT WATER BOTTLE,8
16140,21509,COWBOYS AND INDIANS BIRTHDAY CARD,12
16140,22409,MONEY BOX BISCUITS DESIGN,12
16140,22470,HEART OF WICKER LARGE,6
16140,22492,MINI PAINT SET VINTAGE,36
16140,22694,WICKER STAR,6
16140,22909,SET OF 20 VINTAGE CHRISTMAS NAPKINS,24
16143,20725,LUNCH BAG RED RETROSPOT,10
16143,21041,RED RETROSPOT OVEN GLOVE DOUBLE,6
16143,21175,GIN + TONIC DIET METAL SIGN,12
16143,21216,"SET 3 RETROSPOT TEA,COFFEE,SUGAR",4
16143,21430,SET/3 RED GINGHAM ROSE STORAGE BOX,4
16143,21531,RED RETROSPOT SUGAR JAM BOWL,6
16143,21539,RED RETROSPOT BUTTER DISH,6
16143,22116,METAL SIGN HIS DINNER IS SERVED,18
16143,22215,CAKE STAND WHITE TWO TIER LACE,2
16143,22383,LUNCH BAG SUKI  DESIGN,10
16143,22423,REGENCY CAKESTAND 3 TIER,6
16143,22457,NATURAL SLATE HEART CHALKBOARD,6
16143,22469,HEART OF WICKER SMALL,12
16143,22470,HEART OF WICKER LARGE,40
16143,22656,VINTAGE BLUE KITCHEN CABINET,2
16143,22665,RECIPE BOX BLUE SKETCHBOOK DESIGN,6
16143,22666,RECIPE BOX PANTRY YELLOW DESIGN,6
16143,22667,RECIPE BOX RETROSPOT,6
16143,22694,WICKER STAR,6
16143,22720,SET OF 3 CAKE TINS PANTRY DESIGN,3
16143,22722,SET OF 6 SPICE TINS PANTRY DESIGN,4
16143,47559B,TEA TIME OVEN GLOVE,20
16143,82613D,METAL SIGN CUPCAKE SINGLE HOOK,20
16143,84509G,SET OF 4 FAIRY CAKE PLACEMATS,12
16145,10125,MINI FUNKY DESIGN TAPES,20
16145,20704,MR ROBOT SOFT TOY,8
16145,20705,MRS ROBOT SOFT TOY,8
16145,20914,SET/5 RED RETROSPOT LID GLASS BOWLS,6
16145,21314,SMALL GLASS HEART TRINKET POT,8
16145,21879,HEARTS GIFT TAPE,24
16145,21880,RED RETROSPOT TAPE,24
16145,21882,SKULLS TAPE,24
16145,21883,STARS GIFT TAPE,24
16145,21884,CAKES AND BOWS GIFT  TAPE,24
16145,22074,6 RIBBONS SHIMMERING PINKS,24
16145,22077,6 RIBBONS RUSTIC CHARM,12
16145,22782,SET 3 WICKER STORAGE BASKETS,4
16145,22783,SET 3 WICKER OVAL BASKETS W LIDS,4
16145,84625A,PINK NEW BAROQUECANDLESTICK CANDLE,24
16145,84625C,BLUE NEW BAROQUE CANDLESTICK CANDLE,24
16145,84823,DANISH ROSE FOLDING CHAIR,8
16150,20724,RED RETROSPOT CHARLOTTE BAG,10
16150,21143,ANTIQUE GLASS HEART DECORATION,12
16150,21260,FIRST AID TIN,6
16150,21428,SET3 BOOK BOX GREEN GINGHAM FLOWER,4
16150,21429,RED GINGHAM ROSE JEWELLERY BOX,8
16150,21430,SET/3 RED GINGHAM ROSE STORAGE BOX,4
16150,22077,6 RIBBONS RUSTIC CHARM,12
16150,22169,FAMILY ALBUM WHITE PICTURE FRAME,2
16150,22170,PICTURE FRAME WOOD TRIPLE PORTRAIT,4
16150,22171,3 HOOK PHOTO SHELF ANTIQUE WHITE,2
16150,22356,CHARLOTTE BAG PINK POLKADOT,10
16150,22469,HEART OF WICKER SMALL,12
16150,22470,HEART OF WICKER LARGE,6
16150,22759,SET OF 3 NOTEBOOKS IN PARCEL,12
16150,22766,PHOTO FRAME CORNICE,8
16150,22768,FAMILY PHOTO FRAME CORNICE,4
16150,22771,CLEAR DRAWER KNOB ACRYLIC EDWARDIAN,12
16150,22772,PINK DRAWER KNOB ACRYLIC EDWARDIAN,12
16150,22775,PURPLE DRAWERKNOB ACRYLIC EDWARDIAN,12
16150,22969,HOMEMADE JAM SCENTED CANDLES,12
16150,84879,ASSORTED COLOUR BIRD ORNAMENT,8
16150,85064,CREAM SWEETHEART LETTER RACK,2
16153,20914,SET/5 RED RETROSPOT LID GLASS BOWLS,6
16153,21533,RETROSPOT LARGE MILK JUG,6
16153,21535,RED RETROSPOT SMALL MILK JUG,6
16153,21843,RED RETROSPOT CAKE STAND,2
16153,22558,CLOTHES PEGS RETROSPOT PACK 24,24
16153,22720,SET OF 3 CAKE TINS PANTRY DESIGN,3
16153,22798,ANTIQUE GLASS DRESSING TABLE POT,8
16153,22801,ANTIQUE GLASS PEDESTAL BOWL,4
16153,22822,CREAM WALL PLANTER HEART SHAPED,4
16153,22961,JAM MAKING SET PRINTED,12
16161,20725,LUNCH BAG RED RETROSPOT,5
16161,20727,LUNCH BAG  BLACK SKULL.,8
16161,21042,RED RETROSPOT APRON,2
16161,21156,RETROSPOT CHILDRENS APRON,2
16161,21257,VICTORIAN SEWING BOX MEDIUM,5
16161,21258,VICTORIAN SEWING BOX LARGE,2
16161,21259,VICTORIAN SEWING BOX SMALL,3
16161,21484,CHICK GREY HOT WATER BOTTLE,3
16161,22086,PAPER CHAIN KIT 50'S CHRISTMAS,5
16161,22112,CHOCOLATE HOT WATER BOTTLE,1
16161,22141,CHRISTMAS CRAFT TREE TOP ANGEL,2
16161,22142,CHRISTMAS CRAFT WHITE FAIRY,2
16161,22144,CHRISTMAS CRAFT LITTLE FRIENDS,2
16161,22147,FELTCRAFT BUTTERFLY HEARTS,2
16161,22149,FELTCRAFT 6 FLOWER FRIENDS,2
16161,22158,3 HEARTS HANGING DECORATION RUSTIC,2
16161,22279,POCKET BAG BLUE PAISLEY RED SPOT,3
16161,22280,POCKET BAG PINK PAISELY BROWN SPOT,3
16161,22299,PIG KEYRING WITH LIGHT & SOUND,24
16161,22326,ROUND SNACK BOXES SET OF4 WOODLAND,3
16161,22328,ROUND SNACK BOXES SET OF 4 FRUITS,2
16161,22352,LUNCH BOX WITH CUTLERY RETROSPOT,5
16161,22382,LUNCH BAG SPACEBOY DESIGN,3
16161,22384,LUNCH BAG PINK POLKADOT,7
16161,22423,REGENCY CAKESTAND 3 TIER,1
16161,22444,GROW YOUR OWN PLANT IN A CAN,48
16161,22464,HANGING METAL HEART LANTERN,6
16161,22465,HANGING METAL STAR LANTERN,6
16161,22469,HEART OF WICKER SMALL,3
16161,22470,HEART OF WICKER LARGE,3
16161,22505,MEMO BOARD COTTAGE DESIGN,1
16161,22553,PLASTERS IN TIN SKULLS,6
16161,22565,FELTCRAFT HAIRBANDS PINK AND WHITE,5
16161,22566,FELTCRAFT HAIRBAND PINK AND PURPLE,5
16161,22568,FELTCRAFT CUSHION OWL,2
16161,22587,FELTCRAFT HAIRBAND RED AND BLUE,5
16161,22629,SPACEBOY LUNCH BOX,2
16161,22630,DOLLY GIRL LUNCH BOX,2
16161,22634,CHILDS BREAKFAST SET SPACEBOY,2
16161,22652,TRAVEL SEWING KIT,20
16161,22745,POPPY'S PLAYHOUSE BEDROOM,4
16161,22746,POPPY'S PLAYHOUSE LIVINGROOM,4
16161,22748,POPPY'S PLAYHOUSE KITCHEN,4
16161,22837,HOT WATER BOTTLE BABUSHKA,3
16161,22909,SET OF 20 VINTAGE CHRISTMAS NAPKINS,4
16161,22910,PAPER CHAIN KIT VINTAGE CHRISTMAS,5
16161,22968,ROSE COTTAGE KEEPSAKE BOX,1
16161,47567B,TEA TIME KITCHEN APRON,2
16161,47591D,PINK FAIRY CAKE CHILDRENS APRON,5
16161,71053,WHITE METAL LANTERN,2
16161,84032B,CHARLIE + LOLA RED HOT WATER BOTTLE,3
16161,85099B,JUMBO BAG RED RETROSPOT,5
16161,85123A,WHITE HANGING HEART T-LIGHT HOLDER,1
16163,22622,BOX OF VINTAGE ALPHABET BLOCKS,24
16163,22961,JAM MAKING SET PRINTED,12
16163,47566,PARTY BUNTING,50
16163,47590A,BLUE HAPPY BIRTHDAY BUNTING,3
16163,47590B,PINK HAPPY BIRTHDAY BUNTING,3
16168,22926,IVORY GIANT GARDEN THERMOMETER,2
16168,22927,GREEN GIANT GARDEN THERMOMETER,2
16168,84347,ROTATING SILVER ANGELS T-LIGHT HLDR,120
16186,20971,PINK BLUE FELT CRAFT TRINKET BOX,12
16186,20972,PINK CREAM FELT CRAFT TRINKET BOX,12
16186,20974,12 PENCILS SMALL TUBE SKULL,24
16186,21232,STRAWBERRY CERAMIC TRINKET BOX,12
16186,21481,FAWN BLUE HOT WATER BOTTLE,12
16186,21700,BIG DOUGHNUT FRIDGE MAGNETS,12
16186,22064,PINK DOUGHNUT TRINKET POT,12
16186,22174,PHOTO CUBE,12
16186,22726,ALARM CLOCK BAKELIKE GREEN,4
16186,22727,ALARM CLOCK BAKELIKE RED,4
16186,22815,CARD PSYCHEDELIC APPLES,12
16186,22821,GIFT BAG PSYCHEDELIC APPLES,12
16186,22865,HAND WARMER OWL DESIGN,12
16186,22961,JAM MAKING SET PRINTED,12
16186,22969,HOMEMADE JAM SCENTED CANDLES,12
16186,22983,CARD BILLBOARD FONT,12
16186,22985,"WRAP, BILLBOARD FONTS DESIGN",25
16186,85014A,BLACK/BLUE POLKADOT UMBRELLA,3
16186,85014B,RED RETROSPOT UMBRELLA,3
16186,85199L,LARGE HANGING IVORY & RED WOOD BIRD,12
16191,22700,BLACK AND WHITE DOG BOWL,24
16191,22701,PINK DOG BOWL,24
16191,22702,BLACK AND WHITE CAT BOWL,24
16191,22834,HAND WARMER BABUSHKA DESIGN,672
16202,20685,DOORMAT RED RETROSPOT,2
16202,21615,4 LAVENDER BOTANICAL DINNER CANDLES,12
16202,21619,4 VANILLA BOTANICAL CANDLES,12
16202,21620,SET OF 4 ROSE BOTANICAL CANDLES,12
16202,21915,RED  HARMONICA IN BOX,12
16202,22294,HEART FILIGREE DOVE  SMALL,24
16202,22427,ENAMEL FLOWER JUG CREAM,6
16202,22504,CABIN BAG VINTAGE RETROSPOT,3
16202,22623,BOX OF VINTAGE JIGSAW BLOCKS,3
16202,47566,PARTY BUNTING,5
16202,79067,CORONA MEXICAN TRAY,4
16202,79321,CHILLI LIGHTS,4
16202,84817,DANISH ROSE DECORATIVE PLATE,24
16202,84819,DANISH ROSE ROUND SEWING BOX,16
16202,84820,DANISH ROSE TRINKET TRAYS,8
16202,84821,DANISH ROSE DELUXE COASTER,24
16202,84823,DANISH ROSE FOLDING CHAIR,8
16202,85231B,CINAMMON SET OF 9 T-LIGHTS,12
16203,20971,PINK BLUE FELT CRAFT TRINKET BOX,12
16203,21912,VINTAGE SNAKES & LADDERS,4
16203,21914,BLUE HARMONICA IN BOX,12
16203,22264,FELT FARM ANIMAL WHITE BUNNY,12
16203,22568,FELTCRAFT CUSHION OWL,4
16203,22570,FELTCRAFT CUSHION RABBIT,4
16203,22725,ALARM CLOCK BAKELIKE CHOCOLATE,4
16203,22726,ALARM CLOCK BAKELIKE GREEN,4
16203,22727,ALARM CLOCK BAKELIKE RED,4
16203,22750,FELTCRAFT PRINCESS LOLA DOLL,4
16203,22960,JAM MAKING SET WITH JARS,6
16210,10135,COLOURING PENCILS BROWN TUBE,20
16210,20685,DOORMAT RED RETROSPOT,10
16210,20801,LARGE PINK GLASS SUNDAE DISH,32
16210,20977,36 PENCILS TUBE WOODLAND,16
16210,20979,36 PENCILS TUBE RED RETROSPOT,16
16210,21137,BLACK RECORD COVER FRAME,1488
16210,21175,GIN + TONIC DIET METAL SIGN,12
16210,21314,SMALL GLASS HEART TRINKET POT,48
16210,21868,POTTING SHED TEA MUG,12
16210,21876,POTTERING MUG,288
16210,22041,"RECORD FRAME 7"" SINGLE SIZE",144
16210,22411,JUMBO SHOPPER VINTAGE RED PAISLEY,10
16210,22423,REGENCY CAKESTAND 3 TIER,16
16210,22571,ROCKING HORSE RED CHRISTMAS,96
16210,22593,CHRISTMAS GINGHAM STAR,144
16210,22595,CHRISTMAS GINGHAM HEART,144
16210,22619,SET OF 6 SOLDIER SKITTLES,12
16210,22632,HAND WARMER RED RETROSPOT,108
16210,22633,HAND WARMER UNION JACK,108
16210,22638,SET OF 4 NAPKIN CHARMS CROWNS,64
16210,22720,SET OF 3 CAKE TINS PANTRY DESIGN,6
16210,22900,SET 2 TEA TOWELS I LOVE LONDON,6
16210,22965,3 TRADITIONAl BISCUIT CUTTERS  SET,6
16210,82582,AREA PATROLLED METAL SIGN,12
16210,84029E,RED WOOLLY HOTTIE WHITE HEART.,24
16210,84946,ANTIQUE SILVER TEA GLASS ETCHED,72
16210,85049A,TRADITIONAL CHRISTMAS RIBBONS,12
16210,85049E,SCANDINAVIAN REDS RIBBONS,12
16210,85054,FRENCH ENAMEL POT W LID,12
16218,20727,LUNCH BAG  BLACK SKULL.,10
16218,20728,LUNCH BAG CARS BLUE,10
16218,21061,PARTY INVITES FOOTBALL,12
16218,21062,PARTY INVITES SPACEMAN,12
16218,21063,PARTY INVITES JAZZ HEARTS,12
16218,21125,SET 6 FOOTBALL CELEBRATION CANDLES,12
16218,21126,SET OF 6 GIRLS CELEBRATION CANDLES,12
16218,21212,PACK OF 72 RETROSPOT CAKE CASES,24
16218,21213,PACK OF 72 SKULL CAKE CASES,24
16218,21975,PACK OF 60 DINOSAUR CAKE CASES,24
16218,22197,SMALL POPCORN HOLDER,36
16218,22296,HEART IVORY TRELLIS LARGE,24
16218,22297,HEART IVORY TRELLIS SMALL,24
16218,22383,LUNCH BAG SUKI  DESIGN,10
16218,22417,PACK OF 60 SPACEBOY CAKE CASES,24
16218,22469,HEART OF WICKER SMALL,12
16218,22771,CLEAR DRAWER KNOB ACRYLIC EDWARDIAN,12
16218,22772,PINK DRAWER KNOB ACRYLIC EDWARDIAN,12
16218,22773,GREEN DRAWER KNOB ACRYLIC EDWARDIAN,12
16218,22805,BLUE DRAWER KNOB ACRYLIC EDWARDIAN,12
16218,22964,3 PIECE SPACEBOY COOKIE CUTTER SET,12
16218,84378,SET OF 3 HEART COOKIE CUTTERS,12
16218,84380,SET OF 3 BUTTERFLY COOKIE CUTTERS,12
16218,84992,72 SWEETHEART FAIRY CAKE CASES,24
16218,85049C,ROMANTIC PINKS RIBBONS,12
16218,85049D,BRIGHT BLUES RIBBONS,12
16218,85049E,SCANDINAVIAN REDS RIBBONS,12
16218,85049G,CHOCOLATE BOX RIBBONS,12
16221,21034,REX CASH+CARRY JUMBO SHOPPER,2
16221,21231,SWEETHEART CERAMIC TRINKET BOX,4
16221,21232,STRAWBERRY CERAMIC TRINKET BOX,4
16221,21466,RED FLOWER CROCHET FOOD COVER,7
16221,21470,FLOWER VINE RAFFIA FOOD COVER,4
16221,21733,RED HANGING HEART T-LIGHT HOLDER,8
16221,22423,REGENCY CAKESTAND 3 TIER,4
16221,22645,CERAMIC HEART FAIRY CAKE MONEY BANK,4
16221,22646,CERAMIC STRAWBERRY CAKE MONEY BANK,4
16221,22804,CANDLEHOLDER PINK HANGING HEART,4
16221,84692,BOX OF 24 COCKTAIL PARASOLS,2
16221,85123A,WHITE HANGING HEART T-LIGHT HOLDER,5
16233,21258,VICTORIAN SEWING BOX LARGE,8
16233,22509,SEWING BOX RETROSPOT DESIGN,4
16241,21479,WHITE SKULL HOT WATER BOTTLE,4
16241,21485,RETROSPOT HEART HOT WATER BOTTLE,3
16241,21621,VINTAGE UNION JACK BUNTING,2
16241,21623,VINTAGE UNION JACK MEMOBOARD,2
16241,21626,VINTAGE UNION JACK PENNANT,12
16241,21733,RED HANGING HEART T-LIGHT HOLDER,6
16241,22086,PAPER CHAIN KIT 50'S CHRISTMAS,6
16241,22632,HAND WARMER RED RETROSPOT,12
16241,22834,HAND WARMER BABUSHKA DESIGN,12
16241,22837,HOT WATER BOTTLE BABUSHKA,4
16241,22865,HAND WARMER OWL DESIGN,12
16241,22867,HAND WARMER BIRD DESIGN,12
16241,84029G,KNITTED UNION FLAG HOT WATER BOTTLE,4
16241,84032B,CHARLIE + LOLA RED HOT WATER BOTTLE,6
16244,20750,RED RETROSPOT MINI CASES,2
16244,20974,12 PENCILS SMALL TUBE SKULL,24
16244,20975,12 PENCILS SMALL TUBE RED RETROSPOT,24
16244,20982,12 PENCILS TALL TUBE SKULLS,12
16244,20983,12 PENCILS TALL TUBE RED RETROSPOT,12
16244,20992,JAZZ HEARTS PURSE NOTEBOOK,12
16244,21041,RED RETROSPOT OVEN GLOVE DOUBLE,6
16244,21108,FAIRY CAKE FLANNEL ASSORTED COLOUR,9
16244,21158,MOODY GIRL DOOR HANGER,12
16244,21159,MOODY BOY  DOOR HANGER,12
16244,21161,KEEP OUT BOYS DOOR HANGER,12
16244,21163,DO NOT TOUCH MY STUFF DOOR HANGER,12
16244,21216,"SET 3 RETROSPOT TEA,COFFEE,SUGAR",4
16244,21313,GLASS HEART T-LIGHT HOLDER,12
16244,21380,WOODEN HAPPY BIRTHDAY GARLAND,6
16244,21381,MINI WOODEN HAPPY BIRTHDAY GARLAND,12
16244,21383,PACK OF 12 STICKY BUNNIES,12
16244,21390,FILIGRIS HEART WITH BUTTERFLY,24
16244,21429,RED GINGHAM ROSE JEWELLERY BOX,8
16244,21430,SET/3 RED GINGHAM ROSE STORAGE BOX,4
16244,21527,RED RETROSPOT TRADITIONAL TEAPOT,2
16244,21533,RETROSPOT LARGE MILK JUG,3
16244,21537,RED RETROSPOT PUDDING BOWL,4
16244,21538,DAIRY MAID  PUDDING BOWL,4
16244,22070,SMALL RED RETROSPOT MUG IN BOX,6
16244,22071,SMALL WHITE RETROSPOT MUG IN BOX,6
16244,22090,PAPER BUNTING RETROSPOT,6
16244,22111,SCOTTIE DOG HOT WATER BOTTLE,3
16244,22113,GREY HEART HOT WATER BOTTLE,4
16244,22131,FOOD CONTAINER SET 3 LOVE HEART,6
16244,22188,BLACK HEART CARD HOLDER,4
16244,22208,WOOD STAMP SET THANK YOU,12
16244,22209,WOOD STAMP SET HAPPY BIRTHDAY,12
16244,22210,WOOD STAMP SET BEST WISHES,12
16244,22212,FOUR HOOK  WHITE LOVEBIRDS,6
16244,22284,HEN HOUSE DECORATION,12
16244,22285,"DECORATION HEN ON NEST, HANGING",12
16244,22297,HEART IVORY TRELLIS SMALL,24
16244,22318,FIVE HEART HANGING DECORATION,6
16244,22335,HEART DECORATION PAINTED ZINC,24
16244,22352,LUNCH BOX WITH CUTLERY RETROSPOT,6
16244,22469,HEART OF WICKER SMALL,12
16244,22499,WOODEN UNION JACK BUNTING,3
16244,22502,PICNIC BASKET WICKER SMALL,4
16244,22637,PIGGY BANK RETROSPOT,6
16244,47566B,TEA TIME PARTY BUNTING,5
16244,47590A,BLUE HAPPY BIRTHDAY BUNTING,3
16244,47590B,PINK HAPPY BIRTHDAY BUNTING,3
16244,47599B,BLUE PARTY BAGS,6
16244,51014A,"FEATHER PEN,HOT PINK",12
16244,72741,GRAND CHOCOLATECANDLE,18
16244,84031A,CHARLIE+LOLA RED HOT WATER BOTTLE,3
16244,84031B,CHARLIE LOLA BLUE HOT WATER BOTTLE,3
16244,84032B,CHARLIE + LOLA RED HOT WATER BOTTLE,6
16244,84406B,CREAM CUPID HEARTS COAT HANGER,8
16244,84509A,SET OF 4 ENGLISH ROSE PLACEMATS,4
16244,84510A,SET OF 4 ENGLISH ROSE COASTERS,10
16244,84836,ZINC METAL HEART DECORATION,12
16244,84970L,SINGLE HEART ZINC T-LIGHT HOLDER,12
16244,84971S,SMALL HEART FLOWERS HOOK,24
16244,84991,60 TEATIME FAIRY CAKE CASES,24
16244,84992,72 SWEETHEART FAIRY CAKE CASES,24
16244,85216,ASSORTED CAKES FRIDGE MAGNETS,12
16250,21115,ROSE CARAVAN DOORSTOP,4
16250,21363,HOME SMALL WOOD LETTERS,3
16250,21411,GINGHAM HEART  DOORSTOP RED,3
16250,21523,DOORMAT FANCY FONT HOME SWEET HOME,2
16250,21754,HOME BUILDING BLOCK WORD,3
16250,21755,LOVE BUILDING BLOCK WORD,3
16250,22242,5 HOOK HANGER MAGIC TOADSTOOL,12
16250,22318,FIVE HEART HANGING DECORATION,6
16250,22464,HANGING METAL HEART LANTERN,12
16250,22469,HEART OF WICKER SMALL,12
16250,22915,ASSORTED BOTTLE TOP  MAGNETS,12
16250,22922,FRIDGE MAGNETS US DINER ASSORTED,12
16250,22923,FRIDGE MAGNETS LES ENFANTS ASSORTED,12
16250,22969,HOMEMADE JAM SCENTED CANDLES,12
16255,18098C,PORCELAIN BUTTERFLY OIL BURNER,2
16255,20914,SET/5 RED RETROSPOT LID GLASS BOWLS,4
16255,21035,SET/2 RED RETROSPOT TEA TOWELS,2
16255,21080,SET/20 RED RETROSPOT PAPER NAPKINS,4
16255,21212,PACK OF 72 RETROSPOT CAKE CASES,24
16255,21535,RED RETROSPOT SMALL MILK JUG,2
16255,22169,FAMILY ALBUM WHITE PICTURE FRAME,2
16255,22170,PICTURE FRAME WOOD TRIPLE PORTRAIT,3
16255,22173,METAL 4 HOOK HANGER FRENCH CHATEAU,6
16255,22197,SMALL POPCORN HOLDER,22
16255,22366,DOORMAT AIRMAIL,2
16255,22555,PLASTERS IN TIN STRONGMAN,8
16255,22652,TRAVEL SEWING KIT,20
16255,22654,DELUXE SEWING KIT,4
16255,22667,RECIPE BOX RETROSPOT,3
16255,22761,CHEST 7 DRAWER MA CAMPAGNE,1
16255,22762,CUPBOARD 3 DRAWER MA CAMPAGNE,1
16255,22776,SWEETHEART CAKESTAND 3 TIER,2
16255,22851,SET 20 NAPKINS FAIRY CAKES DESIGN,2
16255,22900,SET 2 TEA TOWELS I LOVE LONDON,3
16255,22966,GINGERBREAD MAN COOKIE CUTTER,12
16255,79321,CHILLI LIGHTS,4
16255,84378,SET OF 3 HEART COOKIE CUTTERS,12
16255,84520B,PACK 20 ENGLISH ROSE PAPER NAPKINS,2
16255,84991,60 TEATIME FAIRY CAKE CASES,24
16255,85066,CREAM SWEETHEART MINI CHEST,2
16265,20798,CLEAR MILKSHAKE GLASS,12
16265,20961,STRAWBERRY BATH SPONGE,20
16265,20963,APPLE BATH SPONGE,20
16265,21463,MIRRORED DISCO BALL,2
16265,21464,DISCO BALL ROTATOR BATTERY OPERATED,2
16265,21481,FAWN BLUE HOT WATER BOTTLE,12
16265,21790,VINTAGE SNAP CARDS,24
16265,21791,VINTAGE HEADS AND TAILS CARD GAME,24
16265,21868,POTTING SHED TEA MUG,12
16265,21949,SET OF 6 STRAWBERRY CHOPSTICKS,12
16265,22308,TEA COSY BLUE STRIPE,6
16265,22441,GROW YOUR OWN BASIL IN ENAMEL MUG,8
16265,22585,PACK OF 6 BIRDY GIFT TAGS,12
16265,22604,SET OF 4 NAPKIN CHARMS CUTLERY,6
16265,22624,IVORY KITCHEN SCALES,2
16265,22625,RED KITCHEN SCALES,2
16265,22627,MINT KITCHEN SCALES,2
16265,22736,RIBBON REEL MAKING SNOWMEN,10
16265,22738,RIBBON REEL SNOWY VILLAGE,10
16265,22745,POPPY'S PLAYHOUSE BEDROOM,6
16265,22746,POPPY'S PLAYHOUSE LIVINGROOM,6
16265,22747,POPPY'S PLAYHOUSE BATHROOM,6
16265,22748,POPPY'S PLAYHOUSE KITCHEN,6
16265,22752,SET 7 BABUSHKA NESTING BOXES,4
16265,22943,CHRISTMAS LIGHTS 10 VINTAGE BAUBLES,15
16265,37475,SET/4 COLOURFUL MIXING BOWLS,4
16265,47021G,SET/6 BEAD COASTERS GAUZE BAG GOLD,12
16265,47421,ASSORTED COLOUR LIZARD SUCTION HOOK,48
16265,79067,CORONA MEXICAN TRAY,8
16265,84029G,KNITTED UNION FLAG HOT WATER BOTTLE,8
16265,84030E,ENGLISH ROSE HOT WATER BOTTLE,8
16265,84951A,SET OF 4 PISTACHIO LOVEBIRD COASTER,6
16265,84951B,SET OF 4 BLACK LOVEBIRD COASTERS,6
16265,84969,BOX OF 6 ASSORTED COLOUR TEASPOONS,6
16265,85048,15CM CHRISTMAS GLASS BALL 20 LIGHTS,10
16265,85114B,IVORY ENCHANTED FOREST PLACEMAT,12
16270,15044A,PINK PAPER PARASOL,6
16270,15044C,PURPLE PAPER PARASOL,6
16270,20961,STRAWBERRY BATH SPONGE,50
16270,20963,APPLE BATH SPONGE,50
16270,20966,SANDWICH BATH SPONGE,50
16270,21110,LARGE CAKE TOWEL PINK SPOTS,2
16270,21111,"SWISS ROLL TOWEL, CHOCOLATE  SPOTS",6
16270,21135,VICTORIAN  METAL POSTCARD SPRING,8
16270,21136,PAINTED METAL PEARS ASSORTED,8
16270,21468,BUTTERFLY CROCHET FOOD COVER,6
16270,21781,MA CAMPAGNE CUTLERY BOX,8
16270,21788,KIDS RAIN MAC BLUE,24
16270,21789,KIDS RAIN MAC PINK,24
16270,21917,SET 12 KIDS  WHITE CHALK STICKS,24
16270,21918,SET 12 KIDS COLOUR  CHALK STICKS,24
16270,22076,6 RIBBONS EMPIRE,12
16270,22138,BAKING SET 9 PIECE RETROSPOT,3
16270,22139,RETROSPOT TEA SET CERAMIC 11 PC,3
16270,22244,3 HOOK HANGER MAGIC GARDEN,12
16270,22282,12 EGG HOUSE PAINTED WOOD,2
16270,22284,HEN HOUSE DECORATION,12
16270,22348,TEA BAG PLATE RED RETROSPOT,12
16270,22352,LUNCH BOX WITH CUTLERY RETROSPOT,6
16270,22444,GROW YOUR OWN PLANT IN A CAN,24
16270,22445,PENCIL CASE LIFE IS BEAUTIFUL,6
16270,22488,NATURAL SLATE RECTANGLE CHALKBOARD,12
16270,22489,PACK OF 12 TRADITIONAL CRAYONS,24
16270,22514,CHILDS GARDEN SPADE BLUE,6
16270,22515,CHILDS GARDEN SPADE PINK,6
16270,22516,CHILDS GARDEN RAKE BLUE,6
16270,22517,CHILDS GARDEN RAKE PINK,6
16270,22518,CHILDS GARDEN BRUSH BLUE,6
16270,22519,CHILDS GARDEN BRUSH PINK,6
16270,22522,CHILDS GARDEN FORK BLUE,12
16270,22523,CHILDS GARDEN FORK PINK,12
16270,22526,WHEELBARROW FOR CHILDREN,1
16270,22538,MINI JIGSAW GO TO THE FAIR,24
16270,22544,MINI JIGSAW SPACEBOY,24
16270,22551,PLASTERS IN TIN SPACEBOY,12
16270,22560,TRADITIONAL MODELLING CLAY,24
16270,22566,FELTCRAFT HAIRBAND PINK AND PURPLE,12
16270,22607,WOODEN ROUNDERS GARDEN SET,2
16270,22617,BAKING SET SPACEBOY DESIGN,3
16270,22618,COOKING SET RETROSPOT,2
16270,22652,TRAVEL SEWING KIT,10
16270,22674,FRENCH TOILET SIGN BLUE METAL,12
16270,22675,FRENCH KITCHEN SIGN BLUE METAL,12
16270,22693,GROW A FLYTRAP OR SUNFLOWER IN TIN,24
16270,22745,POPPY'S PLAYHOUSE BEDROOM,6
16270,22746,POPPY'S PLAYHOUSE LIVINGROOM,6
16270,22783,SET 3 WICKER OVAL BASKETS W LIDS,4
16270,22851,SET 20 NAPKINS FAIRY CAKES DESIGN,12
16270,37500,TEA TIME TEAPOT IN GIFT BOX,2
16270,85177,BASKET OF FLOWERS SEWING KIT,12
16271,20724,RED RETROSPOT CHARLOTTE BAG,10
16271,21034,REX CASH+CARRY JUMBO SHOPPER,2
16271,21232,STRAWBERRY CERAMIC TRINKET BOX,6
16271,21355,TOAST ITS - I LOVE YOU,1
16271,21704,BAG 250g SWIRLY MARBLES,1
16271,21912,VINTAGE SNAKES & LADDERS,1
16271,22355,CHARLOTTE BAG SUKI DESIGN,1
16271,22411,JUMBO SHOPPER VINTAGE RED PAISLEY,10
16271,22644,CERAMIC CHERRY CAKE MONEY BANK,4
16271,22645,CERAMIC HEART FAIRY CAKE MONEY BANK,4
16271,22646,CERAMIC STRAWBERRY CAKE MONEY BANK,4
16271,22804,CANDLEHOLDER PINK HANGING HEART,6
16271,47420,ASSORTED COLOUR SUCTION CUP HOOK,48
16271,84991,60 TEATIME FAIRY CAKE CASES,14
16271,85099B,JUMBO BAG RED RETROSPOT,10
16271,85123A,WHITE HANGING HEART T-LIGHT HOLDER,6
16274,21014,SWISS CHALET TREE DECORATION,2
16274,21018,BIRD BOX CHRISTMAS TREE DECORATION,2
16274,21071,VINTAGE BILLBOARD DRINK ME MUG,1
16274,21147,JINGLE BELLS TREE DECORATION,2
16274,21191,LARGE WHITE HONEYCOMB PAPER BELL,2
16274,21340,CLASSIC METAL BIRDCAGE PLANT HOLDER,1
16274,21351,CINAMMON & ORANGE WREATH,2
16274,21462,"NURSERY A,B,C PAINTED LETTERS",1
16274,21587,COSY HOUR GIANT TUBE MATCHES,3
16274,21591,COSY HOUR CIGAR BOX MATCHES,2
16274,21761,WOOD AND GLASS MEDICINE CABINET,1
16274,21804,WHITE CHRISTMAS GARLAND STARS TREES,1
16274,21808,"CHRISTMAS GARLAND STARS,TREES",1
16274,21809,CHRISTMAS HANGING TREE WITH BELL,2
16274,21810,CHRISTMAS HANGING STAR WITH BELL,2
16274,21811,CHRISTMAS HANGING HEART WITH BELL,2
16274,21813,GARLAND WITH STARS AND BELLS,1
16274,21817,GLITTER CHRISTMAS TREE,1
16274,21818,GLITTER CHRISTMAS HEART,1
16274,21823,PAINTED METAL HEART WITH HOLLY BELL,4
16274,21871,SAVE THE PLANET MUG,1
16274,22086,PAPER CHAIN KIT 50'S CHRISTMAS,1
16274,22111,SCOTTIE DOG HOT WATER BOTTLE,2
16274,22113,GREY HEART HOT WATER BOTTLE,1
16274,22119,PEACE WOODEN BLOCK LETTERS,1
16274,22121,NOEL WOODEN BLOCK LETTERS,1
16274,22130,PARTY CONE CHRISTMAS DECORATION,12
16274,22171,3 HOOK PHOTO SHELF ANTIQUE WHITE,1
16274,22428,ENAMEL FIRE BUCKET CREAM,1
16274,22494,EMERGENCY FIRST AID TIN,1
16274,22496,SET OF 2 ROUND TINS DUTCH CHEESE,1
16274,22571,ROCKING HORSE RED CHRISTMAS,4
16274,22572,ROCKING HORSE GREEN CHRISTMAS,1
16274,22573,STAR WOODEN CHRISTMAS DECORATION,1
16274,22576,SWALLOW WOODEN CHRISTMAS DECORATION,3
16274,22579,WOODEN TREE CHRISTMAS SCANDINAVIAN,1
16274,22581,WOOD STOCKING CHRISTMAS SCANDISPOT,3
16274,22603,CHRISTMAS RETROSPOT TREE WOOD,1
16274,22616,PACK OF 12 LONDON TISSUES,12
16274,22622,BOX OF VINTAGE ALPHABET BLOCKS,1
16274,22635,CHILDS BREAKFAST SET DOLLY GIRL,1
16274,22638,SET OF 4 NAPKIN CHARMS CROWNS,1
16274,22639,SET OF 4 NAPKIN CHARMS HEARTS,1
16274,22640,SET OF 4 NAPKIN CHARMS 3 KEYS,1
16274,22641,SET OF 4 NAPKIN CHARMS INSTRUMENT,2
16274,22659,LUNCH BOX I LOVE LONDON,1
16274,22660,DOORMAT I LOVE LONDON,1
16274,22713,CARD I LOVE LONDON,12
16274,22731,3D CHRISTMAS STAMPS STICKERS,2
16274,22738,RIBBON REEL SNOWY VILLAGE,1
16274,22739,RIBBON REEL CHRISTMAS SOCK BAUBLE,1
16274,22750,FELTCRAFT PRINCESS LOLA DOLL,1
16274,22765,NEWSPAPER STAND,1
16274,22767,TRIPLE PHOTO FRAME CORNICE,1
16274,22816,CARD MOTORBIKE SANTA,12
16274,22818,CARD CHRISTMAS VILLAGE,12
16274,22825,DECORATIVE PLANT POT WITH FRIEZE,1
16274,22941,CHRISTMAS LIGHTS 10 REINDEER,1
16274,22945,CHRISTMAS METAL TAGS ASSORTED,12
16274,22946,WOODEN ADVENT CALENDAR CREAM,1
16274,84870B,BLUE GEISHA GIRL,1
16274,84870C,GREEN GEISHA GIRL,1
16274,85232B,SET OF 3 BABUSHKA STACKING TINS,1
16274,M,Manual,2
16293,20682,RED RETROSPOT CHILDRENS UMBRELLA,6
16293,20972,PINK CREAM FELT CRAFT TRINKET BOX,12
16293,21175,GIN + TONIC DIET METAL SIGN,12
16293,21755,LOVE BUILDING BLOCK WORD,3
16293,21843,RED RETROSPOT CAKE STAND,1
16293,21908,CHOCOLATE THIS WAY METAL SIGN,12
16293,22149,FELTCRAFT 6 FLOWER FRIENDS,6
16293,22299,PIG KEYRING WITH LIGHT & SOUND,24
16293,22444,GROW YOUR OWN PLANT IN A CAN,24
16293,22804,CANDLEHOLDER PINK HANGING HEART,6
16293,22834,HAND WARMER BABUSHKA DESIGN,24
16293,22867,HAND WARMER BIRD DESIGN,24
16293,72349B,SET/6 PURPLE BUTTERFLY T-LIGHTS,12
16293,72741,GRAND CHOCOLATECANDLE,9
16293,84945,MULTI COLOUR SILVER T-LIGHT HOLDER,12
16293,85066,CREAM SWEETHEART MINI CHEST,2
16306,21494,ROTATING LEAVES T-LIGHT HOLDER,12
16306,22086,PAPER CHAIN KIT 50'S CHRISTMAS,18
16316,20914,SET/5 RED RETROSPOT LID GLASS BOWLS,6
16316,21068,VINTAGE BILLBOARD LOVE/HATE MUG,12
16316,21071,VINTAGE BILLBOARD DRINK ME MUG,12
16316,21719,LOVELY BONBON STICKER SHEET,12
16316,21722,SWEET PUDDING STICKER SHEET,12
16316,21725,SWEETIES  STICKERS,12
16316,21832,CHOCOLATE CALCULATOR,12
16316,22024,RAINY LADIES BIRTHDAY CARD,12
16316,22028,PENNY FARTHING BIRTHDAY CARD,12
16316,22035,VINTAGE CARAVAN GREETING CARD,12
16316,22132,RED LOVE HEART SHAPE CUP,12
16316,22420,LIPSTICK PEN BABY PINK,12
16316,22422,TOOTHPASTE TUBE PEN,12
16316,22609,PENS ASSORTED SPACEBALL,36
16316,22625,RED KITCHEN SCALES,6
16316,22626,BLACK KITCHEN SCALES,4
16316,22629,SPACEBOY LUNCH BOX,12
16316,22636,CHILDS BREAKFAST SET CIRCUS PARADE,2
16316,85099B,JUMBO BAG RED RETROSPOT,10
16316,85099F,JUMBO BAG STRAWBERRY,10
16327,15039,SANDALWOOD FAN,3
16327,20719,WOODLAND CHARLOTTE BAG,2
16327,20723,STRAWBERRY CHARLOTTE BAG,4
16327,20724,RED RETROSPOT CHARLOTTE BAG,4
16327,20725,LUNCH BAG RED RETROSPOT,4
16327,20727,LUNCH BAG  BLACK SKULL.,2
16327,20728,LUNCH BAG CARS BLUE,3
16327,20971,PINK BLUE FELT CRAFT TRINKET BOX,4
16327,20972,PINK CREAM FELT CRAFT TRINKET BOX,5
16327,21154,RED RETROSPOT OVEN GLOVE,8
16327,21155,RED RETROSPOT PEG BAG,2
16327,21157,RED RETROSPOT WASHBAG,11
16327,21231,SWEETHEART CERAMIC TRINKET BOX,3
16327,21232,STRAWBERRY CERAMIC TRINKET BOX,2
16327,21257,VICTORIAN SEWING BOX MEDIUM,2
16327,21260,FIRST AID TIN,4
16327,21421,PORCELAIN ROSE LARGE,3
16327,21422,PORCELAIN ROSE SMALL,3
16327,21494,ROTATING LEAVES T-LIGHT HOLDER,4
16327,22151,PLACE SETTING WHITE HEART,24
16327,22175,PINK OWL SOFT TOY,1
16327,22300,COFFEE MUG DOG + BALL DESIGN,1
16327,22301,COFFEE MUG CAT + BIRD DESIGN,1
16327,22348,TEA BAG PLATE RED RETROSPOT,10
16327,22355,CHARLOTTE BAG SUKI DESIGN,10
16327,22379,RECYCLING BAG RETROSPOT,20
16327,22381,TOY TIDY PINK POLKADOT,3
16327,22383,LUNCH BAG SUKI  DESIGN,4
16327,22457,NATURAL SLATE HEART CHALKBOARD,2
16327,22464,HANGING METAL HEART LANTERN,3
16327,22469,HEART OF WICKER SMALL,8
16327,22470,HEART OF WICKER LARGE,3
16327,22494,EMERGENCY FIRST AID TIN,6
16327,22560,TRADITIONAL MODELLING CLAY,2
16327,22630,DOLLY GIRL LUNCH BOX,3
16327,22646,CERAMIC STRAWBERRY CAKE MONEY BANK,4
16327,22666,RECIPE BOX PANTRY YELLOW DESIGN,4
16327,22667,RECIPE BOX RETROSPOT,3
16327,22728,ALARM CLOCK BAKELIKE PINK,1
16327,22791,T-LIGHT GLASS FLUTED ANTIQUE,1
16327,22792,FLUTED ANTIQUE CANDLE HOLDER,1
16327,35653,VINTAGE BEAD NOTEBOOK,5
16327,47559B,TEA TIME OVEN GLOVE,4
16327,47591D,PINK FAIRY CAKE CHILDRENS APRON,6
16327,71477,COLOUR GLASS. STAR T-LIGHT HOLDER,4
16327,72351A,SET/6 TURQUOISE BUTTERFLY T-LIGHTS,2
16327,82578,KITCHEN METAL SIGN,4
16327,82580,BATHROOM METAL SIGN,4
16327,82600,NO SINGING METAL SIGN,2
16327,84050,PINK HEART SHAPE EGG FRYING PAN,4
16327,84569D,PACK 6 HEART/ICE-CREAM PATCHES,6
16327,84832,ZINC WILLIE WINKIE  CANDLE STICK,16
16327,84836,ZINC METAL HEART DECORATION,5
16327,84879,ASSORTED COLOUR BIRD ORNAMENT,13
16327,84921,CREAM AND PINK FLOWERS PONY,1
16327,84945,MULTI COLOUR SILVER T-LIGHT HOLDER,36
16327,84946,ANTIQUE SILVER TEA GLASS ETCHED,18
16327,84970L,SINGLE HEART ZINC T-LIGHT HOLDER,3
16327,84970S,HANGING HEART ZINC T-LIGHT HOLDER,12
16327,84971S,SMALL HEART FLOWERS HOOK,9
16327,84978,HANGING HEART JAR T-LIGHT HOLDER,6
16327,85099F,JUMBO BAG STRAWBERRY,1
16327,85130A,BEADED PEARL HEART WHITE LARGE,1
16327,85130D,BEADED CRYSTAL HEART PINK LARGE,5
16327,85185B,PINK HORSE SOCK PUPPET,1
16327,M,Manual,36
16353,79321,CHILLI LIGHTS,120
16365,20749,ASSORTED COLOUR MINI CASES,36
16365,22168,ORGANISER WOOD ANTIQUE WHITE,1
16365,22179,SET 10 LIGHTS NIGHT OWL,1
16365,22763,KEY CABINET MA CAMPAGNE,1
16365,22943,CHRISTMAS LIGHTS 10 VINTAGE BAUBLES,1
16365,48194,DOORMAT HEARTS,1
16365,84763,ZINC FINISH 15CM PLANTER POTS,96
16367,20793,BLUE TILED TRAY,1
16367,20977,36 PENCILS TUBE WOODLAND,1
16367,21034,REX CASH+CARRY JUMBO SHOPPER,1
16367,21163,DO NOT TOUCH MY STUFF DOOR HANGER,1
16367,21380,WOODEN HAPPY BIRTHDAY GARLAND,2
16367,21411,GINGHAM HEART  DOORSTOP RED,1
16367,21463,MIRRORED DISCO BALL,1
16367,21464,DISCO BALL ROTATOR BATTERY OPERATED,1
16367,21506,"FANCY FONT BIRTHDAY CARD,",12
16367,21730,GLASS STAR FROSTED T-LIGHT HOLDER,1
16367,21755,LOVE BUILDING BLOCK WORD,1
16367,21981,PACK OF 12 WOODLAND TISSUES,2
16367,21983,PACK OF 12 BLUE PAISLEY TISSUES,2
16367,21984,PACK OF 12 PINK PAISLEY TISSUES,4
16367,22086,PAPER CHAIN KIT 50'S CHRISTMAS,1
16367,22456,NATURAL SLATE CHALKBOARD LARGE,1
16367,22457,NATURAL SLATE HEART CHALKBOARD,1
16367,22470,HEART OF WICKER LARGE,2
16367,22499,WOODEN UNION JACK BUNTING,2
16367,22554,PLASTERS IN TIN WOODLAND ANIMALS,1
16367,22557,PLASTERS IN TIN VINTAGE PAISLEY,1
16367,22672,FRENCH BATHROOM SIGN BLUE METAL,1
16367,22812,PACK 3 BOXES CHRISTMAS PANNETONE,2
16367,22855,FINE WICKER HEART,12
16367,22927,GREEN GIANT GARDEN THERMOMETER,1
16367,22961,JAM MAKING SET PRINTED,2
16367,22963,JAM JAR WITH GREEN LID,6
16367,48138,DOORMAT UNION FLAG,1
16367,79066K,RETRO MOD TRAY,1
16367,82484,WOOD BLACK BOARD ANT WHITE FINISH,2
16367,84763,ZINC FINISH 15CM PLANTER POTS,3
16367,84789,ENCHANTED BIRD PLANT CAGE,2
16367,84978,HANGING HEART JAR T-LIGHT HOLDER,18
16385,21175,GIN + TONIC DIET METAL SIGN,12
16385,21181,PLEASE ONE PERSON METAL SIGN,12
16385,21584,RETROSPOT SMALL TUBE MATCHES,12
16385,21588,RETROSPOT GIANT TUBE MATCHES,4
16385,22083,PAPER CHAIN KIT RETROSPOT,4
16385,22084,PAPER CHAIN KIT EMPIRE,6
16385,22168,ORGANISER WOOD ANTIQUE WHITE,1
16385,22265,EASTER DECORATION NATURAL CHICK,2
16385,22622,BOX OF VINTAGE ALPHABET BLOCKS,1
16385,22633,HAND WARMER UNION JACK,1
16385,22867,HAND WARMER BIRD DESIGN,2
16385,22911,PAPER CHAIN KIT LONDON,2
16385,22916,HERB MARKER THYME,1
16385,22918,HERB MARKER PARSLEY,2
16385,22919,HERB MARKER MINT,1
16385,22920,HERB MARKER BASIL,1
16385,22938,CUPCAKE LACE PAPER SET 6,1
16385,47420,ASSORTED COLOUR SUCTION CUP HOOK,4
16385,84993B,75 BLACK PETIT FOUR CASES,1
16393,20725,LUNCH BAG RED RETROSPOT,6
16393,20728,LUNCH BAG CARS BLUE,3
16393,21034,REX CASH+CARRY JUMBO SHOPPER,1
16393,21463,MIRRORED DISCO BALL,2
16393,22371,AIRLINE BAG VINTAGE TOKYO 78,8
16393,22629,SPACEBOY LUNCH BOX,4
16393,22632,HAND WARMER RED RETROSPOT,7
16393,22633,HAND WARMER UNION JACK,16
16393,22659,LUNCH BOX I LOVE LONDON,2
16393,22745,POPPY'S PLAYHOUSE BEDROOM,3
16393,22746,POPPY'S PLAYHOUSE LIVINGROOM,3
16393,22791,T-LIGHT GLASS FLUTED ANTIQUE,10
16393,22834,HAND WARMER BABUSHKA DESIGN,7
16393,22865,HAND WARMER OWL DESIGN,12
16393,22866,HAND WARMER SCOTTY DOG DESIGN,14
16393,22867,HAND WARMER BIRD DESIGN,12
16393,22892,SET OF SALT AND PEPPER TOADSTOOLS,12
16393,22900,SET 2 TEA TOWELS I LOVE LONDON,6
16393,22902,TOTE BAG I LOVE LONDON,6
16393,47591B,SCOTTIES CHILDRENS APRON,3
16402,20702,PINK PADDED MOBILE,1
16402,20748,KENSINGTON COFFEE SET,1
16402,21106,CREAM SLICE FLANNEL CHOCOLATE SPOT,3
16402,21107,CREAM SLICE FLANNEL PINK SPOT,2
16402,21109,LARGE CAKE TOWEL CHOCOLATE SPOTS,1
16402,21114,LAVENDER SCENTED FABRIC HEART,5
16402,21147,JINGLE BELLS TREE DECORATION,1
16402,21380,WOODEN HAPPY BIRTHDAY GARLAND,1
16402,21580,RABBIT  DESIGN  COTTON TOTE BAG,1
16402,21623,VINTAGE UNION JACK MEMOBOARD,1
16402,21864,UNION JACK FLAG PASSPORT COVER,1
16402,21865,PINK UNION JACK  PASSPORT COVER,1
16402,21878,PACK OF 6 SANDCASTLE FLAGS ASSORTED,1
16402,22065,CHRISTMAS PUDDING TRINKET POT,2
16402,22084,PAPER CHAIN KIT EMPIRE,1
16402,22087,PAPER BUNTING WHITE LACE,1
16402,22091,EMPIRE TISSUE BOX,1
16402,22093,MOTORING TISSUE BOX,1
16402,22094,RED RETROSPOT TISSUE BOX,2
16402,22097,SWALLOW SQUARE TISSUE BOX,1
16402,22098,BOUDOIR SQUARE TISSUE BOX,2
16402,22099,CARAVAN SQUARE TISSUE BOX,1
16402,22128,PARTY CONES CANDY ASSORTED,6
16402,22129,PARTY CONES CANDY TREE DECORATION,6
16402,22358,KINGS CHOICE TEA CADDY,1
16402,22386,JUMBO BAG PINK POLKADOT,2
16402,22487,WHITE WOOD GARDEN PLANT LADDER,1
16402,22499,WOODEN UNION JACK BUNTING,1
16402,22560,TRADITIONAL MODELLING CLAY,2
16402,22563,HAPPY STENCIL CRAFT,1
16402,22564,ALPHABET STENCIL CRAFT,1
16402,22585,PACK OF 6 BIRDY GIFT TAGS,2
16402,22633,HAND WARMER UNION JACK,2
16402,22638,SET OF 4 NAPKIN CHARMS CROWNS,1
16402,22639,SET OF 4 NAPKIN CHARMS HEARTS,1
16402,22666,RECIPE BOX PANTRY YELLOW DESIGN,1
16402,22667,RECIPE BOX RETROSPOT,1
16402,22807,SET OF 6 T-LIGHTS TOADSTOOLS,1
16402,22808,SET OF 6 T-LIGHTS EASTER CHICKS,1
16402,22813,PACK 3 BOXES BIRD PANNETONE,1
16402,22859,EASTER TIN BUNNY BOUQUET,2
16402,22860,EASTER TIN CHICKS PINK DAISY,2
16402,22865,HAND WARMER OWL DESIGN,1
16402,22867,HAND WARMER BIRD DESIGN,2
16402,22907,PACK OF 20 NAPKINS PANTRY DESIGN,1
16402,22956,36 FOIL HEART CAKE CASES,2
16402,22961,JAM MAKING SET PRINTED,4
16402,22962,JAM JAR WITH PINK LID,6
16402,22963,JAM JAR WITH GREEN LID,6
16402,22969,HOMEMADE JAM SCENTED CANDLES,12
16402,85174,S/4 CACTI CANDLES,1
16402,85187,S/12 MINI RABBIT EASTER,1
16402,85208,SET/12 FUNKY FELT FLOWER PEG IN BAG,1
16411,21156,RETROSPOT CHILDRENS APRON,3
16411,21212,PACK OF 72 RETROSPOT CAKE CASES,3
16411,21484,CHICK GREY HOT WATER BOTTLE,1
16411,21657,MILK BOTTLE WITH GLASS STOPPER,3
16411,21754,HOME BUILDING BLOCK WORD,3
16411,21915,RED  HARMONICA IN BOX,1
16411,22231,JIGSAW TREE WITH BIRDHOUSE,1
16411,22312,OFFICE MUG WARMER POLKADOT,2
16411,22367,CHILDRENS APRON SPACEBOY DESIGN,3
16411,22417,PACK OF 60 SPACEBOY CAKE CASES,3
16411,22551,PLASTERS IN TIN SPACEBOY,3
16411,22553,PLASTERS IN TIN SKULLS,4
16411,22555,PLASTERS IN TIN STRONGMAN,6
16411,22556,PLASTERS IN TIN CIRCUS PARADE,5
16411,22557,PLASTERS IN TIN VINTAGE PAISLEY,3
16411,22697,GREEN REGENCY TEACUP AND SAUCER,1
16411,22792,FLUTED ANTIQUE CANDLE HOLDER,12
16411,22910,PAPER CHAIN KIT VINTAGE CHRISTMAS,1
16411,84946,ANTIQUE SILVER TEA GLASS ETCHED,12
16422,17003,BROCADE RING PURSE,720
16422,20676,RED RETROSPOT BOWL,72
16422,20677,PINK POLKADOT BOWL,72
16422,20963,APPLE BATH SPONGE,10
16422,20974,12 PENCILS SMALL TUBE SKULL,48
16422,20975,12 PENCILS SMALL TUBE RED RETROSPOT,144
16422,21080,SET/20 RED RETROSPOT PAPER NAPKINS,96
16422,21094,SET/6 RED SPOTTY PAPER PLATES,192
16422,21121,SET/10 RED POLKADOT PARTY CANDLES,288
16422,21122,SET/10 PINK POLKADOT PARTY CANDLES,288
16422,21380,WOODEN HAPPY BIRTHDAY GARLAND,12
16422,21948,SET OF 6 CAKE CHOPSTICKS,24
16422,21989,PACK OF 20 SKULL PAPER NAPKINS,96
16422,22090,PAPER BUNTING RETROSPOT,40
16422,22260,FELT EGG COSY BLUE RABBIT,24
16422,22262,FELT EGG COSY CHICKEN,24
16422,22465,HANGING METAL STAR LANTERN,12
16422,40016,CHINESE DRAGON PAPER LANTERNS,48
16422,47590A,BLUE HAPPY BIRTHDAY BUNTING,50
16422,47599A,PINK PARTY BAGS,50
16422,47599B,BLUE PARTY BAGS,50
16422,72351B,SET/6 PINK  BUTTERFLY T-LIGHTS,36
16442,20674,GREEN POLKADOT BOWL,2
16442,20675,BLUE POLKADOT BOWL,2
16442,21033,JUMBO BAG CHARLIE AND LOLA TOYS,1
16442,21059,PARTY INVITES DINOSAURS,1
16442,21098,CHRISTMAS TOILET ROLL,1
16442,21106,CREAM SLICE FLANNEL CHOCOLATE SPOT,1
16442,21240,BLUE POLKADOT CUP,3
16442,21244,BLUE POLKADOT PLATE,2
16442,21245,GREEN POLKADOT PLATE,2
16442,21380,WOODEN HAPPY BIRTHDAY GARLAND,1
16442,21705,BAG 500g SWIRLY MARBLES,1
16442,21867,PINK UNION JACK  LUGGAGE TAG,1
16442,21884,CAKES AND BOWS GIFT  TAPE,1
16442,21892,TRADITIONAL WOODEN CATCH CUP GAME,1
16442,21912,VINTAGE SNAKES & LADDERS,1
16442,21915,RED  HARMONICA IN BOX,1
16442,22079,RIBBON REEL HEARTS DESIGN,2
16442,22080,RIBBON REEL POLKADOTS,1
16442,22082,RIBBON REEL STRIPES DESIGN,1
16442,22113,GREY HEART HOT WATER BOTTLE,1
16442,22150,3 STRIPEY MICE FELTCRAFT,1
16442,22189,CREAM HEART CARD HOLDER,2
16442,22190,LOCAL CAFE MUG,1
16442,22210,WOOD STAMP SET BEST WISHES,1
16442,22273,FELTCRAFT DOLL MOLLY,2
16442,22334,DINOSAUR PARTY BAG + STICKER SET,2
16442,22469,HEART OF WICKER SMALL,2
16442,22470,HEART OF WICKER LARGE,1
16442,22512,DOORSTOP RACING CAR DESIGN,1
16442,22556,PLASTERS IN TIN CIRCUS PARADE,1
16442,22568,FELTCRAFT CUSHION OWL,1
16442,22607,WOODEN ROUNDERS GARDEN SET,1
16442,22620,4 TRADITIONAL SPINNING TOPS,2
16442,22663,JUMBO BAG DOLLY GIRL DESIGN,1
16442,22689,DOORMAT MERRY CHRISTMAS RED,2
16442,22739,RIBBON REEL CHRISTMAS SOCK BAUBLE,5
16442,22756,LARGE YELLOW BABUSHKA NOTEBOOK,1
16442,22757,LARGE RED BABUSHKA NOTEBOOK,1
16442,22759,SET OF 3 NOTEBOOKS IN PARCEL,2
16442,22845,VINTAGE CREAM CAT FOOD CONTAINER,1
16442,84032A,CHARLIE+LOLA PINK HOT WATER BOTTLE,2
16442,84032B,CHARLIE + LOLA RED HOT WATER BOTTLE,1
16442,85035A,GARDENIA 3 WICK MORRIS BOXED CANDLE,1
16442,85035C,ROSE 3 WICK MORRIS BOX CANDLE,1
16455,20969,RED FLORAL FELTCRAFT SHOULDER BAG,8
16455,20970,PINK FLORAL FELTCRAFT SHOULDER BAG,8
16455,20971,PINK BLUE FELT CRAFT TRINKET BOX,12
16455,20972,PINK CREAM FELT CRAFT TRINKET BOX,12
16455,21034,REX CASH+CARRY JUMBO SHOPPER,2
16455,21479,WHITE SKULL HOT WATER BOTTLE,6
16455,22111,SCOTTIE DOG HOT WATER BOTTLE,6
16455,22112,CHOCOLATE HOT WATER BOTTLE,6
16455,22147,FELTCRAFT BUTTERFLY HEARTS,12
16455,22149,FELTCRAFT 6 FLOWER FRIENDS,12
16455,22150,3 STRIPEY MICE FELTCRAFT,12
16455,22438,BALLOON ART MAKE YOUR OWN FLOWERS,10
16455,22565,FELTCRAFT HAIRBANDS PINK AND WHITE,12
16455,22566,FELTCRAFT HAIRBAND PINK AND PURPLE,12
16455,22570,FELTCRAFT CUSHION RABBIT,8
16455,22586,FELTCRAFT HAIRBAND PINK AND BLUE,12
16455,22587,FELTCRAFT HAIRBAND RED AND BLUE,12
16455,22616,PACK OF 12 LONDON TISSUES,12
16455,22771,CLEAR DRAWER KNOB ACRYLIC EDWARDIAN,24
16455,22772,PINK DRAWER KNOB ACRYLIC EDWARDIAN,12
16455,22773,GREEN DRAWER KNOB ACRYLIC EDWARDIAN,12
16455,22774,RED DRAWER KNOB ACRYLIC EDWARDIAN,24
16455,22775,PURPLE DRAWERKNOB ACRYLIC EDWARDIAN,24
16455,22805,BLUE DRAWER KNOB ACRYLIC EDWARDIAN,12
16455,22835,HOT WATER BOTTLE I AM SO POORLY,4
16455,22884,NUMBER TILE VINTAGE FONT 5,1
16455,22887,NUMBER TILE VINTAGE FONT 8,1
16455,22909,SET OF 20 VINTAGE CHRISTMAS NAPKINS,4
16455,84029E,RED WOOLLY HOTTIE WHITE HEART.,4
16455,84029G,KNITTED UNION FLAG HOT WATER BOTTLE,6
16456,20711,JUMBO BAG TOYS,20
16456,20712,JUMBO BAG WOODLAND ANIMALS,20
16456,20713,JUMBO BAG OWLS,30
16456,20727,LUNCH BAG  BLACK SKULL.,10
16456,21928,JUMBO BAG SCANDINAVIAN PAISLEY,20
16456,21930,JUMBO STORAGE BAG SKULLS,20
16456,21931,JUMBO STORAGE BAG SUKI,40
16456,22379,RECYCLING BAG RETROSPOT,20
16456,22382,LUNCH BAG SPACEBOY DESIGN,10
16456,22383,LUNCH BAG SUKI  DESIGN,20
16456,22386,JUMBO BAG PINK POLKADOT,30
16456,22411,JUMBO SHOPPER VINTAGE RED PAISLEY,30
16456,85099B,JUMBO BAG RED RETROSPOT,40
16456,85099C,JUMBO  BAG BAROQUE BLACK WHITE,20
16456,85099F,JUMBO BAG STRAWBERRY,30
16456,85123A,WHITE HANGING HEART T-LIGHT HOLDER,32
16458,20723,STRAWBERRY CHARLOTTE BAG,10
16458,21166,COOK WITH WINE METAL SIGN,12
16458,21928,JUMBO BAG SCANDINAVIAN PAISLEY,10
16458,22112,CHOCOLATE HOT WATER BOTTLE,6
16458,22469,HEART OF WICKER SMALL,12
16458,22470,HEART OF WICKER LARGE,6
16458,22835,HOT WATER BOTTLE I AM SO POORLY,4
16458,85099B,JUMBO BAG RED RETROSPOT,10
16458,85099F,JUMBO BAG STRAWBERRY,10
16458,85123A,WHITE HANGING HEART T-LIGHT HOLDER,6
16470,18007,ESSENTIAL BALM 3.5g TIN IN ENVELOPE,20
16470,20665,RED RETROSPOT PURSE,4
16470,20726,LUNCH BAG WOODLAND,2
16470,20772,GARDEN PATH JOURNAL,2
16470,20910,VINTAGE PHOTO ALBUM PARIS DAYS,2
16470,20973,12 PENCIL SMALL TUBE WOODLAND,3
16470,20975,12 PENCILS SMALL TUBE RED RETROSPOT,3
16470,21034,REX CASH+CARRY JUMBO SHOPPER,2
16470,21393,BLUE POLKADOT PUDDING BOWL,1
16470,21399,BLUE POLKADOT COFFEE MUG,3
16470,21400,RED PUDDING SPOON,2
16470,21401,BLUE PUDDING SPOON,1
16470,21439,BASKET OF TOADSTOOLS,1
16470,21448,12 DAISY PEGS IN WOOD BOX,2
16470,21484,CHICK GREY HOT WATER BOTTLE,2
16470,21586,KINGS CHOICE GIANT TUBE MATCHES,1
16470,22091,EMPIRE TISSUE BOX,1
16470,22276,WASH BAG VINTAGE ROSE PAISLEY,2
16470,22277,COSMETIC BAG VINTAGE ROSE PAISLEY,3
16470,22278,OVERNIGHT BAG VINTAGE ROSE PAISLEY,5
16470,22382,LUNCH BAG SPACEBOY DESIGN,1
16470,22472,TV DINNER TRAY DOLLY GIRL,1
16470,22474,SPACEBOY TV DINNER TRAY,2
16470,22493,PAINT YOUR OWN CANVAS SET,2
16470,22614,PACK OF 12 SPACEBOY TISSUES,1
16470,22617,BAKING SET SPACEBOY DESIGN,1
16470,22652,TRAVEL SEWING KIT,7
16470,22720,SET OF 3 CAKE TINS PANTRY DESIGN,3
16470,22722,SET OF 6 SPICE TINS PANTRY DESIGN,1
16470,22746,POPPY'S PLAYHOUSE LIVINGROOM,1
16470,22748,POPPY'S PLAYHOUSE KITCHEN,1
16470,22834,HAND WARMER BABUSHKA DESIGN,3
16470,22960,JAM MAKING SET WITH JARS,2
16470,35911A,MULTICOLOUR RABBIT EGG WARMER,1
16470,82483,WOOD 2 DRAWER CABINET WHITE FINISH,1
16470,84030E,ENGLISH ROSE HOT WATER BOTTLE,3
16470,84536A,ENGLISH ROSE NOTEBOOK A7 SIZE,2
16470,84898F,YELLOW FLOWERS FELT HANDBAG KIT,1
16470,85031C,CURIOUS IMAGES SCRAP BOOK SET,3
16477,20719,WOODLAND CHARLOTTE BAG,10
16477,20724,RED RETROSPOT CHARLOTTE BAG,10
16477,20725,LUNCH BAG RED RETROSPOT,10
16477,20728,LUNCH BAG CARS BLUE,10
16477,20975,12 PENCILS SMALL TUBE RED RETROSPOT,24
16477,21704,BAG 250g SWIRLY MARBLES,12
16477,21755,LOVE BUILDING BLOCK WORD,3
16477,21889,WOODEN BOX OF DOMINOES,12
16477,21890,S/6 WOODEN SKITTLES IN COTTON BAG,6
16477,21914,BLUE HARMONICA IN BOX,12
16477,21945,STRAWBERRIES  DESIGN FLANNEL,12
16477,22086,PAPER CHAIN KIT 50'S CHRISTMAS,6
16477,22087,PAPER BUNTING WHITE LACE,6
16477,22112,CHOCOLATE HOT WATER BOTTLE,6
16477,22114,HOT WATER BOTTLE TEA AND SYMPATHY,4
16477,22141,CHRISTMAS CRAFT TREE TOP ANGEL,6
16477,22142,CHRISTMAS CRAFT WHITE FAIRY,12
16477,22144,CHRISTMAS CRAFT LITTLE FRIENDS,6
16477,22222,CAKE PLATE LOVEBIRD WHITE,12
16477,22355,CHARLOTTE BAG SUKI DESIGN,10
16477,22356,CHARLOTTE BAG PINK POLKADOT,10
16477,22464,HANGING METAL HEART LANTERN,12
16477,22469,HEART OF WICKER SMALL,12
16477,22505,MEMO BOARD COTTAGE DESIGN,4
16477,22511,RETROSPOT BABUSHKA DOORSTOP,8
16477,22650,CERAMIC PIRATE CHEST MONEY BANK,12
16477,22834,HAND WARMER BABUSHKA DESIGN,24
16477,22835,HOT WATER BOTTLE I AM SO POORLY,4
16477,47590A,BLUE HAPPY BIRTHDAY BUNTING,3
16477,82482,WOODEN PICTURE FRAME WHITE FINISH,6
16477,82483,WOOD 2 DRAWER CABINET WHITE FINISH,4
16477,85123A,WHITE HANGING HEART T-LIGHT HOLDER,6
16477,85184C,S/4 VALENTINE DECOUPAGE HEART BOX,24
16499,21915,RED  HARMONICA IN BOX,12
16499,22086,PAPER CHAIN KIT 50'S CHRISTMAS,12
16499,22144,CHRISTMAS CRAFT LITTLE FRIENDS,6
16499,22197,SMALL POPCORN HOLDER,12
16499,22569,FELTCRAFT CUSHION BUTTERFLY,4
16499,22570,FELTCRAFT CUSHION RABBIT,4
16499,22621,TRADITIONAL KNITTING NANCY,12
16499,22623,BOX OF VINTAGE JIGSAW BLOCKS,3
16499,22694,WICKER STAR,6
16499,22726,ALARM CLOCK BAKELIKE GREEN,4
16499,22727,ALARM CLOCK BAKELIKE RED,4
16499,22766,PHOTO FRAME CORNICE,8
16499,22767,TRIPLE PHOTO FRAME CORNICE,2
16499,22855,FINE WICKER HEART,12
16499,22910,PAPER CHAIN KIT VINTAGE CHRISTMAS,12
16499,22940,FELTCRAFT CHRISTMAS FAIRY,4
16499,22960,JAM MAKING SET WITH JARS,6
16499,85066,CREAM SWEETHEART MINI CHEST,4
16503,20675,BLUE POLKADOT BOWL,8
16503,20677,PINK POLKADOT BOWL,8
16503,20726,LUNCH BAG WOODLAND,10
16503,20727,LUNCH BAG  BLACK SKULL.,10
16503,21055,TOOL BOX SOFT TOY,1
16503,21238,RED RETROSPOT CUP,8
16503,21239,PINK  POLKADOT CUP,8
16503,21242,RED RETROSPOT PLATE,8
16503,21243,PINK  POLKADOT PLATE,8
16503,21244,BLUE POLKADOT PLATE,8
16503,21558,SKULL LUNCH BOX WITH CUTLERY,6
16503,21559,STRAWBERRY LUNCH BOX WITH CUTLERY,6
16503,21561,DINOSAUR LUNCH BOX WITH CUTLERY,6
16503,21739,COSY SLIPPER SHOES SMALL GREEN,6
16503,21916,SET 12 RETRO WHITE CHALK STICKS,24
16503,22150,3 STRIPEY MICE FELTCRAFT,6
16503,22326,ROUND SNACK BOXES SET OF4 WOODLAND,6
16503,22327,ROUND SNACK BOXES SET OF 4 SKULLS,6
16503,22473,TV DINNER TRAY VINTAGE PAISLEY,8
16503,22475,SKULL DESIGN TV DINNER TRAY,6
16503,22493,PAINT YOUR OWN CANVAS SET,12
16503,22750,FELTCRAFT PRINCESS LOLA DOLL,4
16503,22781,GUMBALL MAGAZINE RACK,2
16503,22834,HAND WARMER BABUSHKA DESIGN,12
16503,22837,HOT WATER BOTTLE BABUSHKA,4
16503,22968,ROSE COTTAGE KEEPSAKE BOX,2
16503,70007,HI TEC ALPINE HAND WARMER,12
16503,84580,MOUSE TOY WITH PINK T-SHIRT,4
16503,84688,BEACH HUT DESIGN BLACKBOARD,6
16503,85135C,RED DRAGONFLY HELICOPTER,4
16510,21258,VICTORIAN SEWING BOX LARGE,1
16510,21259,VICTORIAN SEWING BOX SMALL,2
16510,21587,COSY HOUR GIANT TUBE MATCHES,12
16510,22082,RIBBON REEL STRIPES DESIGN,10
16510,22169,FAMILY ALBUM WHITE PICTURE FRAME,2
16510,22604,SET OF 4 NAPKIN CHARMS CUTLERY,6
16510,22767,TRIPLE PHOTO FRAME CORNICE,2
16510,22768,FAMILY PHOTO FRAME CORNICE,2
16510,22795,SWEETHEART RECIPE BOOK STAND,4
16510,22914,BLUE COAT RACK PARIS FASHION,3
16510,22969,HOMEMADE JAM SCENTED CANDLES,12
16510,84946,ANTIQUE SILVER TEA GLASS ETCHED,24
16510,84947,ANTIQUE SILVER TEA GLASS ENGRAVED,12
16519,10133,COLOURING PENCILS BROWN TUBE,10
16519,21735,TWO DOOR CURIO CABINET,4
16519,22300,COFFEE MUG DOG + BALL DESIGN,6
16519,22626,BLACK KITCHEN SCALES,2
16519,22925,BLUE GIANT GARDEN THERMOMETER,2
16520,20685,DOORMAT RED RETROSPOT,1
16520,20961,STRAWBERRY BATH SPONGE,2
16520,21107,CREAM SLICE FLANNEL PINK SPOT,2
16520,21166,COOK WITH WINE METAL SIGN,3
16520,21169,YOU'RE CONFUSING ME METAL SIGN,3
16520,21181,PLEASE ONE PERSON METAL SIGN,2
16520,21479,WHITE SKULL HOT WATER BOTTLE,1
16520,21703,BAG 125g SWIRLY MARBLES,4
16520,21790,VINTAGE SNAP CARDS,2
16520,21791,VINTAGE HEADS AND TAILS CARD GAME,3
16520,21888,BINGO SET,2
16520,21908,CHOCOLATE THIS WAY METAL SIGN,2
16520,21918,SET 12 KIDS COLOUR  CHALK STICKS,3
16520,21928,JUMBO BAG SCANDINAVIAN PAISLEY,1
16520,21929,JUMBO BAG PINK VINTAGE PAISLEY,1
16520,21930,JUMBO STORAGE BAG SKULLS,1
16520,22107,PIZZA PLATE IN BOX,2
16520,22112,CHOCOLATE HOT WATER BOTTLE,1
16520,22115,METAL SIGN EMPIRE TEA,1
16520,22386,JUMBO BAG PINK POLKADOT,3
16520,22413,METAL SIGN TAKE IT OR LEAVE IT,3
16520,22434,BALLOON PUMP WITH 10 BALLOONS,3
16520,22438,BALLOON ART MAKE YOUR OWN FLOWERS,2
16520,22548,HEADS AND TAILS SPORTING FUN,3
16520,22556,PLASTERS IN TIN CIRCUS PARADE,2
16520,22557,PLASTERS IN TIN VINTAGE PAISLEY,3
16520,22577,WOODEN HEART CHRISTMAS SCANDINAVIAN,6
16520,22592,CARDHOLDER HOLLY WREATH METAL,1
16520,22593,CHRISTMAS GINGHAM STAR,6
16520,22595,CHRISTMAS GINGHAM HEART,11
16520,22604,SET OF 4 NAPKIN CHARMS CUTLERY,2
16520,22639,SET OF 4 NAPKIN CHARMS HEARTS,2
16520,22652,TRAVEL SEWING KIT,5
16520,22659,LUNCH BOX I LOVE LONDON,3
16520,22669,RED BABY BUNTING,5
16520,22789,T-LIGHT HOLDER SWEETHEART HANGING,4
16520,22845,VINTAGE CREAM CAT FOOD CONTAINER,1
16520,22867,HAND WARMER BIRD DESIGN,6
16520,22906,12 MESSAGE CARDS WITH ENVELOPES,1
16520,22914,BLUE COAT RACK PARIS FASHION,1
16520,22916,HERB MARKER THYME,12
16520,22917,HERB MARKER ROSEMARY,12
16520,22918,HERB MARKER PARSLEY,12
16520,22919,HERB MARKER MINT,12
16520,22920,HERB MARKER BASIL,12
16520,22921,HERB MARKER CHIVES,12
16520,22926,IVORY GIANT GARDEN THERMOMETER,1
16520,22927,GREEN GIANT GARDEN THERMOMETER,1
16520,22938,CUPCAKE LACE PAPER SET 6,1
16520,22945,CHRISTMAS METAL TAGS ASSORTED,6
16520,40003,WHITE BAMBOO RIBS LAMPSHADE,1
16520,82582,AREA PATROLLED METAL SIGN,6
16520,84029E,RED WOOLLY HOTTIE WHITE HEART.,2
16520,84029G,KNITTED UNION FLAG HOT WATER BOTTLE,2
16520,84754,S/15 SILVER GLASS BAUBLES IN BAG,2
16520,84836,ZINC METAL HEART DECORATION,3
16520,85099B,JUMBO BAG RED RETROSPOT,3
16520,85099C,JUMBO  BAG BAROQUE BLACK WHITE,2
16520,85099F,JUMBO BAG STRAWBERRY,2
16520,85227,SET OF 6 3D KIT CARDS FOR KIDS,3
16525,20685,DOORMAT RED RETROSPOT,10
16525,21154,RED RETROSPOT OVEN GLOVE,10
16525,21155,RED RETROSPOT PEG BAG,12
16525,21259,VICTORIAN SEWING BOX SMALL,4
16525,21313,GLASS HEART T-LIGHT HOLDER,96
16525,21524,DOORMAT SPOTTY HOME SWEET HOME,10
16525,21621,VINTAGE UNION JACK BUNTING,6
16525,22169,FAMILY ALBUM WHITE PICTURE FRAME,16
16525,48138,DOORMAT UNION FLAG,10
16525,82482,WOODEN PICTURE FRAME WHITE FINISH,36
16525,82583,HOT BATHS METAL SIGN,12
16525,84884A,ANT WHITE WIRE HEART SPIRAL,30
16525,85099B,JUMBO BAG RED RETROSPOT,10
16525,85123A,WHITE HANGING HEART T-LIGHT HOLDER,32
16531,21703,BAG 125g SWIRLY MARBLES,12
16531,21915,RED  HARMONICA IN BOX,24
16531,21918,SET 12 KIDS COLOUR  CHALK STICKS,24
16531,22086,PAPER CHAIN KIT 50'S CHRISTMAS,6
16531,22749,FELTCRAFT PRINCESS CHARLOTTE DOLL,4
16531,22750,FELTCRAFT PRINCESS LOLA DOLL,4
16539,21523,DOORMAT FANCY FONT HOME SWEET HOME,20
16539,21754,HOME BUILDING BLOCK WORD,6
16539,21756,BATH BUILDING BLOCK WORD,3
16539,21810,CHRISTMAS HANGING STAR WITH BELL,12
16539,21811,CHRISTMAS HANGING HEART WITH BELL,12
16539,21817,GLITTER CHRISTMAS TREE,12
16539,21955,DOORMAT UNION JACK GUNS AND ROSES,10
16539,22119,PEACE WOODEN BLOCK LETTERS,3
16539,22121,NOEL WOODEN BLOCK LETTERS,3
16539,22222,CAKE PLATE LOVEBIRD WHITE,3
16539,22469,HEART OF WICKER SMALL,12
16539,22573,STAR WOODEN CHRISTMAS DECORATION,24
16539,22574,HEART WOODEN CHRISTMAS DECORATION,24
16539,22577,WOODEN HEART CHRISTMAS SCANDINAVIAN,24
16539,22578,WOODEN STAR CHRISTMAS SCANDINAVIAN,24
16539,22579,WOODEN TREE CHRISTMAS SCANDINAVIAN,24
16539,22589,CARDHOLDER GINGHAM STAR,6
16539,22593,CHRISTMAS GINGHAM STAR,24
16539,22594,CHRISTMAS GINGHAM TREE,24
16539,22595,CHRISTMAS GINGHAM HEART,24
16539,22695,WICKER WREATH SMALL,12
16539,22696,WICKER WREATH LARGE,6
16539,22784,LANTERN CREAM GAZEBO,3
16539,22855,FINE WICKER HEART,12
16539,48194,DOORMAT HEARTS,10
16539,82482,WOODEN PICTURE FRAME WHITE FINISH,6
16539,82483,WOOD 2 DRAWER CABINET WHITE FINISH,4
16539,82486,WOOD S/3 CABINET ANT WHITE FINISH,2
16539,82494L,WOODEN FRAME ANTIQUE WHITE,6
16546,22632,HAND WARMER RED RETROSPOT,24
16546,22633,HAND WARMER UNION JACK,24
16546,22737,RIBBON REEL CHRISTMAS PRESENT,20
16546,22867,HAND WARMER BIRD DESIGN,24
16546,22910,PAPER CHAIN KIT VINTAGE CHRISTMAS,40
16546,22952,60 CAKE CASES VINTAGE CHRISTMAS,24
16550,20751,FUNKY WASHING UP GLOVES ASSORTED,4
16550,20752,BLUE POLKADOT WASHING UP GLOVES,4
16550,20754,RETROSPOT RED WASHING UP GLOVES,4
16550,21098,CHRISTMAS TOILET ROLL,9
16550,21238,RED RETROSPOT CUP,6
16550,21239,PINK  POLKADOT CUP,7
16550,21240,BLUE POLKADOT CUP,12
16550,21354,TOAST ITS - BEST MUM,3
16550,21355,TOAST ITS - I LOVE YOU,3
16550,21356,TOAST ITS - FAIRY FLOWER,3
16550,21357,TOAST ITS - DINOSAUR,3
16550,21380,WOODEN HAPPY BIRTHDAY GARLAND,4
16550,21381,MINI WOODEN HAPPY BIRTHDAY GARLAND,4
16550,21558,SKULL LUNCH BOX WITH CUTLERY,6
16550,21559,STRAWBERRY LUNCH BOX WITH CUTLERY,6
16550,21658,GLASS  BEURRE DISH,4
16550,22086,PAPER CHAIN KIT 50'S CHRISTMAS,8
16550,22142,CHRISTMAS CRAFT WHITE FAIRY,6
16550,22144,CHRISTMAS CRAFT LITTLE FRIENDS,5
16550,22185,SLATE TILE NATURAL HANGING,5
16550,22197,SMALL POPCORN HOLDER,25
16550,22352,LUNCH BOX WITH CUTLERY RETROSPOT,6
16550,22371,AIRLINE BAG VINTAGE TOKYO 78,1
16550,22423,REGENCY CAKESTAND 3 TIER,3
16550,22457,NATURAL SLATE HEART CHALKBOARD,5
16550,22624,IVORY KITCHEN SCALES,2
16550,22626,BLACK KITCHEN SCALES,2
16550,22627,MINT KITCHEN SCALES,2
16550,22665,RECIPE BOX BLUE SKETCHBOOK DESIGN,4
16550,22666,RECIPE BOX PANTRY YELLOW DESIGN,4
16550,22667,RECIPE BOX RETROSPOT,4
16550,22890,NOVELTY BISCUITS CAKE STAND 3 TIER,2
16550,22904,CALENDAR PAPER CUT DESIGN,4
16550,22905,CALENDAR IN SEASON DESIGN,4
16550,22906,12 MESSAGE CARDS WITH ENVELOPES,10
16550,22910,PAPER CHAIN KIT VINTAGE CHRISTMAS,8
16550,22911,PAPER CHAIN KIT LONDON,4
16550,22938,CUPCAKE LACE PAPER SET 6,8
16550,22952,60 CAKE CASES VINTAGE CHRISTMAS,8
16550,22953,BIRTHDAY PARTY CORDON BARRIER TAPE,4
16550,22955,36 FOIL STAR CAKE CASES,6
16550,22956,36 FOIL HEART CAKE CASES,6
16550,22964,3 PIECE SPACEBOY COOKIE CUTTER SET,8
16550,22965,3 TRADITIONAl BISCUIT CUTTERS  SET,4
16550,22966,GINGERBREAD MAN COOKIE CUTTER,8
16550,82578,KITCHEN METAL SIGN,3
16550,82580,BATHROOM METAL SIGN,3
16550,82581,TOILET METAL SIGN,3
16552,21441,BLUE BIRDHOUSE DECORATION,12
16552,22423,REGENCY CAKESTAND 3 TIER,2
16552,22784,LANTERN CREAM GAZEBO,3
16552,84879,ASSORTED COLOUR BIRD ORNAMENT,16
16552,85123A,WHITE HANGING HEART T-LIGHT HOLDER,6
16553,21428,SET3 BOOK BOX GREEN GINGHAM FLOWER,16
16553,21559,STRAWBERRY LUNCH BOX WITH CUTLERY,60
16553,21949,SET OF 6 STRAWBERRY CHOPSTICKS,120
16553,22328,ROUND SNACK BOXES SET OF 4 FRUITS,96
16553,22356,CHARLOTTE BAG PINK POLKADOT,100
16553,22508,DOORSTOP RETROSPOT HEART,16
16553,22666,RECIPE BOX PANTRY YELLOW DESIGN,24
16553,22720,SET OF 3 CAKE TINS PANTRY DESIGN,24
16553,22722,SET OF 6 SPICE TINS PANTRY DESIGN,24
16553,22740,POLKADOT PEN,192
16553,22892,SET OF SALT AND PEPPER TOADSTOOLS,60
16553,22960,JAM MAKING SET WITH JARS,36
16553,84050,PINK HEART SHAPE EGG FRYING PAN,72
16553,84375,SET OF 20 KIDS COOKIE CUTTERS,36
16553,84378,SET OF 3 HEART COOKIE CUTTERS,36
16553,84380,SET OF 3 BUTTERFLY COOKIE CUTTERS,36
16553,84991,60 TEATIME FAIRY CAKE CASES,120
16556,20975,12 PENCILS SMALL TUBE RED RETROSPOT,24
16556,21035,SET/2 RED RETROSPOT TEA TOWELS,6
16556,21212,PACK OF 72 RETROSPOT CAKE CASES,24
16556,21533,RETROSPOT LARGE MILK JUG,3
16556,21915,RED  HARMONICA IN BOX,12
16556,21955,DOORMAT UNION JACK GUNS AND ROSES,2
16556,21977,PACK OF 60 PINK PAISLEY CAKE CASES,24
16556,22090,PAPER BUNTING RETROSPOT,6
16556,22189,CREAM HEART CARD HOLDER,4
16556,22621,TRADITIONAL KNITTING NANCY,12
16556,22697,GREEN REGENCY TEACUP AND SAUCER,6
16556,22699,ROSES REGENCY TEACUP AND SAUCER,6
16556,48184,DOORMAT ENGLISH ROSE,2
16556,84970L,SINGLE HEART ZINC T-LIGHT HOLDER,12
16556,84970S,HANGING HEART ZINC T-LIGHT HOLDER,12
16556,85123A,WHITE HANGING HEART T-LIGHT HOLDER,32
16558,20713,JUMBO BAG OWLS,10
16558,20724,RED RETROSPOT CHARLOTTE BAG,10
16558,21232,STRAWBERRY CERAMIC TRINKET BOX,12
16558,21481,FAWN BLUE HOT WATER BOTTLE,12
16558,22086,PAPER CHAIN KIT 50'S CHRISTMAS,40
16558,22112,CHOCOLATE HOT WATER BOTTLE,15
16558,22150,3 STRIPEY MICE FELTCRAFT,6
16558,22300,COFFEE MUG DOG + BALL DESIGN,12
16558,22301,COFFEE MUG CAT + BIRD DESIGN,12
16558,22310,IVORY KNITTED MUG COSY,6
16558,22314,OFFICE MUG WARMER CHOC+BLUE,18
16558,22423,REGENCY CAKESTAND 3 TIER,2
16558,22442,GROW YOUR OWN FLOWERS SET OF 3,2
16558,22443,GROW YOUR OWN HERBS SET OF 3,2
16558,22469,HEART OF WICKER SMALL,12
16558,22693,GROW A FLYTRAP OR SUNFLOWER IN TIN,24
16558,22697,GREEN REGENCY TEACUP AND SAUCER,6
16558,22699,ROSES REGENCY TEACUP AND SAUCER,6
16558,22708,WRAP DOLLY GIRL,25
16558,22720,SET OF 3 CAKE TINS PANTRY DESIGN,3
16558,22835,HOT WATER BOTTLE I AM SO POORLY,4
16558,22865,HAND WARMER OWL DESIGN,12
16558,22867,HAND WARMER BIRD DESIGN,12
16558,22894,TABLECLOTH RED APPLES DESIGN,2
16558,22909,SET OF 20 VINTAGE CHRISTMAS NAPKINS,12
16558,22942,CHRISTMAS LIGHTS 10 SANTAS,2
16558,22952,60 CAKE CASES VINTAGE CHRISTMAS,24
16558,22960,JAM MAKING SET WITH JARS,6
16558,22966,GINGERBREAD MAN COOKIE CUTTER,12
16558,22969,HOMEMADE JAM SCENTED CANDLES,12
16558,35004C,SET OF 3 COLOURED  FLYING DUCKS,3
16558,79164,BLACK WINE GLASS,12
16558,84347,ROTATING SILVER ANGELS T-LIGHT HLDR,18
16558,84832,ZINC WILLIE WINKIE  CANDLE STICK,12
16558,84970S,HANGING HEART ZINC T-LIGHT HOLDER,12
16558,85048,15CM CHRISTMAS GLASS BALL 20 LIGHTS,2
16558,85099B,JUMBO BAG RED RETROSPOT,10
16560,21217,RED RETROSPOT ROUND CAKE TINS,1
16560,21231,SWEETHEART CERAMIC TRINKET BOX,12
16560,21232,STRAWBERRY CERAMIC TRINKET BOX,12
16560,21481,FAWN BLUE HOT WATER BOTTLE,6
16560,21498,RED RETROSPOT WRAP,25
16560,21527,RED RETROSPOT TRADITIONAL TEAPOT,2
16560,21533,RETROSPOT LARGE MILK JUG,3
16560,21843,RED RETROSPOT CAKE STAND,3
16560,22072,RED RETROSPOT TEA CUP AND SAUCER,4
16560,22321,BIRD DECORATION RED RETROSPOT,12
16560,22423,REGENCY CAKESTAND 3 TIER,1
16560,22574,HEART WOODEN CHRISTMAS DECORATION,12
16560,22580,ADVENT CALENDAR GINGHAM SACK,4
16560,22592,CARDHOLDER HOLLY WREATH METAL,4
16560,22595,CHRISTMAS GINGHAM HEART,12
16560,22649,STRAWBERRY FAIRY CAKE TEAPOT,8
16560,22840,ROUND CAKE TIN VINTAGE RED,2
16560,22842,BISCUIT TIN VINTAGE RED,2
16560,22892,SET OF SALT AND PEPPER TOADSTOOLS,24
16560,22909,SET OF 20 VINTAGE CHRISTMAS NAPKINS,12
16560,37448,CERAMIC CAKE DESIGN SPOTTED MUG,12
16565,15056BL,EDWARDIAN PARASOL BLACK,3
16565,20679,EDWARDIAN PARASOL RED,3
16565,51008,AFGHAN SLIPPER SOCK PAIR,40
16583,21715,GIRLS VINTAGE TIN SEASIDE BUCKET,8
16583,21716,BOYS VINTAGE TIN SEASIDE BUCKET,8
16583,21718,RED METAL BEACH SPADE,12
16583,21889,WOODEN BOX OF DOMINOES,12
16583,21890,S/6 WOODEN SKITTLES IN COTTON BAG,6
16583,21891,TRADITIONAL WOODEN SKIPPING ROPE,12
16583,21892,TRADITIONAL WOODEN CATCH CUP GAME,12
16583,22110,BIRD HOUSE HOT WATER BOTTLE,6
16583,22111,SCOTTIE DOG HOT WATER BOTTLE,3
16583,22113,GREY HEART HOT WATER BOTTLE,4
16583,22115,METAL SIGN EMPIRE TEA,6
16583,22357,KINGS CHOICE BISCUIT TIN,4
16583,22358,KINGS CHOICE TEA CADDY,6
16583,22969,HOMEMADE JAM SCENTED CANDLES,12
16596,22111,SCOTTIE DOG HOT WATER BOTTLE,3
16596,22113,GREY HEART HOT WATER BOTTLE,4
16596,22224,WHITE LOVEBIRD LANTERN,6
16596,22227,HANGING HEART MIRROR DECORATION,24
16596,22796,PHOTO FRAME 3 CLASSIC HANGING,4
16596,82494L,WOODEN FRAME ANTIQUE WHITE,6
16607,21195,PINK  HONEYCOMB PAPER BALL,48
16607,21876,POTTERING MUG,36
16607,22655,VINTAGE RED KITCHEN CABINET,3
16607,22722,SET OF 6 SPICE TINS PANTRY DESIGN,4
16607,22937,BAKING MOULD CHOCOLATE CUPCAKES,6
16607,22973,CHILDREN'S CIRCUS PARADE MUG,12
16607,90209C,PINK ENAMEL+GLASS HAIR COMB,6
16634,21733,RED HANGING HEART T-LIGHT HOLDER,6
16634,21925,UNION STRIPE CUSHION COVER,12
16634,21927,BLUE/CREAM STRIPE CUSHION COVER,24
16634,22763,KEY CABINET MA CAMPAGNE,2
16634,22863,SOAP DISH BROCANTE,6
16634,71477,COLOUR GLASS. STAR T-LIGHT HOLDER,4
16634,84406B,CREAM CUPID HEARTS COAT HANGER,8
16634,85066,CREAM SWEETHEART MINI CHEST,2
16638,22632,HAND WARMER RED RETROSPOT,12
16638,22834,HAND WARMER BABUSHKA DESIGN,24
16638,22866,HAND WARMER SCOTTY DOG DESIGN,12
16654,22625,RED KITCHEN SCALES,3
16654,22694,WICKER STAR,12
16654,22840,ROUND CAKE TIN VINTAGE RED,4
16654,22842,BISCUIT TIN VINTAGE RED,6
16654,22846,BREAD BIN DINER STYLE RED,2
16654,22855,FINE WICKER HEART,12
16654,22956,36 FOIL HEART CAKE CASES,6
16654,22960,JAM MAKING SET WITH JARS,6
16654,22969,HOMEMADE JAM SCENTED CANDLES,12
16656,21704,BAG 250g SWIRLY MARBLES,216
16656,21790,VINTAGE SNAP CARDS,72
16656,21911,GARDEN METAL SIGN,12
16656,84508A,CAMOUFLAGE DESIGN TEDDY,96
16658,18094C,WHITE AND BLUE CERAMIC OIL BURNER,1
16658,21730,GLASS STAR FROSTED T-LIGHT HOLDER,14
16658,22456,NATURAL SLATE CHALKBOARD LARGE,1
16658,22816,CARD MOTORBIKE SANTA,12
16658,40005B,BLUE ORGANDY ROUND LAMPSHADE W BEA,1
16658,47580,TEA TIME DES TEA COSY,1
16658,84946,ANTIQUE SILVER TEA GLASS ETCHED,6
16658,85048,15CM CHRISTMAS GLASS BALL 20 LIGHTS,4
16665,22349,DOG BOWL CHASING BALL DESIGN,2
16665,22358,KINGS CHOICE TEA CADDY,2
16665,22424,ENAMEL BREAD BIN CREAM,2
16665,22472,TV DINNER TRAY DOLLY GIRL,1
16665,22481,BLACK TEA TOWEL CLASSIC DESIGN,12
16665,22624,IVORY KITCHEN SCALES,1
16665,22635,CHILDS BREAKFAST SET DOLLY GIRL,1
16665,22700,BLACK AND WHITE DOG BOWL,2
16665,72741,GRAND CHOCOLATECANDLE,36
16670,20685,DOORMAT RED RETROSPOT,2
16670,20914,SET/5 RED RETROSPOT LID GLASS BOWLS,6
16670,21069,VINTAGE BILLBOARD TEA MUG,12
16670,21071,VINTAGE BILLBOARD DRINK ME MUG,12
16670,21154,RED RETROSPOT OVEN GLOVE,10
16670,21498,RED RETROSPOT WRAP,25
16670,21523,DOORMAT FANCY FONT HOME SWEET HOME,2
16670,21527,RED RETROSPOT TRADITIONAL TEAPOT,2
16670,21733,RED HANGING HEART T-LIGHT HOLDER,6
16670,21843,RED RETROSPOT CAKE STAND,1
16670,22030,SWALLOWS GREETING CARD,12
16670,22040,BOTANICAL ROSE GIFT WRAP,25
16670,22073,RED RETROSPOT STORAGE JAR,4
16670,22111,SCOTTIE DOG HOT WATER BOTTLE,3
16670,22112,CHOCOLATE HOT WATER BOTTLE,3
16670,22113,GREY HEART HOT WATER BOTTLE,4
16670,22131,FOOD CONTAINER SET 3 LOVE HEART,6
16670,22558,CLOTHES PEGS RETROSPOT PACK 24,12
16670,22652,TRAVEL SEWING KIT,10
16670,22819,"BIRTHDAY CARD, RETRO SPOT",12
16670,22837,HOT WATER BOTTLE BABUSHKA,4
16670,22892,SET OF SALT AND PEPPER TOADSTOOLS,12
16670,22895,SET OF 2 TEA TOWELS APPLE AND PEARS,6
16670,22897,OVEN MITT APPLES DESIGN,10
16670,22986,GINGHAM ROSE WRAP,25
16670,47559B,TEA TIME OVEN GLOVE,10
16670,47580,TEA TIME DES TEA COSY,6
16670,48184,DOORMAT ENGLISH ROSE,2
16670,79000,MOROCCAN TEA GLASS,12
16679,79321,CHILLI LIGHTS,24
16679,84968D,SET OF 16 VINTAGE RED CUTLERY,1
16679,90173,PAIR BUTTERFLY HAIR CLIPS,4
16684,21314,SMALL GLASS HEART TRINKET POT,96
16684,21523,DOORMAT FANCY FONT HOME SWEET HOME,10
16684,21527,RED RETROSPOT TRADITIONAL TEAPOT,12
16684,21531,RED RETROSPOT SUGAR JAM BOWL,48
16684,21535,RED RETROSPOT SMALL MILK JUG,264
16684,21843,RED RETROSPOT CAKE STAND,12
16684,21844,RED RETROSPOT MUG,144
16684,21915,RED  HARMONICA IN BOX,36
16684,22423,REGENCY CAKESTAND 3 TIER,12
16684,22629,SPACEBOY LUNCH BOX,64
16684,22659,LUNCH BOX I LOVE LONDON,128
16684,22697,GREEN REGENCY TEACUP AND SAUCER,72
16684,22699,ROSES REGENCY TEACUP AND SAUCER,72
16684,22788,BROCANTE COAT RACK,6
16684,22960,JAM MAKING SET WITH JARS,12
16684,22966,GINGERBREAD MAN COOKIE CUTTER,36
16684,22970,LONDON BUS COFFEE MUG,36
16684,22971,QUEENS GUARD COFFEE MUG,36
16684,22988,SOLDIERS EGG CUP,24
16684,72351A,SET/6 TURQUOISE BUTTERFLY T-LIGHTS,72
16684,72351B,SET/6 PINK  BUTTERFLY T-LIGHTS,144
16684,85014A,BLACK/BLUE POLKADOT UMBRELLA,12
16686,16161U,WRAP SUKI AND FRIENDS,25
16686,16207A,PINK STRAWBERRY HANDBAG,2
16686,20725,LUNCH BAG RED RETROSPOT,2
16686,20751,FUNKY WASHING UP GLOVES ASSORTED,1
16686,20752,BLUE POLKADOT WASHING UP GLOVES,1
16686,20754,RETROSPOT RED WASHING UP GLOVES,1
16686,20967,GREY FLORAL FELTCRAFT SHOULDER BAG,1
16686,20969,RED FLORAL FELTCRAFT SHOULDER BAG,1
16686,20977,36 PENCILS TUBE WOODLAND,2
16686,20979,36 PENCILS TUBE RED RETROSPOT,2
16686,21219,SET/4 BADGES BALLOON GIRL,10
16686,21352,EUCALYPTUS & PINECONE  WREATH,1
16686,21356,TOAST ITS - FAIRY FLOWER,2
16686,21357,TOAST ITS - DINOSAUR,2
16686,21372,MIRRORED WALL ART TABLE LAMP,1
16686,21479,WHITE SKULL HOT WATER BOTTLE,1
16686,21481,FAWN BLUE HOT WATER BOTTLE,1
16686,21503,TOYBOX  WRAP,25
16686,21578,WOODLAND DESIGN  COTTON TOTE BAG,1
16686,21579,LOLITA  DESIGN  COTTON TOTE BAG,2
16686,21700,BIG DOUGHNUT FRIDGE MAGNETS,1
16686,21746,SMALL RED RETROSPOT WINDMILL,1
16686,21747,SMALL SKULL WINDMILL,1
16686,21790,VINTAGE SNAP CARDS,2
16686,21791,VINTAGE HEADS AND TAILS CARD GAME,2
16686,22029,SPACEBOY BIRTHDAY CARD,24
16686,22045,SPACEBOY GIFT WRAP,25
16686,22109,FULL ENGLISH BREAKFAST PLATE,2
16686,22149,FELTCRAFT 6 FLOWER FRIENDS,2
16686,22175,PINK OWL SOFT TOY,2
16686,22176,BLUE OWL SOFT TOY,3
16686,22197,SMALL POPCORN HOLDER,2
16686,22242,5 HOOK HANGER MAGIC TOADSTOOL,1
16686,22243,5 HOOK HANGER RED MAGIC TOADSTOOL,1
16686,22274,FELTCRAFT DOLL EMILY,2
16686,22326,ROUND SNACK BOXES SET OF4 WOODLAND,1
16686,22328,ROUND SNACK BOXES SET OF 4 FRUITS,1
16686,22382,LUNCH BAG SPACEBOY DESIGN,2
16686,22383,LUNCH BAG SUKI  DESIGN,2
16686,22432,WATERING CAN PINK BUNNY,1
16686,22451,SILK PURSE BABUSHKA RED,2
16686,22467,GUMBALL COAT RACK,2
16686,22551,PLASTERS IN TIN SPACEBOY,1
16686,22554,PLASTERS IN TIN WOODLAND ANIMALS,1
16686,22555,PLASTERS IN TIN STRONGMAN,1
16686,22556,PLASTERS IN TIN CIRCUS PARADE,1
16686,22634,CHILDS BREAKFAST SET SPACEBOY,1
16686,22635,CHILDS BREAKFAST SET DOLLY GIRL,1
16686,22662,LUNCH BAG DOLLY GIRL DESIGN,1
16686,22707,WRAP MONSTER FUN,25
16686,22742,MAKE YOUR OWN PLAYTIME CARD KIT,3
16686,22745,POPPY'S PLAYHOUSE BEDROOM,2
16686,22746,POPPY'S PLAYHOUSE LIVINGROOM,2
16686,22747,POPPY'S PLAYHOUSE BATHROOM,2
16686,22748,POPPY'S PLAYHOUSE KITCHEN,2
16686,22751,FELTCRAFT PRINCESS OLIVIA DOLL,2
16686,22753,SMALL YELLOW BABUSHKA NOTEBOOK,1
16686,22755,SMALL PURPLE BABUSHKA NOTEBOOK,1
16686,22757,LARGE RED BABUSHKA NOTEBOOK,1
16686,22758,LARGE PURPLE BABUSHKA NOTEBOOK,1
16686,22779,WOODEN OWLS LIGHT GARLAND,2
16686,22814,CARD PARTY GAMES,12
16686,22817,CARD SUKI BIRTHDAY,12
16686,22834,HAND WARMER BABUSHKA DESIGN,2
16686,22899,CHILDREN'S APRON DOLLY GIRL,3
16686,22966,GINGERBREAD MAN COOKIE CUTTER,1
16686,22968,ROSE COTTAGE KEEPSAKE BOX,1
16686,37370,RETRO COFFEE MUGS ASSORTED,6
16686,47570B,TEA TIME TABLE CLOTH,1
16686,84050,PINK HEART SHAPE EGG FRYING PAN,2
16686,84077,WORLD WAR 2 GLIDERS ASSTD DESIGNS,48
16686,84509A,SET OF 4 ENGLISH ROSE PLACEMATS,2
16686,84828,JUNGLE POPSICLES ICE LOLLY HOLDERS,2
16686,84898F,YELLOW FLOWERS FELT HANDBAG KIT,1
16686,84920,PINK FLOWER FABRIC PONY,1
16686,84997B,RED 3 PIECE RETROSPOT CUTLERY SET,2
16686,84997C,BLUE 3 PIECE POLKADOT CUTLERY SET,1
16686,85227,SET OF 6 3D KIT CARDS FOR KIDS,2
16686,90108,BLUE BLOSSOM HAIR CLIP,3
16700,20713,JUMBO BAG OWLS,20
16700,20723,STRAWBERRY CHARLOTTE BAG,20
16700,20725,LUNCH BAG RED RETROSPOT,20
16700,21982,PACK OF 12 SUKI TISSUES,24
16700,22355,CHARLOTTE BAG SUKI DESIGN,20
16700,22616,PACK OF 12 LONDON TISSUES,24
16700,22926,IVORY GIANT GARDEN THERMOMETER,4
16700,22937,BAKING MOULD CHOCOLATE CUPCAKES,12
16700,22960,JAM MAKING SET WITH JARS,6
16700,22961,JAM MAKING SET PRINTED,24
16700,22966,GINGERBREAD MAN COOKIE CUTTER,12
16700,22969,HOMEMADE JAM SCENTED CANDLES,24
16700,84879,ASSORTED COLOUR BIRD ORNAMENT,8
16700,85099B,JUMBO BAG RED RETROSPOT,20
16701,10002,INFLATABLE POLITICAL GLOBE,24
16701,21156,RETROSPOT CHILDRENS APRON,12
16701,21479,WHITE SKULL HOT WATER BOTTLE,24
16701,21481,FAWN BLUE HOT WATER BOTTLE,12
16701,21524,DOORMAT SPOTTY HOME SWEET HOME,10
16701,21539,RED RETROSPOT BUTTER DISH,18
16701,21704,BAG 250g SWIRLY MARBLES,12
16701,22348,TEA BAG PLATE RED RETROSPOT,36
16701,22558,CLOTHES PEGS RETROSPOT PACK 24,48
16701,22710,WRAP I LOVE LONDON,50
16701,22952,60 CAKE CASES VINTAGE CHRISTMAS,120
16705,20685,DOORMAT RED RETROSPOT,10
16705,21523,DOORMAT FANCY FONT HOME SWEET HOME,10
16705,21915,RED  HARMONICA IN BOX,48
16705,22302,COFFEE MUG PEARS  DESIGN,36
16705,22624,IVORY KITCHEN SCALES,12
16705,22625,RED KITCHEN SCALES,12
16705,22722,SET OF 6 SPICE TINS PANTRY DESIGN,8
16705,22723,SET OF 6 HERB TINS SKETCHBOOK,16
16705,22834,HAND WARMER BABUSHKA DESIGN,96
16705,22960,JAM MAKING SET WITH JARS,24
16705,22962,JAM JAR WITH PINK LID,72
16705,22963,JAM JAR WITH GREEN LID,72
16705,22966,GINGERBREAD MAN COOKIE CUTTER,144
16705,22971,QUEENS GUARD COFFEE MUG,24
16705,79000,MOROCCAN TEA GLASS,144
16710,10124A,SPOTS ON RED BOOKCOVER TAPE,4
16710,20668,DISCO BALL CHRISTMAS DECORATION,24
16710,20975,12 PENCILS SMALL TUBE RED RETROSPOT,2
16710,20979,36 PENCILS TUBE RED RETROSPOT,2
16710,21018,BIRD BOX CHRISTMAS TREE DECORATION,4
16710,21135,VICTORIAN  METAL POSTCARD SPRING,5
16710,21481,FAWN BLUE HOT WATER BOTTLE,4
16710,21485,RETROSPOT HEART HOT WATER BOTTLE,2
16710,21587,COSY HOUR GIANT TUBE MATCHES,2
16710,21644,ASSORTED TUTTI FRUTTI HEART BOX,2
16710,21744,SNOWFLAKE PORTABLE TABLE LIGHT,4
16710,21811,CHRISTMAS HANGING HEART WITH BELL,2
16710,21817,GLITTER CHRISTMAS TREE,3
16710,21818,GLITTER CHRISTMAS HEART,4
16710,21819,GLITTER CHRISTMAS STAR,2
16710,22075,6 RIBBONS ELEGANT CHRISTMAS,4
16710,22086,PAPER CHAIN KIT 50'S CHRISTMAS,6
16710,22111,SCOTTIE DOG HOT WATER BOTTLE,2
16710,22113,GREY HEART HOT WATER BOTTLE,4
16710,22114,HOT WATER BOTTLE TEA AND SYMPATHY,2
16710,22195,LARGE HEART MEASURING SPOONS,1
16710,22295,HEART FILIGREE DOVE LARGE,1
16710,22335,HEART DECORATION PAINTED ZINC,2
16710,22336,DOVE DECORATION PAINTED ZINC,3
16710,22423,REGENCY CAKESTAND 3 TIER,1
16710,22445,PENCIL CASE LIFE IS BEAUTIFUL,2
16710,22572,ROCKING HORSE GREEN CHRISTMAS,6
16710,22629,SPACEBOY LUNCH BOX,3
16710,22630,DOLLY GIRL LUNCH BOX,1
16710,22632,HAND WARMER RED RETROSPOT,4
16710,22699,ROSES REGENCY TEACUP AND SAUCER,6
16710,22720,SET OF 3 CAKE TINS PANTRY DESIGN,2
16710,22726,ALARM CLOCK BAKELIKE GREEN,3
16710,22727,ALARM CLOCK BAKELIKE RED,3
16710,22728,ALARM CLOCK BAKELIKE PINK,4
16710,22729,ALARM CLOCK BAKELIKE ORANGE,2
16710,22730,ALARM CLOCK BAKELIKE IVORY,1
16710,22736,RIBBON REEL MAKING SNOWMEN,3
16710,22739,RIBBON REEL CHRISTMAS SOCK BAUBLE,3
16710,22753,SMALL YELLOW BABUSHKA NOTEBOOK,1
16710,22754,SMALL RED BABUSHKA NOTEBOOK,2
16710,22755,SMALL PURPLE BABUSHKA NOTEBOOK,2
16710,22807,SET OF 6 T-LIGHTS TOADSTOOLS,2
16710,22810,SET OF 6 T-LIGHTS SNOWMEN,6
16710,22834,HAND WARMER BABUSHKA DESIGN,13
16710,22837,HOT WATER BOTTLE BABUSHKA,4
16710,22842,BISCUIT TIN VINTAGE RED,1
16710,22843,BISCUIT TIN VINTAGE GREEN,1
16710,22866,HAND WARMER SCOTTY DOG DESIGN,7
16710,22867,HAND WARMER BIRD DESIGN,4
16710,22906,12 MESSAGE CARDS WITH ENVELOPES,4
16710,22912,YELLOW COAT RACK PARIS FASHION,6
16710,22914,BLUE COAT RACK PARIS FASHION,2
16710,22974,CHILDRENS DOLLY GIRL MUG,4
16710,22988,SOLDIERS EGG CUP,12
16710,35953,FOLKART STAR CHRISTMAS DECORATIONS,2
16710,82482,WOODEN PICTURE FRAME WHITE FINISH,2
16710,84029E,RED WOOLLY HOTTIE WHITE HEART.,2
16710,84030E,ENGLISH ROSE HOT WATER BOTTLE,1
16710,84341B,SMALL PINK MAGIC CHRISTMAS TREE,5
16710,84347,ROTATING SILVER ANGELS T-LIGHT HLDR,6
16710,84625A,PINK NEW BAROQUECANDLESTICK CANDLE,4
16710,84692,BOX OF 24 COCKTAIL PARASOLS,6
16710,84944,SET OF 6 KASHMIR FOLKART BAUBLES,6
16710,85199S,SMALL HANGING IVORY/RED WOOD BIRD,2
16710,85231B,CINAMMON SET OF 9 T-LIGHTS,4
16710,85231G,ORANGE SCENTED SET/9 T-LIGHTS,3
16711,15056BL,EDWARDIAN PARASOL BLACK,36
16713,20681,PINK POLKADOT CHILDRENS UMBRELLA,2
16713,20682,RED RETROSPOT CHILDRENS UMBRELLA,2
16713,20685,DOORMAT RED RETROSPOT,3
16713,20829,GLITTER HANGING BUTTERFLY STRING,4
16713,21165,BEWARE OF THE CAT METAL SIGN,2
16713,21169,YOU'RE CONFUSING ME METAL SIGN,4
16713,21181,PLEASE ONE PERSON METAL SIGN,2
16713,21428,SET3 BOOK BOX GREEN GINGHAM FLOWER,2
16713,21429,RED GINGHAM ROSE JEWELLERY BOX,12
16713,21430,SET/3 RED GINGHAM ROSE STORAGE BOX,3
16713,21479,WHITE SKULL HOT WATER BOTTLE,5
16713,21481,FAWN BLUE HOT WATER BOTTLE,4
16713,21485,RETROSPOT HEART HOT WATER BOTTLE,5
16713,21506,"FANCY FONT BIRTHDAY CARD,",12
16713,21524,DOORMAT SPOTTY HOME SWEET HOME,1
16713,21669,BLUE STRIPE CERAMIC DRAWER KNOB,6
16713,21670,BLUE SPOT CERAMIC DRAWER KNOB,6
16713,21673,WHITE SPOT BLUE CERAMIC DRAWER KNOB,6
16713,21731,RED TOADSTOOL LED NIGHT LIGHT,6
16713,21791,VINTAGE HEADS AND TAILS CARD GAME,3
16713,21870,I CAN ONLY PLEASE ONE PERSON MUG,6
16713,21889,WOODEN BOX OF DOMINOES,3
16713,21955,DOORMAT UNION JACK GUNS AND ROSES,1
16713,22029,SPACEBOY BIRTHDAY CARD,12
16713,22110,BIRD HOUSE HOT WATER BOTTLE,5
16713,22111,SCOTTIE DOG HOT WATER BOTTLE,6
16713,22114,HOT WATER BOTTLE TEA AND SYMPATHY,2
16713,22169,FAMILY ALBUM WHITE PICTURE FRAME,1
16713,22170,PICTURE FRAME WOOD TRIPLE PORTRAIT,4
16713,22171,3 HOOK PHOTO SHELF ANTIQUE WHITE,4
16713,22173,METAL 4 HOOK HANGER FRENCH CHATEAU,3
16713,22174,PHOTO CUBE,10
16713,22380,TOY TIDY SPACEBOY,1
16713,22467,GUMBALL COAT RACK,3
16713,22549,PICTURE DOMINOES,3
16713,22665,RECIPE BOX BLUE SKETCHBOOK DESIGN,3
16713,22666,RECIPE BOX PANTRY YELLOW DESIGN,3
16713,22667,RECIPE BOX RETROSPOT,2
16713,22694,WICKER STAR,4
16713,22713,CARD I LOVE LONDON,12
16713,22716,CARD CIRCUS PARADE,12
16713,22719,GUMBALL MONOCHROME COAT RACK,2
16713,22720,SET OF 3 CAKE TINS PANTRY DESIGN,3
16713,22721,SET OF 3 CAKE TINS SKETCHBOOK,2
16713,22725,ALARM CLOCK BAKELIKE CHOCOLATE,2
16713,22726,ALARM CLOCK BAKELIKE GREEN,6
16713,22727,ALARM CLOCK BAKELIKE RED,4
16713,22728,ALARM CLOCK BAKELIKE PINK,4
16713,22729,ALARM CLOCK BAKELIKE ORANGE,3
16713,22749,FELTCRAFT PRINCESS CHARLOTTE DOLL,1
16713,22750,FELTCRAFT PRINCESS LOLA DOLL,3
16713,22751,FELTCRAFT PRINCESS OLIVIA DOLL,2
16713,22766,PHOTO FRAME CORNICE,2
16713,22768,FAMILY PHOTO FRAME CORNICE,1
16713,22773,GREEN DRAWER KNOB ACRYLIC EDWARDIAN,1
16713,22774,RED DRAWER KNOB ACRYLIC EDWARDIAN,1
16713,22791,T-LIGHT GLASS FLUTED ANTIQUE,3
16713,22841,ROUND CAKE TIN VINTAGE GREEN,1
16713,22962,JAM JAR WITH PINK LID,2
16713,22963,JAM JAR WITH GREEN LID,2
16713,22983,CARD BILLBOARD FONT,12
16713,48138,DOORMAT UNION FLAG,1
16713,82482,WOODEN PICTURE FRAME WHITE FINISH,2
16713,82483,WOOD 2 DRAWER CABINET WHITE FINISH,4
16713,82486,WOOD S/3 CABINET ANT WHITE FINISH,4
16713,82494L,WOODEN FRAME ANTIQUE WHITE,2
16713,82600,NO SINGING METAL SIGN,4
16713,84029E,RED WOOLLY HOTTIE WHITE HEART.,2
16713,84029G,KNITTED UNION FLAG HOT WATER BOTTLE,5
16713,84030E,ENGLISH ROSE HOT WATER BOTTLE,5
16713,84997A,GREEN 3 PIECE POLKADOT CUTLERY SET,1
16713,84997B,RED 3 PIECE RETROSPOT CUTLERY SET,1
16713,84997C,BLUE 3 PIECE POLKADOT CUTLERY SET,1
16713,84997D,PINK 3 PIECE POLKADOT CUTLERY SET,1
16713,85036C,ROSE 1 WICK MORRIS BOXED CANDLE,1
16713,85049B,LUSH GREENS RIBBONS,4
16713,85049E,SCANDINAVIAN REDS RIBBONS,6
16713,85231B,CINAMMON SET OF 9 T-LIGHTS,6
16713,85231G,ORANGE SCENTED SET/9 T-LIGHTS,3
16717,21481,FAWN BLUE HOT WATER BOTTLE,6
16717,21484,CHICK GREY HOT WATER BOTTLE,4
16717,21485,RETROSPOT HEART HOT WATER BOTTLE,3
16717,21739,COSY SLIPPER SHOES SMALL GREEN,6
16717,21741,COSY SLIPPER SHOES LARGE GREEN,6
16717,22111,SCOTTIE DOG HOT WATER BOTTLE,6
16717,22768,FAMILY PHOTO FRAME CORNICE,2
16717,22781,GUMBALL MAGAZINE RACK,2
16717,22785,SQUARECUSHION COVER PINK UNION FLAG,2
16717,22837,HOT WATER BOTTLE BABUSHKA,8
16717,72802C,VANILLA SCENT CANDLE JEWELLED BOX,6
16717,84029E,RED WOOLLY HOTTIE WHITE HEART.,4
16717,85034A,3 GARDENIA MORRIS BOXED CANDLES,4
16717,85034B,3 WHITE CHOC MORRIS BOXED CANDLES,4
16717,85123A,WHITE HANGING HEART T-LIGHT HOLDER,12
16718,21014,SWISS CHALET TREE DECORATION,24
16718,21025,SPACE FROG,10
16718,21696,SMALL SILVER TRELLIS CANDLEPOT,12
16718,21703,BAG 125g SWIRLY MARBLES,10
16718,21888,BINGO SET,6
16718,21889,WOODEN BOX OF DOMINOES,10
16718,21912,VINTAGE SNAKES & LADDERS,6
16718,21918,SET 12 KIDS COLOUR  CHALK STICKS,20
16718,22034,ROBIN CHRISTMAS CARD,3
16718,22141,CHRISTMAS CRAFT TREE TOP ANGEL,6
16718,22295,HEART FILIGREE DOVE LARGE,12
16718,22357,KINGS CHOICE BISCUIT TIN,4
16718,22362,GLASS JAR PEACOCK BATH SALTS,16
16718,22489,PACK OF 12 TRADITIONAL CRAYONS,10
16718,22550,HOLIDAY FUN LUDO,6
16718,22560,TRADITIONAL MODELLING CLAY,8
16718,22566,FELTCRAFT HAIRBAND PINK AND PURPLE,1
16718,22633,HAND WARMER UNION JACK,1
16718,22759,SET OF 3 NOTEBOOKS IN PARCEL,6
16718,22816,CARD MOTORBIKE SANTA,48
16718,22818,CARD CHRISTMAS VILLAGE,48
16718,22865,HAND WARMER OWL DESIGN,8
16718,22867,HAND WARMER BIRD DESIGN,9
16718,22913,RED COAT RACK PARIS FASHION,2
16718,22914,BLUE COAT RACK PARIS FASHION,3
16718,22916,HERB MARKER THYME,12
16718,22917,HERB MARKER ROSEMARY,12
16718,22918,HERB MARKER PARSLEY,12
16718,22920,HERB MARKER BASIL,12
16718,22941,CHRISTMAS LIGHTS 10 REINDEER,6
16718,22943,CHRISTMAS LIGHTS 10 VINTAGE BAUBLES,6
16718,22955,36 FOIL STAR CAKE CASES,8
16718,22960,JAM MAKING SET WITH JARS,2
16718,22972,CHILDREN'S SPACEBOY MUG,6
16718,22974,CHILDRENS DOLLY GIRL MUG,6
16718,22975,SPACEBOY CHILDRENS EGG CUP,12
16718,22976,CIRCUS PARADE CHILDRENS EGG CUP,12
16718,35598B,BLACK CHRISTMAS TREE 60CM,1
16718,84692,BOX OF 24 COCKTAIL PARASOLS,1
16718,84836,ZINC METAL HEART DECORATION,12
16718,85135B,BLUE DRAGONFLY HELICOPTER,4
16719,16169N,WRAP BLUE RUSSIAN FOLKART,25
16719,20769,DAISY JOURNAL,3
16719,20829,GLITTER HANGING BUTTERFLY STRING,3
16719,21034,REX CASH+CARRY JUMBO SHOPPER,2
16719,21042,RED RETROSPOT APRON,2
16719,21731,RED TOADSTOOL LED NIGHT LIGHT,2
16719,21735,TWO DOOR CURIO CABINET,2
16719,21830,ASSORTED CREEPY CRAWLIES,24
16719,22086,PAPER CHAIN KIT 50'S CHRISTMAS,1
16719,22114,HOT WATER BOTTLE TEA AND SYMPATHY,2
16719,22175,PINK OWL SOFT TOY,2
16719,22176,BLUE OWL SOFT TOY,4
16719,22179,SET 10 LIGHTS NIGHT OWL,4
16719,22192,BLUE DINER WALL CLOCK,1
16719,22193,RED DINER WALL CLOCK,2
16719,22435,SET OF 9 HEART SHAPED BALLOONS,4
16719,22436,12 COLOURED PARTY BALLOONS,2
16719,22461,SAVOY ART DECO CLOCK,1
16719,22468,BABUSHKA LIGHTS STRING OF 10,1
16719,22486,PLASMATRONIC LAMP,2
16719,22622,BOX OF VINTAGE ALPHABET BLOCKS,1
16719,22726,ALARM CLOCK BAKELIKE GREEN,2
16719,22727,ALARM CLOCK BAKELIKE RED,9
16719,22729,ALARM CLOCK BAKELIKE ORANGE,6
16719,22730,ALARM CLOCK BAKELIKE IVORY,2
16719,22745,POPPY'S PLAYHOUSE BEDROOM,2
16719,22746,POPPY'S PLAYHOUSE LIVINGROOM,2
16719,22747,POPPY'S PLAYHOUSE BATHROOM,1
16719,22748,POPPY'S PLAYHOUSE KITCHEN,1
16719,22759,SET OF 3 NOTEBOOKS IN PARCEL,2
16719,22865,HAND WARMER OWL DESIGN,3
16719,22891,TEA FOR ONE POLKADOT,1
16719,22941,CHRISTMAS LIGHTS 10 REINDEER,1
16719,72801G,4 BURGUNDY WINE DINNER CANDLES,2
16719,79321,CHILLI LIGHTS,5
16719,84029E,RED WOOLLY HOTTIE WHITE HEART.,3
16719,84029G,KNITTED UNION FLAG HOT WATER BOTTLE,1
16719,84030E,ENGLISH ROSE HOT WATER BOTTLE,1
16719,84507C,BLUE CIRCLES DESIGN MONKEY DOLL,1
16719,84508B,STRIPES DESIGN TEDDY,1
16719,84711A,SILVER OVAL SHAPE TRINKET BOX,2
16719,85123A,WHITE HANGING HEART T-LIGHT HOLDER,6
16719,85135B,BLUE DRAGONFLY HELICOPTER,1
16719,85135C,RED DRAGONFLY HELICOPTER,1
16722,10125,MINI FUNKY DESIGN TAPES,20
16722,16156S,WRAP PINK FAIRY CAKES,25
16722,16168M,FUNKY MONKEY GIFT BAG MEDIUM,24
16722,20719,WOODLAND CHARLOTTE BAG,10
16722,20723,STRAWBERRY CHARLOTTE BAG,10
16722,20724,RED RETROSPOT CHARLOTTE BAG,10
16722,20725,LUNCH BAG RED RETROSPOT,10
16722,20726,LUNCH BAG WOODLAND,10
16722,20727,LUNCH BAG  BLACK SKULL.,10
16722,20728,LUNCH BAG CARS BLUE,10
16722,20967,GREY FLORAL FELTCRAFT SHOULDER BAG,4
16722,20969,RED FLORAL FELTCRAFT SHOULDER BAG,4
16722,20970,PINK FLORAL FELTCRAFT SHOULDER BAG,4
16722,21495,SKULLS AND CROSSBONES WRAP,25
16722,21675,BUTTERFLIES STICKERS,12
16722,21679,SKULLS  STICKERS,12
16722,21680,WOODLAND  STICKERS,12
16722,21829,DINOSAUR KEYRINGS ASSORTED,36
16722,22045,SPACEBOY GIFT WRAP,25
16722,22141,CHRISTMAS CRAFT TREE TOP ANGEL,6
16722,22142,CHRISTMAS CRAFT WHITE FAIRY,12
16722,22144,CHRISTMAS CRAFT LITTLE FRIENDS,12
16722,22149,FELTCRAFT 6 FLOWER FRIENDS,40
16722,22324,BLUE POLKADOT KIDS BAG,12
16722,22355,CHARLOTTE BAG SUKI DESIGN,10
16722,22382,LUNCH BAG SPACEBOY DESIGN,10
16722,22383,LUNCH BAG SUKI  DESIGN,10
16722,22562,MONSTERS STENCIL CRAFT,12
16722,22563,HAPPY STENCIL CRAFT,12
16722,22564,ALPHABET STENCIL CRAFT,12
16722,22566,FELTCRAFT HAIRBAND PINK AND PURPLE,24
16722,22568,FELTCRAFT CUSHION OWL,24
16722,22569,FELTCRAFT CUSHION BUTTERFLY,24
16722,22570,FELTCRAFT CUSHION RABBIT,24
16722,22586,FELTCRAFT HAIRBAND PINK AND BLUE,12
16722,22587,FELTCRAFT HAIRBAND RED AND BLUE,12
16722,22662,LUNCH BAG DOLLY GIRL DESIGN,10
16722,22704,WRAP RED APPLES,25
16722,22820,GIFT BAG BIRTHDAY,12
16722,62096A,PINK/YELLOW FLOWERS HANDBAG,6
16725,16237,SLEEPING CAT ERASERS,1
16725,18098C,PORCELAIN BUTTERFLY OIL BURNER,1
16725,20657,TROPICAL LUGGAGE TAG,1
16725,20664,TROPICAL HOLIDAY PURSE,1
16725,20724,RED RETROSPOT CHARLOTTE BAG,2
16725,21034,REX CASH+CARRY JUMBO SHOPPER,1
16725,21042,RED RETROSPOT APRON,1
16725,21111,"SWISS ROLL TOWEL, CHOCOLATE  SPOTS",1
16725,21125,SET 6 FOOTBALL CELEBRATION CANDLES,1
16725,21196,ROUND WHITE CONFETTI IN TUBE,1
16725,21199,PINK  HEART CONFETTI IN TUBE,1
16725,21217,RED RETROSPOT ROUND CAKE TINS,1
16725,21357,TOAST ITS - DINOSAUR,1
16725,21358,TOAST ITS - HAPPY BIRTHDAY,1
16725,21479,WHITE SKULL HOT WATER BOTTLE,1
16725,21528,DAIRY MAID TRADITIONAL TEAPOT,1
16725,21977,PACK OF 60 PINK PAISLEY CAKE CASES,1
16725,22070,SMALL RED RETROSPOT MUG IN BOX,1
16725,22072,RED RETROSPOT TEA CUP AND SAUCER,1
16725,22093,MOTORING TISSUE BOX,1
16725,22095,LADS ONLY TISSUE BOX,1
16725,22098,BOUDOIR SQUARE TISSUE BOX,1
16725,22109,FULL ENGLISH BREAKFAST PLATE,1
16725,22151,PLACE SETTING WHITE HEART,15
16725,22297,HEART IVORY TRELLIS SMALL,1
16725,22350,ILLUSTRATED CAT BOWL,3
16725,22356,CHARLOTTE BAG PINK POLKADOT,1
16725,22457,NATURAL SLATE HEART CHALKBOARD,1
16725,22469,HEART OF WICKER SMALL,1
16725,22470,HEART OF WICKER LARGE,1
16725,22471,TV DINNER TRAY AIR HOSTESS,1
16725,22472,TV DINNER TRAY DOLLY GIRL,1
16725,22474,SPACEBOY TV DINNER TRAY,1
16725,22509,SEWING BOX RETROSPOT DESIGN,1
16725,22629,SPACEBOY LUNCH BOX,1
16725,22660,DOORMAT I LOVE LONDON,1
16725,22670,FRENCH WC SIGN BLUE METAL,1
16725,22672,FRENCH BATHROOM SIGN BLUE METAL,1
16725,22678,FRENCH BLUE METAL DOOR SIGN 3,1
16725,22686,FRENCH BLUE METAL DOOR SIGN No,1
16725,22694,WICKER STAR,1
16725,22786,CUSHION COVER PINK UNION JACK,2
16725,22804,CANDLEHOLDER PINK HANGING HEART,1
16725,22837,HOT WATER BOTTLE BABUSHKA,2
16725,22865,HAND WARMER OWL DESIGN,1
16725,22939,APRON APPLE DELIGHT,2
16725,22941,CHRISTMAS LIGHTS 10 REINDEER,1
16725,22942,CHRISTMAS LIGHTS 10 SANTAS,1
16725,22988,SOLDIERS EGG CUP,1
16725,35004C,SET OF 3 COLOURED  FLYING DUCKS,1
16725,35653,VINTAGE BEAD NOTEBOOK,1
16725,46000R,POLYESTER FILLER PAD 45x30cm,1
16725,47567B,TEA TIME KITCHEN APRON,1
16725,48138,DOORMAT UNION FLAG,1
16725,48187,DOORMAT NEW ENGLAND,3
16725,70006,LOVE HEART POCKET WARMER,1
16725,70007,HI TEC ALPINE HAND WARMER,2
16725,72741,GRAND CHOCOLATECANDLE,2
16725,79321,CHILLI LIGHTS,10
16725,82494L,WOODEN FRAME ANTIQUE WHITE,1
16725,84836,ZINC METAL HEART DECORATION,2
16725,85024C,PINK SMALL JEWELLED PHOTOFRAME,1
16725,85038,6 CHOCOLATE LOVE HEART T-LIGHTS,4
16725,85130D,BEADED CRYSTAL HEART PINK LARGE,1
16725,85175,CACTI T-LIGHT CANDLES,32
16725,85231B,CINAMMON SET OF 9 T-LIGHTS,1
16725,M,Manual,1
16726,21212,PACK OF 72 RETROSPOT CAKE CASES,1
16726,21484,CHICK GREY HOT WATER BOTTLE,2
16726,21733,RED HANGING HEART T-LIGHT HOLDER,2
16726,21865,PINK UNION JACK  PASSPORT COVER,1
16726,22113,GREY HEART HOT WATER BOTTLE,2
16726,22212,FOUR HOOK  WHITE LOVEBIRDS,4
16726,22379,RECYCLING BAG RETROSPOT,1
16726,22441,GROW YOUR OWN BASIL IN ENAMEL MUG,4
16726,22457,NATURAL SLATE HEART CHALKBOARD,4
16726,22549,PICTURE DOMINOES,4
16726,22834,HAND WARMER BABUSHKA DESIGN,4
16726,22900,SET 2 TEA TOWELS I LOVE LONDON,8
16726,22964,3 PIECE SPACEBOY COOKIE CUTTER SET,4
16726,79321,CHILLI LIGHTS,2
16726,84030E,ENGLISH ROSE HOT WATER BOTTLE,1
16726,84375,SET OF 20 KIDS COOKIE CUTTERS,1
16726,84378,SET OF 3 HEART COOKIE CUTTERS,5
16726,84380,SET OF 3 BUTTERFLY COOKIE CUTTERS,5
16726,84992,72 SWEETHEART FAIRY CAKE CASES,1
16726,84993B,75 BLACK PETIT FOUR CASES,1
16727,17090D,VANILLA INCENSE 40 CONES IN TIN,1
16727,17091A,LAVENDER INCENSE IN TIN,2
16727,17091J,VANILLA INCENSE IN TIN,2
16727,20974,12 PENCILS SMALL TUBE SKULL,3
16727,20975,12 PENCILS SMALL TUBE RED RETROSPOT,3
16727,21189,WHITE HONEYCOMB PAPER GARLAND,3
16727,21210,SET OF 72 RETROSPOT PAPER  DOILIES,2
16727,21494,ROTATING LEAVES T-LIGHT HOLDER,4
16727,21733,RED HANGING HEART T-LIGHT HOLDER,5
16727,21890,S/6 WOODEN SKITTLES IN COTTON BAG,3
16727,21980,PACK OF 12 RED RETROSPOT TISSUES,5
16727,22077,6 RIBBONS RUSTIC CHARM,10
16727,22080,RIBBON REEL POLKADOTS,5
16727,22083,PAPER CHAIN KIT RETROSPOT,3
16727,22086,PAPER CHAIN KIT 50'S CHRISTMAS,4
16727,22348,TEA BAG PLATE RED RETROSPOT,3
16727,22558,CLOTHES PEGS RETROSPOT PACK 24,8
16727,22560,TRADITIONAL MODELLING CLAY,3
16727,22568,FELTCRAFT CUSHION OWL,4
16727,22573,STAR WOODEN CHRISTMAS DECORATION,6
16727,22574,HEART WOODEN CHRISTMAS DECORATION,6
16727,22576,SWALLOW WOODEN CHRISTMAS DECORATION,3
16727,22600,CHRISTMAS RETROSPOT STAR WOOD,6
16727,22601,CHRISTMAS RETROSPOT ANGEL WOOD,6
16727,22603,CHRISTMAS RETROSPOT TREE WOOD,6
16727,22621,TRADITIONAL KNITTING NANCY,3
16727,22667,RECIPE BOX RETROSPOT,1
16727,22738,RIBBON REEL SNOWY VILLAGE,10
16727,22739,RIBBON REEL CHRISTMAS SOCK BAUBLE,10
16727,22791,T-LIGHT GLASS FLUTED ANTIQUE,12
16727,22851,SET 20 NAPKINS FAIRY CAKES DESIGN,2
16727,22909,SET OF 20 VINTAGE CHRISTMAS NAPKINS,4
16727,22910,PAPER CHAIN KIT VINTAGE CHRISTMAS,2
16727,22940,FELTCRAFT CHRISTMAS FAIRY,1
16727,22952,60 CAKE CASES VINTAGE CHRISTMAS,6
16727,72349B,SET/6 PURPLE BUTTERFLY T-LIGHTS,1
16727,72351A,SET/6 TURQUOISE BUTTERFLY T-LIGHTS,1
16727,72351B,SET/6 PINK  BUTTERFLY T-LIGHTS,1
16727,84347,ROTATING SILVER ANGELS T-LIGHT HLDR,5
16727,84947,ANTIQUE SILVER TEA GLASS ENGRAVED,6
16727,85123A,WHITE HANGING HEART T-LIGHT HOLDER,6
16743,20971,PINK BLUE FELT CRAFT TRINKET BOX,12
16743,20972,PINK CREAM FELT CRAFT TRINKET BOX,12
16743,21165,BEWARE OF THE CAT METAL SIGN,24
16743,21169,YOU'RE CONFUSING ME METAL SIGN,4
16743,21174,POTTERING IN THE SHED METAL SIGN,4
16743,21175,GIN + TONIC DIET METAL SIGN,12
16743,21181,PLEASE ONE PERSON METAL SIGN,12
16743,21213,PACK OF 72 SKULL CAKE CASES,24
16743,21231,SWEETHEART CERAMIC TRINKET BOX,4
16743,21232,STRAWBERRY CERAMIC TRINKET BOX,20
16743,21903,MAN FLU METAL SIGN,4
16743,21977,PACK OF 60 PINK PAISLEY CAKE CASES,24
16743,22065,CHRISTMAS PUDDING TRINKET POT,6
16743,22151,PLACE SETTING WHITE HEART,48
16743,22178,VICTORIAN GLASS HANGING T-LIGHT,6
16743,22551,PLASTERS IN TIN SPACEBOY,12
16743,22553,PLASTERS IN TIN SKULLS,12
16743,22555,PLASTERS IN TIN STRONGMAN,12
16743,22556,PLASTERS IN TIN CIRCUS PARADE,12
16743,22557,PLASTERS IN TIN VINTAGE PAISLEY,12
16743,22588,CARD HOLDER GINGHAM HEART,3
16743,22789,T-LIGHT HOLDER SWEETHEART HANGING,4
16743,22811,SET OF 6 T-LIGHTS CACTI,1
16743,72349B,SET/6 PURPLE BUTTERFLY T-LIGHTS,1
16743,72351A,SET/6 TURQUOISE BUTTERFLY T-LIGHTS,1
16743,72351B,SET/6 PINK  BUTTERFLY T-LIGHTS,1
16743,82599,FANNY'S REST STOPMETAL SIGN,3
16743,82600,NO SINGING METAL SIGN,12
16743,84991,60 TEATIME FAIRY CAKE CASES,24
16743,85152,HAND OVER THE CHOCOLATE   SIGN,12
16746,21558,SKULL LUNCH BOX WITH CUTLERY,60
16746,22355,CHARLOTTE BAG SUKI DESIGN,10
16746,22378,WALL TIDY RETROSPOT,60
16746,22505,MEMO BOARD COTTAGE DESIGN,4
16746,22610,PENS ASSORTED FUNNY FACE,36
16746,22659,LUNCH BOX I LOVE LONDON,12
16746,22779,WOODEN OWLS LIGHT GARLAND,4
16746,22780,LIGHT GARLAND BUTTERFILES PINK,4
16746,22900,SET 2 TEA TOWELS I LOVE LONDON,6
16746,84819,DANISH ROSE ROUND SEWING BOX,16
16746,84926F,PSYCHEDELIC TILE COASTER,24
16752,21563,RED HEART SHAPE LOVE BUCKET,6
16752,21769,VINTAGE POST OFFICE CABINET,1
16752,22168,ORGANISER WOOD ANTIQUE WHITE,2
16752,22442,GROW YOUR OWN FLOWERS SET OF 3,2
16752,22595,CHRISTMAS GINGHAM HEART,12
16752,22759,SET OF 3 NOTEBOOKS IN PARCEL,12
16752,22797,CHEST OF DRAWERS GINGHAM HEART,1
16752,22969,HOMEMADE JAM SCENTED CANDLES,12
16752,84846A,SCENTED CANDLE IN DIGITALIS TIN,6
16754,21915,RED  HARMONICA IN BOX,1400
16754,84077,WORLD WAR 2 GLIDERS ASSTD DESIGNS,2880
16770,20970,PINK FLORAL FELTCRAFT SHOULDER BAG,4
16770,21733,RED HANGING HEART T-LIGHT HOLDER,6
16770,22273,FELTCRAFT DOLL MOLLY,6
16770,22632,HAND WARMER RED RETROSPOT,12
16770,22633,HAND WARMER UNION JACK,12
16770,22749,FELTCRAFT PRINCESS CHARLOTTE DOLL,4
16770,22834,HAND WARMER BABUSHKA DESIGN,24
16770,22865,HAND WARMER OWL DESIGN,24
16770,22866,HAND WARMER SCOTTY DOG DESIGN,12
16770,85123A,WHITE HANGING HEART T-LIGHT HOLDER,12
16770,90002D,FLOWER BURST SILVER RING CRYSTAL,4
16775,21485,RETROSPOT HEART HOT WATER BOTTLE,2
16775,21617,4 LILY  BOTANICAL DINNER CANDLES,1
16775,21688,SILVER PLATE CANDLE BOWL SMALL,6
16775,21733,RED HANGING HEART T-LIGHT HOLDER,2
16775,21804,WHITE CHRISTMAS GARLAND STARS TREES,4
16775,22112,CHOCOLATE HOT WATER BOTTLE,5
16775,22113,GREY HEART HOT WATER BOTTLE,3
16775,22114,HOT WATER BOTTLE TEA AND SYMPATHY,5
16775,22118,JOY WOODEN BLOCK LETTERS,1
16775,22139,RETROSPOT TEA SET CERAMIC 11 PC,2
16775,22470,HEART OF WICKER LARGE,1
16775,22508,DOORSTOP RETROSPOT HEART,2
16775,22835,HOT WATER BOTTLE I AM SO POORLY,5
16775,22867,HAND WARMER BIRD DESIGN,4
16775,22891,TEA FOR ONE POLKADOT,1
16775,48138,DOORMAT UNION FLAG,5
16775,82486,WOOD S/3 CABINET ANT WHITE FINISH,1
16775,84836,ZINC METAL HEART DECORATION,12
16779,17164B,ASS COL SMALL SAND GECKO P'WEIGHT,1
16779,20666,ECONOMY HOLIDAY PURSE,1
16779,20735,BLACK MINI TAPE MEASURE,100
16779,20985,HEART CALCULATOR,12
16779,21107,CREAM SLICE FLANNEL PINK SPOT,6
16779,21327,SKULLS WRITING SET,1
16779,21479,WHITE SKULL HOT WATER BOTTLE,1
16779,21843,RED RETROSPOT CAKE STAND,1
16779,21846,PINK DIAMANTE PEN IN GIFT BOX,25
16779,21864,UNION JACK FLAG PASSPORT COVER,1
16779,21865,PINK UNION JACK  PASSPORT COVER,6
16779,21866,UNION JACK FLAG LUGGAGE TAG,1
16779,21867,PINK UNION JACK  LUGGAGE TAG,6
16779,21915,RED  HARMONICA IN BOX,1
16779,22114,HOT WATER BOTTLE TEA AND SYMPATHY,12
16779,22136,LOVE HEART SOCK HANGER,2
16779,22166,WALL MIRROR RECTANGLE DIAMANTE PINK,1
16779,22195,LARGE HEART MEASURING SPOONS,6
16779,22333,RETROSPOT PARTY BAG + STICKER SET,6
16779,22412,METAL SIGN NEIGHBOURHOOD WITCH,12
16779,22423,REGENCY CAKESTAND 3 TIER,1
16779,22569,FELTCRAFT CUSHION BUTTERFLY,1
16779,22644,CERAMIC CHERRY CAKE MONEY BANK,12
16779,22646,CERAMIC STRAWBERRY CAKE MONEY BANK,12
16779,22667,RECIPE BOX RETROSPOT,6
16779,22750,FELTCRAFT PRINCESS LOLA DOLL,1
16779,22812,PACK 3 BOXES CHRISTMAS PANNETONE,3
16779,71053,WHITE METAL LANTERN,24
16779,71477,COLOUR GLASS. STAR T-LIGHT HOLDER,48
16779,72349B,SET/6 PURPLE BUTTERFLY T-LIGHTS,1
16779,72807B,SET/3 OCEAN SCENT CANDLE JEWEL BOX,1
16779,84558A,3D DOG PICTURE PLAYING CARDS,1
16779,84559B,3D SHEET OF CAT STICKERS,2
16779,84827,ASS DES PHONE SPONGE CRAFT STICKER,1
16779,85152,HAND OVER THE CHOCOLATE   SIGN,12
16781,20828,GLITTER BUTTERFLY CLIPS,6
16781,21257,VICTORIAN SEWING BOX MEDIUM,2
16781,21745,GAOLERS KEYS DECORATIVE GARDEN,4
16781,21781,MA CAMPAGNE CUTLERY BOX,1
16781,21844,RED RETROSPOT MUG,6
16781,22183,CAKE STAND VICTORIAN FILIGREE MED,3
16781,22296,HEART IVORY TRELLIS LARGE,12
16781,22924,FRIDGE MAGNETS LA VIE EN ROSE,12
16781,22928,YELLOW GIANT GARDEN THERMOMETER,2
16781,48111,DOORMAT 3 SMILEY CATS,4
16781,48185,DOORMAT FAIRY CAKE,2
16781,79163,BLACK CHAMPAGNE GLASS,12
16781,79164,BLACK WINE GLASS,12
16781,82484,WOOD BLACK BOARD ANT WHITE FINISH,3
16781,82486,WOOD S/3 CABINET ANT WHITE FINISH,2
16781,82494L,WOODEN FRAME ANTIQUE WHITE,6
16781,84683,CLASSICAL ROSE CANDLESTAND,24
16782,20677,PINK POLKADOT BOWL,1
16782,20712,JUMBO BAG WOODLAND ANIMALS,1
16782,20713,JUMBO BAG OWLS,3
16782,20719,WOODLAND CHARLOTTE BAG,1
16782,20723,STRAWBERRY CHARLOTTE BAG,1
16782,20724,RED RETROSPOT CHARLOTTE BAG,2
16782,20725,LUNCH BAG RED RETROSPOT,2
16782,20726,LUNCH BAG WOODLAND,1
16782,20727,LUNCH BAG  BLACK SKULL.,2
16782,20728,LUNCH BAG CARS BLUE,1
16782,20914,SET/5 RED RETROSPOT LID GLASS BOWLS,1
16782,20969,RED FLORAL FELTCRAFT SHOULDER BAG,2
16782,21100,CHARLIE AND LOLA CHARLOTTE BAG,1
16782,21243,PINK  POLKADOT PLATE,1
16782,21466,RED FLOWER CROCHET FOOD COVER,3
16782,21471,STRAWBERRY RAFFIA FOOD COVER,1
16782,21472,LADYBIRD + BEE RAFFIA FOOD COVER,2
16782,21557,SET OF 6 FUNKY BEAKERS,1
16782,21558,SKULL LUNCH BOX WITH CUTLERY,2
16782,21559,STRAWBERRY LUNCH BOX WITH CUTLERY,1
16782,21561,DINOSAUR LUNCH BOX WITH CUTLERY,1
16782,21577,SAVE THE PLANET COTTON TOTE BAG,1
16782,21588,RETROSPOT GIANT TUBE MATCHES,1
16782,21624,VINTAGE UNION JACK DOORSTOP,2
16782,21733,RED HANGING HEART T-LIGHT HOLDER,4
16782,21754,HOME BUILDING BLOCK WORD,2
16782,21755,LOVE BUILDING BLOCK WORD,1
16782,21843,RED RETROSPOT CAKE STAND,2
16782,21929,JUMBO BAG PINK VINTAGE PAISLEY,2
16782,21937,STRAWBERRY   PICNIC BAG,1
16782,22158,3 HEARTS HANGING DECORATION RUSTIC,1
16782,22186,RED STAR CARD HOLDER,1
16782,22326,ROUND SNACK BOXES SET OF4 WOODLAND,2
16782,22327,ROUND SNACK BOXES SET OF 4 SKULLS,3
16782,22328,ROUND SNACK BOXES SET OF 4 FRUITS,3
16782,22348,TEA BAG PLATE RED RETROSPOT,2
16782,22355,CHARLOTTE BAG SUKI DESIGN,1
16782,22356,CHARLOTTE BAG PINK POLKADOT,1
16782,22377,BOTTLE BAG RETROSPOT,2
16782,22379,RECYCLING BAG RETROSPOT,2
16782,22380,TOY TIDY SPACEBOY,2
16782,22382,LUNCH BAG SPACEBOY DESIGN,3
16782,22383,LUNCH BAG SUKI  DESIGN,1
16782,22384,LUNCH BAG PINK POLKADOT,3
16782,22385,JUMBO BAG SPACEBOY DESIGN,1
16782,22423,REGENCY CAKESTAND 3 TIER,5
16782,22428,ENAMEL FIRE BUCKET CREAM,1
16782,22458,CAST IRON HOOK GARDEN FORK,1
16782,22459,CAST IRON HOOK GARDEN TROWEL,1
16782,22470,HEART OF WICKER LARGE,2
16782,22505,MEMO BOARD COTTAGE DESIGN,2
16782,22629,SPACEBOY LUNCH BOX,2
16782,22630,DOLLY GIRL LUNCH BOX,1
16782,22631,CIRCUS PARADE LUNCH BOX,3
16782,22635,CHILDS BREAKFAST SET DOLLY GIRL,2
16782,22659,LUNCH BOX I LOVE LONDON,1
16782,22697,GREEN REGENCY TEACUP AND SAUCER,3
16782,22698,PINK REGENCY TEACUP AND SAUCER,1
16782,22699,ROSES REGENCY TEACUP AND SAUCER,3
16782,22776,SWEETHEART CAKESTAND 3 TIER,12
16782,22795,SWEETHEART RECIPE BOOK STAND,6
16782,22896,PEG BAG APPLES DESIGN,3
16782,79066K,RETRO MOD TRAY,2
16782,82482,WOODEN PICTURE FRAME WHITE FINISH,1
16782,84029G,KNITTED UNION FLAG HOT WATER BOTTLE,1
16782,84580,MOUSE TOY WITH PINK T-SHIRT,2
16782,84997D,PINK 3 PIECE POLKADOT CUTLERY SET,1
16782,85053,FRENCH ENAMEL CANDLEHOLDER,1
16782,85084,HOLLY TOP CHRISTMAS STOCKING,2
16782,85123A,WHITE HANGING HEART T-LIGHT HOLDER,18
16795,10002,INFLATABLE POLITICAL GLOBE,8
16795,21041,RED RETROSPOT OVEN GLOVE DOUBLE,2
16795,21042,RED RETROSPOT APRON,5
16795,21098,CHRISTMAS TOILET ROLL,6
16795,21157,RED RETROSPOT WASHBAG,2
16795,21187,WHITE BELL HONEYCOMB PAPER GARLAND,2
16795,21192,WHITE BELL HONEYCOMB PAPER,2
16795,21430,SET/3 RED GINGHAM ROSE STORAGE BOX,3
16795,21584,RETROSPOT SMALL TUBE MATCHES,3
16795,21587,COSY HOUR GIANT TUBE MATCHES,2
16795,21591,COSY HOUR CIGAR BOX MATCHES,2
16795,22071,SMALL WHITE RETROSPOT MUG IN BOX,2
16795,22086,PAPER CHAIN KIT 50'S CHRISTMAS,4
16795,22144,CHRISTMAS CRAFT LITTLE FRIENDS,2
16795,22153,ANGEL DECORATION STARS ON DRESS,6
16795,22154,ANGEL DECORATION 3 BUTTONS,6
16795,22158,3 HEARTS HANGING DECORATION RUSTIC,1
16795,22294,HEART FILIGREE DOVE  SMALL,4
16795,22469,HEART OF WICKER SMALL,5
16795,22470,HEART OF WICKER LARGE,3
16795,22508,DOORSTOP RETROSPOT HEART,4
16795,22568,FELTCRAFT CUSHION OWL,2
16795,22569,FELTCRAFT CUSHION BUTTERFLY,2
16795,22570,FELTCRAFT CUSHION RABBIT,1
16795,22592,CARDHOLDER HOLLY WREATH METAL,3
16795,22593,CHRISTMAS GINGHAM STAR,3
16795,22594,CHRISTMAS GINGHAM TREE,2
16795,22595,CHRISTMAS GINGHAM HEART,3
16795,22597,CHRISTMAS MUSICAL ZINC HEART,3
16795,22598,CHRISTMAS MUSICAL ZINC TREE,1
16795,22601,CHRISTMAS RETROSPOT ANGEL WOOD,2
16795,22602,CHRISTMAS RETROSPOT HEART WOOD,5
16795,22696,WICKER WREATH LARGE,2
16795,22731,3D CHRISTMAS STAMPS STICKERS,3
16795,22736,RIBBON REEL MAKING SNOWMEN,1
16795,22737,RIBBON REEL CHRISTMAS PRESENT,1
16795,22739,RIBBON REEL CHRISTMAS SOCK BAUBLE,2
16795,22759,SET OF 3 NOTEBOOKS IN PARCEL,4
16795,22809,SET OF 6 T-LIGHTS SANTA,1
16795,22810,SET OF 6 T-LIGHTS SNOWMEN,1
16795,22829,SWEETHEART WIRE WALL TIDY,1
16795,22834,HAND WARMER BABUSHKA DESIGN,3
16795,22845,VINTAGE CREAM CAT FOOD CONTAINER,4
16795,22855,FINE WICKER HEART,7
16795,22909,SET OF 20 VINTAGE CHRISTMAS NAPKINS,4
16795,22910,PAPER CHAIN KIT VINTAGE CHRISTMAS,7
16795,22944,CHRISTMAS METAL POSTCARD WITH BELLS,6
16795,22945,CHRISTMAS METAL TAGS ASSORTED,6
16795,22952,60 CAKE CASES VINTAGE CHRISTMAS,2
16795,22956,36 FOIL HEART CAKE CASES,1
16795,22961,JAM MAKING SET PRINTED,5
16795,22988,SOLDIERS EGG CUP,6
16795,72349B,SET/6 PURPLE BUTTERFLY T-LIGHTS,5
16795,72351A,SET/6 TURQUOISE BUTTERFLY T-LIGHTS,2
16795,72351B,SET/6 PINK  BUTTERFLY T-LIGHTS,1
16795,72816,SET/3 CHRISTMAS DECOUPAGE CANDLES,1
16795,79160,HEART SHAPE WIRELESS DOORBELL,9
16795,84341B,SMALL PINK MAGIC CHRISTMAS TREE,8
16795,84535B,FAIRY CAKES NOTEBOOK A6 SIZE,3
16795,84536A,ENGLISH ROSE NOTEBOOK A7 SIZE,3
16795,84536B,FAIRY CAKES NOTEBOOK A7 SIZE,3
16795,84832,ZINC WILLIE WINKIE  CANDLE STICK,19
16795,85066,CREAM SWEETHEART MINI CHEST,1
16795,85172,HYACINTH BULB T-LIGHT CANDLES,16
16805,10002,INFLATABLE POLITICAL GLOBE,4
16805,15034,PAPER POCKET TRAVELING FAN,12
16805,15036,ASSORTED COLOURS SILK FAN,12
16805,17084R,ASSORTED INCENSE PACK,72
16805,17165D,ASS COL LARGE SAND FROG P'WEIGHT,4
16805,20828,GLITTER BUTTERFLY CLIPS,2
16805,20829,GLITTER HANGING BUTTERFLY STRING,2
16805,20854,BLUE PATCH PURSE PINK HEART,2
16805,20856,DENIM PATCH PURSE PINK BUTTERFLY,3
16805,20857,BLUE ROSE PATCH PURSE PINK BUTTERFL,2
16805,20866,BLUE ROSE FABRIC MIRROR,2
16805,20867,PINK ROSE FABRIC MIRROR,2
16805,20868,SILVER FABRIC MIRROR,4
16805,20886,BOX OF 9 PEBBLE CANDLES,2
16805,20974,12 PENCILS SMALL TUBE SKULL,2
16805,20975,12 PENCILS SMALL TUBE RED RETROSPOT,2
16805,20982,12 PENCILS TALL TUBE SKULLS,2
16805,20983,12 PENCILS TALL TUBE RED RETROSPOT,2
16805,20996,JAZZ HEARTS ADDRESS BOOK,4
16805,21034,REX CASH+CARRY JUMBO SHOPPER,1
16805,21051,RIBBONS PURSE,2
16805,21121,SET/10 RED POLKADOT PARTY CANDLES,1
16805,21123,SET/10 IVORY POLKADOT PARTY CANDLES,1
16805,21164,HOME SWEET HOME METAL SIGN,1
16805,21165,BEWARE OF THE CAT METAL SIGN,2
16805,21169,YOU'RE CONFUSING ME METAL SIGN,1
16805,21181,PLEASE ONE PERSON METAL SIGN,1
16805,21248,DOOR HANGER  MUM + DADS ROOM,1
16805,21429,RED GINGHAM ROSE JEWELLERY BOX,2
16805,21581,SKULLS  DESIGN  COTTON TOTE BAG,2
16805,21584,RETROSPOT SMALL TUBE MATCHES,4
16805,21650,ASSORTED TUTTI FRUTTI BRACELET,48
16805,21677,HEARTS  STICKERS,6
16805,21679,SKULLS  STICKERS,6
16805,21811,CHRISTMAS HANGING HEART WITH BELL,6
16805,21889,WOODEN BOX OF DOMINOES,1
16805,22285,"DECORATION HEN ON NEST, HANGING",3
16805,22306,SILVER MUG BONE CHINA TREE OF LIFE,6
16805,22412,METAL SIGN NEIGHBOURHOOD WITCH,1
16805,22619,SET OF 6 SOLDIER SKITTLES,1
16805,22621,TRADITIONAL KNITTING NANCY,1
16805,22753,SMALL YELLOW BABUSHKA NOTEBOOK,2
16805,22754,SMALL RED BABUSHKA NOTEBOOK,2
16805,22755,SMALL PURPLE BABUSHKA NOTEBOOK,2
16805,22909,SET OF 20 VINTAGE CHRISTMAS NAPKINS,2
16805,22948,METAL DECORATION NAUGHTY CHILDREN,3
16805,22964,3 PIECE SPACEBOY COOKIE CUTTER SET,3
16805,22966,GINGERBREAD MAN COOKIE CUTTER,3
16805,47566,PARTY BUNTING,3
16805,75013B,"STRING OF 8 BUTTERFLIES,PINK",3
16805,77101A,UNION FLAG WINDSOCK,4
16805,84378,SET OF 3 HEART COOKIE CUTTERS,2
16805,84380,SET OF 3 BUTTERFLY COOKIE CUTTERS,2
16805,84597B,RETRO BROWN BALL ASHTRAY,2
16805,84597C,RETRO PINK BALL ASHTRAY,2
16812,21258,VICTORIAN SEWING BOX LARGE,8
16812,21479,WHITE SKULL HOT WATER BOTTLE,4
16812,21481,FAWN BLUE HOT WATER BOTTLE,6
16812,21484,CHICK GREY HOT WATER BOTTLE,4
16812,21485,RETROSPOT HEART HOT WATER BOTTLE,3
16812,22111,SCOTTIE DOG HOT WATER BOTTLE,3
16812,22112,CHOCOLATE HOT WATER BOTTLE,3
16812,22509,SEWING BOX RETROSPOT DESIGN,8
16812,22586,FELTCRAFT HAIRBAND PINK AND BLUE,12
16812,22654,DELUXE SEWING KIT,6
16812,22835,HOT WATER BOTTLE I AM SO POORLY,4
16812,22837,HOT WATER BOTTLE BABUSHKA,4
16812,22968,ROSE COTTAGE KEEPSAKE BOX,8
16812,84029E,RED WOOLLY HOTTIE WHITE HEART.,4
16812,84029G,KNITTED UNION FLAG HOT WATER BOTTLE,4
16814,15056BL,EDWARDIAN PARASOL BLACK,2
16814,21754,HOME BUILDING BLOCK WORD,6
16814,21755,LOVE BUILDING BLOCK WORD,6
16814,21790,VINTAGE SNAP CARDS,4
16814,21889,WOODEN BOX OF DOMINOES,4
16814,22294,HEART FILIGREE DOVE  SMALL,24
16814,22415,WHITE TISSUE REAM,1
16814,22480,RED TEA TOWEL CLASSIC DESIGN,6
16814,22482,BLUE TEA TOWEL CLASSIC DESIGN,6
16814,22667,RECIPE BOX RETROSPOT,2
16814,22784,LANTERN CREAM GAZEBO,6
16814,82482,WOODEN PICTURE FRAME WHITE FINISH,12
16814,82494L,WOODEN FRAME ANTIQUE WHITE,6
16814,84879,ASSORTED COLOUR BIRD ORNAMENT,16
16814,85123A,WHITE HANGING HEART T-LIGHT HOLDER,6
16816,22558,CLOTHES PEGS RETROSPOT PACK 24,12
16816,22567,20 DOLLY PEGS RETROSPOT,12
16816,22896,PEG BAG APPLES DESIGN,6
16816,84846A,SCENTED CANDLE IN DIGITALIS TIN,6
16816,84946,ANTIQUE SILVER TEA GLASS ETCHED,12
16817,21354,TOAST ITS - BEST MUM,12
16817,22086,PAPER CHAIN KIT 50'S CHRISTMAS,12
16817,22178,VICTORIAN GLASS HANGING T-LIGHT,24
16817,22593,CHRISTMAS GINGHAM STAR,12
16817,22595,CHRISTMAS GINGHAM HEART,36
16817,22754,SMALL RED BABUSHKA NOTEBOOK,12
16817,22755,SMALL PURPLE BABUSHKA NOTEBOOK,12
16817,22782,SET 3 WICKER STORAGE BASKETS,4
16817,22834,HAND WARMER BABUSHKA DESIGN,36
16817,22837,HOT WATER BOTTLE BABUSHKA,8
16817,22855,FINE WICKER HEART,36
16817,22867,HAND WARMER BIRD DESIGN,12
16817,84030E,ENGLISH ROSE HOT WATER BOTTLE,4
16817,84823,DANISH ROSE FOLDING CHAIR,2
16835,21472,LADYBIRD + BEE RAFFIA FOOD COVER,6
16835,21524,DOORMAT SPOTTY HOME SWEET HOME,2
16835,22222,CAKE PLATE LOVEBIRD WHITE,3
16835,22366,DOORMAT AIRMAIL,2
16835,22519,CHILDS GARDEN BRUSH PINK,6
16839,21216,"SET 3 RETROSPOT TEA,COFFEE,SUGAR",24
16839,22423,REGENCY CAKESTAND 3 TIER,16
16839,22666,RECIPE BOX PANTRY YELLOW DESIGN,48
16839,22791,T-LIGHT GLASS FLUTED ANTIQUE,72
16839,84946,ANTIQUE SILVER TEA GLASS ETCHED,72
16858,20914,SET/5 RED RETROSPOT LID GLASS BOWLS,12
16858,21216,"SET 3 RETROSPOT TEA,COFFEE,SUGAR",8
16858,21527,RED RETROSPOT TRADITIONAL TEAPOT,12
16858,21531,RED RETROSPOT SUGAR JAM BOWL,24
16858,22073,RED RETROSPOT STORAGE JAR,24
16858,22179,SET 10 LIGHTS NIGHT OWL,2
16858,22468,BABUSHKA LIGHTS STRING OF 10,2
16858,48184,DOORMAT ENGLISH ROSE,3
16858,85048,15CM CHRISTMAS GLASS BALL 20 LIGHTS,4
16863,21723,ALPHABET HEARTS STICKER SHEET,12
16863,21725,SWEETIES  STICKERS,12
16863,21726,MULTI HEARTS  STICKERS,12
16863,22644,CERAMIC CHERRY CAKE MONEY BANK,12
16863,22804,CANDLEHOLDER PINK HANGING HEART,12
16863,22969,HOMEMADE JAM SCENTED CANDLES,12
16863,72741,GRAND CHOCOLATECANDLE,9
16863,84978,HANGING HEART JAR T-LIGHT HOLDER,12
16863,85123A,WHITE HANGING HEART T-LIGHT HOLDER,12
16873,20718,RED RETROSPOT SHOPPER BAG,20
16873,20724,RED RETROSPOT CHARLOTTE BAG,40
16873,20733,GOLD MINI TAPE MEASURE,20
16873,20754,RETROSPOT RED WASHING UP GLOVES,18
16873,20961,STRAWBERRY BATH SPONGE,10
16873,20963,APPLE BATH SPONGE,10
16873,20966,SANDWICH BATH SPONGE,10
16873,20969,RED FLORAL FELTCRAFT SHOULDER BAG,8
16873,20970,PINK FLORAL FELTCRAFT SHOULDER BAG,8
16873,20972,PINK CREAM FELT CRAFT TRINKET BOX,12
16873,21035,SET/2 RED RETROSPOT TEA TOWELS,6
16873,21121,SET/10 RED POLKADOT PARTY CANDLES,48
16873,21154,RED RETROSPOT OVEN GLOVE,10
16873,21212,PACK OF 72 RETROSPOT CAKE CASES,24
16873,21340,CLASSIC METAL BIRDCAGE PLANT HOLDER,4
16873,21355,TOAST ITS - I LOVE YOU,12
16873,21524,DOORMAT SPOTTY HOME SWEET HOME,4
16873,21733,RED HANGING HEART T-LIGHT HOLDER,12
16873,21786,POLKADOT RAIN HAT,48
16873,21787,RAIN PONCHO RETROSPOT,24
16873,21866,UNION JACK FLAG LUGGAGE TAG,12
16873,21977,PACK OF 60 PINK PAISLEY CAKE CASES,24
16873,22109,FULL ENGLISH BREAKFAST PLATE,8
16873,22150,3 STRIPEY MICE FELTCRAFT,18
16873,22168,ORGANISER WOOD ANTIQUE WHITE,2
16873,22199,FRYING PAN RED RETROSPOT,4
16873,22203,MILK PAN RED RETROSPOT,4
16873,22207,FRYING PAN UNION FLAG,8
16873,22212,FOUR HOOK  WHITE LOVEBIRDS,6
16873,22271,FELTCRAFT DOLL ROSIE,12
16873,22273,FELTCRAFT DOLL MOLLY,6
16873,22274,FELTCRAFT DOLL EMILY,6
16873,22356,CHARLOTTE BAG PINK POLKADOT,20
16873,22432,WATERING CAN PINK BUNNY,6
16873,22470,HEART OF WICKER LARGE,18
16873,22487,WHITE WOOD GARDEN PLANT LADDER,4
16873,22491,PACK OF 12 COLOURED PENCILS,24
16873,22492,MINI PAINT SET VINTAGE,144
16873,22524,CHILDRENS GARDEN GLOVES BLUE,10
16873,22525,CHILDRENS GARDEN GLOVES PINK,10
16873,22558,CLOTHES PEGS RETROSPOT PACK 24,12
16873,22561,WOODEN SCHOOL COLOURING SET,24
16873,22625,RED KITCHEN SCALES,2
16873,22652,TRAVEL SEWING KIT,20
16873,22659,LUNCH BOX I LOVE LONDON,12
16873,22692,DOORMAT WELCOME TO OUR HOME,4
16873,22791,T-LIGHT GLASS FLUTED ANTIQUE,12
16873,22826,LOVE SEAT ANTIQUE WHITE METAL,2
16873,22844,VINTAGE CREAM DOG FOOD CONTAINER,6
16873,22852,DOG BOWL VINTAGE CREAM,8
16873,22863,SOAP DISH BROCANTE,8
16873,22904,CALENDAR PAPER CUT DESIGN,12
16873,22927,GREEN GIANT GARDEN THERMOMETER,6
16873,22960,JAM MAKING SET WITH JARS,12
16873,22961,JAM MAKING SET PRINTED,12
16873,22966,GINGERBREAD MAN COOKIE CUTTER,24
16873,22969,HOMEMADE JAM SCENTED CANDLES,24
16873,37448,CERAMIC CAKE DESIGN SPOTTED MUG,12
16873,48138,DOORMAT UNION FLAG,6
16873,48194,DOORMAT HEARTS,4
16873,82482,WOODEN PICTURE FRAME WHITE FINISH,6
16873,82494L,WOODEN FRAME ANTIQUE WHITE,6
16873,84949,SILVER HANGING T-LIGHT HOLDER,12
16873,85066,CREAM SWEETHEART MINI CHEST,6
16873,85099B,JUMBO BAG RED RETROSPOT,10
16873,85178,VICTORIAN SEWING KIT,36
16873,85230E,STRAWBRY SCENTED VOTIVE CANDLE,24
16873,85230F,JASMINE VOTIVE CANDLE,24
16883,21730,GLASS STAR FROSTED T-LIGHT HOLDER,3
16883,21870,I CAN ONLY PLEASE ONE PERSON MUG,6
16883,22078,RIBBON REEL LACE DESIGN,3
16883,22507,MEMO BOARD RETROSPOT  DESIGN,1
16883,22558,CLOTHES PEGS RETROSPOT PACK 24,2
16883,22802,FAUX FUR CHOCOLATE THROW,1
16883,22804,CANDLEHOLDER PINK HANGING HEART,2
16883,22900,SET 2 TEA TOWELS I LOVE LONDON,5
16883,37449,CERAMIC CAKE STAND + HANGING CAKES,1
16883,85049B,LUSH GREENS RIBBONS,4
16883,85049C,ROMANTIC PINKS RIBBONS,4
16883,85049D,BRIGHT BLUES RIBBONS,5
16883,85049E,SCANDINAVIAN REDS RIBBONS,3
16883,85049F,BABY BOOM RIBBONS,5
16883,85049G,CHOCOLATE BOX RIBBONS,4
16883,85049H,URBAN BLACK RIBBONS,3
16883,85123A,WHITE HANGING HEART T-LIGHT HOLDER,2
16885,15056BL,EDWARDIAN PARASOL BLACK,1
16885,20679,EDWARDIAN PARASOL RED,1
16885,21054,NURSE'S BAG SOFT TOY,1
16885,21055,TOOL BOX SOFT TOY,2
16885,21166,COOK WITH WINE METAL SIGN,1
16885,21181,PLEASE ONE PERSON METAL SIGN,1
16885,21479,WHITE SKULL HOT WATER BOTTLE,2
16885,21743,STAR PORTABLE TABLE LIGHT,2
16885,21903,MAN FLU METAL SIGN,1
16885,22095,LADS ONLY TISSUE BOX,1
16885,22100,SKULLS SQUARE TISSUE BOX,1
16885,22166,WALL MIRROR RECTANGLE DIAMANTE PINK,1
16885,22371,AIRLINE BAG VINTAGE TOKYO 78,1
16885,22501,PICNIC BASKET WICKER LARGE,1
16885,84032B,CHARLIE + LOLA RED HOT WATER BOTTLE,1
16885,84580,MOUSE TOY WITH PINK T-SHIRT,1
16885,84876D,BLUE HEART COMPACT MIRROR,2
16885,85135C,RED DRAGONFLY HELICOPTER,3
16885,85136A,YELLOW SHARK HELICOPTER,1
16885,90014A,SILVER/MOP ORBIT NECKLACE,1
16885,90114,SUMMER DAISIES BAG CHARM,1
16885,90154,LAZER CUT NECKLACE W PASTEL BEADS,1
16885,90170,DAISY HAIR BAND,3
16885,90178B,PURPLE CHUNKY GLASS+BEAD NECKLACE,1
16885,90185D,CRYSTAL DIAMANTE EXPANDABLE RING,2
16885,90199D,5 STRAND GLASS NECKLACE AMBER,1
16885,90200A,PURPLE SWEETHEART BRACELET,2
16891,20751,FUNKY WASHING UP GLOVES ASSORTED,1
16891,20754,RETROSPOT RED WASHING UP GLOVES,1
16891,20998,ROSE DU SUD OVEN GLOVE,2
16891,21034,REX CASH+CARRY JUMBO SHOPPER,1
16891,21078,SET/20 STRAWBERRY PAPER NAPKINS,1
16891,21080,SET/20 RED RETROSPOT PAPER NAPKINS,1
16891,21098,CHRISTMAS TOILET ROLL,1
16891,21135,VICTORIAN  METAL POSTCARD SPRING,5
16891,21143,ANTIQUE GLASS HEART DECORATION,1
16891,21206,STRAWBERRY HONEYCOMB  GARLAND,1
16891,21210,SET OF 72 RETROSPOT PAPER  DOILIES,1
16891,21407,BROWN CHECK CAT DOORSTOP,1
16891,21428,SET3 BOOK BOX GREEN GINGHAM FLOWER,1
16891,21462,"NURSERY A,B,C PAINTED LETTERS",1
16891,21715,GIRLS VINTAGE TIN SEASIDE BUCKET,2
16891,21907,I'M ON HOLIDAY METAL SIGN,1
16891,21913,VINTAGE SEASIDE JIGSAW PUZZLES,1
16891,22076,6 RIBBONS EMPIRE,1
16891,22083,PAPER CHAIN KIT RETROSPOT,1
16891,22089,PAPER BUNTING VINTAGE PAISLEY,1
16891,22130,PARTY CONE CHRISTMAS DECORATION,6
16891,22144,CHRISTMAS CRAFT LITTLE FRIENDS,1
16891,22153,ANGEL DECORATION STARS ON DRESS,1
16891,22154,ANGEL DECORATION 3 BUTTONS,1
16891,22187,GREEN CHRISTMAS TREE CARD HOLDER,1
16891,22222,CAKE PLATE LOVEBIRD WHITE,1
16891,22374,AIRLINE BAG VINTAGE JET SET RED,1
16891,22405,MONEY BOX POCKET MONEY DESIGN,1
16891,22406,MONEY BOX KINGS CHOICE DESIGN,1
16891,22449,SILK PURSE BABUSHKA PINK,1
16891,22450,SILK PURSE BABUSHKA BLUE,1
16891,22451,SILK PURSE BABUSHKA RED,1
16891,22550,HOLIDAY FUN LUDO,1
16891,22632,HAND WARMER RED RETROSPOT,1
16891,22633,HAND WARMER UNION JACK,1
16891,22669,RED BABY BUNTING,4
16891,22702,BLACK AND WHITE CAT BOWL,1
16891,22798,ANTIQUE GLASS DRESSING TABLE POT,1
16891,22810,SET OF 6 T-LIGHTS SNOWMEN,1
16891,22851,SET 20 NAPKINS FAIRY CAKES DESIGN,1
16891,22866,HAND WARMER SCOTTY DOG DESIGN,3
16891,22910,PAPER CHAIN KIT VINTAGE CHRISTMAS,2
16891,22912,YELLOW COAT RACK PARIS FASHION,1
16891,22913,RED COAT RACK PARIS FASHION,1
16891,22914,BLUE COAT RACK PARIS FASHION,2
16891,22940,FELTCRAFT CHRISTMAS FAIRY,1
16891,22941,CHRISTMAS LIGHTS 10 REINDEER,1
16891,22945,CHRISTMAS METAL TAGS ASSORTED,6
16891,22960,JAM MAKING SET WITH JARS,1
16891,22961,JAM MAKING SET PRINTED,2
16891,22968,ROSE COTTAGE KEEPSAKE BOX,1
16891,35001G,HAND OPEN SHAPE GOLD,1
16891,79067,CORONA MEXICAN TRAY,1
16891,82483,WOOD 2 DRAWER CABINET WHITE FINISH,2
16891,84520B,PACK 20 ENGLISH ROSE PAPER NAPKINS,1
16891,84625A,PINK NEW BAROQUECANDLESTICK CANDLE,2
16891,84925D,LA PALMIERA WALL THERMOMETER,1
16891,84987,SET OF 36 TEATIME PAPER DOILIES,2
16891,84991,60 TEATIME FAIRY CAKE CASES,1
16891,84993A,75 GREEN PETIT FOUR CASES,1
16891,85049A,TRADITIONAL CHRISTMAS RIBBONS,1
16891,85049F,BABY BOOM RIBBONS,1
16891,85099B,JUMBO BAG RED RETROSPOT,3
16893,20686,DOLLY MIXTURE CHILDREN'S UMBRELLA,1
16893,20716,PARTY FOOD SHOPPER BAG,1
16893,20961,STRAWBERRY BATH SPONGE,1
16893,20963,APPLE BATH SPONGE,1
16893,21034,REX CASH+CARRY JUMBO SHOPPER,4
16893,21136,PAINTED METAL PEARS ASSORTED,4
16893,21929,JUMBO BAG PINK VINTAGE PAISLEY,1
16893,22065,CHRISTMAS PUDDING TRINKET POT,2
16893,22077,6 RIBBONS RUSTIC CHARM,1
16893,22121,NOEL WOODEN BLOCK LETTERS,1
16893,22141,CHRISTMAS CRAFT TREE TOP ANGEL,1
16893,22147,FELTCRAFT BUTTERFLY HEARTS,1
16893,22167,OVAL WALL MIRROR DIAMANTE,1
16893,22219,LOVEBIRD HANGING DECORATION WHITE,1
16893,22227,HANGING HEART MIRROR DECORATION,1
16893,22360,GLASS JAR ENGLISH CONFECTIONERY,2
16893,22386,JUMBO BAG PINK POLKADOT,1
16893,22438,BALLOON ART MAKE YOUR OWN FLOWERS,1
16893,22469,HEART OF WICKER SMALL,3
16893,22470,HEART OF WICKER LARGE,1
16893,22557,PLASTERS IN TIN VINTAGE PAISLEY,1
16893,22568,FELTCRAFT CUSHION OWL,1
16893,22569,FELTCRAFT CUSHION BUTTERFLY,1
16893,22570,FELTCRAFT CUSHION RABBIT,1
16893,22579,WOODEN TREE CHRISTMAS SCANDINAVIAN,1
16893,22586,FELTCRAFT HAIRBAND PINK AND BLUE,1
16893,22601,CHRISTMAS RETROSPOT ANGEL WOOD,1
16893,22737,RIBBON REEL CHRISTMAS PRESENT,1
16893,22743,MAKE YOUR OWN FLOWERPOWER CARD KIT,1
16893,22804,CANDLEHOLDER PINK HANGING HEART,1
16893,22812,PACK 3 BOXES CHRISTMAS PANNETONE,1
16893,22900,SET 2 TEA TOWELS I LOVE LONDON,1
16893,22910,PAPER CHAIN KIT VINTAGE CHRISTMAS,1
16893,22960,JAM MAKING SET WITH JARS,1
16893,47348A,FUSCHIA VOILE POINTY SHOE DEC,1
16893,82616B,FRAPPUCINO SCARF KNITTING KIT,1
16893,84030E,ENGLISH ROSE HOT WATER BOTTLE,1
16893,84031B,CHARLIE LOLA BLUE HOT WATER BOTTLE,1
16893,84596F,SMALL MARSHMALLOWS PINK BOWL,1
16893,84809A,WHITE CHRYSANTHEMUMS ART FLOWER,6
16893,84836,ZINC METAL HEART DECORATION,2
16893,84879,ASSORTED COLOUR BIRD ORNAMENT,3
16893,85123A,WHITE HANGING HEART T-LIGHT HOLDER,1
16893,85132B,CHARLIE AND LOLA TABLE TINS,1
16898,10125,MINI FUNKY DESIGN TAPES,1
16898,18007,ESSENTIAL BALM 3.5g TIN IN ENVELOPE,1
16898,21058,PARTY INVITES WOODLAND,4
16898,21172,PARTY METAL SIGN,2
16898,21219,SET/4 BADGES BALLOON GIRL,10
16898,21226,POCKET MIRROR WOODLAND,2
16898,21383,PACK OF 12 STICKY BUNNIES,4
16898,21481,FAWN BLUE HOT WATER BOTTLE,1
16898,21693,SMALL HAMMERED SILVER CANDLEPOT,1
16898,21756,BATH BUILDING BLOCK WORD,1
16898,21843,RED RETROSPOT CAKE STAND,1
16898,22121,NOEL WOODEN BLOCK LETTERS,1
16898,22198,LARGE POPCORN HOLDER,2
16898,22215,CAKE STAND WHITE TWO TIER LACE,1
16898,22219,LOVEBIRD HANGING DECORATION WHITE,1
16898,22331,WOODLAND PARTY BAG + STICKER SET,4
16898,22456,NATURAL SLATE CHALKBOARD LARGE,1
16898,22457,NATURAL SLATE HEART CHALKBOARD,1
16898,22467,GUMBALL COAT RACK,2
16898,22556,PLASTERS IN TIN CIRCUS PARADE,1
16898,22985,"WRAP, BILLBOARD FONTS DESIGN",25
16898,40016,CHINESE DRAGON PAPER LANTERNS,24
16898,84341B,SMALL PINK MAGIC CHRISTMAS TREE,1
16898,84596B,SMALL DOLLY MIX DESIGN ORANGE BOWL,1
16898,84596E,SMALL LICORICE DES PINK BOWL,1
16898,84596G,SMALL CHOCOLATES PINK BOWL,1
16898,84596L,BISCUITS SMALL BOWL LIGHT BLUE,1
16898,84692,BOX OF 24 COCKTAIL PARASOLS,1
16898,85214,TUB 24 PINK FLOWER PEGS,1
16899,20682,RED RETROSPOT CHILDRENS UMBRELLA,1
16899,20685,DOORMAT RED RETROSPOT,3
16899,20725,LUNCH BAG RED RETROSPOT,2
16899,20726,LUNCH BAG WOODLAND,2
16899,20727,LUNCH BAG  BLACK SKULL.,2
16899,21062,PARTY INVITES SPACEMAN,4
16899,21354,TOAST ITS - BEST MUM,1
16899,21355,TOAST ITS - I LOVE YOU,1
16899,21358,TOAST ITS - HAPPY BIRTHDAY,2
16899,21479,WHITE SKULL HOT WATER BOTTLE,6
16899,21987,PACK OF 6 SKULL PAPER CUPS,6
16899,21988,PACK OF 6 SKULL PAPER PLATES,5
16899,22197,SMALL POPCORN HOLDER,20
16899,22332,SKULLS PARTY BAG + STICKER SET,5
16899,22470,HEART OF WICKER LARGE,10
16899,48173C,DOORMAT BLACK FLOCK,5
16904,20679,EDWARDIAN PARASOL RED,2
16904,20713,JUMBO BAG OWLS,1
16904,21033,JUMBO BAG CHARLIE AND LOLA TOYS,1
16904,21928,JUMBO BAG SCANDINAVIAN PAISLEY,1
16904,21930,JUMBO STORAGE BAG SKULLS,1
16904,21931,JUMBO STORAGE BAG SUKI,1
16904,22086,PAPER CHAIN KIT 50'S CHRISTMAS,3
16904,22243,5 HOOK HANGER RED MAGIC TOADSTOOL,2
16904,22385,JUMBO BAG SPACEBOY DESIGN,1
16904,22411,JUMBO SHOPPER VINTAGE RED PAISLEY,1
16904,22467,GUMBALL COAT RACK,2
16904,22475,SKULL DESIGN TV DINNER TRAY,1
16904,22632,HAND WARMER RED RETROSPOT,7
16904,22633,HAND WARMER UNION JACK,34
16904,22725,ALARM CLOCK BAKELIKE CHOCOLATE,2
16904,22726,ALARM CLOCK BAKELIKE GREEN,3
16904,22727,ALARM CLOCK BAKELIKE RED,3
16904,22728,ALARM CLOCK BAKELIKE PINK,2
16904,22729,ALARM CLOCK BAKELIKE ORANGE,2
16904,22730,ALARM CLOCK BAKELIKE IVORY,2
16904,22834,HAND WARMER BABUSHKA DESIGN,14
16904,22865,HAND WARMER OWL DESIGN,10
16904,22866,HAND WARMER SCOTTY DOG DESIGN,8
16904,22867,HAND WARMER BIRD DESIGN,18
16904,22910,PAPER CHAIN KIT VINTAGE CHRISTMAS,3
16904,22940,FELTCRAFT CHRISTMAS FAIRY,2
16904,22948,METAL DECORATION NAUGHTY CHILDREN,7
16904,84406B,CREAM CUPID HEARTS COAT HANGER,1
16904,85048,15CM CHRISTMAS GLASS BALL 20 LIGHTS,2
16904,85099B,JUMBO BAG RED RETROSPOT,1
16904,85099C,JUMBO  BAG BAROQUE BLACK WHITE,1
16905,21484,CHICK GREY HOT WATER BOTTLE,2
16905,21485,RETROSPOT HEART HOT WATER BOTTLE,3
16905,22111,SCOTTIE DOG HOT WATER BOTTLE,3
16905,22155,STAR DECORATION RUSTIC,10
16905,22158,3 HEARTS HANGING DECORATION RUSTIC,13
16905,22575,METAL MERRY CHRISTMAS WREATH,3
16905,22626,BLACK KITCHEN SCALES,1
16905,22627,MINT KITCHEN SCALES,1
16905,84347,ROTATING SILVER ANGELS T-LIGHT HLDR,48
16905,85131A,BEADED PEARL HEART WHITE ON STICK,24
16907,21164,HOME SWEET HOME METAL SIGN,1
16907,21165,BEWARE OF THE CAT METAL SIGN,1
16907,21166,COOK WITH WINE METAL SIGN,1
16907,21169,YOU'RE CONFUSING ME METAL SIGN,2
16907,21175,GIN + TONIC DIET METAL SIGN,1
16907,21181,PLEASE ONE PERSON METAL SIGN,1
16907,21903,MAN FLU METAL SIGN,2
16907,21905,MORE BUTTER METAL SIGN,1
16907,21907,I'M ON HOLIDAY METAL SIGN,2
16907,21908,CHOCOLATE THIS WAY METAL SIGN,1
16907,22117,METAL SIGN HER DINNER IS SERVED,1
16907,22413,METAL SIGN TAKE IT OR LEAVE IT,1
16907,22912,YELLOW COAT RACK PARIS FASHION,1
16907,22913,RED COAT RACK PARIS FASHION,1
16907,22914,BLUE COAT RACK PARIS FASHION,1
16907,37333,"RETRO ""TEA FOR ONE""",1
16907,71477,COLOUR GLASS. STAR T-LIGHT HOLDER,24
16907,75131,METAL TUBE CHIME ON BAMBOO,1
16907,82483,WOOD 2 DRAWER CABINET WHITE FINISH,2
16907,82486,WOOD S/3 CABINET ANT WHITE FINISH,2
16907,82578,KITCHEN METAL SIGN,2
16907,82580,BATHROOM METAL SIGN,2
16907,82581,TOILET METAL SIGN,2
16907,82582,AREA PATROLLED METAL SIGN,1
16907,82583,HOT BATHS METAL SIGN,1
16907,82599,FANNY'S REST STOPMETAL SIGN,2
16907,82600,NO SINGING METAL SIGN,1
16907,84849A,HELLO SAILOR BLUE SOAP HOLDER,1
16907,84849B,FAIRY SOAP SOAP HOLDER,2
16907,84849D,HOT BATHS SOAP HOLDER,1
16907,85055,FRENCH ENAMEL UTENSIL HOLDER,1
16907,85150,LADIES & GENTLEMEN METAL SIGN,3
16907,85152,HAND OVER THE CHOCOLATE   SIGN,1
16916,10124G,ARMY CAMO BOOKCOVER TAPE,5
16916,20914,SET/5 RED RETROSPOT LID GLASS BOWLS,1
16916,20978,36 PENCILS TUBE SKULLS,4
16916,21211,SET OF 72 SKULL PAPER  DOILIES,1
16916,21213,PACK OF 72 SKULL CAKE CASES,1
16916,21427,SKULLS STORAGE BOX SMALL,2
16916,21472,LADYBIRD + BEE RAFFIA FOOD COVER,1
16916,21504,SKULLS GREETING CARD,12
16916,21584,RETROSPOT SMALL TUBE MATCHES,1
16916,21833,CAMOUFLAGE LED TORCH,6
16916,21922,UNION STRIPE WITH FRINGE  HAMMOCK,1
16916,21931,JUMBO STORAGE BAG SUKI,1
16916,21974,SET OF 36 PAISLEY FLOWER DOILIES,1
16916,22086,PAPER CHAIN KIT 50'S CHRISTMAS,1
16916,22196,SMALL HEART MEASURING SPOONS,1
16916,22292,HANGING CHICK  YELLOW DECORATION,1
16916,22311,OFFICE MUG WARMER BLACK+SILVER,1
16916,22312,OFFICE MUG WARMER POLKADOT,1
16916,22316,200 BENDY SKULL STRAWS,1
16916,22349,DOG BOWL CHASING BALL DESIGN,1
16916,22379,RECYCLING BAG RETROSPOT,1
16916,22450,SILK PURSE BABUSHKA BLUE,1
16916,22451,SILK PURSE BABUSHKA RED,1
16916,22465,HANGING METAL STAR LANTERN,12
16916,22469,HEART OF WICKER SMALL,2
16916,22470,HEART OF WICKER LARGE,1
16916,22505,MEMO BOARD COTTAGE DESIGN,1
16916,22514,CHILDS GARDEN SPADE BLUE,3
16916,22553,PLASTERS IN TIN SKULLS,2
16916,22557,PLASTERS IN TIN VINTAGE PAISLEY,1
16916,22558,CLOTHES PEGS RETROSPOT PACK 24,2
16916,22652,TRAVEL SEWING KIT,1
16916,22659,LUNCH BOX I LOVE LONDON,2
16916,22666,RECIPE BOX PANTRY YELLOW DESIGN,2
16916,22768,FAMILY PHOTO FRAME CORNICE,1
16916,22822,CREAM WALL PLANTER HEART SHAPED,1
16916,22862,LOVE HEART NAPKIN BOX,2
16916,22941,CHRISTMAS LIGHTS 10 REINDEER,1
16916,22972,CHILDREN'S SPACEBOY MUG,3
16916,22973,CHILDREN'S CIRCUS PARADE MUG,1
16916,22974,CHILDRENS DOLLY GIRL MUG,1
16916,22988,SOLDIERS EGG CUP,2
16916,47504H,ENGLISH ROSE SPIRIT LEVEL,1
16916,84380,SET OF 3 BUTTERFLY COOKIE CUTTERS,1
16916,84519B,CARROT CHARLIE+LOLA COASTER SET,2
16916,84692,BOX OF 24 COCKTAIL PARASOLS,1
16916,84755,COLOUR GLASS T-LIGHT HOLDER HANGING,8
16916,85127,SMALL SQUARE CUT GLASS CANDLESTICK,2
16919,20617,FIRST CLASS PASSPORT COVER,2
16919,20622,VIPPASSPORT COVER,2
16919,20654,FIRST CLASS LUGGAGE TAG,3
16919,20655,QUEEN OF SKIES LUGGAGE TAG,3
16919,20658,RED RETROSPOT LUGGAGE TAG,3
16919,20659,ECONOMY LUGGAGE TAG,3
16919,20669,RED HEART LUGGAGE TAG,3
16919,20713,JUMBO BAG OWLS,2
16919,20914,SET/5 RED RETROSPOT LID GLASS BOWLS,3
16919,21110,LARGE CAKE TOWEL PINK SPOTS,24
16919,21158,MOODY GIRL DOOR HANGER,2
16919,21159,MOODY BOY  DOOR HANGER,2
16919,21162,TOXIC AREA  DOOR HANGER,1
16919,21163,DO NOT TOUCH MY STUFF DOOR HANGER,1
16919,21165,BEWARE OF THE CAT METAL SIGN,9
16919,21166,COOK WITH WINE METAL SIGN,9
16919,21175,GIN + TONIC DIET METAL SIGN,2
16919,21181,PLEASE ONE PERSON METAL SIGN,6
16919,21248,DOOR HANGER  MUM + DADS ROOM,1
16919,21523,DOORMAT FANCY FONT HOME SWEET HOME,2
16919,21524,DOORMAT SPOTTY HOME SWEET HOME,3
16919,21818,GLITTER CHRISTMAS HEART,4
16919,21819,GLITTER CHRISTMAS STAR,4
16919,21864,UNION JACK FLAG PASSPORT COVER,2
16919,21865,PINK UNION JACK  PASSPORT COVER,2
16919,21866,UNION JACK FLAG LUGGAGE TAG,3
16919,21867,PINK UNION JACK  LUGGAGE TAG,3
16919,21907,I'M ON HOLIDAY METAL SIGN,2
16919,21931,JUMBO STORAGE BAG SUKI,2
16919,22059,CERAMIC STRAWBERRY DESIGN MUG,7
16919,22131,FOOD CONTAINER SET 3 LOVE HEART,3
16919,22158,3 HEARTS HANGING DECORATION RUSTIC,5
16919,22365,DOORMAT RESPECTABLE HOUSE,2
16919,22386,JUMBO BAG PINK POLKADOT,1
16919,22413,METAL SIGN TAKE IT OR LEAVE IT,2
16919,22473,TV DINNER TRAY VINTAGE PAISLEY,8
16919,22646,CERAMIC STRAWBERRY CAKE MONEY BANK,4
16919,22649,STRAWBERRY FAIRY CAKE TEAPOT,2
16919,22666,RECIPE BOX PANTRY YELLOW DESIGN,1
16919,22667,RECIPE BOX RETROSPOT,2
16919,22752,SET 7 BABUSHKA NESTING BOXES,3
16919,22837,HOT WATER BOTTLE BABUSHKA,2
16919,37448,CERAMIC CAKE DESIGN SPOTTED MUG,18
16919,47591D,PINK FAIRY CAKE CHILDRENS APRON,10
16919,48111,DOORMAT 3 SMILEY CATS,3
16919,48184,DOORMAT ENGLISH ROSE,2
16919,48185,DOORMAT FAIRY CAKE,2
16919,48187,DOORMAT NEW ENGLAND,5
16919,48194,DOORMAT HEARTS,1
16919,82600,NO SINGING METAL SIGN,4
16919,85020,ROUND PINK HEART MIRROR,8
16919,85099B,JUMBO BAG RED RETROSPOT,1
16919,85150,LADIES & GENTLEMEN METAL SIGN,4
16919,85152,HAND OVER THE CHOCOLATE   SIGN,3
16923,20718,RED RETROSPOT SHOPPER BAG,5
16923,20727,LUNCH BAG  BLACK SKULL.,2
16923,21040,MODERN VINTAGE COTTON SHOPPING BAG,1
16923,21155,RED RETROSPOT PEG BAG,2
16923,21258,VICTORIAN SEWING BOX LARGE,2
16923,21259,VICTORIAN SEWING BOX SMALL,2
16923,21285,RETROSPOT CANDLE  MEDIUM,1
16923,21527,RED RETROSPOT TRADITIONAL TEAPOT,1
16923,21531,RED RETROSPOT SUGAR JAM BOWL,1
16923,21533,RETROSPOT LARGE MILK JUG,1
16923,21651,HANGING GLASS ETCHED TEALIGHT,6
16923,21671,RED SPOT CERAMIC DRAWER KNOB,1
16923,21814,HEART T-LIGHT HOLDER,4
16923,21894,POTTING SHED SEED ENVELOPES,1
16923,22112,CHOCOLATE HOT WATER BOTTLE,12
16923,22130,PARTY CONE CHRISTMAS DECORATION,12
16923,22142,CHRISTMAS CRAFT WHITE FAIRY,2
16923,22144,CHRISTMAS CRAFT LITTLE FRIENDS,14
16923,22149,FELTCRAFT 6 FLOWER FRIENDS,5
16923,22178,VICTORIAN GLASS HANGING T-LIGHT,6
16923,22197,SMALL POPCORN HOLDER,5
16923,22224,WHITE LOVEBIRD LANTERN,2
16923,22312,OFFICE MUG WARMER POLKADOT,2
16923,22314,OFFICE MUG WARMER CHOC+BLUE,2
16923,22384,LUNCH BAG PINK POLKADOT,5
16923,22580,ADVENT CALENDAR GINGHAM SACK,2
16923,22604,SET OF 4 NAPKIN CHARMS CUTLERY,2
16923,22640,SET OF 4 NAPKIN CHARMS 3 KEYS,1
16923,22697,GREEN REGENCY TEACUP AND SAUCER,12
16923,22698,PINK REGENCY TEACUP AND SAUCER,4
16923,22699,ROSES REGENCY TEACUP AND SAUCER,15
16923,22784,LANTERN CREAM GAZEBO,2
16923,22796,PHOTO FRAME 3 CLASSIC HANGING,2
16923,22835,HOT WATER BOTTLE I AM SO POORLY,3
16923,22844,VINTAGE CREAM DOG FOOD CONTAINER,1
16923,22907,PACK OF 20 NAPKINS PANTRY DESIGN,6
16923,22909,SET OF 20 VINTAGE CHRISTMAS NAPKINS,2
16923,22910,PAPER CHAIN KIT VINTAGE CHRISTMAS,8
16923,22960,JAM MAKING SET WITH JARS,3
16923,22961,JAM MAKING SET PRINTED,7
16923,22969,HOMEMADE JAM SCENTED CANDLES,24
16923,72818,CHRISTMAS DECOUPAGE CANDLE,12
16923,77101A,UNION FLAG WINDSOCK,1
16923,82600,NO SINGING METAL SIGN,3
16923,84946,ANTIQUE SILVER TEA GLASS ETCHED,6
16923,85066,CREAM SWEETHEART MINI CHEST,2
16923,85123A,WHITE HANGING HEART T-LIGHT HOLDER,3
16926,22065,CHRISTMAS PUDDING TRINKET POT,6
16926,22365,DOORMAT RESPECTABLE HOUSE,2
16926,22414,DOORMAT NEIGHBOURHOOD WITCH,2
16926,22473,TV DINNER TRAY VINTAGE PAISLEY,1
16926,22474,SPACEBOY TV DINNER TRAY,1
16926,22624,IVORY KITCHEN SCALES,4
16926,22625,RED KITCHEN SCALES,4
16926,22626,BLACK KITCHEN SCALES,1
16926,22627,MINT KITCHEN SCALES,3
16926,22688,DOORMAT PEACE ON EARTH BLUE,2
16926,22781,GUMBALL MAGAZINE RACK,2
16926,22784,LANTERN CREAM GAZEBO,3
16926,48111,DOORMAT 3 SMILEY CATS,2
16926,48138,DOORMAT UNION FLAG,2
16927,21100,CHARLIE AND LOLA CHARLOTTE BAG,10
16927,84212,"ASSORTED FLOWER COLOUR ""LEIS""",480
16928,21668,RED STRIPE CERAMIC DRAWER KNOB,6
16928,22771,CLEAR DRAWER KNOB ACRYLIC EDWARDIAN,10
16928,22772,PINK DRAWER KNOB ACRYLIC EDWARDIAN,20
16928,22773,GREEN DRAWER KNOB ACRYLIC EDWARDIAN,12
16928,22774,RED DRAWER KNOB ACRYLIC EDWARDIAN,36
16928,22805,BLUE DRAWER KNOB ACRYLIC EDWARDIAN,9
16931,20712,JUMBO BAG WOODLAND ANIMALS,3
16931,20713,JUMBO BAG OWLS,3
16931,20723,STRAWBERRY CHARLOTTE BAG,2
16931,20728,LUNCH BAG CARS BLUE,2
16931,20854,BLUE PATCH PURSE PINK HEART,3
16931,20856,DENIM PATCH PURSE PINK BUTTERFLY,3
16931,20967,GREY FLORAL FELTCRAFT SHOULDER BAG,1
16931,20970,PINK FLORAL FELTCRAFT SHOULDER BAG,1
16931,20971,PINK BLUE FELT CRAFT TRINKET BOX,2
16931,20972,PINK CREAM FELT CRAFT TRINKET BOX,2
16931,21034,REX CASH+CARRY JUMBO SHOPPER,1
16931,21385,IVORY HANGING DECORATION  HEART,3
16931,21577,SAVE THE PLANET COTTON TOTE BAG,3
16931,21623,VINTAGE UNION JACK MEMOBOARD,1
16931,21708,FOLDING UMBRELLA CREAM POLKADOT,2
16931,21710,FOLDING UMBRELLA PINKWHITE POLKADOT,1
16931,21794,CLASSIC FRENCH STYLE BASKET NATURAL,1
16931,21807,WHITE CHRISTMAS STAR DECORATION,3
16931,21823,PAINTED METAL HEART WITH HOLLY BELL,4
16931,21824,PAINTED METAL STAR WITH HOLLY BELLS,4
16931,21868,POTTING SHED TEA MUG,2
16931,21871,SAVE THE PLANET MUG,8
16931,21876,POTTERING MUG,2
16931,21877,HOME SWEET HOME MUG,4
16931,22139,RETROSPOT TEA SET CERAMIC 11 PC,1
16931,22141,CHRISTMAS CRAFT TREE TOP ANGEL,1
16931,22144,CHRISTMAS CRAFT LITTLE FRIENDS,1
16931,22175,PINK OWL SOFT TOY,1
16931,22176,BLUE OWL SOFT TOY,1
16931,22219,LOVEBIRD HANGING DECORATION WHITE,6
16931,22224,WHITE LOVEBIRD LANTERN,3
16931,22300,COFFEE MUG DOG + BALL DESIGN,3
16931,22301,COFFEE MUG CAT + BIRD DESIGN,5
16931,22311,OFFICE MUG WARMER BLACK+SILVER,1
16931,22312,OFFICE MUG WARMER POLKADOT,1
16931,22313,OFFICE MUG WARMER PINK,1
16931,22314,OFFICE MUG WARMER CHOC+BLUE,3
16931,22398,MAGNETS PACK OF 4 SWALLOWS,3
16931,22469,HEART OF WICKER SMALL,3
16931,22565,FELTCRAFT HAIRBANDS PINK AND WHITE,2
16931,22566,FELTCRAFT HAIRBAND PINK AND PURPLE,2
16931,22576,SWALLOW WOODEN CHRISTMAS DECORATION,3
16931,22588,CARD HOLDER GINGHAM HEART,1
16931,22592,CARDHOLDER HOLLY WREATH METAL,3
16931,22601,CHRISTMAS RETROSPOT ANGEL WOOD,3
16931,22731,3D CHRISTMAS STAMPS STICKERS,4
16931,22732,3D VINTAGE CHRISTMAS STICKERS,4
16931,22733,3D TRADITIONAL CHRISTMAS STICKERS,4
16931,22735,RIBBON REEL SOCKS AND MITTENS,1
16931,22737,RIBBON REEL CHRISTMAS PRESENT,1
16931,22739,RIBBON REEL CHRISTMAS SOCK BAUBLE,1
16931,22745,POPPY'S PLAYHOUSE BEDROOM,1
16931,22746,POPPY'S PLAYHOUSE LIVINGROOM,1
16931,22747,POPPY'S PLAYHOUSE BATHROOM,1
16931,22748,POPPY'S PLAYHOUSE KITCHEN,1
16931,22804,CANDLEHOLDER PINK HANGING HEART,2
16931,22812,PACK 3 BOXES CHRISTMAS PANNETONE,10
16931,22813,PACK 3 BOXES BIRD PANNETONE,6
16931,22834,HAND WARMER BABUSHKA DESIGN,6
16931,22862,LOVE HEART NAPKIN BOX,1
16931,22904,CALENDAR PAPER CUT DESIGN,1
16931,84347,ROTATING SILVER ANGELS T-LIGHT HLDR,1
16931,84898F,YELLOW FLOWERS FELT HANDBAG KIT,2
16931,85035A,GARDENIA 3 WICK MORRIS BOXED CANDLE,1
16931,85038,6 CHOCOLATE LOVE HEART T-LIGHTS,9
16931,85123A,WHITE HANGING HEART T-LIGHT HOLDER,6
16931,85174,S/4 CACTI CANDLES,3
16931,85227,SET OF 6 3D KIT CARDS FOR KIDS,6
16945,20711,JUMBO BAG TOYS,10
16945,20713,JUMBO BAG OWLS,10
16945,20719,WOODLAND CHARLOTTE BAG,10
16945,20723,STRAWBERRY CHARLOTTE BAG,10
16945,20724,RED RETROSPOT CHARLOTTE BAG,10
16945,21754,HOME BUILDING BLOCK WORD,3
16945,21930,JUMBO STORAGE BAG SKULLS,10
16945,22355,CHARLOTTE BAG SUKI DESIGN,10
16945,22356,CHARLOTTE BAG PINK POLKADOT,10
16945,22379,RECYCLING BAG RETROSPOT,5
16945,22381,TOY TIDY PINK POLKADOT,5
16945,22385,JUMBO BAG SPACEBOY DESIGN,10
16945,22386,JUMBO BAG PINK POLKADOT,10
16945,22749,FELTCRAFT PRINCESS CHARLOTTE DOLL,4
16945,22750,FELTCRAFT PRINCESS LOLA DOLL,4
16945,22779,WOODEN OWLS LIGHT GARLAND,4
16945,22966,GINGERBREAD MAN COOKIE CUTTER,12
16945,85099C,JUMBO  BAG BAROQUE BLACK WHITE,10
16945,85099F,JUMBO BAG STRAWBERRY,10
16950,22637,PIGGY BANK RETROSPOT,16
16950,22822,CREAM WALL PLANTER HEART SHAPED,12
16950,84352,SILVER CHRISTMAS TREE BAUBLE STAND,4
16954,21110,LARGE CAKE TOWEL PINK SPOTS,2
16954,21843,RED RETROSPOT CAKE STAND,3
16954,22195,LARGE HEART MEASURING SPOONS,24
16954,22196,SMALL HEART MEASURING SPOONS,36
16954,22222,CAKE PLATE LOVEBIRD WHITE,24
16954,22223,CAKE PLATE LOVEBIRD PINK,24
16954,22236,CAKE STAND 3 TIER MAGIC GARDEN,3
16954,22417,PACK OF 60 SPACEBOY CAKE CASES,24
16954,22961,JAM MAKING SET PRINTED,12
16954,22964,3 PIECE SPACEBOY COOKIE CUTTER SET,6
16954,22966,GINGERBREAD MAN COOKIE CUTTER,24
16954,84375,SET OF 20 KIDS COOKIE CUTTERS,12
16955,20754,RETROSPOT RED WASHING UP GLOVES,6
16955,21843,RED RETROSPOT CAKE STAND,1
16955,22080,RIBBON REEL POLKADOTS,20
16955,22680,FRENCH BLUE METAL DOOR SIGN 5,20
16955,22740,POLKADOT PEN,48
16955,22797,CHEST OF DRAWERS GINGHAM HEART,3
16955,22825,DECORATIVE PLANT POT WITH FRIEZE,2
16983,21034,REX CASH+CARRY JUMBO SHOPPER,1
16983,21481,FAWN BLUE HOT WATER BOTTLE,6
16983,21802,CHRISTMAS TREE HEART DECORATION,36
16983,21807,WHITE CHRISTMAS STAR DECORATION,36
16983,22111,SCOTTIE DOG HOT WATER BOTTLE,12
16983,22271,FELTCRAFT DOLL ROSIE,2
16983,22272,FELTCRAFT DOLL MARIA,2
16983,22273,FELTCRAFT DOLL MOLLY,2
16983,22570,FELTCRAFT CUSHION RABBIT,10
16985,20685,DOORMAT RED RETROSPOT,10
16985,21181,PLEASE ONE PERSON METAL SIGN,12
16985,21348,PINK SPOTS CHOCOLATE NESTING BOXES,24
16985,21498,RED RETROSPOT WRAP,25
16985,21754,HOME BUILDING BLOCK WORD,3
16985,21755,LOVE BUILDING BLOCK WORD,3
16985,21871,SAVE THE PLANET MUG,12
16985,22077,6 RIBBONS RUSTIC CHARM,12
16985,22192,BLUE DINER WALL CLOCK,4
16985,22413,METAL SIGN TAKE IT OR LEAVE IT,6
16985,22585,PACK OF 6 BIRDY GIFT TAGS,24
16985,22775,PURPLE DRAWERKNOB ACRYLIC EDWARDIAN,12
16985,22805,BLUE DRAWER KNOB ACRYLIC EDWARDIAN,12
16985,72807A,SET/3 ROSE CANDLE IN JEWELLED BOX,24
16985,72807B,SET/3 OCEAN SCENT CANDLE JEWEL BOX,24
16985,72807C,SET/3 VANILLA SCENTED CANDLE IN BOX,24
16985,84879,ASSORTED COLOUR BIRD ORNAMENT,40
16985,85123A,WHITE HANGING HEART T-LIGHT HOLDER,96
16996,22138,BAKING SET 9 PIECE RETROSPOT,6
16996,22457,NATURAL SLATE HEART CHALKBOARD,12
16996,82494L,WOODEN FRAME ANTIQUE WHITE,12
16996,84879,ASSORTED COLOUR BIRD ORNAMENT,16
17001,17003,BROCADE RING PURSE,36
17001,20750,RED RETROSPOT MINI CASES,6
17001,21586,KINGS CHOICE GIANT TUBE MATCHES,12
17001,21928,JUMBO BAG SCANDINAVIAN PAISLEY,30
17001,22086,PAPER CHAIN KIT 50'S CHRISTMAS,18
17001,22460,EMBOSSED GLASS TEALIGHT HOLDER,12
17001,22726,ALARM CLOCK BAKELIKE GREEN,4
17001,22727,ALARM CLOCK BAKELIKE RED,8
17001,79000,MOROCCAN TEA GLASS,24
17001,84755,COLOUR GLASS T-LIGHT HOLDER HANGING,32
17001,84945,MULTI COLOUR SILVER T-LIGHT HOLDER,48
17001,85099B,JUMBO BAG RED RETROSPOT,30
17007,20674,GREEN POLKADOT BOWL,8
17007,21143,ANTIQUE GLASS HEART DECORATION,12
17007,21245,GREEN POLKADOT PLATE,8
17007,21619,4 VANILLA BOTANICAL CANDLES,12
17007,22110,BIRD HOUSE HOT WATER BOTTLE,6
17007,22164,STRING OF STARS CARD HOLDER,6
17007,22312,OFFICE MUG WARMER POLKADOT,6
17007,22485,SET OF 2 WOODEN MARKET CRATES,2
17007,22791,T-LIGHT GLASS FLUTED ANTIQUE,12
17007,22834,HAND WARMER BABUSHKA DESIGN,24
17007,84032B,CHARLIE + LOLA RED HOT WATER BOTTLE,6
17007,85135B,BLUE DRAGONFLY HELICOPTER,2
17017,20975,12 PENCILS SMALL TUBE RED RETROSPOT,24
17017,20979,36 PENCILS TUBE RED RETROSPOT,32
17017,21592,RETROSPOT CIGAR BOX MATCHES,48
17017,21791,VINTAGE HEADS AND TAILS CARD GAME,24
17017,21914,BLUE HARMONICA IN BOX,84
17017,21915,RED  HARMONICA IN BOX,96
17017,21918,SET 12 KIDS COLOUR  CHALK STICKS,24
17017,22197,SMALL POPCORN HOLDER,272
17017,22198,LARGE POPCORN HOLDER,122
17017,22418,10 COLOUR SPACEBOY PEN,72
17017,22434,BALLOON PUMP WITH 10 BALLOONS,16
17017,22440,BALLOON WATER BOMB PACK OF 35,80
17017,22466,FAIRY TALE COTTAGE NIGHTLIGHT,36
17017,22534,MAGIC DRAWING SLATE SPACEBOY,24
17017,22536,MAGIC DRAWING SLATE PURDEY,24
17017,22551,PLASTERS IN TIN SPACEBOY,60
17017,22555,PLASTERS IN TIN STRONGMAN,48
17017,22556,PLASTERS IN TIN CIRCUS PARADE,48
17017,22561,WOODEN SCHOOL COLOURING SET,12
17017,22564,ALPHABET STENCIL CRAFT,36
17017,22629,SPACEBOY LUNCH BOX,24
17017,22630,DOLLY GIRL LUNCH BOX,12
17017,22735,RIBBON REEL SOCKS AND MITTENS,10
17017,22736,RIBBON REEL MAKING SNOWMEN,10
17017,22737,RIBBON REEL CHRISTMAS PRESENT,10
17017,22738,RIBBON REEL SNOWY VILLAGE,10
17017,22739,RIBBON REEL CHRISTMAS SOCK BAUBLE,10
17017,22909,SET OF 20 VINTAGE CHRISTMAS NAPKINS,108
17017,22910,PAPER CHAIN KIT VINTAGE CHRISTMAS,80
17017,22943,CHRISTMAS LIGHTS 10 VINTAGE BAUBLES,24
17017,22952,60 CAKE CASES VINTAGE CHRISTMAS,72
17017,22960,JAM MAKING SET WITH JARS,24
17017,22961,JAM MAKING SET PRINTED,84
17017,22972,CHILDREN'S SPACEBOY MUG,24
17017,22973,CHILDREN'S CIRCUS PARADE MUG,12
17017,22974,CHILDRENS DOLLY GIRL MUG,12
17017,22975,SPACEBOY CHILDRENS EGG CUP,24
17017,22976,CIRCUS PARADE CHILDRENS EGG CUP,12
17017,22977,DOLLY GIRL CHILDRENS EGG CUP,12
17017,84077,WORLD WAR 2 GLIDERS ASSTD DESIGNS,240
17017,84375,SET OF 20 KIDS COOKIE CUTTERS,12
17019,18097C,WHITE TALL PORCELAIN T-LIGHT HOLDER,4
17019,20973,12 PENCIL SMALL TUBE WOODLAND,6
17019,20974,12 PENCILS SMALL TUBE SKULL,6
17019,20975,12 PENCILS SMALL TUBE RED RETROSPOT,6
17019,21098,CHRISTMAS TOILET ROLL,20
17019,21213,PACK OF 72 SKULL CAKE CASES,6
17019,21452,TOADSTOOL MONEY BOX,4
17019,21464,DISCO BALL ROTATOR BATTERY OPERATED,1
17019,21579,LOLITA  DESIGN  COTTON TOTE BAG,1
17019,21731,RED TOADSTOOL LED NIGHT LIGHT,6
17019,21899,"KEY FOB , GARAGE DESIGN",3
17019,21900,"KEY FOB , SHED",3
17019,21901,"KEY FOB , BACK DOOR",3
17019,21975,PACK OF 60 DINOSAUR CAKE CASES,6
17019,21976,PACK OF 60 MUSHROOM CAKE CASES,3
17019,21982,PACK OF 12 SUKI TISSUES,6
17019,21986,PACK OF 12 PINK POLKADOT TISSUES,6
17019,22029,SPACEBOY BIRTHDAY CARD,12
17019,22086,PAPER CHAIN KIT 50'S CHRISTMAS,2
17019,22168,ORGANISER WOOD ANTIQUE WHITE,1
17019,22328,ROUND SNACK BOXES SET OF 4 FRUITS,1
17019,22466,FAIRY TALE COTTAGE NIGHTLIGHT,6
17019,22533,MAGIC DRAWING SLATE BAKE A CAKE,2
17019,22537,MAGIC DRAWING SLATE DINOSAUR,3
17019,22551,PLASTERS IN TIN SPACEBOY,6
17019,22553,PLASTERS IN TIN SKULLS,6
17019,22554,PLASTERS IN TIN WOODLAND ANIMALS,3
17019,22562,MONSTERS STENCIL CRAFT,3
17019,22563,HAPPY STENCIL CRAFT,3
17019,22629,SPACEBOY LUNCH BOX,1
17019,22632,HAND WARMER RED RETROSPOT,20
17019,22633,HAND WARMER UNION JACK,20
17019,22634,CHILDS BREAKFAST SET SPACEBOY,2
17019,22635,CHILDS BREAKFAST SET DOLLY GIRL,1
17019,22745,POPPY'S PLAYHOUSE BEDROOM,3
17019,22746,POPPY'S PLAYHOUSE LIVINGROOM,3
17019,22747,POPPY'S PLAYHOUSE BATHROOM,2
17019,22748,POPPY'S PLAYHOUSE KITCHEN,3
17019,22898,CHILDRENS APRON APPLES DESIGN,2
17019,22964,3 PIECE SPACEBOY COOKIE CUTTER SET,2
17019,22975,SPACEBOY CHILDRENS EGG CUP,3
17019,22977,DOLLY GIRL CHILDRENS EGG CUP,3
17019,70007,HI TEC ALPINE HAND WARMER,6
17019,84991,60 TEATIME FAIRY CAKE CASES,6
17019,84997A,GREEN 3 PIECE POLKADOT CUTLERY SET,2
17019,84997B,RED 3 PIECE RETROSPOT CUTLERY SET,2
17019,84997C,BLUE 3 PIECE POLKADOT CUTLERY SET,2
17019,84997D,PINK 3 PIECE POLKADOT CUTLERY SET,2
17025,21756,BATH BUILDING BLOCK WORD,3
17025,22178,VICTORIAN GLASS HANGING T-LIGHT,36
17025,22791,T-LIGHT GLASS FLUTED ANTIQUE,72
17025,84755,COLOUR GLASS T-LIGHT HOLDER HANGING,16
17025,84970L,SINGLE HEART ZINC T-LIGHT HOLDER,12
17026,22423,REGENCY CAKESTAND 3 TIER,1
17026,22574,HEART WOODEN CHRISTMAS DECORATION,12
17026,22595,CHRISTMAS GINGHAM HEART,12
17033,20749,ASSORTED COLOUR MINI CASES,8
17033,20750,RED RETROSPOT MINI CASES,8
17033,21716,BOYS VINTAGE TIN SEASIDE BUCKET,8
17033,21717,EASTER TIN BUCKET,16
17033,22021,BLUE FELT EASTER EGG BASKET,18
17033,22127,PARTY CONES CARNIVAL ASSORTED,24
17033,22128,PARTY CONES CANDY ASSORTED,24
17033,85206A,CREAM FELT EASTER EGG BASKET,18
17041,16156S,WRAP PINK FAIRY CAKES,25
17041,21485,RETROSPOT HEART HOT WATER BOTTLE,3
17041,21500,PINK POLKADOT WRAP,25
17041,22111,SCOTTIE DOG HOT WATER BOTTLE,3
17041,22112,CHOCOLATE HOT WATER BOTTLE,6
17041,22113,GREY HEART HOT WATER BOTTLE,8
17041,22114,HOT WATER BOTTLE TEA AND SYMPATHY,4
17041,22348,TEA BAG PLATE RED RETROSPOT,12
17041,22665,RECIPE BOX BLUE SKETCHBOOK DESIGN,6
17041,22667,RECIPE BOX RETROSPOT,12
17041,22704,WRAP RED APPLES,25
17041,22862,LOVE HEART NAPKIN BOX,8
17041,22935,BAKING MOULD ROSE MILK CHOCOLATE,6
17041,22937,BAKING MOULD CHOCOLATE CUPCAKES,6
17041,22962,JAM JAR WITH PINK LID,12
17041,22986,GINGHAM ROSE WRAP,25
17041,84029E,RED WOOLLY HOTTIE WHITE HEART.,4
17059,20712,JUMBO BAG WOODLAND ANIMALS,3
17059,20713,JUMBO BAG OWLS,2
17059,20725,LUNCH BAG RED RETROSPOT,2
17059,20726,LUNCH BAG WOODLAND,2
17059,20728,LUNCH BAG CARS BLUE,2
17059,20878,SET/9 CHRISTMAS T-LIGHTS SCENTED,8
17059,20973,12 PENCIL SMALL TUBE WOODLAND,6
17059,20974,12 PENCILS SMALL TUBE SKULL,6
17059,20975,12 PENCILS SMALL TUBE RED RETROSPOT,4
17059,21034,REX CASH+CARRY JUMBO SHOPPER,2
17059,21156,RETROSPOT CHILDRENS APRON,2
17059,21164,HOME SWEET HOME METAL SIGN,2
17059,21165,BEWARE OF THE CAT METAL SIGN,1
17059,21166,COOK WITH WINE METAL SIGN,1
17059,21174,POTTERING IN THE SHED METAL SIGN,1
17059,21175,GIN + TONIC DIET METAL SIGN,1
17059,21213,PACK OF 72 SKULL CAKE CASES,1
17059,21259,VICTORIAN SEWING BOX SMALL,2
17059,21326,AGED GLASS SILVER T-LIGHT HOLDER,24
17059,21479,WHITE SKULL HOT WATER BOTTLE,3
17059,21481,FAWN BLUE HOT WATER BOTTLE,2
17059,21484,CHICK GREY HOT WATER BOTTLE,2
17059,21485,RETROSPOT HEART HOT WATER BOTTLE,2
17059,21584,RETROSPOT SMALL TUBE MATCHES,12
17059,21587,COSY HOUR GIANT TUBE MATCHES,12
17059,21621,VINTAGE UNION JACK BUNTING,2
17059,21625,VINTAGE UNION JACK APRON,2
17059,21743,STAR PORTABLE TABLE LIGHT,2
17059,21801,CHRISTMAS TREE DECORATION WITH BELL,6
17059,21802,CHRISTMAS TREE HEART DECORATION,16
17059,21803,CHRISTMAS TREE STAR DECORATION,1
17059,21807,WHITE CHRISTMAS STAR DECORATION,4
17059,21830,ASSORTED CREEPY CRAWLIES,1
17059,21871,SAVE THE PLANET MUG,1
17059,21929,JUMBO BAG PINK VINTAGE PAISLEY,1
17059,21930,JUMBO STORAGE BAG SKULLS,3
17059,21931,JUMBO STORAGE BAG SUKI,5
17059,21977,PACK OF 60 PINK PAISLEY CAKE CASES,1
17059,22077,6 RIBBONS RUSTIC CHARM,6
17059,22086,PAPER CHAIN KIT 50'S CHRISTMAS,4
17059,22110,BIRD HOUSE HOT WATER BOTTLE,2
17059,22111,SCOTTIE DOG HOT WATER BOTTLE,1
17059,22112,CHOCOLATE HOT WATER BOTTLE,1
17059,22114,HOT WATER BOTTLE TEA AND SYMPATHY,1
17059,22141,CHRISTMAS CRAFT TREE TOP ANGEL,3
17059,22144,CHRISTMAS CRAFT LITTLE FRIENDS,3
17059,22154,ANGEL DECORATION 3 BUTTONS,48
17059,22158,3 HEARTS HANGING DECORATION RUSTIC,8
17059,22366,DOORMAT AIRMAIL,1
17059,22367,CHILDRENS APRON SPACEBOY DESIGN,2
17059,22382,LUNCH BAG SPACEBOY DESIGN,1
17059,22383,LUNCH BAG SUKI  DESIGN,3
17059,22384,LUNCH BAG PINK POLKADOT,2
17059,22386,JUMBO BAG PINK POLKADOT,4
17059,22423,REGENCY CAKESTAND 3 TIER,1
17059,22457,NATURAL SLATE HEART CHALKBOARD,2
17059,22529,MAGIC DRAWING SLATE GO TO THE FAIR,1
17059,22530,MAGIC DRAWING SLATE DOLLY GIRL,3
17059,22531,MAGIC DRAWING SLATE CIRCUS PARADE,1
17059,22532,MAGIC DRAWING SLATE LEAP FROG,1
17059,22534,MAGIC DRAWING SLATE SPACEBOY,3
17059,22536,MAGIC DRAWING SLATE PURDEY,3
17059,22537,MAGIC DRAWING SLATE DINOSAUR,1
17059,22560,TRADITIONAL MODELLING CLAY,6
17059,22571,ROCKING HORSE RED CHRISTMAS,7
17059,22577,WOODEN HEART CHRISTMAS SCANDINAVIAN,4
17059,22581,WOOD STOCKING CHRISTMAS SCANDISPOT,2
17059,22585,PACK OF 6 BIRDY GIFT TAGS,13
17059,22597,CHRISTMAS MUSICAL ZINC HEART,2
17059,22598,CHRISTMAS MUSICAL ZINC TREE,4
17059,22599,CHRISTMAS MUSICAL ZINC STAR,3
17059,22603,CHRISTMAS RETROSPOT TREE WOOD,2
17059,22632,HAND WARMER RED RETROSPOT,3
17059,22633,HAND WARMER UNION JACK,3
17059,22652,TRAVEL SEWING KIT,2
17059,22662,LUNCH BAG DOLLY GIRL DESIGN,2
17059,22663,JUMBO BAG DOLLY GIRL DESIGN,2
17059,22731,3D CHRISTMAS STAMPS STICKERS,3
17059,22732,3D VINTAGE CHRISTMAS STICKERS,6
17059,22733,3D TRADITIONAL CHRISTMAS STICKERS,2
17059,22809,SET OF 6 T-LIGHTS SANTA,3
17059,22810,SET OF 6 T-LIGHTS SNOWMEN,6
17059,22818,CARD CHRISTMAS VILLAGE,12
17059,22834,HAND WARMER BABUSHKA DESIGN,2
17059,22835,HOT WATER BOTTLE I AM SO POORLY,1
17059,22865,HAND WARMER OWL DESIGN,5
17059,22866,HAND WARMER SCOTTY DOG DESIGN,3
17059,22867,HAND WARMER BIRD DESIGN,3
17059,22951,60 CAKE CASES DOLLY GIRL DESIGN,1
17059,22952,60 CAKE CASES VINTAGE CHRISTMAS,24
17059,47591D,PINK FAIRY CAKE CHILDRENS APRON,2
17059,51014C,"FEATHER PEN,COAL BLACK",12
17059,82582,AREA PATROLLED METAL SIGN,4
17059,84029E,RED WOOLLY HOTTIE WHITE HEART.,1
17059,84029G,KNITTED UNION FLAG HOT WATER BOTTLE,2
17059,84032A,CHARLIE+LOLA PINK HOT WATER BOTTLE,3
17059,84032B,CHARLIE + LOLA RED HOT WATER BOTTLE,3
17059,84534B,FAIRY CAKE NOTEBOOK A5 SIZE,4
17059,84754,S/15 SILVER GLASS BAUBLES IN BAG,12
17059,84849B,FAIRY SOAP SOAP HOLDER,5
17059,84946,ANTIQUE SILVER TEA GLASS ETCHED,6
17059,84991,60 TEATIME FAIRY CAKE CASES,1
17059,84997B,RED 3 PIECE RETROSPOT CUTLERY SET,1
17059,84997D,PINK 3 PIECE POLKADOT CUTLERY SET,2
17059,85018D,YULETIDE IMAGES S/6 PAPER BOXES,6
17059,85049A,TRADITIONAL CHRISTMAS RIBBONS,2
17059,85049B,LUSH GREENS RIBBONS,2
17059,85049E,SCANDINAVIAN REDS RIBBONS,3
17059,85049G,CHOCOLATE BOX RIBBONS,1
17059,85064,CREAM SWEETHEART LETTER RACK,2
17059,85066,CREAM SWEETHEART MINI CHEST,2
17059,85099B,JUMBO BAG RED RETROSPOT,3
17059,85227,SET OF 6 3D KIT CARDS FOR KIDS,2
17059,85231B,CINAMMON SET OF 9 T-LIGHTS,6
17059,85231G,ORANGE SCENTED SET/9 T-LIGHTS,2
17062,21354,TOAST ITS - BEST MUM,3
17062,21355,TOAST ITS - I LOVE YOU,2
17062,21358,TOAST ITS - HAPPY BIRTHDAY,2
17062,21494,ROTATING LEAVES T-LIGHT HOLDER,39
17062,21730,GLASS STAR FROSTED T-LIGHT HOLDER,4
17062,21743,STAR PORTABLE TABLE LIGHT,1
17062,21744,SNOWFLAKE PORTABLE TABLE LIGHT,2
17062,21975,PACK OF 60 DINOSAUR CAKE CASES,3
17062,21976,PACK OF 60 MUSHROOM CAKE CASES,4
17062,21977,PACK OF 60 PINK PAISLEY CAKE CASES,6
17062,22107,PIZZA PLATE IN BOX,8
17062,22109,FULL ENGLISH BREAKFAST PLATE,7
17062,22153,ANGEL DECORATION STARS ON DRESS,34
17062,22154,ANGEL DECORATION 3 BUTTONS,10
17062,22158,3 HEARTS HANGING DECORATION RUSTIC,16
17062,22178,VICTORIAN GLASS HANGING T-LIGHT,6
17062,22186,RED STAR CARD HOLDER,1
17062,22197,SMALL POPCORN HOLDER,7
17062,22207,FRYING PAN UNION FLAG,1
17062,22417,PACK OF 60 SPACEBOY CAKE CASES,6
17062,22469,HEART OF WICKER SMALL,8
17062,22636,CHILDS BREAKFAST SET CIRCUS PARADE,3
17062,22695,WICKER WREATH SMALL,10
17062,22696,WICKER WREATH LARGE,14
17062,22795,SWEETHEART RECIPE BOOK STAND,2
17062,22904,CALENDAR PAPER CUT DESIGN,1
17062,22925,BLUE GIANT GARDEN THERMOMETER,2
17062,22926,IVORY GIANT GARDEN THERMOMETER,2
17062,22951,60 CAKE CASES DOLLY GIRL DESIGN,6
17062,22952,60 CAKE CASES VINTAGE CHRISTMAS,24
17062,72232,FENG SHUI PILLAR CANDLE,48
17062,72598,SET/12 TAPER CANDLES,4
17062,84032B,CHARLIE + LOLA RED HOT WATER BOTTLE,1
17062,84991,60 TEATIME FAIRY CAKE CASES,3
17062,84992,72 SWEETHEART FAIRY CAKE CASES,12
17062,84993B,75 BLACK PETIT FOUR CASES,12
17062,85062,PEARL CRYSTAL PUMPKIN T-LIGHT HLDR,6
17062,85135C,RED DRAGONFLY HELICOPTER,1
17062,85150,LADIES & GENTLEMEN METAL SIGN,3
17062,M,Manual,12
17068,20718,RED RETROSPOT SHOPPER BAG,10
17068,20725,LUNCH BAG RED RETROSPOT,5
17068,20726,LUNCH BAG WOODLAND,5
17068,20727,LUNCH BAG  BLACK SKULL.,5
17068,20728,LUNCH BAG CARS BLUE,5
17068,21429,RED GINGHAM ROSE JEWELLERY BOX,5
17068,21481,FAWN BLUE HOT WATER BOTTLE,10
17068,21485,RETROSPOT HEART HOT WATER BOTTLE,1
17068,21931,JUMBO STORAGE BAG SUKI,5
17068,22111,SCOTTIE DOG HOT WATER BOTTLE,1
17068,22112,CHOCOLATE HOT WATER BOTTLE,1
17068,22367,CHILDRENS APRON SPACEBOY DESIGN,2
17068,22371,AIRLINE BAG VINTAGE TOKYO 78,1
17068,22379,RECYCLING BAG RETROSPOT,5
17068,22381,TOY TIDY PINK POLKADOT,5
17068,22382,LUNCH BAG SPACEBOY DESIGN,5
17068,22383,LUNCH BAG SUKI  DESIGN,5
17068,22469,HEART OF WICKER SMALL,3
17068,22470,HEART OF WICKER LARGE,3
17068,22504,CABIN BAG VINTAGE RETROSPOT,3
17068,22665,RECIPE BOX BLUE SKETCHBOOK DESIGN,1
17068,22666,RECIPE BOX PANTRY YELLOW DESIGN,1
17068,22667,RECIPE BOX RETROSPOT,2
17068,22694,WICKER STAR,3
17068,22837,HOT WATER BOTTLE BABUSHKA,4
17068,47566B,TEA TIME PARTY BUNTING,5
17068,84030E,ENGLISH ROSE HOT WATER BOTTLE,1
17068,85099B,JUMBO BAG RED RETROSPOT,6
17068,85099F,JUMBO BAG STRAWBERRY,5
17068,M,Manual,5
17069,21777,RECIPE BOX WITH METAL HEART,1
17069,22178,VICTORIAN GLASS HANGING T-LIGHT,12
17069,22665,RECIPE BOX BLUE SKETCHBOOK DESIGN,12
17069,22666,RECIPE BOX PANTRY YELLOW DESIGN,12
17069,22667,RECIPE BOX RETROSPOT,18
17069,22720,SET OF 3 CAKE TINS PANTRY DESIGN,6
17069,22721,SET OF 3 CAKE TINS SKETCHBOOK,3
17069,22722,SET OF 6 SPICE TINS PANTRY DESIGN,8
17069,22723,SET OF 6 HERB TINS SKETCHBOOK,4
17069,22795,SWEETHEART RECIPE BOOK STAND,6
17069,22960,JAM MAKING SET WITH JARS,6
17069,22961,JAM MAKING SET PRINTED,24
17069,22962,JAM JAR WITH PINK LID,12
17069,22963,JAM JAR WITH GREEN LID,12
17069,37370,RETRO COFFEE MUGS ASSORTED,12
17069,71459,HANGING JAM JAR T-LIGHT HOLDER,12
17069,84950,ASSORTED COLOUR T-LIGHT HOLDER,12
17069,84970S,HANGING HEART ZINC T-LIGHT HOLDER,12
17069,84997A,GREEN 3 PIECE POLKADOT CUTLERY SET,12
17069,84997B,RED 3 PIECE RETROSPOT CUTLERY SET,12
17069,84997C,BLUE 3 PIECE POLKADOT CUTLERY SET,12
17069,84997D,PINK 3 PIECE POLKADOT CUTLERY SET,12
17076,20749,ASSORTED COLOUR MINI CASES,4
17076,20750,RED RETROSPOT MINI CASES,4
17076,21232,STRAWBERRY CERAMIC TRINKET BOX,12
17076,22065,CHRISTMAS PUDDING TRINKET POT,12
17076,22069,BROWN  PIRATE TREASURE CHEST,12
17076,22130,PARTY CONE CHRISTMAS DECORATION,12
17076,85066,CREAM SWEETHEART MINI CHEST,2
17085,20886,BOX OF 9 PEBBLE CANDLES,6
17085,20961,STRAWBERRY BATH SPONGE,6
17085,20963,APPLE BATH SPONGE,6
17085,20966,SANDWICH BATH SPONGE,6
17085,21164,HOME SWEET HOME METAL SIGN,3
17085,21165,BEWARE OF THE CAT METAL SIGN,1
17085,21166,COOK WITH WINE METAL SIGN,3
17085,21169,YOU'RE CONFUSING ME METAL SIGN,5
17085,21174,POTTERING IN THE SHED METAL SIGN,3
17085,21175,GIN + TONIC DIET METAL SIGN,3
17085,21181,PLEASE ONE PERSON METAL SIGN,10
17085,21231,SWEETHEART CERAMIC TRINKET BOX,10
17085,21232,STRAWBERRY CERAMIC TRINKET BOX,14
17085,21730,GLASS STAR FROSTED T-LIGHT HOLDER,3
17085,21733,RED HANGING HEART T-LIGHT HOLDER,8
17085,21790,VINTAGE SNAP CARDS,3
17085,21870,I CAN ONLY PLEASE ONE PERSON MUG,6
17085,21871,SAVE THE PLANET MUG,2
17085,21872,GLAMOROUS  MUG,2
17085,21876,POTTERING MUG,3
17085,21877,HOME SWEET HOME MUG,2
17085,21904,HOUSE WRECKING METAL SIGN,2
17085,21922,UNION STRIPE WITH FRINGE  HAMMOCK,2
17085,22095,LADS ONLY TISSUE BOX,9
17085,22099,CARAVAN SQUARE TISSUE BOX,4
17085,22109,FULL ENGLISH BREAKFAST PLATE,18
17085,22115,METAL SIGN EMPIRE TEA,2
17085,22174,PHOTO CUBE,12
17085,22190,LOCAL CAFE MUG,2
17085,22197,SMALL POPCORN HOLDER,10
17085,22283,6 EGG HOUSE PAINTED WOOD,1
17085,22311,OFFICE MUG WARMER BLACK+SILVER,8
17085,22312,OFFICE MUG WARMER POLKADOT,2
17085,22314,OFFICE MUG WARMER CHOC+BLUE,7
17085,22371,AIRLINE BAG VINTAGE TOKYO 78,1
17085,22372,AIRLINE BAG VINTAGE WORLD CHAMPION,3
17085,22374,AIRLINE BAG VINTAGE JET SET RED,3
17085,22376,AIRLINE BAG VINTAGE JET SET WHITE,1
17085,22412,METAL SIGN NEIGHBOURHOOD WITCH,2
17085,22413,METAL SIGN TAKE IT OR LEAVE IT,2
17085,22441,GROW YOUR OWN BASIL IN ENAMEL MUG,1
17085,22444,GROW YOUR OWN PLANT IN A CAN,48
17085,22464,HANGING METAL HEART LANTERN,6
17085,22465,HANGING METAL STAR LANTERN,6
17085,22474,SPACEBOY TV DINNER TRAY,1
17085,22670,FRENCH WC SIGN BLUE METAL,3
17085,22725,ALARM CLOCK BAKELIKE CHOCOLATE,1
17085,22727,ALARM CLOCK BAKELIKE RED,1
17085,22729,ALARM CLOCK BAKELIKE ORANGE,1
17085,22804,CANDLEHOLDER PINK HANGING HEART,4
17085,22812,PACK 3 BOXES CHRISTMAS PANNETONE,12
17085,22813,PACK 3 BOXES BIRD PANNETONE,5
17085,22834,HAND WARMER BABUSHKA DESIGN,11
17085,22855,FINE WICKER HEART,6
17085,37449,CERAMIC CAKE STAND + HANGING CAKES,1
17085,51020A,SUMMER FUN DESIGN SHOWER CAP,6
17085,51020B,STRIPY DESIGN SHOWER CAP,6
17085,70007,HI TEC ALPINE HAND WARMER,2
17085,71477,COLOUR GLASS. STAR T-LIGHT HOLDER,4
17085,72741,GRAND CHOCOLATECANDLE,9
17085,82552,WASHROOM METAL SIGN,3
17085,82567,"AIRLINE LOUNGE,METAL SIGN",1
17085,82582,AREA PATROLLED METAL SIGN,3
17085,82599,FANNY'S REST STOPMETAL SIGN,2
17085,82600,NO SINGING METAL SIGN,3
17085,85123A,WHITE HANGING HEART T-LIGHT HOLDER,12
17085,85150,LADIES & GENTLEMEN METAL SIGN,6
17085,85152,HAND OVER THE CHOCOLATE   SIGN,4
17090,22302,COFFEE MUG PEARS  DESIGN,12
17090,22303,COFFEE MUG APPLES DESIGN,12
17091,21479,WHITE SKULL HOT WATER BOTTLE,4
17091,21485,RETROSPOT HEART HOT WATER BOTTLE,6
17091,22111,SCOTTIE DOG HOT WATER BOTTLE,6
17091,22112,CHOCOLATE HOT WATER BOTTLE,3
17091,22632,HAND WARMER RED RETROSPOT,12
17091,22633,HAND WARMER UNION JACK,12
17091,22837,HOT WATER BOTTLE BABUSHKA,4
17091,22866,HAND WARMER SCOTTY DOG DESIGN,24
17091,22867,HAND WARMER BIRD DESIGN,12
17091,84029E,RED WOOLLY HOTTIE WHITE HEART.,4
17091,84029G,KNITTED UNION FLAG HOT WATER BOTTLE,4
17091,84030E,ENGLISH ROSE HOT WATER BOTTLE,4
17091,85038,6 CHOCOLATE LOVE HEART T-LIGHTS,6
17126,18097C,WHITE TALL PORCELAIN T-LIGHT HOLDER,1
17126,21034,REX CASH+CARRY JUMBO SHOPPER,1
17126,21098,CHRISTMAS TOILET ROLL,1
17126,21249,WOODLAND  HEIGHT CHART STICKERS,1
17126,21375,LARGE CAMPHOR WOOD FIELD MUSHROOM,3
17126,21376,LARGE  TALL CAMPHOR WOOD TOADSTOOL,2
17126,21378,SMALL TALL CAMPHOR WOOD TOADSTOOL,6
17126,21379,CAMPHOR WOOD PORTOBELLO MUSHROOM,4
17126,21484,CHICK GREY HOT WATER BOTTLE,1
17126,21592,RETROSPOT CIGAR BOX MATCHES,1
17126,21791,VINTAGE HEADS AND TAILS CARD GAME,1
17126,21894,POTTING SHED SEED ENVELOPES,1
17126,22110,BIRD HOUSE HOT WATER BOTTLE,3
17126,22156,HEART DECORATION WITH PEARLS,3
17126,22178,VICTORIAN GLASS HANGING T-LIGHT,6
17126,22301,COFFEE MUG CAT + BIRD DESIGN,1
17126,22326,ROUND SNACK BOXES SET OF4 WOODLAND,1
17126,22398,MAGNETS PACK OF 4 SWALLOWS,1
17126,22469,HEART OF WICKER SMALL,1
17126,22470,HEART OF WICKER LARGE,3
17126,22617,BAKING SET SPACEBOY DESIGN,1
17126,22664,TOY TIDY DOLLY GIRL DESIGN,1
17126,22694,WICKER STAR,2
17126,22796,PHOTO FRAME 3 CLASSIC HANGING,1
17126,22837,HOT WATER BOTTLE BABUSHKA,1
17126,22916,HERB MARKER THYME,2
17126,22917,HERB MARKER ROSEMARY,2
17126,22918,HERB MARKER PARSLEY,2
17126,22919,HERB MARKER MINT,2
17126,22920,HERB MARKER BASIL,2
17126,22921,HERB MARKER CHIVES,2
17126,22926,IVORY GIANT GARDEN THERMOMETER,1
17126,22933,BAKING MOULD EASTER EGG MILK CHOC,1
17126,22934,BAKING MOULD EASTER EGG WHITE CHOC,1
17126,22941,CHRISTMAS LIGHTS 10 REINDEER,1
17126,22960,JAM MAKING SET WITH JARS,2
17126,22961,JAM MAKING SET PRINTED,4
17126,22965,3 TRADITIONAl BISCUIT CUTTERS  SET,1
17126,22966,GINGERBREAD MAN COOKIE CUTTER,3
17126,22972,CHILDREN'S SPACEBOY MUG,1
17126,22975,SPACEBOY CHILDRENS EGG CUP,1
17126,22988,SOLDIERS EGG CUP,2
17126,47599B,BLUE PARTY BAGS,1
17126,48116,DOORMAT MULTICOLOUR STRIPE,1
17126,48187,DOORMAT NEW ENGLAND,1
17126,72816,SET/3 CHRISTMAS DECOUPAGE CANDLES,1
17126,82486,WOOD S/3 CABINET ANT WHITE FINISH,1
17126,84997C,BLUE 3 PIECE POLKADOT CUTLERY SET,1
17126,85049G,CHOCOLATE BOX RIBBONS,1
17126,85123A,WHITE HANGING HEART T-LIGHT HOLDER,3
17135,20956,PORCELAIN T-LIGHT HOLDERS ASSORTED,12
17135,21231,SWEETHEART CERAMIC TRINKET BOX,24
17135,21232,STRAWBERRY CERAMIC TRINKET BOX,24
17135,21807,WHITE CHRISTMAS STAR DECORATION,36
17135,22065,CHRISTMAS PUDDING TRINKET POT,24
17135,22067,CHOC TRUFFLE GOLD TRINKET POT,24
17135,22155,STAR DECORATION RUSTIC,48
17135,22161,HEART DECORATION RUSTIC HANGING,24
17135,84347,ROTATING SILVER ANGELS T-LIGHT HLDR,6
17146,21524,DOORMAT SPOTTY HOME SWEET HOME,2
17146,22170,PICTURE FRAME WOOD TRIPLE PORTRAIT,4
17146,22171,3 HOOK PHOTO SHELF ANTIQUE WHITE,2
17146,22178,VICTORIAN GLASS HANGING T-LIGHT,24
17146,22283,6 EGG HOUSE PAINTED WOOD,2
17146,22423,REGENCY CAKESTAND 3 TIER,2
17146,22499,WOODEN UNION JACK BUNTING,3
17146,22645,CERAMIC HEART FAIRY CAKE MONEY BANK,12
17146,22646,CERAMIC STRAWBERRY CAKE MONEY BANK,12
17146,22767,TRIPLE PHOTO FRAME CORNICE,2
17146,35004C,SET OF 3 COLOURED  FLYING DUCKS,3
17146,82482,WOODEN PICTURE FRAME WHITE FINISH,6
17146,84843,WHITE SOAP RACK WITH 2 BOTTLES,2
17146,84880,WHITE WIRE EGG HOLDER,3
17146,85123A,WHITE HANGING HEART T-LIGHT HOLDER,6
17146,85150,LADIES & GENTLEMEN METAL SIGN,6
17158,21494,ROTATING LEAVES T-LIGHT HOLDER,12
17158,21523,DOORMAT FANCY FONT HOME SWEET HOME,2
17158,21524,DOORMAT SPOTTY HOME SWEET HOME,2
17158,21621,VINTAGE UNION JACK BUNTING,2
17158,21668,RED STRIPE CERAMIC DRAWER KNOB,12
17158,21669,BLUE STRIPE CERAMIC DRAWER KNOB,12
17158,21670,BLUE SPOT CERAMIC DRAWER KNOB,12
17158,21671,RED SPOT CERAMIC DRAWER KNOB,12
17158,21733,RED HANGING HEART T-LIGHT HOLDER,6
17158,21871,SAVE THE PLANET MUG,12
17158,21875,KINGS CHOICE MUG,12
17158,21877,HOME SWEET HOME MUG,12
17158,22585,PACK OF 6 BIRDY GIFT TAGS,12
17158,22654,DELUXE SEWING KIT,3
17158,22692,DOORMAT WELCOME TO OUR HOME,2
17158,22771,CLEAR DRAWER KNOB ACRYLIC EDWARDIAN,24
17158,22773,GREEN DRAWER KNOB ACRYLIC EDWARDIAN,12
17158,22805,BLUE DRAWER KNOB ACRYLIC EDWARDIAN,12
17158,48187,DOORMAT NEW ENGLAND,2
17158,84879,ASSORTED COLOUR BIRD ORNAMENT,16
17158,84945,MULTI COLOUR SILVER T-LIGHT HOLDER,12
17158,84946,ANTIQUE SILVER TEA GLASS ETCHED,24
17158,84949,SILVER HANGING T-LIGHT HOLDER,6
17158,84950,ASSORTED COLOUR T-LIGHT HOLDER,12
17158,85123A,WHITE HANGING HEART T-LIGHT HOLDER,6
17179,20725,LUNCH BAG RED RETROSPOT,1
17179,20828,GLITTER BUTTERFLY CLIPS,16
17179,20829,GLITTER HANGING BUTTERFLY STRING,8
17179,21238,RED RETROSPOT CUP,5
17179,21239,PINK  POLKADOT CUP,5
17179,21240,BLUE POLKADOT CUP,5
17179,21931,JUMBO STORAGE BAG SUKI,2
17179,22082,RIBBON REEL STRIPES DESIGN,2
17179,22382,LUNCH BAG SPACEBOY DESIGN,1
17179,22383,LUNCH BAG SUKI  DESIGN,3
17179,22449,SILK PURSE BABUSHKA PINK,5
17179,22450,SILK PURSE BABUSHKA BLUE,4
17179,22662,LUNCH BAG DOLLY GIRL DESIGN,1
17179,22988,SOLDIERS EGG CUP,4
17179,84247E,PACK/12 XMAS FUN CARD,12
17179,84997A,GREEN 3 PIECE POLKADOT CUTLERY SET,5
17179,84997B,RED 3 PIECE RETROSPOT CUTLERY SET,9
17179,84997C,BLUE 3 PIECE POLKADOT CUTLERY SET,2
17179,84997D,PINK 3 PIECE POLKADOT CUTLERY SET,6
17179,85049C,ROMANTIC PINKS RIBBONS,2
17181,21326,AGED GLASS SILVER T-LIGHT HOLDER,144
17181,84947,ANTIQUE SILVER TEA GLASS ENGRAVED,72
17188,22113,GREY HEART HOT WATER BOTTLE,36
17188,22423,REGENCY CAKESTAND 3 TIER,16
17188,22511,RETROSPOT BABUSHKA DOORSTOP,8
17188,22834,HAND WARMER BABUSHKA DESIGN,48
17188,22837,HOT WATER BOTTLE BABUSHKA,36
17188,70006,LOVE HEART POCKET WARMER,30
17189,20685,DOORMAT RED RETROSPOT,1
17189,21080,SET/20 RED RETROSPOT PAPER NAPKINS,1
17189,21086,SET/6 RED SPOTTY PAPER CUPS,2
17189,21154,RED RETROSPOT OVEN GLOVE,4
17189,21210,SET OF 72 RETROSPOT PAPER  DOILIES,1
17189,21212,PACK OF 72 RETROSPOT CAKE CASES,1
17189,21908,CHOCOLATE THIS WAY METAL SIGN,4
17189,21917,SET 12 KIDS  WHITE CHALK STICKS,1
17189,21934,SKULL SHOULDER BAG,1
17189,21967,PACK OF 12 SKULL TISSUES,1
17189,21981,PACK OF 12 WOODLAND TISSUES,2
17189,22024,RAINY LADIES BIRTHDAY CARD,12
17189,22030,SWALLOWS GREETING CARD,12
17189,22065,CHRISTMAS PUDDING TRINKET POT,1
17189,22107,PIZZA PLATE IN BOX,2
17189,22109,FULL ENGLISH BREAKFAST PLATE,5
17189,22315,200 RED + WHITE BENDY STRAWS,1
17189,22329,ROUND CONTAINER SET OF 5 RETROSPOT,1
17189,22348,TEA BAG PLATE RED RETROSPOT,1
17189,22371,AIRLINE BAG VINTAGE TOKYO 78,1
17189,22456,NATURAL SLATE CHALKBOARD LARGE,1
17189,22549,PICTURE DOMINOES,1
17189,22565,FELTCRAFT HAIRBANDS PINK AND WHITE,1
17189,22627,MINT KITCHEN SCALES,2
17189,22644,CERAMIC CHERRY CAKE MONEY BANK,8
17189,22720,SET OF 3 CAKE TINS PANTRY DESIGN,3
17189,22781,GUMBALL MAGAZINE RACK,3
17189,22840,ROUND CAKE TIN VINTAGE RED,3
17189,22895,SET OF 2 TEA TOWELS APPLE AND PEARS,1
17189,22897,OVEN MITT APPLES DESIGN,3
17189,22900,SET 2 TEA TOWELS I LOVE LONDON,1
17189,22970,LONDON BUS COFFEE MUG,3
17189,37448,CERAMIC CAKE DESIGN SPOTTED MUG,5
17189,47559B,TEA TIME OVEN GLOVE,6
17189,47580,TEA TIME DES TEA COSY,3
17189,84029G,KNITTED UNION FLAG HOT WATER BOTTLE,4
17191,20974,12 PENCILS SMALL TUBE SKULL,2
17191,20975,12 PENCILS SMALL TUBE RED RETROSPOT,2
17191,21034,REX CASH+CARRY JUMBO SHOPPER,4
17191,21181,PLEASE ONE PERSON METAL SIGN,1
17191,21336,GOLD WASHBAG,1
17191,21390,FILIGRIS HEART WITH BUTTERFLY,6
17191,21500,PINK POLKADOT WRAP,25
17191,21733,RED HANGING HEART T-LIGHT HOLDER,1
17191,21814,HEART T-LIGHT HOLDER,4
17191,21864,UNION JACK FLAG PASSPORT COVER,5
17191,21865,PINK UNION JACK  PASSPORT COVER,1
17191,21866,UNION JACK FLAG LUGGAGE TAG,1
17191,21867,PINK UNION JACK  LUGGAGE TAG,1
17191,21892,TRADITIONAL WOODEN CATCH CUP GAME,2
17191,21929,JUMBO BAG PINK VINTAGE PAISLEY,2
17191,21955,DOORMAT UNION JACK GUNS AND ROSES,1
17191,22086,PAPER CHAIN KIT 50'S CHRISTMAS,2
17191,22093,MOTORING TISSUE BOX,6
17191,22095,LADS ONLY TISSUE BOX,10
17191,22098,BOUDOIR SQUARE TISSUE BOX,2
17191,22099,CARAVAN SQUARE TISSUE BOX,4
17191,22173,METAL 4 HOOK HANGER FRENCH CHATEAU,8
17191,22195,LARGE HEART MEASURING SPOONS,1
17191,22196,SMALL HEART MEASURING SPOONS,1
17191,22224,WHITE LOVEBIRD LANTERN,2
17191,22333,RETROSPOT PARTY BAG + STICKER SET,4
17191,22423,REGENCY CAKESTAND 3 TIER,1
17191,22429,ENAMEL MEASURING JUG CREAM,3
17191,22441,GROW YOUR OWN BASIL IN ENAMEL MUG,2
17191,22449,SILK PURSE BABUSHKA PINK,1
17191,22450,SILK PURSE BABUSHKA BLUE,1
17191,22451,SILK PURSE BABUSHKA RED,1
17191,22500,SET OF 2 TINS JARDIN DE PROVENCE,2
17191,22551,PLASTERS IN TIN SPACEBOY,1
17191,22557,PLASTERS IN TIN VINTAGE PAISLEY,3
17191,22633,HAND WARMER UNION JACK,3
17191,22652,TRAVEL SEWING KIT,2
17191,22659,LUNCH BOX I LOVE LONDON,2
17191,22665,RECIPE BOX BLUE SKETCHBOOK DESIGN,2
17191,22666,RECIPE BOX PANTRY YELLOW DESIGN,2
17191,22752,SET 7 BABUSHKA NESTING BOXES,1
17191,22756,LARGE YELLOW BABUSHKA NOTEBOOK,2
17191,22757,LARGE RED BABUSHKA NOTEBOOK,2
17191,22758,LARGE PURPLE BABUSHKA NOTEBOOK,2
17191,22771,CLEAR DRAWER KNOB ACRYLIC EDWARDIAN,12
17191,22795,SWEETHEART RECIPE BOOK STAND,1
17191,22804,CANDLEHOLDER PINK HANGING HEART,3
17191,22816,CARD MOTORBIKE SANTA,72
17191,22818,CARD CHRISTMAS VILLAGE,24
17191,22848,BREAD BIN DINER STYLE PINK,1
17191,22866,HAND WARMER SCOTTY DOG DESIGN,1
17191,22912,YELLOW COAT RACK PARIS FASHION,9
17191,22956,36 FOIL HEART CAKE CASES,1
17191,22963,JAM JAR WITH GREEN LID,12
17191,35961,FOLKART ZINC HEART CHRISTMAS DEC,2
17191,46115B,GREEN POP ART MAO CUSHION COVER,6
17191,71053,WHITE METAL LANTERN,2
17191,71477,COLOUR GLASS. STAR T-LIGHT HOLDER,4
17191,79067,CORONA MEXICAN TRAY,5
17191,82494L,WOODEN FRAME ANTIQUE WHITE,6
17191,82551,LAUNDRY 15C METAL SIGN,1
17191,82552,WASHROOM METAL SIGN,1
17191,82583,HOT BATHS METAL SIGN,1
17191,84406B,CREAM CUPID HEARTS COAT HANGER,8
17191,84819,DANISH ROSE ROUND SEWING BOX,2
17191,84836,ZINC METAL HEART DECORATION,2
17191,84975,HEART SHAPED MIRROR,3
17191,85099C,JUMBO  BAG BAROQUE BLACK WHITE,3
17191,85123A,WHITE HANGING HEART T-LIGHT HOLDER,6
17194,20750,RED RETROSPOT MINI CASES,5
17194,20762,GREEN FERN SKETCHBOOK,1
17194,20765,CHRYSANTHEMUM SKETCHBOOK,1
17194,21258,VICTORIAN SEWING BOX LARGE,1
17194,21260,FIRST AID TIN,1
17194,21441,BLUE BIRDHOUSE DECORATION,1
17194,21442,GREEN BIRDHOUSE DECORATION,1
17194,21801,CHRISTMAS TREE DECORATION WITH BELL,1
17194,21802,CHRISTMAS TREE HEART DECORATION,1
17194,21807,WHITE CHRISTMAS STAR DECORATION,1
17194,22086,PAPER CHAIN KIT 50'S CHRISTMAS,1
17194,22168,ORGANISER WOOD ANTIQUE WHITE,1
17194,22432,WATERING CAN PINK BUNNY,1
17194,22489,PACK OF 12 TRADITIONAL CRAYONS,1
17194,22572,ROCKING HORSE GREEN CHRISTMAS,2
17194,22576,SWALLOW WOODEN CHRISTMAS DECORATION,1
17194,22585,PACK OF 6 BIRDY GIFT TAGS,20
17194,22739,RIBBON REEL CHRISTMAS SOCK BAUBLE,5
17194,22744,MAKE YOUR OWN MONSOON CARD KIT,1
17194,22752,SET 7 BABUSHKA NESTING BOXES,1
17194,22759,SET OF 3 NOTEBOOKS IN PARCEL,1
17194,22906,12 MESSAGE CARDS WITH ENVELOPES,60
17194,22910,PAPER CHAIN KIT VINTAGE CHRISTMAS,1
17194,84247E,PACK/12 XMAS FUN CARD,1
17194,85232D,SET/3 DECOUPAGE STACKING TINS,1
17194,M,Manual,6
17198,10120,DOGGY RUBBER,2
17198,16237,SLEEPING CAT ERASERS,1
17198,16238,PARTY TIME PENCIL ERASERS,1
17198,20615,BLUE POLKADOT PASSPORT COVER,1
17198,20652,BLUE POLKADOT LUGGAGE TAG,2
17198,20657,TROPICAL LUGGAGE TAG,1
17198,20658,RED RETROSPOT LUGGAGE TAG,1
17198,20661,BLUE POLKADOT PURSE,1
17198,20685,DOORMAT RED RETROSPOT,2
17198,20752,BLUE POLKADOT WASHING UP GLOVES,1
17198,20754,RETROSPOT RED WASHING UP GLOVES,1
17198,20773,BLUE PAISLEY NOTEBOOK,5
17198,20774,GREEN FERN NOTEBOOK,1
17198,20854,BLUE PATCH PURSE PINK HEART,1
17198,20967,GREY FLORAL FELTCRAFT SHOULDER BAG,1
17198,20982,12 PENCILS TALL TUBE SKULLS,1
17198,20986,BLUE CALCULATOR RULER,2
17198,21034,REX CASH+CARRY JUMBO SHOPPER,3
17198,21098,CHRISTMAS TOILET ROLL,1
17198,21291,SMALL POLKADOT CHOCOLATE GIFT BAG,16
17198,21506,"FANCY FONT BIRTHDAY CARD,",12
17198,21530,DAIRY MAID TOASTRACK,1
17198,21538,DAIRY MAID  PUDDING BOWL,1
17198,21609,SET 12 LAVENDER  BOTANICAL T-LIGHTS,1
17198,21623,VINTAGE UNION JACK MEMOBOARD,2
17198,21642,ASSORTED TUTTI FRUTTI PEN,2
17198,21818,GLITTER CHRISTMAS HEART,36
17198,21845,DAIRY MAID STRIPE MUG,6
17198,21850,BLUE  DIAMANTE PEN IN GIFT BOX,2
17198,21866,UNION JACK FLAG LUGGAGE TAG,6
17198,21928,JUMBO BAG SCANDINAVIAN PAISLEY,1
17198,21980,PACK OF 12 RED RETROSPOT TISSUES,12
17198,22026,BANQUET BIRTHDAY  CARD,12
17198,22041,"RECORD FRAME 7"" SINGLE SIZE",4
17198,22071,SMALL WHITE RETROSPOT MUG IN BOX,2
17198,22292,HANGING CHICK  YELLOW DECORATION,1
17198,22304,COFFEE MUG BLUE PAISLEY DESIGN,1
17198,22396,MAGNETS PACK OF 4 RETRO PHOTO,1
17198,22398,MAGNETS PACK OF 4 SWALLOWS,1
17198,22467,GUMBALL COAT RACK,2
17198,22482,BLUE TEA TOWEL CLASSIC DESIGN,24
17198,22578,WOODEN STAR CHRISTMAS SCANDINAVIAN,1
17198,22651,GENTLEMAN SHIRT REPAIR KIT,1
17198,22733,3D TRADITIONAL CHRISTMAS STICKERS,1
17198,22752,SET 7 BABUSHKA NESTING BOXES,1
17198,22753,SMALL YELLOW BABUSHKA NOTEBOOK,1
17198,22754,SMALL RED BABUSHKA NOTEBOOK,1
17198,22781,GUMBALL MAGAZINE RACK,2
17198,22813,PACK 3 BOXES BIRD PANNETONE,4
17198,22930,BAKING MOULD HEART MILK CHOCOLATE,4
17198,22940,FELTCRAFT CHRISTMAS FAIRY,1
17198,22961,JAM MAKING SET PRINTED,1
17198,22983,CARD BILLBOARD FONT,12
17198,47422,ASSORTED MONKEY SUCTION CUP HOOK,1
17198,47503H,ASS FLORAL PRINT SPIRIT LEVEL,1
17198,48184,DOORMAT ENGLISH ROSE,1
17198,48194,DOORMAT HEARTS,1
17198,72127,COLUMBIAN CANDLE ROUND,1
17198,72128,COLUMBIAN CANDLE ROUND,1
17198,72130,COLUMBIAN CANDLE ROUND,1
17198,82001S,VINYL RECORD FRAME SILVER,3
17198,84877D,BLUE ROUND COMPACT MIRROR,1
17198,85123A,WHITE HANGING HEART T-LIGHT HOLDER,6
17198,85178,VICTORIAN SEWING KIT,1
17198,90036D,"FLOWER GLASS GARLAND NECKL.36""BLACK",1
17198,90128B,BLUE LEAVES AND BEADS PHONE CHARM,1
17198,90151,SILVER/NATURAL SHELL NECKLACE,5
17198,90152B,BLUE/GREEN SHELL NECKLACE W PENDANT,1
17198,90195A,PURPLE GEMSTONE BRACELET,4
17198,90195B,BLACK GEMSTONE BRACELET,1
17198,90196A,PURPLE GEMSTONE NECKLACE 45CM,4
17198,90196B,BLACK GEMSTONE NECKLACE 45CM,1
17198,90198B,VINTAGE ROSE BEAD BRACELET BLACK,1
17211,21485,RETROSPOT HEART HOT WATER BOTTLE,3
17211,21524,DOORMAT SPOTTY HOME SWEET HOME,1
17211,21587,COSY HOUR GIANT TUBE MATCHES,12
17211,21733,RED HANGING HEART T-LIGHT HOLDER,9
17211,21809,CHRISTMAS HANGING TREE WITH BELL,10
17211,21810,CHRISTMAS HANGING STAR WITH BELL,10
17211,21813,GARLAND WITH STARS AND BELLS,6
17211,21817,GLITTER CHRISTMAS TREE,12
17211,21818,GLITTER CHRISTMAS HEART,22
17211,21819,GLITTER CHRISTMAS STAR,22
17211,21820,GLITTER HEART GARLAND WITH BELLS,3
17211,21821,GLITTER STAR GARLAND WITH BELLS,3
17211,22082,RIBBON REEL STRIPES DESIGN,20
17211,22086,PAPER CHAIN KIT 50'S CHRISTMAS,13
17211,22112,CHOCOLATE HOT WATER BOTTLE,3
17211,22114,HOT WATER BOTTLE TEA AND SYMPATHY,2
17211,22154,ANGEL DECORATION 3 BUTTONS,22
17211,22173,METAL 4 HOOK HANGER FRENCH CHATEAU,2
17211,22306,SILVER MUG BONE CHINA TREE OF LIFE,6
17211,22434,BALLOON PUMP WITH 10 BALLOONS,4
17211,22436,12 COLOURED PARTY BALLOONS,6
17211,22439,6 ROCKET BALLOONS,10
17211,22571,ROCKING HORSE RED CHRISTMAS,6
17211,22572,ROCKING HORSE GREEN CHRISTMAS,8
17211,22577,WOODEN HEART CHRISTMAS SCANDINAVIAN,6
17211,22732,3D VINTAGE CHRISTMAS STICKERS,5
17211,22733,3D TRADITIONAL CHRISTMAS STICKERS,5
17211,22736,RIBBON REEL MAKING SNOWMEN,3
17211,22737,RIBBON REEL CHRISTMAS PRESENT,3
17211,22738,RIBBON REEL SNOWY VILLAGE,3
17211,22739,RIBBON REEL CHRISTMAS SOCK BAUBLE,5
17211,22745,POPPY'S PLAYHOUSE BEDROOM,2
17211,22746,POPPY'S PLAYHOUSE LIVINGROOM,2
17211,22748,POPPY'S PLAYHOUSE KITCHEN,2
17211,22792,FLUTED ANTIQUE CANDLE HOLDER,12
17211,22795,SWEETHEART RECIPE BOOK STAND,2
17211,22798,ANTIQUE GLASS DRESSING TABLE POT,4
17211,22801,ANTIQUE GLASS PEDESTAL BOWL,8
17211,22835,HOT WATER BOTTLE I AM SO POORLY,5
17211,22891,TEA FOR ONE POLKADOT,3
17211,22909,SET OF 20 VINTAGE CHRISTMAS NAPKINS,14
17211,22910,PAPER CHAIN KIT VINTAGE CHRISTMAS,6
17211,22988,SOLDIERS EGG CUP,6
17211,35954,SMALL FOLKART STAR CHRISTMAS DEC,30
17211,35957,SMALLFOLKART BAUBLE CHRISTMAS DEC,30
17211,48111,DOORMAT 3 SMILEY CATS,1
17211,48138,DOORMAT UNION FLAG,1
17211,48187,DOORMAT NEW ENGLAND,1
17211,48188,DOORMAT WELCOME PUPPIES,1
17211,48194,DOORMAT HEARTS,1
17211,72800E,4 IVORY DINNER CANDLES SILVER FLOCK,3
17211,84029G,KNITTED UNION FLAG HOT WATER BOTTLE,3
17211,84077,WORLD WAR 2 GLIDERS ASSTD DESIGNS,48
17211,84508B,STRIPES DESIGN TEDDY,4
17211,84508C,BLUE CIRCLES DESIGN TEDDY,4
17211,84754,S/15 SILVER GLASS BAUBLES IN BAG,12
17211,84912A,PINK ROSE WASHBAG,3
17211,84912B,GREEN ROSE WASHBAG,3
17211,84946,ANTIQUE SILVER TEA GLASS ETCHED,12
17211,84947,ANTIQUE SILVER TEA GLASS ENGRAVED,12
17211,84949,SILVER HANGING T-LIGHT HOLDER,12
17211,85123A,WHITE HANGING HEART T-LIGHT HOLDER,9
17213,21485,RETROSPOT HEART HOT WATER BOTTLE,12
17213,21523,DOORMAT FANCY FONT HOME SWEET HOME,2
17213,21755,LOVE BUILDING BLOCK WORD,3
17213,21756,BATH BUILDING BLOCK WORD,3
17213,22199,FRYING PAN RED RETROSPOT,4
17213,22467,GUMBALL COAT RACK,6
17213,22510,GINGHAM BABUSHKA DOORSTOP,4
17213,22511,RETROSPOT BABUSHKA DOORSTOP,4
17213,22672,FRENCH BATHROOM SIGN BLUE METAL,12
17213,22675,FRENCH KITCHEN SIGN BLUE METAL,12
17213,22977,DOLLY GIRL CHILDRENS EGG CUP,12
17213,22988,SOLDIERS EGG CUP,12
17213,48116,DOORMAT MULTICOLOUR STRIPE,2
17213,48184,DOORMAT ENGLISH ROSE,4
17213,71459,HANGING JAM JAR T-LIGHT HOLDER,24
17213,72802A,ROSE SCENT CANDLE IN JEWELLED BOX,6
17213,72807C,SET/3 VANILLA SCENTED CANDLE IN BOX,4
17213,82482,WOODEN PICTURE FRAME WHITE FINISH,6
17213,82483,WOOD 2 DRAWER CABINET WHITE FINISH,4
17213,82484,WOOD BLACK BOARD ANT WHITE FINISH,3
17213,82486,WOOD S/3 CABINET ANT WHITE FINISH,4
17213,82494L,WOODEN FRAME ANTIQUE WHITE,6
17213,84032A,CHARLIE+LOLA PINK HOT WATER BOTTLE,6
17213,84032B,CHARLIE + LOLA RED HOT WATER BOTTLE,6
17213,84406B,CREAM CUPID HEARTS COAT HANGER,8
17213,84947,ANTIQUE SILVER TEA GLASS ENGRAVED,12
17213,84949,SILVER HANGING T-LIGHT HOLDER,18
17213,85123A,WHITE HANGING HEART T-LIGHT HOLDER,18
17214,21524,DOORMAT SPOTTY HOME SWEET HOME,2
17214,21706,FOLDING UMBRELLA RED/WHITE POLKADOT,2
17214,21707,FOLDING UMBRELLA BLACKBLUE POLKADOT,2
17214,21709,FOLDING UMBRELLA CHOCOLATE POLKADOT,2
17214,22079,RIBBON REEL HEARTS DESIGN,5
17214,22080,RIBBON REEL POLKADOTS,5
17214,22470,HEART OF WICKER LARGE,2
17214,22487,WHITE WOOD GARDEN PLANT LADDER,1
17214,48138,DOORMAT UNION FLAG,2
17214,72800D,4 BLUE DINNER CANDLES SILVER FLOCK,4
17214,72807C,SET/3 VANILLA SCENTED CANDLE IN BOX,2
17214,82482,WOODEN PICTURE FRAME WHITE FINISH,6
17214,82494L,WOODEN FRAME ANTIQUE WHITE,6
17214,85066,CREAM SWEETHEART MINI CHEST,2
17218,20967,GREY FLORAL FELTCRAFT SHOULDER BAG,1
17218,20969,RED FLORAL FELTCRAFT SHOULDER BAG,1
17218,20977,36 PENCILS TUBE WOODLAND,2
17218,21116,OWL DOORSTOP,1
17218,21464,DISCO BALL ROTATOR BATTERY OPERATED,1
17218,21481,FAWN BLUE HOT WATER BOTTLE,2
17218,21547,CERAMIC BIRDHOUSE CRESTED TIT SMALL,6
17218,21790,VINTAGE SNAP CARDS,3
17218,21791,VINTAGE HEADS AND TAILS CARD GAME,3
17218,21890,S/6 WOODEN SKITTLES IN COTTON BAG,3
17218,21914,BLUE HARMONICA IN BOX,3
17218,22076,6 RIBBONS EMPIRE,2
17218,22111,SCOTTIE DOG HOT WATER BOTTLE,2
17218,22130,PARTY CONE CHRISTMAS DECORATION,12
17218,22150,3 STRIPEY MICE FELTCRAFT,1
17218,22186,RED STAR CARD HOLDER,2
17218,22187,GREEN CHRISTMAS TREE CARD HOLDER,1
17218,22423,REGENCY CAKESTAND 3 TIER,1
17218,22430,ENAMEL WATERING CAN CREAM,2
17218,22431,WATERING CAN BLUE ELEPHANT,2
17218,22529,MAGIC DRAWING SLATE GO TO THE FAIR,4
17218,22530,MAGIC DRAWING SLATE DOLLY GIRL,4
17218,22531,MAGIC DRAWING SLATE CIRCUS PARADE,2
17218,22532,MAGIC DRAWING SLATE LEAP FROG,4
17218,22533,MAGIC DRAWING SLATE BAKE A CAKE,4
17218,22534,MAGIC DRAWING SLATE SPACEBOY,2
17218,22535,MAGIC DRAWING SLATE BUNNIES,4
17218,22536,MAGIC DRAWING SLATE PURDEY,2
17218,22537,MAGIC DRAWING SLATE DINOSAUR,2
17218,22551,PLASTERS IN TIN SPACEBOY,3
17218,22553,PLASTERS IN TIN SKULLS,3
17218,22554,PLASTERS IN TIN WOODLAND ANIMALS,3
17218,22555,PLASTERS IN TIN STRONGMAN,6
17218,22556,PLASTERS IN TIN CIRCUS PARADE,6
17218,22568,FELTCRAFT CUSHION OWL,5
17218,22569,FELTCRAFT CUSHION BUTTERFLY,5
17218,22570,FELTCRAFT CUSHION RABBIT,5
17218,22571,ROCKING HORSE RED CHRISTMAS,3
17218,22572,ROCKING HORSE GREEN CHRISTMAS,1
17218,22573,STAR WOODEN CHRISTMAS DECORATION,5
17218,22576,SWALLOW WOODEN CHRISTMAS DECORATION,5
17218,22581,WOOD STOCKING CHRISTMAS SCANDISPOT,5
17218,22585,PACK OF 6 BIRDY GIFT TAGS,6
17218,22635,CHILDS BREAKFAST SET DOLLY GIRL,1
17218,22694,WICKER STAR,4
17218,22725,ALARM CLOCK BAKELIKE CHOCOLATE,4
17218,22726,ALARM CLOCK BAKELIKE GREEN,11
17218,22727,ALARM CLOCK BAKELIKE RED,8
17218,22728,ALARM CLOCK BAKELIKE PINK,4
17218,22729,ALARM CLOCK BAKELIKE ORANGE,5
17218,22730,ALARM CLOCK BAKELIKE IVORY,3
17218,22751,FELTCRAFT PRINCESS OLIVIA DOLL,2
17218,22752,SET 7 BABUSHKA NESTING BOXES,8
17218,22810,SET OF 6 T-LIGHTS SNOWMEN,2
17218,22812,PACK 3 BOXES CHRISTMAS PANNETONE,4
17218,22834,HAND WARMER BABUSHKA DESIGN,6
17218,22837,HOT WATER BOTTLE BABUSHKA,2
17218,22865,HAND WARMER OWL DESIGN,2
17218,22866,HAND WARMER SCOTTY DOG DESIGN,2
17218,22867,HAND WARMER BIRD DESIGN,2
17218,22899,CHILDREN'S APRON DOLLY GIRL,1
17218,22909,SET OF 20 VINTAGE CHRISTMAS NAPKINS,4
17218,22910,PAPER CHAIN KIT VINTAGE CHRISTMAS,3
17218,22940,FELTCRAFT CHRISTMAS FAIRY,3
17218,22943,CHRISTMAS LIGHTS 10 VINTAGE BAUBLES,4
17218,84030E,ENGLISH ROSE HOT WATER BOTTLE,1
17218,84879,ASSORTED COLOUR BIRD ORNAMENT,8
17218,84944,SET OF 6 KASHMIR FOLKART BAUBLES,4
17218,85049A,TRADITIONAL CHRISTMAS RIBBONS,1
17220,21034,REX CASH+CARRY JUMBO SHOPPER,2
17220,21098,CHRISTMAS TOILET ROLL,2
17220,21123,SET/10 IVORY POLKADOT PARTY CANDLES,3
17220,21813,GARLAND WITH STARS AND BELLS,3
17220,22086,PAPER CHAIN KIT 50'S CHRISTMAS,7
17220,22141,CHRISTMAS CRAFT TREE TOP ANGEL,2
17220,22144,CHRISTMAS CRAFT LITTLE FRIENDS,3
17220,22147,FELTCRAFT BUTTERFLY HEARTS,4
17220,22175,PINK OWL SOFT TOY,1
17220,22415,WHITE TISSUE REAM,3
17220,22483,RED GINGHAM TEDDY BEAR,3
17220,22505,MEMO BOARD COTTAGE DESIGN,3
17220,22689,DOORMAT MERRY CHRISTMAS RED,1
17220,22745,POPPY'S PLAYHOUSE BEDROOM,2
17220,22746,POPPY'S PLAYHOUSE LIVINGROOM,2
17220,22747,POPPY'S PLAYHOUSE BATHROOM,2
17220,22748,POPPY'S PLAYHOUSE KITCHEN,2
17220,22749,FELTCRAFT PRINCESS CHARLOTTE DOLL,4
17220,22750,FELTCRAFT PRINCESS LOLA DOLL,4
17220,22751,FELTCRAFT PRINCESS OLIVIA DOLL,3
17220,22779,WOODEN OWLS LIGHT GARLAND,1
17220,22840,ROUND CAKE TIN VINTAGE RED,2
17220,22841,ROUND CAKE TIN VINTAGE GREEN,2
17220,22842,BISCUIT TIN VINTAGE RED,2
17220,22843,BISCUIT TIN VINTAGE GREEN,2
17220,22910,PAPER CHAIN KIT VINTAGE CHRISTMAS,3
17220,22940,FELTCRAFT CHRISTMAS FAIRY,4
17220,22960,JAM MAKING SET WITH JARS,3
17220,22961,JAM MAKING SET PRINTED,4
17220,22968,ROSE COTTAGE KEEPSAKE BOX,3
17220,84580,MOUSE TOY WITH PINK T-SHIRT,1
17223,20772,GARDEN PATH JOURNAL,1
17223,20829,GLITTER HANGING BUTTERFLY STRING,1
17223,21166,COOK WITH WINE METAL SIGN,1
17223,21351,CINAMMON & ORANGE WREATH,3
17223,21352,EUCALYPTUS & PINECONE  WREATH,4
17223,21811,CHRISTMAS HANGING HEART WITH BELL,3
17223,22075,6 RIBBONS ELEGANT CHRISTMAS,1
17223,22292,HANGING CHICK  YELLOW DECORATION,3
17223,22415,WHITE TISSUE REAM,1
17223,22423,REGENCY CAKESTAND 3 TIER,6
17223,22560,TRADITIONAL MODELLING CLAY,3
17223,22622,BOX OF VINTAGE ALPHABET BLOCKS,1
17223,22623,BOX OF VINTAGE JIGSAW BLOCKS,1
17223,22697,GREEN REGENCY TEACUP AND SAUCER,1
17223,22699,ROSES REGENCY TEACUP AND SAUCER,1
17223,22763,KEY CABINET MA CAMPAGNE,2
17223,22941,CHRISTMAS LIGHTS 10 REINDEER,1
17223,22942,CHRISTMAS LIGHTS 10 SANTAS,1
17223,35471D,SET OF 3 BIRD LIGHT PINK FEATHER,1
17223,47586A,PINK FAIRY CAKE CUSHION COVER,2
17223,75013B,"STRING OF 8 BUTTERFLIES,PINK",1
17223,84029E,RED WOOLLY HOTTIE WHITE HEART.,2
17223,84031A,CHARLIE+LOLA RED HOT WATER BOTTLE,1
17223,84031B,CHARLIE LOLA BLUE HOT WATER BOTTLE,1
17223,84879,ASSORTED COLOUR BIRD ORNAMENT,10
17223,85049A,TRADITIONAL CHRISTMAS RIBBONS,1
17223,85199L,LARGE HANGING IVORY & RED WOOD BIRD,7
17223,85199S,SMALL HANGING IVORY/RED WOOD BIRD,2
17223,M,Manual,1
17227,21034,REX CASH+CARRY JUMBO SHOPPER,1
17227,21291,SMALL POLKADOT CHOCOLATE GIFT BAG,32
17227,21948,SET OF 6 CAKE CHOPSTICKS,6
17227,22328,ROUND SNACK BOXES SET OF 4 FRUITS,16
17227,22907,PACK OF 20 NAPKINS PANTRY DESIGN,2
17227,22909,SET OF 20 VINTAGE CHRISTMAS NAPKINS,1
17227,22952,60 CAKE CASES VINTAGE CHRISTMAS,5
17227,71403,"PINK/WHITE ""KEEP CLEAN"" BULLET BIN",1
17227,84375,SET OF 20 KIDS COOKIE CUTTERS,19
17227,84380,SET OF 3 BUTTERFLY COOKIE CUTTERS,9
17228,20726,LUNCH BAG WOODLAND,6
17228,20727,LUNCH BAG  BLACK SKULL.,4
17228,20728,LUNCH BAG CARS BLUE,6
17228,20854,BLUE PATCH PURSE PINK HEART,5
17228,20857,BLUE ROSE PATCH PURSE PINK BUTTERFL,6
17228,20973,12 PENCIL SMALL TUBE WOODLAND,18
17228,20974,12 PENCILS SMALL TUBE SKULL,6
17228,20975,12 PENCILS SMALL TUBE RED RETROSPOT,18
17228,21080,SET/20 RED RETROSPOT PAPER NAPKINS,12
17228,21094,SET/6 RED SPOTTY PAPER PLATES,12
17228,21098,CHRISTMAS TOILET ROLL,6
17228,21930,JUMBO STORAGE BAG SKULLS,4
17228,21931,JUMBO STORAGE BAG SUKI,3
17228,22386,JUMBO BAG PINK POLKADOT,3
17228,22418,10 COLOUR SPACEBOY PEN,12
17228,22632,HAND WARMER RED RETROSPOT,8
17228,22745,POPPY'S PLAYHOUSE BEDROOM,2
17228,22746,POPPY'S PLAYHOUSE LIVINGROOM,2
17228,22748,POPPY'S PLAYHOUSE KITCHEN,2
17228,22834,HAND WARMER BABUSHKA DESIGN,12
17228,22865,HAND WARMER OWL DESIGN,8
17228,22866,HAND WARMER SCOTTY DOG DESIGN,8
17228,22867,HAND WARMER BIRD DESIGN,8
17228,70006,LOVE HEART POCKET WARMER,5
17228,70007,HI TEC ALPINE HAND WARMER,6
17228,84997A,GREEN 3 PIECE POLKADOT CUTLERY SET,4
17228,84997B,RED 3 PIECE RETROSPOT CUTLERY SET,6
17228,84997C,BLUE 3 PIECE POLKADOT CUTLERY SET,6
17228,84997D,PINK 3 PIECE POLKADOT CUTLERY SET,10
17228,85099B,JUMBO BAG RED RETROSPOT,3
17230,21034,REX CASH+CARRY JUMBO SHOPPER,31
17230,21166,COOK WITH WINE METAL SIGN,60
17230,21175,GIN + TONIC DIET METAL SIGN,12
17230,21181,PLEASE ONE PERSON METAL SIGN,48
17230,21231,SWEETHEART CERAMIC TRINKET BOX,72
17230,21484,CHICK GREY HOT WATER BOTTLE,6
17230,21485,RETROSPOT HEART HOT WATER BOTTLE,48
17230,22066,LOVE HEART TRINKET POT,12
17230,22111,SCOTTIE DOG HOT WATER BOTTLE,36
17230,22112,CHOCOLATE HOT WATER BOTTLE,24
17230,22136,LOVE HEART SOCK HANGER,6
17230,22147,FELTCRAFT BUTTERFLY HEARTS,22
17230,22149,FELTCRAFT 6 FLOWER FRIENDS,20
17230,22197,SMALL POPCORN HOLDER,200
17230,22198,LARGE POPCORN HOLDER,50
17230,22273,FELTCRAFT DOLL MOLLY,10
17230,22423,REGENCY CAKESTAND 3 TIER,32
17230,22469,HEART OF WICKER SMALL,80
17230,22634,CHILDS BREAKFAST SET SPACEBOY,8
17230,22666,RECIPE BOX PANTRY YELLOW DESIGN,24
17230,22722,SET OF 6 SPICE TINS PANTRY DESIGN,24
17230,22749,FELTCRAFT PRINCESS CHARLOTTE DOLL,10
17230,22835,HOT WATER BOTTLE I AM SO POORLY,24
17230,22961,JAM MAKING SET PRINTED,96
17230,22969,HOMEMADE JAM SCENTED CANDLES,96
17230,22971,QUEENS GUARD COFFEE MUG,24
17230,22988,SOLDIERS EGG CUP,108
17230,84347,ROTATING SILVER ANGELS T-LIGHT HLDR,24
17230,85099B,JUMBO BAG RED RETROSPOT,40
17230,85150,LADIES & GENTLEMEN METAL SIGN,48
17230,85152,HAND OVER THE CHOCOLATE   SIGN,60
17231,21429,RED GINGHAM ROSE JEWELLERY BOX,2
17231,21448,12 DAISY PEGS IN WOOD BOX,1
17231,21754,HOME BUILDING BLOCK WORD,1
17231,21817,GLITTER CHRISTMAS TREE,3
17231,21818,GLITTER CHRISTMAS HEART,3
17231,21982,PACK OF 12 SUKI TISSUES,2
17231,21985,PACK OF 12 HEARTS DESIGN TISSUES,2
17231,22078,RIBBON REEL LACE DESIGN,2
17231,22079,RIBBON REEL HEARTS DESIGN,2
17231,22081,RIBBON REEL FLORA + FAUNA,2
17231,22082,RIBBON REEL STRIPES DESIGN,2
17231,22111,SCOTTIE DOG HOT WATER BOTTLE,3
17231,22154,ANGEL DECORATION 3 BUTTONS,6
17231,22158,3 HEARTS HANGING DECORATION RUSTIC,2
17231,22222,CAKE PLATE LOVEBIRD WHITE,1
17231,22227,HANGING HEART MIRROR DECORATION,2
17231,22452,MEASURING TAPE BABUSHKA PINK,1
17231,22454,MEASURING TAPE BABUSHKA RED,1
17231,22505,MEMO BOARD COTTAGE DESIGN,1
17231,22530,MAGIC DRAWING SLATE DOLLY GIRL,2
17231,22532,MAGIC DRAWING SLATE LEAP FROG,2
17231,22533,MAGIC DRAWING SLATE BAKE A CAKE,1
17231,22534,MAGIC DRAWING SLATE SPACEBOY,1
17231,22535,MAGIC DRAWING SLATE BUNNIES,1
17231,22536,MAGIC DRAWING SLATE PURDEY,1
17231,22537,MAGIC DRAWING SLATE DINOSAUR,2
17231,22571,ROCKING HORSE RED CHRISTMAS,3
17231,22574,HEART WOODEN CHRISTMAS DECORATION,3
17231,22576,SWALLOW WOODEN CHRISTMAS DECORATION,4
17231,22585,PACK OF 6 BIRDY GIFT TAGS,8
17231,22736,RIBBON REEL MAKING SNOWMEN,1
17231,22737,RIBBON REEL CHRISTMAS PRESENT,1
17231,22738,RIBBON REEL SNOWY VILLAGE,1
17231,22739,RIBBON REEL CHRISTMAS SOCK BAUBLE,2
17231,72780,BLACK SILOUETTE CANDLE PLATE,4
17231,84849B,FAIRY SOAP SOAP HOLDER,1
17231,84849D,HOT BATHS SOAP HOLDER,1
17231,84879,ASSORTED COLOUR BIRD ORNAMENT,10
17231,84946,ANTIQUE SILVER TEA GLASS ETCHED,6
17231,85049A,TRADITIONAL CHRISTMAS RIBBONS,4
17231,85049E,SCANDINAVIAN REDS RIBBONS,1
17231,90014B,GOLD M PEARL  ORBIT NECKLACE,1
17231,90032,IVORY SHELL HEART NECKLACE,4
17231,90078,PINK/WHITE GLASS DEMI CHOKER,2
17231,90147,CHUNKY SILVER NECKLACE PASTEL FLOWE,1
17231,90151,SILVER/NATURAL SHELL NECKLACE,1
17231,90162B,ANT SILVER LIME GREEN BOUDICCA RING,2
17231,90162C,ANT SILVER FUSCHIA BOUDICCA RING,2
17231,90162D,ANT SILVER PURPLE BOUDICCA RING,2
17231,90190C,SILVER/AMETHYST DROP EARRINGS LEAF,2
17235,20749,ASSORTED COLOUR MINI CASES,8
17235,20750,RED RETROSPOT MINI CASES,8
17235,21428,SET3 BOOK BOX GREEN GINGHAM FLOWER,4
17235,21430,SET/3 RED GINGHAM ROSE STORAGE BOX,8
17235,22077,6 RIBBONS RUSTIC CHARM,24
17235,22736,RIBBON REEL MAKING SNOWMEN,10
17235,22737,RIBBON REEL CHRISTMAS PRESENT,10
17235,22738,RIBBON REEL SNOWY VILLAGE,30
17235,85177,BASKET OF FLOWERS SEWING KIT,12
17235,85184C,S/4 VALENTINE DECOUPAGE HEART BOX,12
17236,21136,PAINTED METAL PEARS ASSORTED,16
17236,21754,HOME BUILDING BLOCK WORD,2
17236,22480,RED TEA TOWEL CLASSIC DESIGN,24
17236,22726,ALARM CLOCK BAKELIKE GREEN,4
17236,22727,ALARM CLOCK BAKELIKE RED,1
17236,22729,ALARM CLOCK BAKELIKE ORANGE,2
17236,47503H,ASS FLORAL PRINT SPIRIT LEVEL,1
17236,84879,ASSORTED COLOUR BIRD ORNAMENT,16
17236,85152,HAND OVER THE CHOCOLATE   SIGN,1
17238,15056BL,EDWARDIAN PARASOL BLACK,1
17238,15056N,EDWARDIAN PARASOL NATURAL,1
17238,20749,ASSORTED COLOUR MINI CASES,1
17238,20750,RED RETROSPOT MINI CASES,1
17238,20967,GREY FLORAL FELTCRAFT SHOULDER BAG,2
17238,21054,NURSE'S BAG SOFT TOY,1
17238,21098,CHRISTMAS TOILET ROLL,1
17238,21479,WHITE SKULL HOT WATER BOTTLE,2
17238,21481,FAWN BLUE HOT WATER BOTTLE,2
17238,21485,RETROSPOT HEART HOT WATER BOTTLE,2
17238,21499,BLUE POLKADOT WRAP,25
17238,21539,RED RETROSPOT BUTTER DISH,1
17238,21588,RETROSPOT GIANT TUBE MATCHES,1
17238,21623,VINTAGE UNION JACK MEMOBOARD,3
17238,21918,SET 12 KIDS COLOUR  CHALK STICKS,1
17238,21928,JUMBO BAG SCANDINAVIAN PAISLEY,1
17238,21931,JUMBO STORAGE BAG SUKI,1
17238,21991,BOHEMIAN COLLAGE STATIONERY SET,1
17238,21992,VINTAGE PAISLEY STATIONERY SET,1
17238,22075,6 RIBBONS ELEGANT CHRISTMAS,3
17238,22086,PAPER CHAIN KIT 50'S CHRISTMAS,2
17238,22141,CHRISTMAS CRAFT TREE TOP ANGEL,1
17238,22142,CHRISTMAS CRAFT WHITE FAIRY,2
17238,22144,CHRISTMAS CRAFT LITTLE FRIENDS,2
17238,22149,FELTCRAFT 6 FLOWER FRIENDS,1
17238,22150,3 STRIPEY MICE FELTCRAFT,1
17238,22352,LUNCH BOX WITH CUTLERY RETROSPOT,2
17238,22411,JUMBO SHOPPER VINTAGE RED PAISLEY,1
17238,22470,HEART OF WICKER LARGE,1
17238,22505,MEMO BOARD COTTAGE DESIGN,4
17238,22617,BAKING SET SPACEBOY DESIGN,2
17238,22618,COOKING SET RETROSPOT,1
17238,22632,HAND WARMER RED RETROSPOT,3
17238,22634,CHILDS BREAKFAST SET SPACEBOY,1
17238,22694,WICKER STAR,1
17238,22745,POPPY'S PLAYHOUSE BEDROOM,2
17238,22746,POPPY'S PLAYHOUSE LIVINGROOM,3
17238,22748,POPPY'S PLAYHOUSE KITCHEN,3
17238,22750,FELTCRAFT PRINCESS LOLA DOLL,1
17238,22837,HOT WATER BOTTLE BABUSHKA,5
17238,22865,HAND WARMER OWL DESIGN,2
17238,22910,PAPER CHAIN KIT VINTAGE CHRISTMAS,2
17238,22940,FELTCRAFT CHRISTMAS FAIRY,2
17238,22964,3 PIECE SPACEBOY COOKIE CUTTER SET,3
17238,22966,GINGERBREAD MAN COOKIE CUTTER,4
17238,22968,ROSE COTTAGE KEEPSAKE BOX,2
17238,47343A,FUSCHIA FLOWER PURSE WITH BEADS,3
17238,72802A,ROSE SCENT CANDLE IN JEWELLED BOX,1
17238,72802B,OCEAN SCENT CANDLE IN JEWELLED BOX,2
17238,72807B,SET/3 OCEAN SCENT CANDLE JEWEL BOX,2
17238,84380,SET OF 3 BUTTERFLY COOKIE CUTTERS,2
17238,84558A,3D DOG PICTURE PLAYING CARDS,3
17238,84580,MOUSE TOY WITH PINK T-SHIRT,1
17238,84581,DOG TOY WITH PINK CROCHET SKIRT,1
17238,85049C,ROMANTIC PINKS RIBBONS,2
17238,85049F,BABY BOOM RIBBONS,2
17238,85135B,BLUE DRAGONFLY HELICOPTER,1
17243,17091A,LAVENDER INCENSE IN TIN,6
17243,17091J,VANILLA INCENSE IN TIN,6
17243,21034,REX CASH+CARRY JUMBO SHOPPER,6
17243,21213,PACK OF 72 SKULL CAKE CASES,12
17243,21485,RETROSPOT HEART HOT WATER BOTTLE,10
17243,21755,LOVE BUILDING BLOCK WORD,4
17243,22111,SCOTTIE DOG HOT WATER BOTTLE,2
17243,22112,CHOCOLATE HOT WATER BOTTLE,7
17243,22114,HOT WATER BOTTLE TEA AND SYMPATHY,8
17243,22158,3 HEARTS HANGING DECORATION RUSTIC,8
17243,22314,OFFICE MUG WARMER CHOC+BLUE,15
17243,22469,HEART OF WICKER SMALL,8
17243,22633,HAND WARMER UNION JACK,24
17243,22835,HOT WATER BOTTLE I AM SO POORLY,12
17243,22930,BAKING MOULD HEART MILK CHOCOLATE,8
17243,22932,BAKING MOULD TOFFEE CUP CHOCOLATE,8
17243,22988,SOLDIERS EGG CUP,24
17243,37449,CERAMIC CAKE STAND + HANGING CAKES,1
17243,72800E,4 IVORY DINNER CANDLES SILVER FLOCK,23
17243,72801G,4 BURGUNDY WINE DINNER CANDLES,24
17243,82483,WOOD 2 DRAWER CABINET WHITE FINISH,6
17243,82486,WOOD S/3 CABINET ANT WHITE FINISH,6
17243,82494L,WOODEN FRAME ANTIQUE WHITE,12
17243,84029E,RED WOOLLY HOTTIE WHITE HEART.,10
17243,84029G,KNITTED UNION FLAG HOT WATER BOTTLE,25
17243,84030E,ENGLISH ROSE HOT WATER BOTTLE,4
17243,84997A,GREEN 3 PIECE POLKADOT CUTLERY SET,4
17243,84997B,RED 3 PIECE RETROSPOT CUTLERY SET,3
17243,84997C,BLUE 3 PIECE POLKADOT CUTLERY SET,9
17251,21481,FAWN BLUE HOT WATER BOTTLE,4
17251,21485,RETROSPOT HEART HOT WATER BOTTLE,2
17251,21790,VINTAGE SNAP CARDS,7
17251,22111,SCOTTIE DOG HOT WATER BOTTLE,2
17251,22112,CHOCOLATE HOT WATER BOTTLE,1
17251,22300,COFFEE MUG DOG + BALL DESIGN,4
17251,22301,COFFEE MUG CAT + BIRD DESIGN,4
17251,22434,BALLOON PUMP WITH 10 BALLOONS,6
17251,22452,MEASURING TAPE BABUSHKA PINK,1
17251,22453,MEASURING TAPE BABUSHKA BLUE,2
17251,22454,MEASURING TAPE BABUSHKA RED,3
17251,22548,HEADS AND TAILS SPORTING FUN,4
17251,22549,PICTURE DOMINOES,3
17251,22550,HOLIDAY FUN LUDO,3
17251,22616,PACK OF 12 LONDON TISSUES,12
17251,22617,BAKING SET SPACEBOY DESIGN,1
17251,22619,SET OF 6 SOLDIER SKITTLES,3
17251,22623,BOX OF VINTAGE JIGSAW BLOCKS,2
17251,22733,3D TRADITIONAL CHRISTMAS STICKERS,5
17251,22941,CHRISTMAS LIGHTS 10 REINDEER,2
17251,22942,CHRISTMAS LIGHTS 10 SANTAS,2
17251,22988,SOLDIERS EGG CUP,8
17251,72818,CHRISTMAS DECOUPAGE CANDLE,2
17251,84029E,RED WOOLLY HOTTIE WHITE HEART.,5
17251,84029G,KNITTED UNION FLAG HOT WATER BOTTLE,5
17251,84030E,ENGLISH ROSE HOT WATER BOTTLE,2
17251,85049A,TRADITIONAL CHRISTMAS RIBBONS,4
17251,90003B,ROSE COLOUR PAIR HEART HAIR SLIDES,1
17251,90003C,MIDNIGHT BLUE PAIR HEART HAIR SLIDE,1
17251,90003D,CRYSTAL PAIR HEART HAIR SLIDES,1
17251,90067A,PINK VINTAGE VICTORIAN EARRINGS,1
17251,90186A,AMETHYST HOOP EARRING FLORAL LEAF,2
17251,90186B,CRYSTAL HOOP EARRING FLORAL LEAF,1
17251,90190C,SILVER/AMETHYST DROP EARRINGS LEAF,1
17251,90200B,BLACK SWEETHEART BRACELET,1
17251,90200D,PINK SWEETHEART BRACELET,1
17251,90204,PAIR OF ENAMEL BUTTERFLY HAIRCLIP,1
17259,10133,COLOURING PENCILS BROWN TUBE,2
17259,20828,GLITTER BUTTERFLY CLIPS,1
17259,20861,GOLD COSMETIC BAG PINK STAR,1
17259,20961,STRAWBERRY BATH SPONGE,2
17259,20963,APPLE BATH SPONGE,1
17259,20966,SANDWICH BATH SPONGE,1
17259,20983,12 PENCILS TALL TUBE RED RETROSPOT,1
17259,20984,12 PENCILS TALL TUBE POSY,1
17259,21098,CHRISTMAS TOILET ROLL,2
17259,21106,CREAM SLICE FLANNEL CHOCOLATE SPOT,1
17259,21107,CREAM SLICE FLANNEL PINK SPOT,1
17259,21191,LARGE WHITE HONEYCOMB PAPER BELL,3
17259,21724,PANDA AND BUNNIES STICKER SHEET,1
17259,21738,COSY SLIPPER SHOES SMALL  RED,2
17259,21755,LOVE BUILDING BLOCK WORD,2
17259,21756,BATH BUILDING BLOCK WORD,1
17259,21790,VINTAGE SNAP CARDS,1
17259,21827,EIGHT PIECE CREEPY CRAWLIE SET,1
17259,21889,WOODEN BOX OF DOMINOES,3
17259,21891,TRADITIONAL WOODEN SKIPPING ROPE,1
17259,21892,TRADITIONAL WOODEN CATCH CUP GAME,1
17259,21912,VINTAGE SNAKES & LADDERS,2
17259,22075,6 RIBBONS ELEGANT CHRISTMAS,3
17259,22118,JOY WOODEN BLOCK LETTERS,2
17259,22142,CHRISTMAS CRAFT WHITE FAIRY,1
17259,22174,PHOTO CUBE,1
17259,22197,SMALL POPCORN HOLDER,3
17259,22210,WOOD STAMP SET BEST WISHES,2
17259,22328,ROUND SNACK BOXES SET OF 4 FRUITS,1
17259,22350,ILLUSTRATED CAT BOWL,1
17259,22383,LUNCH BAG SUKI  DESIGN,1
17259,22415,WHITE TISSUE REAM,1
17259,22421,LIPSTICK PEN FUSCHIA,3
17259,22443,GROW YOUR OWN HERBS SET OF 3,3
17259,22548,HEADS AND TAILS SPORTING FUN,1
17259,22549,PICTURE DOMINOES,2
17259,22556,PLASTERS IN TIN CIRCUS PARADE,1
17259,22561,WOODEN SCHOOL COLOURING SET,7
17259,22568,FELTCRAFT CUSHION OWL,1
17259,22618,COOKING SET RETROSPOT,1
17259,22619,SET OF 6 SOLDIER SKITTLES,1
17259,22620,4 TRADITIONAL SPINNING TOPS,1
17259,22633,HAND WARMER UNION JACK,2
17259,22634,CHILDS BREAKFAST SET SPACEBOY,1
17259,22702,BLACK AND WHITE CAT BOWL,1
17259,22704,WRAP RED APPLES,25
17259,22705,WRAP GREEN PEARS,25
17259,22727,ALARM CLOCK BAKELIKE RED,1
17259,22744,MAKE YOUR OWN MONSOON CARD KIT,1
17259,22749,FELTCRAFT PRINCESS CHARLOTTE DOLL,4
17259,22758,LARGE PURPLE BABUSHKA NOTEBOOK,4
17259,22816,CARD MOTORBIKE SANTA,24
17259,22865,HAND WARMER OWL DESIGN,3
17259,22866,HAND WARMER SCOTTY DOG DESIGN,3
17259,22867,HAND WARMER BIRD DESIGN,1
17259,22906,12 MESSAGE CARDS WITH ENVELOPES,1
17259,22910,PAPER CHAIN KIT VINTAGE CHRISTMAS,1
17259,22943,CHRISTMAS LIGHTS 10 VINTAGE BAUBLES,2
17259,22945,CHRISTMAS METAL TAGS ASSORTED,6
17259,22974,CHILDRENS DOLLY GIRL MUG,4
17259,22977,DOLLY GIRL CHILDRENS EGG CUP,1
17259,22988,SOLDIERS EGG CUP,3
17259,40016,CHINESE DRAGON PAPER LANTERNS,30
17259,72799E,IVORY PILLAR CANDLE SILVER FLOCK,3
17259,72799F,IVORY PILLAR CANDLE GOLD FLOCK,2
17259,72800E,4 IVORY DINNER CANDLES SILVER FLOCK,6
17259,72817,SET OF 2 CHRISTMAS DECOUPAGE CANDLE,3
17259,72818,CHRISTMAS DECOUPAGE CANDLE,8
17259,79051A,SMOKEY GREY COLOUR D.O.F. GLASS,8
17259,84558A,3D DOG PICTURE PLAYING CARDS,2
17259,84945,MULTI COLOUR SILVER T-LIGHT HOLDER,24
17259,85049A,TRADITIONAL CHRISTMAS RIBBONS,3
17259,85169A,IVORY LOVE BIRD CANDLE,1
17259,85178,VICTORIAN SEWING KIT,3
17262,47566,PARTY BUNTING,50
17262,71053,WHITE METAL LANTERN,24
17287,21143,ANTIQUE GLASS HEART DECORATION,6
17287,21584,RETROSPOT SMALL TUBE MATCHES,6
17287,21586,KINGS CHOICE GIANT TUBE MATCHES,6
17287,21588,RETROSPOT GIANT TUBE MATCHES,3
17287,22294,HEART FILIGREE DOVE  SMALL,16
17287,22295,HEART FILIGREE DOVE LARGE,6
17287,22423,REGENCY CAKESTAND 3 TIER,3
17287,22633,HAND WARMER UNION JACK,2
17287,22866,HAND WARMER SCOTTY DOG DESIGN,1
17287,22867,HAND WARMER BIRD DESIGN,1
17287,22906,12 MESSAGE CARDS WITH ENVELOPES,1
17287,22988,SOLDIERS EGG CUP,2
17287,48138,DOORMAT UNION FLAG,2
17287,48187,DOORMAT NEW ENGLAND,1
17287,84406B,CREAM CUPID HEARTS COAT HANGER,1
17287,84879,ASSORTED COLOUR BIRD ORNAMENT,15
17287,84946,ANTIQUE SILVER TEA GLASS ETCHED,18
17287,84947,ANTIQUE SILVER TEA GLASS ENGRAVED,18
17288,20867,PINK ROSE FABRIC MIRROR,24
17288,21746,SMALL RED RETROSPOT WINDMILL,24
17288,21791,VINTAGE HEADS AND TAILS CARD GAME,12
17288,21914,BLUE HARMONICA IN BOX,12
17288,22492,MINI PAINT SET VINTAGE,36
17288,22530,MAGIC DRAWING SLATE DOLLY GIRL,24
17288,22534,MAGIC DRAWING SLATE SPACEBOY,24
17293,21034,REX CASH+CARRY JUMBO SHOPPER,1
17293,21326,AGED GLASS SILVER T-LIGHT HOLDER,48
17293,22113,GREY HEART HOT WATER BOTTLE,6
17293,22294,HEART FILIGREE DOVE  SMALL,24
17293,22299,PIG KEYRING WITH LIGHT & SOUND,48
17293,22696,WICKER WREATH LARGE,7
17293,22760,"TRAY, BREAKFAST IN BED",5
17293,22835,HOT WATER BOTTLE I AM SO POORLY,3
17293,72800E,4 IVORY DINNER CANDLES SILVER FLOCK,4
17293,84029E,RED WOOLLY HOTTIE WHITE HEART.,4
17293,84029G,KNITTED UNION FLAG HOT WATER BOTTLE,6
17293,84879,ASSORTED COLOUR BIRD ORNAMENT,16
17293,84945,MULTI COLOUR SILVER T-LIGHT HOLDER,24
17293,85049A,TRADITIONAL CHRISTMAS RIBBONS,12
17303,17021,NAMASTE SWAGAT INCENSE,12
17303,21114,LAVENDER SCENTED FABRIC HEART,5
17303,21212,PACK OF 72 RETROSPOT CAKE CASES,1
17303,21523,DOORMAT FANCY FONT HOME SWEET HOME,1
17303,21621,VINTAGE UNION JACK BUNTING,1
17303,21733,RED HANGING HEART T-LIGHT HOLDER,5
17303,21833,CAMOUFLAGE LED TORCH,12
17303,21888,BINGO SET,1
17303,21889,WOODEN BOX OF DOMINOES,1
17303,21910,WAY OUT METAL SIGN,1
17303,21916,SET 12 RETRO WHITE CHALK STICKS,1
17303,21917,SET 12 KIDS  WHITE CHALK STICKS,1
17303,21918,SET 12 KIDS COLOUR  CHALK STICKS,1
17303,21955,DOORMAT UNION JACK GUNS AND ROSES,1
17303,21977,PACK OF 60 PINK PAISLEY CAKE CASES,1
17303,22047,EMPIRE GIFT WRAP,25
17303,22113,GREY HEART HOT WATER BOTTLE,1
17303,22115,METAL SIGN EMPIRE TEA,1
17303,22191,IVORY DINER WALL CLOCK,1
17303,22197,SMALL POPCORN HOLDER,6
17303,22219,LOVEBIRD HANGING DECORATION WHITE,1
17303,22265,EASTER DECORATION NATURAL CHICK,5
17303,22294,HEART FILIGREE DOVE  SMALL,2
17303,22296,HEART IVORY TRELLIS LARGE,3
17303,22411,JUMBO SHOPPER VINTAGE RED PAISLEY,2
17303,22412,METAL SIGN NEIGHBOURHOOD WITCH,1
17303,22413,METAL SIGN TAKE IT OR LEAVE IT,2
17303,22456,NATURAL SLATE CHALKBOARD LARGE,1
17303,22457,NATURAL SLATE HEART CHALKBOARD,3
17303,22469,HEART OF WICKER SMALL,3
17303,22498,WOODEN REGATTA BUNTING,1
17303,22573,STAR WOODEN CHRISTMAS DECORATION,7
17303,22577,WOODEN HEART CHRISTMAS SCANDINAVIAN,5
17303,22583,PACK OF 6 HANDBAG GIFT BOXES,2
17303,22584,PACK OF 6 PANNETONE GIFT BOXES,2
17303,22639,SET OF 4 NAPKIN CHARMS HEARTS,1
17303,22640,SET OF 4 NAPKIN CHARMS 3 KEYS,1
17303,22797,CHEST OF DRAWERS GINGHAM HEART,1
17303,22837,HOT WATER BOTTLE BABUSHKA,1
17303,22853,CAT BOWL VINTAGE CREAM,1
17303,22925,BLUE GIANT GARDEN THERMOMETER,1
17303,22926,IVORY GIANT GARDEN THERMOMETER,1
17303,22953,BIRTHDAY PARTY CORDON BARRIER TAPE,2
17303,48187,DOORMAT NEW ENGLAND,1
17303,82567,"AIRLINE LOUNGE,METAL SIGN",1
17303,84849B,FAIRY SOAP SOAP HOLDER,1
17303,84849D,HOT BATHS SOAP HOLDER,1
17303,84985A,SET OF 72 GREEN PAPER DOILIES,1
17303,84992,72 SWEETHEART FAIRY CAKE CASES,1
17303,85018D,YULETIDE IMAGES S/6 PAPER BOXES,1
17303,85114C,RED ENCHANTED FOREST PLACEMAT,1
17303,85123A,WHITE HANGING HEART T-LIGHT HOLDER,2
17303,85199S,SMALL HANGING IVORY/RED WOOD BIRD,6
17306,22616,PACK OF 12 LONDON TISSUES,1296
17315,20794,BLUE  TILE HOOK,1
17315,20963,APPLE BATH SPONGE,1
17315,21260,FIRST AID TIN,1
17315,21329,DINOSAURS  WRITING SET,1
17315,21389,IVORY HANGING DECORATION  BIRD,1
17315,21528,DAIRY MAID TRADITIONAL TEAPOT,1
17315,21584,RETROSPOT SMALL TUBE MATCHES,1
17315,21658,GLASS  BEURRE DISH,1
17315,21786,POLKADOT RAIN HAT,1
17315,22093,MOTORING TISSUE BOX,1
17315,22179,SET 10 LIGHTS NIGHT OWL,1
17315,22219,LOVEBIRD HANGING DECORATION WHITE,3
17315,22358,KINGS CHOICE TEA CADDY,1
17315,22579,WOODEN TREE CHRISTMAS SCANDINAVIAN,1
17315,22652,TRAVEL SEWING KIT,1
17315,22720,SET OF 3 CAKE TINS PANTRY DESIGN,1
17315,22722,SET OF 6 SPICE TINS PANTRY DESIGN,2
17315,22723,SET OF 6 HERB TINS SKETCHBOOK,2
17315,22960,JAM MAKING SET WITH JARS,1
17315,22961,JAM MAKING SET PRINTED,1
17315,35914,PINK CHICK EGG WARMER + EGG CUP,1
17315,40003,WHITE BAMBOO RIBS LAMPSHADE,2
17315,47369A,PINK GREEN EMBROIDERY COSMETIC BAG,1
17315,84380,SET OF 3 BUTTERFLY COOKIE CUTTERS,4
17315,84916,HAND TOWEL PALE BLUE W FLOWERS,10
17315,84970L,SINGLE HEART ZINC T-LIGHT HOLDER,12
17315,84978,HANGING HEART JAR T-LIGHT HOLDER,6
17320,20685,DOORMAT RED RETROSPOT,2
17320,21181,PLEASE ONE PERSON METAL SIGN,12
17320,21326,AGED GLASS SILVER T-LIGHT HOLDER,24
17320,21523,DOORMAT FANCY FONT HOME SWEET HOME,2
17320,21754,HOME BUILDING BLOCK WORD,8
17320,21912,VINTAGE SNAKES & LADDERS,3
17320,22151,PLACE SETTING WHITE HEART,24
17320,22456,NATURAL SLATE CHALKBOARD LARGE,6
17320,22489,PACK OF 12 TRADITIONAL CRAYONS,12
17320,22491,PACK OF 12 COLOURED PENCILS,12
17320,22561,WOODEN SCHOOL COLOURING SET,8
17320,22660,DOORMAT I LOVE LONDON,1
17320,22690,DOORMAT HOME SWEET HOME BLUE,1
17320,22792,FLUTED ANTIQUE CANDLE HOLDER,24
17320,48173C,DOORMAT BLACK FLOCK,3
17320,48187,DOORMAT NEW ENGLAND,2
17320,82482,WOODEN PICTURE FRAME WHITE FINISH,12
17320,82484,WOOD BLACK BOARD ANT WHITE FINISH,12
17320,82494L,WOODEN FRAME ANTIQUE WHITE,12
17320,84946,ANTIQUE SILVER TEA GLASS ETCHED,12
17320,84947,ANTIQUE SILVER TEA GLASS ENGRAVED,12
17320,85152,HAND OVER THE CHOCOLATE   SIGN,6
17324,21034,REX CASH+CARRY JUMBO SHOPPER,1
17324,21080,SET/20 RED RETROSPOT PAPER NAPKINS,4
17324,21238,RED RETROSPOT CUP,12
17324,21246,RED RETROSPOT BIG BOWL,2
17324,22343,PARTY PIZZA DISH RED RETROSPOT,6
17324,84997B,RED 3 PIECE RETROSPOT CUTLERY SET,26
17338,20914,SET/5 RED RETROSPOT LID GLASS BOWLS,2
17338,20956,PORCELAIN T-LIGHT HOLDERS ASSORTED,12
17338,20973,12 PENCIL SMALL TUBE WOODLAND,5
17338,20977,36 PENCILS TUBE WOODLAND,3
17338,21326,AGED GLASS SILVER T-LIGHT HOLDER,12
17338,21463,MIRRORED DISCO BALL,1
17338,21464,DISCO BALL ROTATOR BATTERY OPERATED,1
17338,21481,FAWN BLUE HOT WATER BOTTLE,7
17338,21812,GARLAND WITH HEARTS AND BELLS,6
17338,21813,GARLAND WITH STARS AND BELLS,6
17338,21815,STAR  T-LIGHT HOLDER,12
17338,21820,GLITTER HEART GARLAND WITH BELLS,6
17338,21843,RED RETROSPOT CAKE STAND,2
17338,21877,HOME SWEET HOME MUG,6
17338,21913,VINTAGE SEASIDE JIGSAW PUZZLES,4
17338,22086,PAPER CHAIN KIT 50'S CHRISTMAS,4
17338,22111,SCOTTIE DOG HOT WATER BOTTLE,6
17338,22112,CHOCOLATE HOT WATER BOTTLE,3
17338,22113,GREY HEART HOT WATER BOTTLE,6
17338,22337,ANGEL DECORATION PAINTED ZINC,32
17338,22357,KINGS CHOICE BISCUIT TIN,3
17338,22491,PACK OF 12 COLOURED PENCILS,6
17338,22495,SET OF 2 ROUND TINS CAMEMBERT,3
17338,22529,MAGIC DRAWING SLATE GO TO THE FAIR,6
17338,22530,MAGIC DRAWING SLATE DOLLY GIRL,10
17338,22536,MAGIC DRAWING SLATE PURDEY,9
17338,22591,CARDHOLDER GINGHAM CHRISTMAS TREE,6
17338,22619,SET OF 6 SOLDIER SKITTLES,3
17338,22630,DOLLY GIRL LUNCH BOX,4
17338,22637,PIGGY BANK RETROSPOT,8
17338,22659,LUNCH BOX I LOVE LONDON,4
17338,22667,RECIPE BOX RETROSPOT,3
17338,22694,WICKER STAR,3
17338,22746,POPPY'S PLAYHOUSE LIVINGROOM,3
17338,22748,POPPY'S PLAYHOUSE KITCHEN,3
17338,22759,SET OF 3 NOTEBOOKS IN PARCEL,6
17338,22834,HAND WARMER BABUSHKA DESIGN,8
17338,22837,HOT WATER BOTTLE BABUSHKA,6
17338,22940,FELTCRAFT CHRISTMAS FAIRY,5
17338,47471,RAINBOW PEGS PHOTO CLIP STRING,4
17338,47591D,PINK FAIRY CAKE CHILDRENS APRON,4
17338,72780,BLACK SILOUETTE CANDLE PLATE,12
17338,72799E,IVORY PILLAR CANDLE SILVER FLOCK,2
17338,72799F,IVORY PILLAR CANDLE GOLD FLOCK,2
17338,72802B,OCEAN SCENT CANDLE IN JEWELLED BOX,1
17338,72802C,VANILLA SCENT CANDLE JEWELLED BOX,6
17338,72807B,SET/3 OCEAN SCENT CANDLE JEWEL BOX,6
17338,72807C,SET/3 VANILLA SCENTED CANDLE IN BOX,5
17338,79000,MOROCCAN TEA GLASS,12
17338,79067,CORONA MEXICAN TRAY,4
17338,84029G,KNITTED UNION FLAG HOT WATER BOTTLE,6
17338,84030E,ENGLISH ROSE HOT WATER BOTTLE,6
17338,84347,ROTATING SILVER ANGELS T-LIGHT HLDR,12
17338,84991,60 TEATIME FAIRY CAKE CASES,6
17338,85123A,WHITE HANGING HEART T-LIGHT HOLDER,13
17339,21479,WHITE SKULL HOT WATER BOTTLE,4
17339,22113,GREY HEART HOT WATER BOTTLE,4
17339,84029E,RED WOOLLY HOTTIE WHITE HEART.,4
17339,84029G,KNITTED UNION FLAG HOT WATER BOTTLE,4
17340,20668,DISCO BALL CHRISTMAS DECORATION,144
17340,20681,PINK POLKADOT CHILDRENS UMBRELLA,4
17340,20682,RED RETROSPOT CHILDRENS UMBRELLA,6
17340,20686,DOLLY MIXTURE CHILDREN'S UMBRELLA,4
17340,20802,SMALL GLASS SUNDAE DISH CLEAR,6
17340,20829,GLITTER HANGING BUTTERFLY STRING,16
17340,20886,BOX OF 9 PEBBLE CANDLES,24
17340,21011,GLITTER SNOW PEAR TREE DECORATION,16
17340,21169,YOU'RE CONFUSING ME METAL SIGN,24
17340,21175,GIN + TONIC DIET METAL SIGN,12
17340,21181,PLEASE ONE PERSON METAL SIGN,24
17340,21231,SWEETHEART CERAMIC TRINKET BOX,1
17340,21232,STRAWBERRY CERAMIC TRINKET BOX,1
17340,21260,FIRST AID TIN,12
17340,21294,ETCHED GLASS COASTER,48
17340,21326,AGED GLASS SILVER T-LIGHT HOLDER,48
17340,21479,WHITE SKULL HOT WATER BOTTLE,15
17340,21484,CHICK GREY HOT WATER BOTTLE,29
17340,21485,RETROSPOT HEART HOT WATER BOTTLE,19
17340,21735,TWO DOOR CURIO CABINET,6
17340,21817,GLITTER CHRISTMAS TREE,36
17340,21818,GLITTER CHRISTMAS HEART,72
17340,21819,GLITTER CHRISTMAS STAR,36
17340,21820,GLITTER HEART GARLAND WITH BELLS,18
17340,21822,GLITTER CHRISTMAS TREE WITH BELLS,30
17340,21833,CAMOUFLAGE LED TORCH,36
17340,21846,PINK DIAMANTE PEN IN GIFT BOX,4
17340,21849,SILVER DIAMANTE PEN IN GIFT BOX,12
17340,21851,LILAC DIAMANTE PEN IN GIFT BOX,4
17340,21870,I CAN ONLY PLEASE ONE PERSON MUG,36
17340,21874,GIN AND TONIC MUG,18
17340,21908,CHOCOLATE THIS WAY METAL SIGN,12
17340,21912,VINTAGE SNAKES & LADDERS,6
17340,21916,SET 12 RETRO WHITE CHALK STICKS,21
17340,21917,SET 12 KIDS  WHITE CHALK STICKS,6
17340,21918,SET 12 KIDS COLOUR  CHALK STICKS,17
17340,22112,CHOCOLATE HOT WATER BOTTLE,16
17340,22113,GREY HEART HOT WATER BOTTLE,7
17340,22155,STAR DECORATION RUSTIC,48
17340,22156,HEART DECORATION WITH PEARLS,36
17340,22158,3 HEARTS HANGING DECORATION RUSTIC,23
17340,22174,PHOTO CUBE,36
17340,22178,VICTORIAN GLASS HANGING T-LIGHT,66
17340,22188,BLACK HEART CARD HOLDER,8
17340,22197,SMALL POPCORN HOLDER,13
17340,22198,LARGE POPCORN HOLDER,16
17340,22200,FRYING PAN PINK POLKADOT,7
17340,22202,MILK PAN PINK POLKADOT,9
17340,22207,FRYING PAN UNION FLAG,7
17340,22294,HEART FILIGREE DOVE  SMALL,48
17340,22299,PIG KEYRING WITH LIGHT & SOUND,24
17340,22396,MAGNETS PACK OF 4 RETRO PHOTO,12
17340,22398,MAGNETS PACK OF 4 SWALLOWS,12
17340,22399,MAGNETS PACK OF 4 CHILDHOOD MEMORY,12
17340,22413,METAL SIGN TAKE IT OR LEAVE IT,12
17340,22419,LIPSTICK PEN RED,50
17340,22421,LIPSTICK PEN FUSCHIA,50
17340,22456,NATURAL SLATE CHALKBOARD LARGE,12
17340,22457,NATURAL SLATE HEART CHALKBOARD,24
17340,22467,GUMBALL COAT RACK,12
17340,22487,WHITE WOOD GARDEN PLANT LADDER,4
17340,22492,MINI PAINT SET VINTAGE,144
17340,22493,PAINT YOUR OWN CANVAS SET,13
17340,22494,EMERGENCY FIRST AID TIN,20
17340,22560,TRADITIONAL MODELLING CLAY,24
17340,22562,MONSTERS STENCIL CRAFT,1
17340,22563,HAPPY STENCIL CRAFT,4
17340,22564,ALPHABET STENCIL CRAFT,2
17340,22616,PACK OF 12 LONDON TISSUES,12
17340,22652,TRAVEL SEWING KIT,20
17340,22726,ALARM CLOCK BAKELIKE GREEN,23
17340,22727,ALARM CLOCK BAKELIKE RED,16
17340,22728,ALARM CLOCK BAKELIKE PINK,8
17340,22729,ALARM CLOCK BAKELIKE ORANGE,9
17340,22730,ALARM CLOCK BAKELIKE IVORY,15
17340,22781,GUMBALL MAGAZINE RACK,6
17340,22791,T-LIGHT GLASS FLUTED ANTIQUE,24
17340,22792,FLUTED ANTIQUE CANDLE HOLDER,12
17340,22798,ANTIQUE GLASS DRESSING TABLE POT,32
17340,22800,ANTIQUE TALL SWIRLGLASS TRINKET POT,12
17340,22801,ANTIQUE GLASS PEDESTAL BOWL,13
17340,22835,HOT WATER BOTTLE I AM SO POORLY,5
17340,22867,HAND WARMER BIRD DESIGN,11
17340,22925,BLUE GIANT GARDEN THERMOMETER,9
17340,22926,IVORY GIANT GARDEN THERMOMETER,5
17340,22927,GREEN GIANT GARDEN THERMOMETER,4
17340,22962,JAM JAR WITH PINK LID,42
17340,22963,JAM JAR WITH GREEN LID,12
17340,51008,AFGHAN SLIPPER SOCK PAIR,130
17340,71403,"PINK/WHITE ""KEEP CLEAN"" BULLET BIN",1
17340,82484,WOOD BLACK BOARD ANT WHITE FINISH,12
17340,82567,"AIRLINE LOUNGE,METAL SIGN",12
17340,82600,NO SINGING METAL SIGN,60
17340,84029G,KNITTED UNION FLAG HOT WATER BOTTLE,12
17340,84077,WORLD WAR 2 GLIDERS ASSTD DESIGNS,96
17340,84347,ROTATING SILVER ANGELS T-LIGHT HLDR,24
17340,84375,SET OF 20 KIDS COOKIE CUTTERS,12
17340,84558A,3D DOG PICTURE PLAYING CARDS,7
17340,84692,BOX OF 24 COCKTAIL PARASOLS,6
17340,84879,ASSORTED COLOUR BIRD ORNAMENT,32
17340,84946,ANTIQUE SILVER TEA GLASS ETCHED,18
17340,84947,ANTIQUE SILVER TEA GLASS ENGRAVED,24
17340,84952A,CLEAR LOVE BIRD T-LIGHT HOLDER,18
17340,84952C,MIRROR LOVE BIRD T-LIGHT HOLDER,2
17340,84988,SET OF 72 PINK HEART PAPER DOILIES,1
17340,84997A,GREEN 3 PIECE POLKADOT CUTLERY SET,1
17340,84997C,BLUE 3 PIECE POLKADOT CUTLERY SET,1
17340,84997D,PINK 3 PIECE POLKADOT CUTLERY SET,1
17340,85114A,BLACK ENCHANTED FOREST PLACEMAT,1
17340,85116,BLACK CANDELABRA T-LIGHT HOLDER,24
17340,85150,LADIES & GENTLEMEN METAL SIGN,24
17340,85169A,IVORY LOVE BIRD CANDLE,12
17340,85169B,BLACK LOVE BIRD CANDLE,12
17340,85231B,CINAMMON SET OF 9 T-LIGHTS,15
17340,85231G,ORANGE SCENTED SET/9 T-LIGHTS,11
17341,20618,QUEEN OF THE SKIES PASSPORT COVER,1
17341,20717,STRAWBERRY SHOPPER BAG,2
17341,20749,ASSORTED COLOUR MINI CASES,1
17341,20751,FUNKY WASHING UP GLOVES ASSORTED,2
17341,20754,RETROSPOT RED WASHING UP GLOVES,1
17341,20963,APPLE BATH SPONGE,6
17341,20966,SANDWICH BATH SPONGE,1
17341,20973,12 PENCIL SMALL TUBE WOODLAND,2
17341,20992,JAZZ HEARTS PURSE NOTEBOOK,1
17341,21098,CHRISTMAS TOILET ROLL,3
17341,21136,PAINTED METAL PEARS ASSORTED,16
17341,21143,ANTIQUE GLASS HEART DECORATION,4
17341,21201,TROPICAL  HONEYCOMB PAPER GARLAND,1
17341,21205,MULTICOLOUR 3D BALLS GARLAND,1
17341,21213,PACK OF 72 SKULL CAKE CASES,1
17341,21327,SKULLS WRITING SET,1
17341,21328,BALLOONS  WRITING SET,2
17341,21329,DINOSAURS  WRITING SET,1
17341,21355,TOAST ITS - I LOVE YOU,1
17341,21356,TOAST ITS - FAIRY FLOWER,1
17341,21375,LARGE CAMPHOR WOOD FIELD MUSHROOM,1
17341,21376,LARGE  TALL CAMPHOR WOOD TOADSTOOL,1
17341,21377,SMALL CAMPHOR WOOD FIELD  MUSHROOM,1
17341,21379,CAMPHOR WOOD PORTOBELLO MUSHROOM,1
17341,21429,RED GINGHAM ROSE JEWELLERY BOX,1
17341,21506,"FANCY FONT BIRTHDAY CARD,",12
17341,21558,SKULL LUNCH BOX WITH CUTLERY,1
17341,21625,VINTAGE UNION JACK APRON,2
17341,21693,SMALL HAMMERED SILVER CANDLEPOT,12
17341,21694,SMALL REGAL  SILVER CANDLEPOT,6
17341,21743,STAR PORTABLE TABLE LIGHT,2
17341,21791,VINTAGE HEADS AND TAILS CARD GAME,1
17341,21864,UNION JACK FLAG PASSPORT COVER,1
17341,21865,PINK UNION JACK  PASSPORT COVER,1
17341,21888,BINGO SET,1
17341,21896,POTTING SHED TWINE,1
17341,21981,PACK OF 12 WOODLAND TISSUES,1
17341,21983,PACK OF 12 BLUE PAISLEY TISSUES,1
17341,21984,PACK OF 12 PINK PAISLEY TISSUES,1
17341,21985,PACK OF 12 HEARTS DESIGN TISSUES,1
17341,22030,SWALLOWS GREETING CARD,12
17341,22042,CHRISTMAS CARD SINGING ANGEL,12
17341,22074,6 RIBBONS SHIMMERING PINKS,1
17341,22086,PAPER CHAIN KIT 50'S CHRISTMAS,2
17341,22114,HOT WATER BOTTLE TEA AND SYMPATHY,3
17341,22141,CHRISTMAS CRAFT TREE TOP ANGEL,1
17341,22144,CHRISTMAS CRAFT LITTLE FRIENDS,2
17341,22168,ORGANISER WOOD ANTIQUE WHITE,1
17341,22211,WOOD STAMP SET FLOWERS,4
17341,22294,HEART FILIGREE DOVE  SMALL,2
17341,22297,HEART IVORY TRELLIS SMALL,1
17341,22301,COFFEE MUG CAT + BIRD DESIGN,3
17341,22304,COFFEE MUG BLUE PAISLEY DESIGN,3
17341,22315,200 RED + WHITE BENDY STRAWS,1
17341,22359,GLASS JAR KINGS CHOICE,1
17341,22364,GLASS JAR DIGESTIVE BISCUITS,1
17341,22383,LUNCH BAG SUKI  DESIGN,1
17341,22418,10 COLOUR SPACEBOY PEN,2
17341,22422,TOOTHPASTE TUBE PEN,1
17341,22435,SET OF 9 HEART SHAPED BALLOONS,1
17341,22439,6 ROCKET BALLOONS,1
17341,22440,BALLOON WATER BOMB PACK OF 35,1
17341,22480,RED TEA TOWEL CLASSIC DESIGN,4
17341,22482,BLUE TEA TOWEL CLASSIC DESIGN,4
17341,22488,NATURAL SLATE RECTANGLE CHALKBOARD,1
17341,22534,MAGIC DRAWING SLATE SPACEBOY,1
17341,22536,MAGIC DRAWING SLATE PURDEY,1
17341,22548,HEADS AND TAILS SPORTING FUN,2
17341,22553,PLASTERS IN TIN SKULLS,1
17341,22554,PLASTERS IN TIN WOODLAND ANIMALS,4
17341,22555,PLASTERS IN TIN STRONGMAN,1
17341,22556,PLASTERS IN TIN CIRCUS PARADE,1
17341,22562,MONSTERS STENCIL CRAFT,1
17341,22563,HAPPY STENCIL CRAFT,2
17341,22570,FELTCRAFT CUSHION RABBIT,1
17341,22582,PACK OF 6 SWEETIE GIFT BOXES,1
17341,22583,PACK OF 6 HANDBAG GIFT BOXES,1
17341,22584,PACK OF 6 PANNETONE GIFT BOXES,2
17341,22585,PACK OF 6 BIRDY GIFT TAGS,6
17341,22587,FELTCRAFT HAIRBAND RED AND BLUE,1
17341,22618,COOKING SET RETROSPOT,1
17341,22629,SPACEBOY LUNCH BOX,1
17341,22637,PIGGY BANK RETROSPOT,1
17341,22645,CERAMIC HEART FAIRY CAKE MONEY BANK,2
17341,22736,RIBBON REEL MAKING SNOWMEN,1
17341,22739,RIBBON REEL CHRISTMAS SOCK BAUBLE,1
17341,22743,MAKE YOUR OWN FLOWERPOWER CARD KIT,1
17341,22744,MAKE YOUR OWN MONSOON CARD KIT,1
17341,22745,POPPY'S PLAYHOUSE BEDROOM,3
17341,22746,POPPY'S PLAYHOUSE LIVINGROOM,2
17341,22748,POPPY'S PLAYHOUSE KITCHEN,1
17341,22755,SMALL PURPLE BABUSHKA NOTEBOOK,1
17341,22759,SET OF 3 NOTEBOOKS IN PARCEL,2
17341,22813,PACK 3 BOXES BIRD PANNETONE,1
17341,22816,CARD MOTORBIKE SANTA,12
17341,22818,CARD CHRISTMAS VILLAGE,12
17341,22834,HAND WARMER BABUSHKA DESIGN,2
17341,22835,HOT WATER BOTTLE I AM SO POORLY,2
17341,22837,HOT WATER BOTTLE BABUSHKA,1
17341,22867,HAND WARMER BIRD DESIGN,4
17341,22895,SET OF 2 TEA TOWELS APPLE AND PEARS,1
17341,22898,CHILDRENS APRON APPLES DESIGN,3
17341,22908,PACK OF 20 NAPKINS RED APPLES,2
17341,22909,SET OF 20 VINTAGE CHRISTMAS NAPKINS,1
17341,22926,IVORY GIANT GARDEN THERMOMETER,1
17341,22964,3 PIECE SPACEBOY COOKIE CUTTER SET,1
17341,35961,FOLKART ZINC HEART CHRISTMAS DEC,1
17341,51020B,STRIPY DESIGN SHOWER CAP,1
17341,72799E,IVORY PILLAR CANDLE SILVER FLOCK,2
17341,72800E,4 IVORY DINNER CANDLES SILVER FLOCK,4
17341,84029E,RED WOOLLY HOTTIE WHITE HEART.,1
17341,84032B,CHARLIE + LOLA RED HOT WATER BOTTLE,1
17341,84247E,PACK/12 XMAS FUN CARD,1
17341,84247N,PACK/12 BLUE FOLKART CARDS,1
17341,84378,SET OF 3 HEART COOKIE CUTTERS,1
17341,84380,SET OF 3 BUTTERFLY COOKIE CUTTERS,1
17341,84559B,3D SHEET OF CAT STICKERS,1
17341,84580,MOUSE TOY WITH PINK T-SHIRT,1
17341,84836,ZINC METAL HEART DECORATION,1
17341,84879,ASSORTED COLOUR BIRD ORNAMENT,16
17341,84991,60 TEATIME FAIRY CAKE CASES,1
17341,84992,72 SWEETHEART FAIRY CAKE CASES,1
17341,85055,FRENCH ENAMEL UTENSIL HOLDER,1
17341,85099B,JUMBO BAG RED RETROSPOT,1
17341,85099C,JUMBO  BAG BAROQUE BLACK WHITE,1
17341,85099F,JUMBO BAG STRAWBERRY,1
17341,85135B,BLUE DRAGONFLY HELICOPTER,1
17343,21098,CHRISTMAS TOILET ROLL,1
17343,21251,DINOSAUR HEIGHT CHART STICKER SET,1
17343,21259,VICTORIAN SEWING BOX SMALL,6
17343,21485,RETROSPOT HEART HOT WATER BOTTLE,2
17343,21523,DOORMAT FANCY FONT HOME SWEET HOME,1
17343,22113,GREY HEART HOT WATER BOTTLE,5
17343,22170,PICTURE FRAME WOOD TRIPLE PORTRAIT,4
17343,22473,TV DINNER TRAY VINTAGE PAISLEY,8
17343,22474,SPACEBOY TV DINNER TRAY,1
17343,22616,PACK OF 12 LONDON TISSUES,6
17343,22797,CHEST OF DRAWERS GINGHAM HEART,1
17343,22834,HAND WARMER BABUSHKA DESIGN,2
17343,22835,HOT WATER BOTTLE I AM SO POORLY,2
17343,22845,VINTAGE CREAM CAT FOOD CONTAINER,1
17343,82011C,BATHROOM SCALES FOOTPRINTS IN SAND,1
17343,84029G,KNITTED UNION FLAG HOT WATER BOTTLE,2
17343,84949,SILVER HANGING T-LIGHT HOLDER,12
17346,20914,SET/5 RED RETROSPOT LID GLASS BOWLS,3
17346,21326,AGED GLASS SILVER T-LIGHT HOLDER,12
17346,21485,RETROSPOT HEART HOT WATER BOTTLE,2
17346,21592,RETROSPOT CIGAR BOX MATCHES,6
17346,21916,SET 12 RETRO WHITE CHALK STICKS,3
17346,21917,SET 12 KIDS  WHITE CHALK STICKS,1
17346,22111,SCOTTIE DOG HOT WATER BOTTLE,3
17346,22112,CHOCOLATE HOT WATER BOTTLE,4
17346,22174,PHOTO CUBE,3
17346,22310,IVORY KNITTED MUG COSY,6
17346,22466,FAIRY TALE COTTAGE NIGHTLIGHT,6
17346,22480,RED TEA TOWEL CLASSIC DESIGN,2
17346,22481,BLACK TEA TOWEL CLASSIC DESIGN,2
17346,22482,BLUE TEA TOWEL CLASSIC DESIGN,2
17346,22551,PLASTERS IN TIN SPACEBOY,2
17346,22555,PLASTERS IN TIN STRONGMAN,1
17346,22557,PLASTERS IN TIN VINTAGE PAISLEY,1
17346,22591,CARDHOLDER GINGHAM CHRISTMAS TREE,6
17346,22625,RED KITCHEN SCALES,1
17346,22629,SPACEBOY LUNCH BOX,1
17346,22659,LUNCH BOX I LOVE LONDON,1
17346,22663,JUMBO BAG DOLLY GIRL DESIGN,4
17346,22713,CARD I LOVE LONDON,12
17346,22835,HOT WATER BOTTLE I AM SO POORLY,4
17346,22837,HOT WATER BOTTLE BABUSHKA,5
17346,22895,SET OF 2 TEA TOWELS APPLE AND PEARS,2
17346,22900,SET 2 TEA TOWELS I LOVE LONDON,2
17346,22968,ROSE COTTAGE KEEPSAKE BOX,1
17346,79144B,PAINTED LIGHTBULB STAR+ MOON,2
17346,82001S,VINYL RECORD FRAME SILVER,1
17346,84763,ZINC FINISH 15CM PLANTER POTS,2
17346,84949,SILVER HANGING T-LIGHT HOLDER,6
17346,84970L,SINGLE HEART ZINC T-LIGHT HOLDER,1
17346,84970S,HANGING HEART ZINC T-LIGHT HOLDER,2
17346,85123A,WHITE HANGING HEART T-LIGHT HOLDER,1
17346,85169A,IVORY LOVE BIRD CANDLE,24
17358,20658,RED RETROSPOT LUGGAGE TAG,4
17358,20665,RED RETROSPOT PURSE,4
17358,20669,RED HEART LUGGAGE TAG,3
17358,20941,FROG CANDLE,2
17358,21210,SET OF 72 RETROSPOT PAPER  DOILIES,2
17358,21472,LADYBIRD + BEE RAFFIA FOOD COVER,2
17358,21484,CHICK GREY HOT WATER BOTTLE,1
17358,21506,"FANCY FONT BIRTHDAY CARD,",24
17358,21657,MILK BOTTLE WITH GLASS STOPPER,1
17358,21733,RED HANGING HEART T-LIGHT HOLDER,4
17358,21844,RED RETROSPOT MUG,6
17358,21892,TRADITIONAL WOODEN CATCH CUP GAME,1
17358,21985,PACK OF 12 HEARTS DESIGN TISSUES,12
17358,22033,BOTANICAL ROSE GREETING CARD,12
17358,22078,RIBBON REEL LACE DESIGN,5
17358,22111,SCOTTIE DOG HOT WATER BOTTLE,1
17358,22131,FOOD CONTAINER SET 3 LOVE HEART,3
17358,22132,RED LOVE HEART SHAPE CUP,1
17358,22133,PINK LOVE HEART SHAPE CUP,1
17358,22286,"DECORATION , WOBBLY RABBIT , METAL",2
17358,22375,AIRLINE BAG VINTAGE JET SET BROWN,1
17358,22417,PACK OF 60 SPACEBOY CAKE CASES,2
17358,22626,BLACK KITCHEN SCALES,1
17358,22668,PINK BABY BUNTING,5
17358,22669,RED BABY BUNTING,5
17358,22808,SET OF 6 T-LIGHTS EASTER CHICKS,6
17358,22908,PACK OF 20 NAPKINS RED APPLES,12
17358,22988,SOLDIERS EGG CUP,12
17358,72127,COLUMBIAN CANDLE ROUND,1
17358,72128,COLUMBIAN CANDLE ROUND,2
17358,82583,HOT BATHS METAL SIGN,1
17358,84030E,ENGLISH ROSE HOT WATER BOTTLE,1
17358,84988,SET OF 72 PINK HEART PAPER DOILIES,3
17358,84992,72 SWEETHEART FAIRY CAKE CASES,2
17358,85049A,TRADITIONAL CHRISTMAS RIBBONS,1
17358,85049C,ROMANTIC PINKS RIBBONS,1
17358,85049E,SCANDINAVIAN REDS RIBBONS,1
17358,85049G,CHOCOLATE BOX RIBBONS,1
17358,85123A,WHITE HANGING HEART T-LIGHT HOLDER,2
17358,85173,SET/6 FROG PRINCE T-LIGHT CANDLES,6
17371,20782,CAMOUFLAGE EAR MUFF HEADPHONES,2
17371,21735,TWO DOOR CURIO CABINET,1
17371,21872,GLAMOROUS  MUG,1
17371,21874,GIN AND TONIC MUG,1
17371,37370,RETRO COFFEE MUGS ASSORTED,30
17371,85048,15CM CHRISTMAS GLASS BALL 20 LIGHTS,4
17371,90125D,PURPLE BERTIE GLASS BEAD BAG CHARM,1
17372,20751,FUNKY WASHING UP GLOVES ASSORTED,3
17372,20752,BLUE POLKADOT WASHING UP GLOVES,2
17372,20886,BOX OF 9 PEBBLE CANDLES,2
17372,20973,12 PENCIL SMALL TUBE WOODLAND,3
17372,20974,12 PENCILS SMALL TUBE SKULL,3
17372,20977,36 PENCILS TUBE WOODLAND,3
17372,20978,36 PENCILS TUBE SKULLS,3
17372,20981,12 PENCILS TALL TUBE WOODLAND,3
17372,20982,12 PENCILS TALL TUBE SKULLS,3
17372,21212,PACK OF 72 RETROSPOT CAKE CASES,2
17372,21213,PACK OF 72 SKULL CAKE CASES,2
17372,21215,IVORY PAPER CUP CAKE CASES,2
17372,21754,HOME BUILDING BLOCK WORD,2
17372,21823,PAINTED METAL HEART WITH HOLLY BELL,4
17372,21824,PAINTED METAL STAR WITH HOLLY BELLS,4
17372,21975,PACK OF 60 DINOSAUR CAKE CASES,2
17372,21976,PACK OF 60 MUSHROOM CAKE CASES,2
17372,21977,PACK OF 60 PINK PAISLEY CAKE CASES,2
17372,22075,6 RIBBONS ELEGANT CHRISTMAS,2
17372,22077,6 RIBBONS RUSTIC CHARM,2
17372,22086,PAPER CHAIN KIT 50'S CHRISTMAS,4
17372,22113,GREY HEART HOT WATER BOTTLE,1
17372,22214,CANDLE PLATE LACE WHITE,2
17372,22294,HEART FILIGREE DOVE  SMALL,4
17372,22417,PACK OF 60 SPACEBOY CAKE CASES,2
17372,22467,GUMBALL COAT RACK,1
17372,22562,MONSTERS STENCIL CRAFT,2
17372,22563,HAPPY STENCIL CRAFT,2
17372,22564,ALPHABET STENCIL CRAFT,2
17372,22572,ROCKING HORSE GREEN CHRISTMAS,2
17372,22577,WOODEN HEART CHRISTMAS SCANDINAVIAN,4
17372,22582,PACK OF 6 SWEETIE GIFT BOXES,2
17372,22616,PACK OF 12 LONDON TISSUES,12
17372,22665,RECIPE BOX BLUE SKETCHBOOK DESIGN,1
17372,22666,RECIPE BOX PANTRY YELLOW DESIGN,1
17372,22689,DOORMAT MERRY CHRISTMAS RED,1
17372,22719,GUMBALL MONOCHROME COAT RACK,1
17372,22720,SET OF 3 CAKE TINS PANTRY DESIGN,2
17372,22721,SET OF 3 CAKE TINS SKETCHBOOK,2
17372,22722,SET OF 6 SPICE TINS PANTRY DESIGN,1
17372,22723,SET OF 6 HERB TINS SKETCHBOOK,1
17372,22804,CANDLEHOLDER PINK HANGING HEART,4
17372,22810,SET OF 6 T-LIGHTS SNOWMEN,3
17372,22834,HAND WARMER BABUSHKA DESIGN,2
17372,22837,HOT WATER BOTTLE BABUSHKA,2
17372,22862,LOVE HEART NAPKIN BOX,2
17372,22893,MINI CAKE STAND T-LIGHT HOLDER,12
17372,22910,PAPER CHAIN KIT VINTAGE CHRISTMAS,4
17372,22911,PAPER CHAIN KIT LONDON,3
17372,22951,60 CAKE CASES DOLLY GIRL DESIGN,2
17372,22964,3 PIECE SPACEBOY COOKIE CUTTER SET,2
17372,22965,3 TRADITIONAl BISCUIT CUTTERS  SET,2
17372,22966,GINGERBREAD MAN COOKIE CUTTER,2
17372,72349B,SET/6 PURPLE BUTTERFLY T-LIGHTS,2
17372,72598,SET/12 TAPER CANDLES,2
17372,72807A,SET/3 ROSE CANDLE IN JEWELLED BOX,2
17372,72807B,SET/3 OCEAN SCENT CANDLE JEWEL BOX,2
17372,72807C,SET/3 VANILLA SCENTED CANDLE IN BOX,2
17372,84380,SET OF 3 BUTTERFLY COOKIE CUTTERS,2
17372,84754,S/15 SILVER GLASS BAUBLES IN BAG,2
17372,84991,60 TEATIME FAIRY CAKE CASES,2
17372,84992,72 SWEETHEART FAIRY CAKE CASES,2
17372,84993A,75 GREEN PETIT FOUR CASES,2
17372,84993B,75 BLACK PETIT FOUR CASES,2
17372,85049E,SCANDINAVIAN REDS RIBBONS,2
17372,85084,HOLLY TOP CHRISTMAS STOCKING,4
17372,85114B,IVORY ENCHANTED FOREST PLACEMAT,6
17372,85114C,RED ENCHANTED FOREST PLACEMAT,6
17372,85123A,WHITE HANGING HEART T-LIGHT HOLDER,10
17372,85231B,CINAMMON SET OF 9 T-LIGHTS,4
17372,90058B,CRYSTAL STUD EARRINGS ASSORTED COL,36
17372,90200B,BLACK SWEETHEART BRACELET,3
17372,90200C,BLUE SWEETHEART BRACELET,1
17375,20914,SET/5 RED RETROSPOT LID GLASS BOWLS,1
17375,21976,PACK OF 60 MUSHROOM CAKE CASES,1
17375,21977,PACK OF 60 PINK PAISLEY CAKE CASES,2
17375,22049,WRAP CHRISTMAS SCREEN PRINT,25
17375,22079,RIBBON REEL HEARTS DESIGN,5
17375,22080,RIBBON REEL POLKADOTS,5
17375,22096,PINK PAISLEY SQUARE TISSUE BOX,1
17375,22197,SMALL POPCORN HOLDER,2
17375,22198,LARGE POPCORN HOLDER,2
17375,22471,TV DINNER TRAY AIR HOSTESS,3
17375,22624,IVORY KITCHEN SCALES,1
17375,47567B,TEA TIME KITCHEN APRON,2
17375,79000,MOROCCAN TEA GLASS,3
17375,84247E,PACK/12 XMAS FUN CARD,1
17375,84313B,BLUE TV TRAY TABLE,2
17375,84313C,ORANGE TV TRAY TABLE,1
17375,84575A,PINK DOG CANNISTER,1
17375,84992,72 SWEETHEART FAIRY CAKE CASES,2
17375,84993A,75 GREEN PETIT FOUR CASES,6
17375,85135C,RED DRAGONFLY HELICOPTER,1
17375,85199S,SMALL HANGING IVORY/RED WOOD BIRD,2
17377,21035,SET/2 RED RETROSPOT TEA TOWELS,3
17377,21289,LARGE STRIPES CHOCOLATE GIFT BAG,3
17377,21479,WHITE SKULL HOT WATER BOTTLE,4
17377,21485,RETROSPOT HEART HOT WATER BOTTLE,15
17377,21488,RED WHITE SCARF  HOT WATER BOTTLE,2
17377,21527,RED RETROSPOT TRADITIONAL TEAPOT,1
17377,21621,VINTAGE UNION JACK BUNTING,10
17377,21622,VINTAGE UNION JACK CUSHION COVER,15
17377,21623,VINTAGE UNION JACK MEMOBOARD,2
17377,21754,HOME BUILDING BLOCK WORD,6
17377,21755,LOVE BUILDING BLOCK WORD,6
17377,22024,RAINY LADIES BIRTHDAY CARD,12
17377,22111,SCOTTIE DOG HOT WATER BOTTLE,15
17377,22113,GREY HEART HOT WATER BOTTLE,19
17377,22616,PACK OF 12 LONDON TISSUES,24
17377,22630,DOLLY GIRL LUNCH BOX,6
17377,22659,LUNCH BOX I LOVE LONDON,4
17377,22712,CARD DOLLY GIRL,12
17377,22834,HAND WARMER BABUSHKA DESIGN,5
17377,22837,HOT WATER BOTTLE BABUSHKA,2
17377,22895,SET OF 2 TEA TOWELS APPLE AND PEARS,3
17377,22900,SET 2 TEA TOWELS I LOVE LONDON,37
17377,22983,CARD BILLBOARD FONT,12
17377,46000M,POLYESTER FILLER PAD 45x45cm,10
17377,47580,TEA TIME DES TEA COSY,1
17377,82482,WOODEN PICTURE FRAME WHITE FINISH,3
17377,82494L,WOODEN FRAME ANTIQUE WHITE,2
17377,84029E,RED WOOLLY HOTTIE WHITE HEART.,4
17377,84991,60 TEATIME FAIRY CAKE CASES,1
17377,84992,72 SWEETHEART FAIRY CAKE CASES,1
17377,85123A,WHITE HANGING HEART T-LIGHT HOLDER,15
17381,21703,BAG 125g SWIRLY MARBLES,192
17381,21790,VINTAGE SNAP CARDS,144
17381,21791,VINTAGE HEADS AND TAILS CARD GAME,504
17381,21889,WOODEN BOX OF DOMINOES,216
17381,22536,MAGIC DRAWING SLATE PURDEY,480
17381,22555,PLASTERS IN TIN STRONGMAN,144
17381,22616,PACK OF 12 LONDON TISSUES,600
17381,22622,BOX OF VINTAGE ALPHABET BLOCKS,156
17381,22659,LUNCH BOX I LOVE LONDON,452
17392,16161P,WRAP ENGLISH ROSE,25
17392,20828,GLITTER BUTTERFLY CLIPS,2
17392,20829,GLITTER HANGING BUTTERFLY STRING,3
17392,21385,IVORY HANGING DECORATION  HEART,1
17392,21389,IVORY HANGING DECORATION  BIRD,1
17392,21929,JUMBO BAG PINK VINTAGE PAISLEY,2
17392,21981,PACK OF 12 WOODLAND TISSUES,1
17392,22028,PENNY FARTHING BIRTHDAY CARD,24
17392,22030,SWALLOWS GREETING CARD,36
17392,22035,VINTAGE CARAVAN GREETING CARD,12
17392,22051,BLUE SCANDINAVIAN PAISLEY WRAP,50
17392,22077,6 RIBBONS RUSTIC CHARM,1
17392,22081,RIBBON REEL FLORA + FAUNA,5
17392,22087,PAPER BUNTING WHITE LACE,1
17392,22089,PAPER BUNTING VINTAGE PAISLEY,1
17392,22096,PINK PAISLEY SQUARE TISSUE BOX,1
17392,22109,FULL ENGLISH BREAKFAST PLATE,1
17392,22142,CHRISTMAS CRAFT WHITE FAIRY,1
17392,22150,3 STRIPEY MICE FELTCRAFT,1
17392,22196,SMALL HEART MEASURING SPOONS,1
17392,22335,HEART DECORATION PAINTED ZINC,4
17392,22443,GROW YOUR OWN HERBS SET OF 3,2
17392,22456,NATURAL SLATE CHALKBOARD LARGE,1
17392,22470,HEART OF WICKER LARGE,4
17392,22496,SET OF 2 ROUND TINS DUTCH CHEESE,1
17392,22500,SET OF 2 TINS JARDIN DE PROVENCE,1
17392,22600,CHRISTMAS RETROSPOT STAR WOOD,1
17392,22694,WICKER STAR,1
17392,22738,RIBBON REEL SNOWY VILLAGE,5
17392,22762,CUPBOARD 3 DRAWER MA CAMPAGNE,1
17392,22763,KEY CABINET MA CAMPAGNE,2
17392,22769,CHALKBOARD KITCHEN ORGANISER,1
17392,22830,UTILTY CABINET WITH HOOKS,1
17392,22910,PAPER CHAIN KIT VINTAGE CHRISTMAS,1
17392,22926,IVORY GIANT GARDEN THERMOMETER,4
17392,22955,36 FOIL STAR CAKE CASES,1
17392,84536A,ENGLISH ROSE NOTEBOOK A7 SIZE,4
17392,84978,HANGING HEART JAR T-LIGHT HOLDER,6
17392,85015,SET OF 12  VINTAGE POSTCARD SET,1
17392,85123A,WHITE HANGING HEART T-LIGHT HOLDER,7
17392,M,Manual,2
17396,22727,ALARM CLOCK BAKELIKE RED,48
17396,22728,ALARM CLOCK BAKELIKE PINK,39
17396,22730,ALARM CLOCK BAKELIKE IVORY,19
17400,15036,ASSORTED COLOURS SILK FAN,12
17400,20664,TROPICAL HOLIDAY PURSE,3
17400,20696,FLORAL SOFT CAR TOY,2
17400,20828,GLITTER BUTTERFLY CLIPS,3
17400,20829,GLITTER HANGING BUTTERFLY STRING,6
17400,20936,FORKED CACTUS CANDLE,3
17400,20941,FROG CANDLE,6
17400,21034,REX CASH+CARRY JUMBO SHOPPER,1
17400,21054,NURSE'S BAG SOFT TOY,2
17400,21056,DOCTOR'S BAG SOFT TOY,2
17400,21291,SMALL POLKADOT CHOCOLATE GIFT BAG,16
17400,21292,SMALL STRIPES CHOCOLATE GIFT BAG,16
17400,21481,FAWN BLUE HOT WATER BOTTLE,3
17400,21738,COSY SLIPPER SHOES SMALL  RED,3
17400,21739,COSY SLIPPER SHOES SMALL GREEN,3
17400,21754,HOME BUILDING BLOCK WORD,3
17400,21871,SAVE THE PLANET MUG,6
17400,22111,SCOTTIE DOG HOT WATER BOTTLE,2
17400,22113,GREY HEART HOT WATER BOTTLE,3
17400,22118,JOY WOODEN BLOCK LETTERS,3
17400,22301,COFFEE MUG CAT + BIRD DESIGN,6
17400,22371,AIRLINE BAG VINTAGE TOKYO 78,3
17400,22444,GROW YOUR OWN PLANT IN A CAN,24
17400,22445,PENCIL CASE LIFE IS BEAUTIFUL,3
17400,22451,SILK PURSE BABUSHKA RED,6
17400,22645,CERAMIC HEART FAIRY CAKE MONEY BANK,4
17400,22756,LARGE YELLOW BABUSHKA NOTEBOOK,6
17400,22758,LARGE PURPLE BABUSHKA NOTEBOOK,6
17400,22837,HOT WATER BOTTLE BABUSHKA,4
17400,22970,LONDON BUS COFFEE MUG,6
17400,51014A,"FEATHER PEN,HOT PINK",12
17400,51014C,"FEATHER PEN,COAL BLACK",12
17400,79160,HEART SHAPE WIRELESS DOORBELL,3
17400,84030E,ENGLISH ROSE HOT WATER BOTTLE,3
17400,84077,WORLD WAR 2 GLIDERS ASSTD DESIGNS,48
17400,85124B,BLUE JUICY FRUIT PHOTO FRAME,3
17400,85124C,GREEN JUICY FRUIT PHOTO FRAME,3
17402,20750,RED RETROSPOT MINI CASES,1
17402,20979,36 PENCILS TUBE RED RETROSPOT,1
17402,21034,REX CASH+CARRY JUMBO SHOPPER,1
17402,21756,BATH BUILDING BLOCK WORD,1
17402,21791,VINTAGE HEADS AND TAILS CARD GAME,5
17402,22069,BROWN  PIRATE TREASURE CHEST,1
17402,22088,PAPER BUNTING COLOURED LACE,1
17402,22311,OFFICE MUG WARMER BLACK+SILVER,1
17402,22313,OFFICE MUG WARMER PINK,1
17402,22427,ENAMEL FLOWER JUG CREAM,1
17402,22619,SET OF 6 SOLDIER SKITTLES,80
17402,22635,CHILDS BREAKFAST SET DOLLY GIRL,4
17402,22636,CHILDS BREAKFAST SET CIRCUS PARADE,4
17402,22745,POPPY'S PLAYHOUSE BEDROOM,1
17402,22746,POPPY'S PLAYHOUSE LIVINGROOM,1
17402,22747,POPPY'S PLAYHOUSE BATHROOM,1
17402,22748,POPPY'S PLAYHOUSE KITCHEN,1
17402,22838,3 TIER CAKE TIN RED AND CREAM,2
17402,22841,ROUND CAKE TIN VINTAGE GREEN,1
17402,22924,FRIDGE MAGNETS LA VIE EN ROSE,6
17402,22960,JAM MAKING SET WITH JARS,2
17402,48194,DOORMAT HEARTS,1
17402,84692,BOX OF 24 COCKTAIL PARASOLS,1
17402,85135B,BLUE DRAGONFLY HELICOPTER,1
17406,18098C,PORCELAIN BUTTERFLY OIL BURNER,6
17406,21166,COOK WITH WINE METAL SIGN,12
17406,21174,POTTERING IN THE SHED METAL SIGN,12
17406,21175,GIN + TONIC DIET METAL SIGN,24
17406,21181,PLEASE ONE PERSON METAL SIGN,12
17406,21326,AGED GLASS SILVER T-LIGHT HOLDER,24
17406,21903,MAN FLU METAL SIGN,12
17406,21908,CHOCOLATE THIS WAY METAL SIGN,12
17406,22423,REGENCY CAKESTAND 3 TIER,16
17406,22697,GREEN REGENCY TEACUP AND SAUCER,24
17406,22699,ROSES REGENCY TEACUP AND SAUCER,24
17406,22909,SET OF 20 VINTAGE CHRISTMAS NAPKINS,12
17406,70006,LOVE HEART POCKET WARMER,12
17406,84406B,CREAM CUPID HEARTS COAT HANGER,32
17406,84988,SET OF 72 PINK HEART PAPER DOILIES,12
17406,85150,LADIES & GENTLEMEN METAL SIGN,6
17406,85152,HAND OVER THE CHOCOLATE   SIGN,12
17406,90212B,JET BLACK LAS VEGAS BRACELET ROUND,3
17406,90212C,PURPLE LAS VEGAS BRACELET ROUND,3
17412,21463,MIRRORED DISCO BALL,2
17412,21464,DISCO BALL ROTATOR BATTERY OPERATED,2
17412,21731,RED TOADSTOOL LED NIGHT LIGHT,36
17412,22179,SET 10 LIGHTS NIGHT OWL,8
17412,22326,ROUND SNACK BOXES SET OF4 WOODLAND,6
17412,22328,ROUND SNACK BOXES SET OF 4 FRUITS,6
17412,22472,TV DINNER TRAY DOLLY GIRL,3
17412,22474,SPACEBOY TV DINNER TRAY,3
17412,22507,MEMO BOARD RETROSPOT  DESIGN,4
17412,22610,PENS ASSORTED FUNNY FACE,36
17412,22735,RIBBON REEL SOCKS AND MITTENS,10
17412,22752,SET 7 BABUSHKA NESTING BOXES,2
17412,22779,WOODEN OWLS LIGHT GARLAND,8
17412,22837,HOT WATER BOTTLE BABUSHKA,8
17412,22941,CHRISTMAS LIGHTS 10 REINDEER,4
17412,22972,CHILDREN'S SPACEBOY MUG,12
17412,22974,CHILDRENS DOLLY GIRL MUG,12
17412,84970L,SINGLE HEART ZINC T-LIGHT HOLDER,24
17412,84970S,HANGING HEART ZINC T-LIGHT HOLDER,24
17419,20970,PINK FLORAL FELTCRAFT SHOULDER BAG,4
17419,20971,PINK BLUE FELT CRAFT TRINKET BOX,12
17419,21098,CHRISTMAS TOILET ROLL,24
17419,21212,PACK OF 72 RETROSPOT CAKE CASES,24
17419,21231,SWEETHEART CERAMIC TRINKET BOX,12
17419,21773,DECORATIVE ROSE BATHROOM BOTTLE,12
17419,21889,WOODEN BOX OF DOMINOES,12
17419,21914,BLUE HARMONICA IN BOX,12
17419,21915,RED  HARMONICA IN BOX,12
17419,22149,FELTCRAFT 6 FLOWER FRIENDS,6
17419,22189,CREAM HEART CARD HOLDER,8
17419,22444,GROW YOUR OWN PLANT IN A CAN,24
17419,22470,HEART OF WICKER LARGE,12
17419,22762,CUPBOARD 3 DRAWER MA CAMPAGNE,1
17419,22768,FAMILY PHOTO FRAME CORNICE,2
17419,22776,SWEETHEART CAKESTAND 3 TIER,4
17419,22961,JAM MAKING SET PRINTED,12
17419,84879,ASSORTED COLOUR BIRD ORNAMENT,8
17419,85064,CREAM SWEETHEART LETTER RACK,2
17420,22168,ORGANISER WOOD ANTIQUE WHITE,2
17420,22662,LUNCH BAG DOLLY GIRL DESIGN,10
17420,22663,JUMBO BAG DOLLY GIRL DESIGN,10
17420,22783,SET 3 WICKER OVAL BASKETS W LIDS,1
17420,22960,JAM MAKING SET WITH JARS,6
17420,22961,JAM MAKING SET PRINTED,12
17420,85049A,TRADITIONAL CHRISTMAS RIBBONS,12
17428,20914,SET/5 RED RETROSPOT LID GLASS BOWLS,6
17428,21259,VICTORIAN SEWING BOX SMALL,2
17428,21844,RED RETROSPOT MUG,12
17428,22086,PAPER CHAIN KIT 50'S CHRISTMAS,40
17428,22199,FRYING PAN RED RETROSPOT,4
17428,22203,MILK PAN RED RETROSPOT,4
17428,22439,6 ROCKET BALLOONS,24
17428,22584,PACK OF 6 PANNETONE GIFT BOXES,24
17428,22624,IVORY KITCHEN SCALES,2
17428,22625,RED KITCHEN SCALES,2
17428,22627,MINT KITCHEN SCALES,2
17428,22630,DOLLY GIRL LUNCH BOX,36
17428,22652,TRAVEL SEWING KIT,30
17428,22654,DELUXE SEWING KIT,9
17428,22667,RECIPE BOX RETROSPOT,6
17428,22812,PACK 3 BOXES CHRISTMAS PANNETONE,24
17428,22834,HAND WARMER BABUSHKA DESIGN,48
17428,22891,TEA FOR ONE POLKADOT,24
17428,22910,PAPER CHAIN KIT VINTAGE CHRISTMAS,40
17428,82484,WOOD BLACK BOARD ANT WHITE FINISH,12
17428,85184C,S/4 VALENTINE DECOUPAGE HEART BOX,24
17430,20974,12 PENCILS SMALL TUBE SKULL,24
17430,22441,GROW YOUR OWN BASIL IN ENAMEL MUG,8
17430,22502,PICNIC BASKET WICKER SMALL,4
17430,22969,HOMEMADE JAM SCENTED CANDLES,12
17430,71477,COLOUR GLASS. STAR T-LIGHT HOLDER,12
17449,18097C,WHITE TALL PORCELAIN T-LIGHT HOLDER,2
17449,20658,RED RETROSPOT LUGGAGE TAG,2
17449,21164,HOME SWEET HOME METAL SIGN,2
17449,21165,BEWARE OF THE CAT METAL SIGN,2
17449,21166,COOK WITH WINE METAL SIGN,2
17449,21171,BATHROOM METAL SIGN,1
17449,21174,POTTERING IN THE SHED METAL SIGN,1
17449,21333,CLASSIC WHITE FRAME,2
17449,21524,DOORMAT SPOTTY HOME SWEET HOME,1
17449,21730,GLASS STAR FROSTED T-LIGHT HOLDER,1
17449,21733,RED HANGING HEART T-LIGHT HOLDER,4
17449,21773,DECORATIVE ROSE BATHROOM BOTTLE,2
17449,21774,DECORATIVE CATS BATHROOM BOTTLE,2
17449,21868,POTTING SHED TEA MUG,6
17449,21910,WAY OUT METAL SIGN,1
17449,21911,GARDEN METAL SIGN,1
17449,21955,DOORMAT UNION JACK GUNS AND ROSES,1
17449,22082,RIBBON REEL STRIPES DESIGN,5
17449,22113,GREY HEART HOT WATER BOTTLE,2
17449,22151,PLACE SETTING WHITE HEART,12
17449,22171,3 HOOK PHOTO SHELF ANTIQUE WHITE,2
17449,22173,METAL 4 HOOK HANGER FRENCH CHATEAU,5
17449,22178,VICTORIAN GLASS HANGING T-LIGHT,12
17449,22265,EASTER DECORATION NATURAL CHICK,10
17449,22269,EGG CUP NATURAL CHICKEN,8
17449,22294,HEART FILIGREE DOVE  SMALL,12
17449,22295,HEART FILIGREE DOVE LARGE,4
17449,22296,HEART IVORY TRELLIS LARGE,4
17449,22297,HEART IVORY TRELLIS SMALL,11
17449,22465,HANGING METAL STAR LANTERN,12
17449,22469,HEART OF WICKER SMALL,3
17449,22470,HEART OF WICKER LARGE,4
17449,22558,CLOTHES PEGS RETROSPOT PACK 24,1
17449,22575,METAL MERRY CHRISTMAS WREATH,4
17449,22585,PACK OF 6 BIRDY GIFT TAGS,2
17449,22588,CARD HOLDER GINGHAM HEART,2
17449,22624,IVORY KITCHEN SCALES,1
17449,22766,PHOTO FRAME CORNICE,3
17449,22776,SWEETHEART CAKESTAND 3 TIER,1
17449,22794,SWEETHEART WIRE MAGAZINE RACK,1
17449,22795,SWEETHEART RECIPE BOOK STAND,4
17449,22804,CANDLEHOLDER PINK HANGING HEART,2
17449,22834,HAND WARMER BABUSHKA DESIGN,2
17449,22854,CREAM SWEETHEART EGG HOLDER,2
17449,22862,LOVE HEART NAPKIN BOX,1
17449,22863,SOAP DISH BROCANTE,4
17449,22988,SOLDIERS EGG CUP,8
17449,48188,DOORMAT WELCOME PUPPIES,1
17449,48194,DOORMAT HEARTS,1
17449,72760B,VINTAGE CREAM 3 BASKET CAKE STAND,1
17449,82482,WOODEN PICTURE FRAME WHITE FINISH,2
17449,82494L,WOODEN FRAME ANTIQUE WHITE,3
17449,82552,WASHROOM METAL SIGN,2
17449,82582,AREA PATROLLED METAL SIGN,3
17449,84978,HANGING HEART JAR T-LIGHT HOLDER,6
17449,85038,6 CHOCOLATE LOVE HEART T-LIGHTS,8
17449,85040B,SET/4 BLUE FLOWER CANDLES IN BOWL,4
17449,85064,CREAM SWEETHEART LETTER RACK,2
17449,85150,LADIES & GENTLEMEN METAL SIGN,2
17449,90129A,PINK GLASS TASSLE BAG CHARM,3
17449,90129B,TURQUOISE GLASS TASSLE BAG CHARM,3
17449,90129C,GREEN GLASS TASSLE BAG CHARM,3
17449,90146,FINE SILVER NECKLACE W PASTEL FLOWE,2
17449,90161B,ANT COPPER TURQ BOUDICCA BRACELET,3
17449,90161C,ANT COPPER LIME BOUDICCA BRACELET,3
17449,90161D,ANT COPPER PINK BOUDICCA BRACELET,3
17449,90185A,AMBER DIAMANTE EXPANDABLE RING,3
17449,90185D,CRYSTAL DIAMANTE EXPANDABLE RING,3
17449,90200A,PURPLE SWEETHEART BRACELET,4
17449,90200B,BLACK SWEETHEART BRACELET,4
17449,90200C,BLUE SWEETHEART BRACELET,6
17449,90200D,PINK SWEETHEART BRACELET,6
17449,90200E,GREEN SWEETHEART BRACELET,6
17450,21756,BATH BUILDING BLOCK WORD,6
17450,22469,HEART OF WICKER SMALL,402
17450,22470,HEART OF WICKER LARGE,378
17454,20728,LUNCH BAG CARS BLUE,10
17454,21232,STRAWBERRY CERAMIC TRINKET BOX,12
17454,21931,JUMBO STORAGE BAG SUKI,10
17454,22061,LARGE CAKE STAND  HANGING STRAWBERY,4
17454,22383,LUNCH BAG SUKI  DESIGN,10
17454,22776,SWEETHEART CAKESTAND 3 TIER,1
17454,22794,SWEETHEART WIRE MAGAZINE RACK,2
17454,22801,ANTIQUE GLASS PEDESTAL BOWL,4
17454,85123A,WHITE HANGING HEART T-LIGHT HOLDER,6
17456,20676,RED RETROSPOT BOWL,8
17456,20981,12 PENCILS TALL TUBE WOODLAND,12
17456,21238,RED RETROSPOT CUP,8
17456,21242,RED RETROSPOT PLATE,8
17456,21802,CHRISTMAS TREE HEART DECORATION,36
17456,21803,CHRISTMAS TREE STAR DECORATION,36
17456,22082,RIBBON REEL STRIPES DESIGN,10
17456,22113,GREY HEART HOT WATER BOTTLE,4
17456,22231,JIGSAW TREE WITH BIRDHOUSE,12
17456,22470,HEART OF WICKER LARGE,12
17456,22571,ROCKING HORSE RED CHRISTMAS,12
17456,22574,HEART WOODEN CHRISTMAS DECORATION,12
17456,22581,WOOD STOCKING CHRISTMAS SCANDISPOT,12
17456,22595,CHRISTMAS GINGHAM HEART,12
17456,22637,PIGGY BANK RETROSPOT,4
17456,22667,RECIPE BOX RETROSPOT,6
17456,72741,GRAND CHOCOLATECANDLE,18
17460,22865,HAND WARMER OWL DESIGN,24
17460,37449,CERAMIC CAKE STAND + HANGING CAKES,2
17470,20982,12 PENCILS TALL TUBE SKULLS,12
17470,20983,12 PENCILS TALL TUBE RED RETROSPOT,12
17470,21577,SAVE THE PLANET COTTON TOTE BAG,6
17470,21581,SKULLS  DESIGN  COTTON TOTE BAG,6
17470,22189,CREAM HEART CARD HOLDER,4
17470,22227,HANGING HEART MIRROR DECORATION,24
17470,22283,6 EGG HOUSE PAINTED WOOD,4
17470,22549,PICTURE DOMINOES,12
17470,22553,PLASTERS IN TIN SKULLS,12
17470,22855,FINE WICKER HEART,12
17470,47591D,PINK FAIRY CAKE CHILDRENS APRON,8
17491,21900,"KEY FOB , SHED",24
17491,21901,"KEY FOB , BACK DOOR",24
17491,22087,PAPER BUNTING WHITE LACE,12
17491,22585,PACK OF 6 BIRDY GIFT TAGS,144
17491,84879,ASSORTED COLOUR BIRD ORNAMENT,64
17496,15036,ASSORTED COLOURS SILK FAN,12
17496,21181,PLEASE ONE PERSON METAL SIGN,12
17496,21733,RED HANGING HEART T-LIGHT HOLDER,6
17496,22111,SCOTTIE DOG HOT WATER BOTTLE,6
17496,22112,CHOCOLATE HOT WATER BOTTLE,6
17496,22113,GREY HEART HOT WATER BOTTLE,8
17496,22802,FAUX FUR CHOCOLATE THROW,1
17496,22835,HOT WATER BOTTLE I AM SO POORLY,8
17496,22837,HOT WATER BOTTLE BABUSHKA,8
17496,85123A,WHITE HANGING HEART T-LIGHT HOLDER,12
17511,10125,MINI FUNKY DESIGN TAPES,60
17511,20668,DISCO BALL CHRISTMAS DECORATION,864
17511,20675,BLUE POLKADOT BOWL,72
17511,20677,PINK POLKADOT BOWL,72
17511,20728,LUNCH BAG CARS BLUE,100
17511,20750,RED RETROSPOT MINI CASES,12
17511,21080,SET/20 RED RETROSPOT PAPER NAPKINS,192
17511,21086,SET/6 RED SPOTTY PAPER CUPS,48
17511,21094,SET/6 RED SPOTTY PAPER PLATES,96
17511,21174,POTTERING IN THE SHED METAL SIGN,48
17511,21200,MULTICOLOUR HONEYCOMB PAPER GARLAND,96
17511,21206,STRAWBERRY HONEYCOMB  GARLAND,96
17511,21212,PACK OF 72 RETROSPOT CAKE CASES,120
17511,21244,BLUE POLKADOT PLATE,96
17511,21428,SET3 BOOK BOX GREEN GINGHAM FLOWER,16
17511,21484,CHICK GREY HOT WATER BOTTLE,36
17511,21485,RETROSPOT HEART HOT WATER BOTTLE,24
17511,21527,RED RETROSPOT TRADITIONAL TEAPOT,12
17511,21533,RETROSPOT LARGE MILK JUG,12
17511,21537,RED RETROSPOT PUDDING BOWL,32
17511,21703,BAG 125g SWIRLY MARBLES,96
17511,21786,POLKADOT RAIN HAT,144
17511,21873,IF YOU CAN'T STAND THE HEAT MUG,36
17511,21876,POTTERING MUG,36
17511,21879,HEARTS GIFT TAPE,48
17511,21883,STARS GIFT TAPE,48
17511,21888,BINGO SET,8
17511,21907,I'M ON HOLIDAY METAL SIGN,48
17511,21908,CHOCOLATE THIS WAY METAL SIGN,48
17511,21914,BLUE HARMONICA IN BOX,96
17511,22074,6 RIBBONS SHIMMERING PINKS,96
17511,22077,6 RIBBONS RUSTIC CHARM,144
17511,22083,PAPER CHAIN KIT RETROSPOT,40
17511,22086,PAPER CHAIN KIT 50'S CHRISTMAS,40
17511,22109,FULL ENGLISH BREAKFAST PLATE,16
17511,22170,PICTURE FRAME WOOD TRIPLE PORTRAIT,24
17511,22174,PHOTO CUBE,48
17511,22197,SMALL POPCORN HOLDER,300
17511,22198,LARGE POPCORN HOLDER,50
17511,22257,FELT FARM ANIMAL SHEEP,144
17511,22258,FELT FARM ANIMAL RABBIT,144
17511,22259,FELT FARM ANIMAL HEN,144
17511,22264,FELT FARM ANIMAL WHITE BUNNY,288
17511,22310,IVORY KNITTED MUG COSY,50
17511,22343,PARTY PIZZA DISH RED RETROSPOT,48
17511,22344,PARTY PIZZA DISH PINK POLKADOT,48
17511,22345,PARTY PIZZA DISH BLUE POLKADOT,48
17511,22346,PARTY PIZZA DISH GREEN POLKADOT,48
17511,22411,JUMBO SHOPPER VINTAGE RED PAISLEY,100
17511,22493,PAINT YOUR OWN CANVAS SET,48
17511,22585,PACK OF 6 BIRDY GIFT TAGS,144
17511,22610,PENS ASSORTED FUNNY FACE,72
17511,22654,DELUXE SEWING KIT,40
17511,22665,RECIPE BOX BLUE SKETCHBOOK DESIGN,6
17511,22667,RECIPE BOX RETROSPOT,6
17511,22722,SET OF 6 SPICE TINS PANTRY DESIGN,24
17511,22752,SET 7 BABUSHKA NESTING BOXES,24
17511,22813,PACK 3 BOXES BIRD PANNETONE,96
17511,22906,12 MESSAGE CARDS WITH ENVELOPES,60
17511,22910,PAPER CHAIN KIT VINTAGE CHRISTMAS,120
17511,22941,CHRISTMAS LIGHTS 10 REINDEER,2
17511,22952,60 CAKE CASES VINTAGE CHRISTMAS,120
17511,22960,JAM MAKING SET WITH JARS,12
17511,22961,JAM MAKING SET PRINTED,12
17511,22962,JAM JAR WITH PINK LID,48
17511,22963,JAM JAR WITH GREEN LID,48
17511,22968,ROSE COTTAGE KEEPSAKE BOX,24
17511,22969,HOMEMADE JAM SCENTED CANDLES,96
17511,70006,LOVE HEART POCKET WARMER,120
17511,70007,HI TEC ALPINE HAND WARMER,120
17511,82484,WOOD BLACK BOARD ANT WHITE FINISH,24
17511,82600,NO SINGING METAL SIGN,48
17511,84029G,KNITTED UNION FLAG HOT WATER BOTTLE,24
17511,84030E,ENGLISH ROSE HOT WATER BOTTLE,24
17511,84879,ASSORTED COLOUR BIRD ORNAMENT,160
17511,84970S,HANGING HEART ZINC T-LIGHT HOLDER,144
17511,85099B,JUMBO BAG RED RETROSPOT,100
17511,85123A,WHITE HANGING HEART T-LIGHT HOLDER,128
17519,21080,SET/20 RED RETROSPOT PAPER NAPKINS,36
17519,21086,SET/6 RED SPOTTY PAPER CUPS,36
17519,21094,SET/6 RED SPOTTY PAPER PLATES,36
17519,22333,RETROSPOT PARTY BAG + STICKER SET,8
17519,22499,WOODEN UNION JACK BUNTING,3
17519,22568,FELTCRAFT CUSHION OWL,4
17519,22727,ALARM CLOCK BAKELIKE RED,4
17519,22777,GLASS CLOCHE LARGE,2
17519,22805,BLUE DRAWER KNOB ACRYLIC EDWARDIAN,12
17519,22822,CREAM WALL PLANTER HEART SHAPED,2
17519,22941,CHRISTMAS LIGHTS 10 REINDEER,2
17519,22942,CHRISTMAS LIGHTS 10 SANTAS,2
17519,22943,CHRISTMAS LIGHTS 10 VINTAGE BAUBLES,3
17519,22953,BIRTHDAY PARTY CORDON BARRIER TAPE,12
17519,22960,JAM MAKING SET WITH JARS,6
17519,47566,PARTY BUNTING,5
17519,47566B,TEA TIME PARTY BUNTING,5
17519,84949,SILVER HANGING T-LIGHT HOLDER,6
17524,21584,RETROSPOT SMALL TUBE MATCHES,20
17524,21591,COSY HOUR CIGAR BOX MATCHES,14
17524,22082,RIBBON REEL STRIPES DESIGN,5
17524,22469,HEART OF WICKER SMALL,18
17524,22694,WICKER STAR,18
17524,84947,ANTIQUE SILVER TEA GLASS ENGRAVED,15
17525,22111,SCOTTIE DOG HOT WATER BOTTLE,12
17525,22112,CHOCOLATE HOT WATER BOTTLE,24
17525,22692,DOORMAT WELCOME TO OUR HOME,4
17525,22835,HOT WATER BOTTLE I AM SO POORLY,12
17525,22837,HOT WATER BOTTLE BABUSHKA,12
17525,48138,DOORMAT UNION FLAG,4
17525,48184,DOORMAT ENGLISH ROSE,4
17525,48187,DOORMAT NEW ENGLAND,4
17525,84029G,KNITTED UNION FLAG HOT WATER BOTTLE,6
17526,21615,4 LAVENDER BOTANICAL DINNER CANDLES,6
17526,21616,4 PEAR BOTANICAL DINNER CANDLES,6
17526,22224,WHITE LOVEBIRD LANTERN,4
17526,22236,CAKE STAND 3 TIER MAGIC GARDEN,12
17526,22933,BAKING MOULD EASTER EGG MILK CHOC,12
17526,71053,WHITE METAL LANTERN,4
17530,20758,ABSTRACT CIRCLES POCKET BOOK,6
17530,20760,GARDEN PATH POCKET BOOK,3
17530,20762,GREEN FERN SKETCHBOOK,1
17530,20764,ABSTRACT CIRCLES SKETCHBOOK,1
17530,20765,CHRYSANTHEMUM SKETCHBOOK,1
17530,20766,GARDEN PATH SKETCHBOOK,1
17530,20770,ABSTRACT CIRCLE JOURNAL,1
17530,20771,CHRYSANTHEMUM  JOURNAL,1
17530,20774,GREEN FERN NOTEBOOK,2
17530,20777,CHRYSANTHEMUM NOTEBOOK,2
17530,20778,GARDEN PATH NOTEBOOK,1
17530,20970,PINK FLORAL FELTCRAFT SHOULDER BAG,2
17530,20971,PINK BLUE FELT CRAFT TRINKET BOX,2
17530,21034,REX CASH+CARRY JUMBO SHOPPER,1
17530,21156,RETROSPOT CHILDRENS APRON,1
17530,21210,SET OF 72 RETROSPOT PAPER  DOILIES,2
17530,21211,SET OF 72 SKULL PAPER  DOILIES,1
17530,21260,FIRST AID TIN,3
17530,21327,SKULLS WRITING SET,2
17530,21329,DINOSAURS  WRITING SET,2
17530,21479,WHITE SKULL HOT WATER BOTTLE,1
17530,21588,RETROSPOT GIANT TUBE MATCHES,2
17530,21591,COSY HOUR CIGAR BOX MATCHES,4
17530,21592,RETROSPOT CIGAR BOX MATCHES,4
17530,21671,RED SPOT CERAMIC DRAWER KNOB,6
17530,21871,SAVE THE PLANET MUG,2
17530,21875,KINGS CHOICE MUG,2
17530,21877,HOME SWEET HOME MUG,2
17530,21879,HEARTS GIFT TAPE,5
17530,21882,SKULLS TAPE,5
17530,21888,BINGO SET,1
17530,21905,MORE BUTTER METAL SIGN,1
17530,21908,CHOCOLATE THIS WAY METAL SIGN,2
17530,21931,JUMBO STORAGE BAG SUKI,2
17530,21975,PACK OF 60 DINOSAUR CAKE CASES,2
17530,21989,PACK OF 20 SKULL PAPER NAPKINS,2
17530,22151,PLACE SETTING WHITE HEART,11
17530,22154,ANGEL DECORATION 3 BUTTONS,48
17530,22271,FELTCRAFT DOLL ROSIE,2
17530,22367,CHILDRENS APRON SPACEBOY DESIGN,4
17530,22416,SET OF 36 DOILIES SPACEBOY DESIGN,1
17530,22417,PACK OF 60 SPACEBOY CAKE CASES,3
17530,22550,HOLIDAY FUN LUDO,2
17530,22551,PLASTERS IN TIN SPACEBOY,4
17530,22553,PLASTERS IN TIN SKULLS,6
17530,22555,PLASTERS IN TIN STRONGMAN,2
17530,22556,PLASTERS IN TIN CIRCUS PARADE,2
17530,22557,PLASTERS IN TIN VINTAGE PAISLEY,1
17530,22558,CLOTHES PEGS RETROSPOT PACK 24,4
17530,22666,RECIPE BOX PANTRY YELLOW DESIGN,1
17530,22743,MAKE YOUR OWN FLOWERPOWER CARD KIT,2
17530,22745,POPPY'S PLAYHOUSE BEDROOM,2
17530,22747,POPPY'S PLAYHOUSE BATHROOM,2
17530,22748,POPPY'S PLAYHOUSE KITCHEN,2
17530,22750,FELTCRAFT PRINCESS LOLA DOLL,1
17530,22751,FELTCRAFT PRINCESS OLIVIA DOLL,1
17530,22824,3 TIER SWEETHEART GARDEN SHELF,1
17530,22835,HOT WATER BOTTLE I AM SO POORLY,1
17530,22837,HOT WATER BOTTLE BABUSHKA,2
17530,22899,CHILDREN'S APRON DOLLY GIRL,1
17530,22951,60 CAKE CASES DOLLY GIRL DESIGN,2
17530,47591B,SCOTTIES CHILDRENS APRON,2
17530,47591D,PINK FAIRY CAKE CHILDRENS APRON,1
17530,84991,60 TEATIME FAIRY CAKE CASES,1
17530,85152,HAND OVER THE CHOCOLATE   SIGN,3
17551,17107D,"FLOWER FAIRY,5 SUMMER B'DRAW LINERS",4
17551,20751,FUNKY WASHING UP GLOVES ASSORTED,6
17551,20980,36 PENCILS TUBE POSY,3
17551,20984,12 PENCILS TALL TUBE POSY,3
17551,21232,STRAWBERRY CERAMIC TRINKET BOX,1
17551,21259,VICTORIAN SEWING BOX SMALL,2
17551,21326,AGED GLASS SILVER T-LIGHT HOLDER,4
17551,21430,SET/3 RED GINGHAM ROSE STORAGE BOX,2
17551,21448,12 DAISY PEGS IN WOOD BOX,4
17551,21609,SET 12 LAVENDER  BOTANICAL T-LIGHTS,2
17551,21613,S/12 VANILLA  BOTANICAL T-LIGHTS,2
17551,22095,LADS ONLY TISSUE BOX,1
17551,22130,PARTY CONE CHRISTMAS DECORATION,6
17551,22149,FELTCRAFT 6 FLOWER FRIENDS,4
17551,22150,3 STRIPEY MICE FELTCRAFT,4
17551,22178,VICTORIAN GLASS HANGING T-LIGHT,3
17551,22469,HEART OF WICKER SMALL,4
17551,22470,HEART OF WICKER LARGE,4
17551,22508,DOORSTOP RETROSPOT HEART,2
17551,22624,IVORY KITCHEN SCALES,1
17551,22693,GROW A FLYTRAP OR SUNFLOWER IN TIN,24
17551,22694,WICKER STAR,2
17551,22696,WICKER WREATH LARGE,2
17551,22960,JAM MAKING SET WITH JARS,2
17551,22969,HOMEMADE JAM SCENTED CANDLES,12
17551,46000P,POLYESTER FILLER PAD 65CMx65CM,4
17551,47504H,ENGLISH ROSE SPIRIT LEVEL,4
17551,72351A,SET/6 TURQUOISE BUTTERFLY T-LIGHTS,2
17551,72351B,SET/6 PINK  BUTTERFLY T-LIGHTS,2
17551,82494L,WOODEN FRAME ANTIQUE WHITE,1
17551,84279P,CHERRY BLOSSOM  DECORATIVE FLASK,2
17551,84509A,SET OF 4 ENGLISH ROSE PLACEMATS,4
17551,84520B,PACK 20 ENGLISH ROSE PAPER NAPKINS,4
17551,84536A,ENGLISH ROSE NOTEBOOK A7 SIZE,7
17551,84620,BLUE GINGHAM ROSE CUSHION COVER,2
17551,84836,ZINC METAL HEART DECORATION,6
17551,84910A,PINK PAISLEY CUSHION COVER,2
17551,85123A,WHITE HANGING HEART T-LIGHT HOLDER,4
17551,85214,TUB 24 PINK FLOWER PEGS,2
17552,20726,LUNCH BAG WOODLAND,10
17552,20977,36 PENCILS TUBE WOODLAND,16
17552,21033,JUMBO BAG CHARLIE AND LOLA TOYS,10
17552,21981,PACK OF 12 WOODLAND TISSUES,48
17552,22502,PICNIC BASKET WICKER SMALL,4
17552,22551,PLASTERS IN TIN SPACEBOY,12
17552,22584,PACK OF 6 PANNETONE GIFT BOXES,6
17552,22617,BAKING SET SPACEBOY DESIGN,6
17552,22623,BOX OF VINTAGE JIGSAW BLOCKS,6
17552,22890,NOVELTY BISCUITS CAKE STAND 3 TIER,2
17552,22966,GINGERBREAD MAN COOKIE CUTTER,12
17552,47590A,BLUE HAPPY BIRTHDAY BUNTING,6
17552,47590B,PINK HAPPY BIRTHDAY BUNTING,6
17567,20718,RED RETROSPOT SHOPPER BAG,10
17567,21258,VICTORIAN SEWING BOX LARGE,1
17567,21527,RED RETROSPOT TRADITIONAL TEAPOT,2
17567,21533,RETROSPOT LARGE MILK JUG,6
17567,21539,RED RETROSPOT BUTTER DISH,3
17567,21668,RED STRIPE CERAMIC DRAWER KNOB,12
17567,21669,BLUE STRIPE CERAMIC DRAWER KNOB,12
17567,21670,BLUE SPOT CERAMIC DRAWER KNOB,12
17567,21671,RED SPOT CERAMIC DRAWER KNOB,12
17567,21672,WHITE SPOT RED CERAMIC DRAWER KNOB,12
17567,21673,WHITE SPOT BLUE CERAMIC DRAWER KNOB,12
17567,22077,6 RIBBONS RUSTIC CHARM,12
17567,22111,SCOTTIE DOG HOT WATER BOTTLE,3
17567,22197,SMALL POPCORN HOLDER,12
17567,22198,LARGE POPCORN HOLDER,12
17567,22341,LOVE GARLAND PAINTED ZINC,12
17567,22379,RECYCLING BAG RETROSPOT,5
17567,22469,HEART OF WICKER SMALL,24
17567,22624,IVORY KITCHEN SCALES,4
17567,22625,RED KITCHEN SCALES,4
17567,22626,BLACK KITCHEN SCALES,4
17567,22627,MINT KITCHEN SCALES,4
17567,22696,WICKER WREATH LARGE,6
17567,22771,CLEAR DRAWER KNOB ACRYLIC EDWARDIAN,12
17567,22772,PINK DRAWER KNOB ACRYLIC EDWARDIAN,12
17567,22774,RED DRAWER KNOB ACRYLIC EDWARDIAN,12
17567,22775,PURPLE DRAWERKNOB ACRYLIC EDWARDIAN,12
17572,21106,CREAM SLICE FLANNEL CHOCOLATE SPOT,6
17572,21107,CREAM SLICE FLANNEL PINK SPOT,6
17572,21111,"SWISS ROLL TOWEL, CHOCOLATE  SPOTS",6
17572,22697,GREEN REGENCY TEACUP AND SAUCER,6
17576,20802,SMALL GLASS SUNDAE DISH CLEAR,6
17576,21733,RED HANGING HEART T-LIGHT HOLDER,4
17576,22415,WHITE TISSUE REAM,2
17576,22445,PENCIL CASE LIFE IS BEAUTIFUL,5
17576,22470,HEART OF WICKER LARGE,6
17576,22734,SET OF 6 RIBBONS VINTAGE CHRISTMAS,1
17576,22738,RIBBON REEL SNOWY VILLAGE,5
17576,22766,PHOTO FRAME CORNICE,4
17576,22782,SET 3 WICKER STORAGE BASKETS,4
17576,22783,SET 3 WICKER OVAL BASKETS W LIDS,4
17576,22794,SWEETHEART WIRE MAGAZINE RACK,2
17576,22891,TEA FOR ONE POLKADOT,1
17576,22909,SET OF 20 VINTAGE CHRISTMAS NAPKINS,6
17576,22910,PAPER CHAIN KIT VINTAGE CHRISTMAS,6
17576,22952,60 CAKE CASES VINTAGE CHRISTMAS,6
17576,35095B,RED VICTORIAN FABRIC OVAL BOX,6
17576,47578A,ENGLISH ROSE SMALL SCENTED FLOWER,8
17576,84819,DANISH ROSE ROUND SEWING BOX,16
17576,84823,DANISH ROSE FOLDING CHAIR,4
17576,84949,SILVER HANGING T-LIGHT HOLDER,6
17576,85123A,WHITE HANGING HEART T-LIGHT HOLDER,4
17576,85169A,IVORY LOVE BIRD CANDLE,24
17580,21485,RETROSPOT HEART HOT WATER BOTTLE,3
17580,22113,GREY HEART HOT WATER BOTTLE,4
17580,85034B,3 WHITE CHOC MORRIS BOXED CANDLES,4
17581,20724,RED RETROSPOT CHARLOTTE BAG,10
17581,20725,LUNCH BAG RED RETROSPOT,10
17581,20727,LUNCH BAG  BLACK SKULL.,10
17581,21080,SET/20 RED RETROSPOT PAPER NAPKINS,24
17581,21210,SET OF 72 RETROSPOT PAPER  DOILIES,24
17581,21212,PACK OF 72 RETROSPOT CAKE CASES,24
17581,21735,TWO DOOR CURIO CABINET,2
17581,22083,PAPER CHAIN KIT RETROSPOT,12
17581,22084,PAPER CHAIN KIT EMPIRE,6
17581,22086,PAPER CHAIN KIT 50'S CHRISTMAS,18
17581,22198,LARGE POPCORN HOLDER,12
17581,22333,RETROSPOT PARTY BAG + STICKER SET,8
17581,22355,CHARLOTTE BAG SUKI DESIGN,10
17581,22356,CHARLOTTE BAG PINK POLKADOT,10
17581,22380,TOY TIDY SPACEBOY,5
17581,22382,LUNCH BAG SPACEBOY DESIGN,10
17581,22384,LUNCH BAG PINK POLKADOT,10
17581,22558,CLOTHES PEGS RETROSPOT PACK 24,12
17581,22575,METAL MERRY CHRISTMAS WREATH,8
17581,22661,CHARLOTTE BAG DOLLY GIRL DESIGN,10
17581,22726,ALARM CLOCK BAKELIKE GREEN,8
17581,22729,ALARM CLOCK BAKELIKE ORANGE,4
17581,22733,3D TRADITIONAL CHRISTMAS STICKERS,20
17581,22776,SWEETHEART CAKESTAND 3 TIER,4
17581,22862,LOVE HEART NAPKIN BOX,4
17581,22909,SET OF 20 VINTAGE CHRISTMAS NAPKINS,24
17581,22910,PAPER CHAIN KIT VINTAGE CHRISTMAS,18
17581,22952,60 CAKE CASES VINTAGE CHRISTMAS,24
17581,22960,JAM MAKING SET WITH JARS,6
17581,22961,JAM MAKING SET PRINTED,12
17581,22964,3 PIECE SPACEBOY COOKIE CUTTER SET,6
17581,22965,3 TRADITIONAl BISCUIT CUTTERS  SET,6
17581,22966,GINGERBREAD MAN COOKIE CUTTER,12
17581,22969,HOMEMADE JAM SCENTED CANDLES,12
17581,72801C,4 ROSE PINK DINNER CANDLES,12
17581,72801D,4 SKY BLUE DINNER CANDLES,12
17581,79321,CHILLI LIGHTS,4
17581,84347,ROTATING SILVER ANGELS T-LIGHT HLDR,18
17591,20726,LUNCH BAG WOODLAND,1
17591,20762,GREEN FERN SKETCHBOOK,1
17591,21034,REX CASH+CARRY JUMBO SHOPPER,2
17591,21114,LAVENDER SCENTED FABRIC HEART,5
17591,21166,COOK WITH WINE METAL SIGN,2
17591,21169,YOU'RE CONFUSING ME METAL SIGN,2
17591,21174,POTTERING IN THE SHED METAL SIGN,1
17591,21175,GIN + TONIC DIET METAL SIGN,2
17591,21212,PACK OF 72 RETROSPOT CAKE CASES,1
17591,21484,CHICK GREY HOT WATER BOTTLE,3
17591,21609,SET 12 LAVENDER  BOTANICAL T-LIGHTS,1
17591,21616,4 PEAR BOTANICAL DINNER CANDLES,1
17591,21689,SILVER VANILLA  FLOWER CANDLE POT,1
17591,21813,GARLAND WITH STARS AND BELLS,2
17591,21818,GLITTER CHRISTMAS HEART,1
17591,21821,GLITTER STAR GARLAND WITH BELLS,1
17591,21843,RED RETROSPOT CAKE STAND,1
17591,21868,POTTING SHED TEA MUG,2
17591,21903,MAN FLU METAL SIGN,2
17591,22042,CHRISTMAS CARD SINGING ANGEL,12
17591,22077,6 RIBBONS RUSTIC CHARM,2
17591,22083,PAPER CHAIN KIT RETROSPOT,1
17591,22086,PAPER CHAIN KIT 50'S CHRISTMAS,1
17591,22087,PAPER BUNTING WHITE LACE,1
17591,22189,CREAM HEART CARD HOLDER,4
17591,22191,IVORY DINER WALL CLOCK,2
17591,22192,BLUE DINER WALL CLOCK,1
17591,22193,RED DINER WALL CLOCK,1
17591,22194,BLACK DINER WALL CLOCK,1
17591,22383,LUNCH BAG SUKI  DESIGN,1
17591,22423,REGENCY CAKESTAND 3 TIER,4
17591,22442,GROW YOUR OWN FLOWERS SET OF 3,1
17591,22443,GROW YOUR OWN HERBS SET OF 3,1
17591,22555,PLASTERS IN TIN STRONGMAN,1
17591,22582,PACK OF 6 SWEETIE GIFT BOXES,1
17591,22585,PACK OF 6 BIRDY GIFT TAGS,8
17591,22624,IVORY KITCHEN SCALES,1
17591,22694,WICKER STAR,1
17591,22770,MIRROR CORNICE,1
17591,22776,SWEETHEART CAKESTAND 3 TIER,1
17591,22781,GUMBALL MAGAZINE RACK,1
17591,22784,LANTERN CREAM GAZEBO,2
17591,22788,BROCANTE COAT RACK,1
17591,22837,HOT WATER BOTTLE BABUSHKA,1
17591,22841,ROUND CAKE TIN VINTAGE GREEN,1
17591,22867,HAND WARMER BIRD DESIGN,1
17591,22912,YELLOW COAT RACK PARIS FASHION,1
17591,22916,HERB MARKER THYME,2
17591,22918,HERB MARKER PARSLEY,3
17591,22919,HERB MARKER MINT,2
17591,22920,HERB MARKER BASIL,2
17591,22921,HERB MARKER CHIVES,2
17591,22926,IVORY GIANT GARDEN THERMOMETER,2
17591,22960,JAM MAKING SET WITH JARS,1
17591,71053,WHITE METAL LANTERN,1
17591,72232,FENG SHUI PILLAR CANDLE,12
17591,72799F,IVORY PILLAR CANDLE GOLD FLOCK,2
17591,79321,CHILLI LIGHTS,1
17591,82494L,WOODEN FRAME ANTIQUE WHITE,1
17591,82583,HOT BATHS METAL SIGN,4
17591,82600,NO SINGING METAL SIGN,1
17591,84029E,RED WOOLLY HOTTIE WHITE HEART.,1
17591,84247E,PACK/12 XMAS FUN CARD,2
17591,84792,ENCHANTED BIRD COATHANGER 5 HOOK,2
17591,84944,SET OF 6 KASHMIR FOLKART BAUBLES,1
17591,85152,HAND OVER THE CHOCOLATE   SIGN,3
17591,85170B,SET/6 BLACK BIRD T-LIGHT CANDLES,1
17593,20704,MR ROBOT SOFT TOY,8
17593,20705,MRS ROBOT SOFT TOY,8
17593,21071,VINTAGE BILLBOARD DRINK ME MUG,12
17593,21111,"SWISS ROLL TOWEL, CHOCOLATE  SPOTS",24
17593,21112,"SWISS ROLL TOWEL, PINK  SPOTS",24
17593,21615,4 LAVENDER BOTANICAL DINNER CANDLES,12
17593,21617,4 LILY  BOTANICAL DINNER CANDLES,12
17593,21620,SET OF 4 ROSE BOTANICAL CANDLES,12
17593,21622,VINTAGE UNION JACK CUSHION COVER,4
17593,21624,VINTAGE UNION JACK DOORSTOP,6
17593,22378,WALL TIDY RETROSPOT,20
17593,22469,HEART OF WICKER SMALL,12
17593,22470,HEART OF WICKER LARGE,12
17593,22497,SET OF 2 TINS VINTAGE BATHROOM,4
17593,22499,WOODEN UNION JACK BUNTING,12
17593,22507,MEMO BOARD RETROSPOT  DESIGN,4
17593,22508,DOORSTOP RETROSPOT HEART,4
17593,22558,CLOTHES PEGS RETROSPOT PACK 24,48
17593,22611,VINTAGE UNION JACK SHOPPING BAG,6
17593,22785,SQUARECUSHION COVER PINK UNION FLAG,6
17593,84823,DANISH ROSE FOLDING CHAIR,4
17593,84826,ASSTD DESIGN 3D PAPER STICKERS,60
17593,85054,FRENCH ENAMEL POT W LID,12
17593,85059,FRENCH ENAMEL WATER BASIN,8
17593,85174,S/4 CACTI CANDLES,16
17593,85184C,S/4 VALENTINE DECOUPAGE HEART BOX,24
17596,16011,ANIMAL STICKERS,41
17596,16016,LARGE CHINESE STYLE SCISSOR,2
17596,17003,BROCADE RING PURSE,144
17596,20665,RED RETROSPOT PURSE,1
17596,20974,12 PENCILS SMALL TUBE SKULL,9
17596,20975,12 PENCILS SMALL TUBE RED RETROSPOT,48
17596,21169,YOU'RE CONFUSING ME METAL SIGN,1
17596,21172,PARTY METAL SIGN,4
17596,21224,SET/4 SKULL BADGES,5
17596,21719,LOVELY BONBON STICKER SHEET,1
17596,21738,COSY SLIPPER SHOES SMALL  RED,1
17596,21830,ASSORTED CREEPY CRAWLIES,72
17596,21880,RED RETROSPOT TAPE,1
17596,21918,SET 12 KIDS COLOUR  CHALK STICKS,5
17596,21955,DOORMAT UNION JACK GUNS AND ROSES,1
17596,21986,PACK OF 12 PINK POLKADOT TISSUES,1
17596,22082,RIBBON REEL STRIPES DESIGN,5
17596,22083,PAPER CHAIN KIT RETROSPOT,3
17596,22097,SWALLOW SQUARE TISSUE BOX,2
17596,22100,SKULLS SQUARE TISSUE BOX,1
17596,22175,PINK OWL SOFT TOY,1
17596,22176,BLUE OWL SOFT TOY,1
17596,22203,MILK PAN RED RETROSPOT,1
17596,22297,HEART IVORY TRELLIS SMALL,5
17596,22315,200 RED + WHITE BENDY STRAWS,2
17596,22329,ROUND CONTAINER SET OF 5 RETROSPOT,1
17596,22360,GLASS JAR ENGLISH CONFECTIONERY,6
17596,22418,10 COLOUR SPACEBOY PEN,48
17596,22419,LIPSTICK PEN RED,6
17596,22424,ENAMEL BREAD BIN CREAM,1
17596,22428,ENAMEL FIRE BUCKET CREAM,1
17596,22476,EMPIRE UNION JACK TV DINNER TRAY,1
17596,22551,PLASTERS IN TIN SPACEBOY,1
17596,22554,PLASTERS IN TIN WOODLAND ANIMALS,2
17596,22556,PLASTERS IN TIN CIRCUS PARADE,3
17596,22557,PLASTERS IN TIN VINTAGE PAISLEY,3
17596,22614,PACK OF 12 SPACEBOY TISSUES,1
17596,22616,PACK OF 12 LONDON TISSUES,1
17596,22617,BAKING SET SPACEBOY DESIGN,1
17596,22630,DOLLY GIRL LUNCH BOX,1
17596,22632,HAND WARMER RED RETROSPOT,1
17596,22633,HAND WARMER UNION JACK,1
17596,22759,SET OF 3 NOTEBOOKS IN PARCEL,4
17596,22866,HAND WARMER SCOTTY DOG DESIGN,2
17596,47590A,BLUE HAPPY BIRTHDAY BUNTING,2
17596,47590B,PINK HAPPY BIRTHDAY BUNTING,2
17596,48173C,DOORMAT BLACK FLOCK,1
17596,72351A,SET/6 TURQUOISE BUTTERFLY T-LIGHTS,1
17596,72351B,SET/6 PINK  BUTTERFLY T-LIGHTS,1
17596,79030G,"TUMBLER, NEW ENGLAND",2
17596,79160,HEART SHAPE WIRELESS DOORBELL,1
17596,84030E,ENGLISH ROSE HOT WATER BOTTLE,1
17596,84050,PINK HEART SHAPE EGG FRYING PAN,1
17596,84536A,ENGLISH ROSE NOTEBOOK A7 SIZE,64
17596,84744,S/6 SEW ON CROCHET FLOWERS,3
17596,84879,ASSORTED COLOUR BIRD ORNAMENT,8
17611,21326,AGED GLASS SILVER T-LIGHT HOLDER,12
17611,21484,CHICK GREY HOT WATER BOTTLE,2
17611,21591,COSY HOUR CIGAR BOX MATCHES,3
17611,21755,LOVE BUILDING BLOCK WORD,2
17611,22086,PAPER CHAIN KIT 50'S CHRISTMAS,3
17611,22110,BIRD HOUSE HOT WATER BOTTLE,2
17611,22121,NOEL WOODEN BLOCK LETTERS,1
17611,22214,CANDLE PLATE LACE WHITE,4
17611,22489,PACK OF 12 TRADITIONAL CRAYONS,2
17611,22491,PACK OF 12 COLOURED PENCILS,2
17611,22563,HAPPY STENCIL CRAFT,2
17611,22564,ALPHABET STENCIL CRAFT,2
17611,22624,IVORY KITCHEN SCALES,2
17611,22729,ALARM CLOCK BAKELIKE ORANGE,1
17611,22730,ALARM CLOCK BAKELIKE IVORY,1
17611,22731,3D CHRISTMAS STAMPS STICKERS,3
17611,22733,3D TRADITIONAL CHRISTMAS STICKERS,3
17611,22753,SMALL YELLOW BABUSHKA NOTEBOOK,2
17611,22754,SMALL RED BABUSHKA NOTEBOOK,2
17611,22755,SMALL PURPLE BABUSHKA NOTEBOOK,2
17611,22798,ANTIQUE GLASS DRESSING TABLE POT,1
17611,22800,ANTIQUE TALL SWIRLGLASS TRINKET POT,1
17611,22909,SET OF 20 VINTAGE CHRISTMAS NAPKINS,6
17611,22910,PAPER CHAIN KIT VINTAGE CHRISTMAS,3
17611,22916,HERB MARKER THYME,4
17611,22917,HERB MARKER ROSEMARY,4
17611,22918,HERB MARKER PARSLEY,4
17611,22919,HERB MARKER MINT,4
17611,22920,HERB MARKER BASIL,4
17611,22921,HERB MARKER CHIVES,4
17611,22960,JAM MAKING SET WITH JARS,2
17611,22961,JAM MAKING SET PRINTED,3
17611,22969,HOMEMADE JAM SCENTED CANDLES,12
17611,22972,CHILDREN'S SPACEBOY MUG,2
17611,22973,CHILDREN'S CIRCUS PARADE MUG,2
17611,22974,CHILDRENS DOLLY GIRL MUG,2
17611,22975,SPACEBOY CHILDRENS EGG CUP,2
17611,22977,DOLLY GIRL CHILDRENS EGG CUP,2
17611,22988,SOLDIERS EGG CUP,2
17611,48173C,DOORMAT BLACK FLOCK,1
17611,48184,DOORMAT ENGLISH ROSE,2
17611,48187,DOORMAT NEW ENGLAND,2
17611,48194,DOORMAT HEARTS,1
17611,84947,ANTIQUE SILVER TEA GLASS ENGRAVED,6
17616,85123A,WHITE HANGING HEART T-LIGHT HOLDER,128
17618,18098C,PORCELAIN BUTTERFLY OIL BURNER,5
17618,20676,RED RETROSPOT BOWL,5
17618,20754,RETROSPOT RED WASHING UP GLOVES,4
17618,20967,GREY FLORAL FELTCRAFT SHOULDER BAG,3
17618,20970,PINK FLORAL FELTCRAFT SHOULDER BAG,2
17618,21164,HOME SWEET HOME METAL SIGN,4
17618,21212,PACK OF 72 RETROSPOT CAKE CASES,3
17618,21218,RED SPOTTY BISCUIT TIN,1
17618,21231,SWEETHEART CERAMIC TRINKET BOX,8
17618,21232,STRAWBERRY CERAMIC TRINKET BOX,8
17618,21248,DOOR HANGER  MUM + DADS ROOM,1
17618,21704,BAG 250g SWIRLY MARBLES,4
17618,21790,VINTAGE SNAP CARDS,5
17618,21791,VINTAGE HEADS AND TAILS CARD GAME,2
17618,21889,WOODEN BOX OF DOMINOES,4
17618,22197,SMALL POPCORN HOLDER,10
17618,22198,LARGE POPCORN HOLDER,10
17618,22209,WOOD STAMP SET HAPPY BIRTHDAY,2
17618,22489,PACK OF 12 TRADITIONAL CRAYONS,6
17618,22491,PACK OF 12 COLOURED PENCILS,6
17618,22548,HEADS AND TAILS SPORTING FUN,2
17618,22558,CLOTHES PEGS RETROSPOT PACK 24,4
17618,22560,TRADITIONAL MODELLING CLAY,4
17618,22561,WOODEN SCHOOL COLOURING SET,4
17618,22562,MONSTERS STENCIL CRAFT,3
17618,22563,HAPPY STENCIL CRAFT,3
17618,22564,ALPHABET STENCIL CRAFT,3
17618,22568,FELTCRAFT CUSHION OWL,3
17618,22569,FELTCRAFT CUSHION BUTTERFLY,1
17618,22570,FELTCRAFT CUSHION RABBIT,3
17618,22623,BOX OF VINTAGE JIGSAW BLOCKS,4
17618,22645,CERAMIC HEART FAIRY CAKE MONEY BANK,2
17618,22646,CERAMIC STRAWBERRY CAKE MONEY BANK,8
17618,22749,FELTCRAFT PRINCESS CHARLOTTE DOLL,5
17618,22750,FELTCRAFT PRINCESS LOLA DOLL,2
17618,22760,"TRAY, BREAKFAST IN BED",1
17618,22796,PHOTO FRAME 3 CLASSIC HANGING,2
17618,22844,VINTAGE CREAM DOG FOOD CONTAINER,1
17618,22940,FELTCRAFT CHRISTMAS FAIRY,4
17618,84991,60 TEATIME FAIRY CAKE CASES,5
17618,85227,SET OF 6 3D KIT CARDS FOR KIDS,4
17621,18098C,PORCELAIN BUTTERFLY OIL BURNER,6
17621,22086,PAPER CHAIN KIT 50'S CHRISTMAS,40
17621,22699,ROSES REGENCY TEACUP AND SAUCER,6
17621,22910,PAPER CHAIN KIT VINTAGE CHRISTMAS,40
17629,20724,RED RETROSPOT CHARLOTTE BAG,10
17629,21485,RETROSPOT HEART HOT WATER BOTTLE,6
17629,21931,JUMBO STORAGE BAG SUKI,10
17629,22195,LARGE HEART MEASURING SPOONS,24
17629,22196,SMALL HEART MEASURING SPOONS,24
17629,22509,SEWING BOX RETROSPOT DESIGN,1
17629,22639,SET OF 4 NAPKIN CHARMS HEARTS,6
17629,22831,WHITE BROCANTE SOAP DISH,6
17629,84029E,RED WOOLLY HOTTIE WHITE HEART.,8
17629,84378,SET OF 3 HEART COOKIE CUTTERS,12
17629,84406B,CREAM CUPID HEARTS COAT HANGER,8
17643,20749,ASSORTED COLOUR MINI CASES,2
17643,21843,RED RETROSPOT CAKE STAND,1
17643,21922,UNION STRIPE WITH FRINGE  HAMMOCK,2
17643,22336,DOVE DECORATION PAINTED ZINC,24
17643,22597,CHRISTMAS MUSICAL ZINC HEART,12
17643,22599,CHRISTMAS MUSICAL ZINC STAR,12
17643,22694,WICKER STAR,6
17643,35961,FOLKART ZINC HEART CHRISTMAS DEC,12
17646,21682,LARGE MEDINA STAMPED METAL BOWL,12
17646,21683,MEDIUM MEDINA STAMPED METAL BOWL,12
17646,21684,SMALL MEDINA STAMPED METAL BOWL,24
17646,22604,SET OF 4 NAPKIN CHARMS CUTLERY,6
17646,22625,RED KITCHEN SCALES,6
17646,22791,T-LIGHT GLASS FLUTED ANTIQUE,24
17646,22925,BLUE GIANT GARDEN THERMOMETER,2
17646,22961,JAM MAKING SET PRINTED,12
17646,84520B,PACK 20 ENGLISH ROSE PAPER NAPKINS,12
17655,21361,LOVE LARGE WOOD LETTERS,18
17655,21363,HOME SMALL WOOD LETTERS,6
17655,21754,HOME BUILDING BLOCK WORD,18
17655,21755,LOVE BUILDING BLOCK WORD,18
17655,22171,3 HOOK PHOTO SHELF ANTIQUE WHITE,12
17655,47559B,TEA TIME OVEN GLOVE,10
17655,85123A,WHITE HANGING HEART T-LIGHT HOLDER,32
17655,85172,HYACINTH BULB T-LIGHT CANDLES,80
17655,85175,CACTI T-LIGHT CANDLES,80
17659,21257,VICTORIAN SEWING BOX MEDIUM,2
17659,21258,VICTORIAN SEWING BOX LARGE,2
17659,21259,VICTORIAN SEWING BOX SMALL,4
17659,21481,FAWN BLUE HOT WATER BOTTLE,6
17659,21669,BLUE STRIPE CERAMIC DRAWER KNOB,12
17659,21733,RED HANGING HEART T-LIGHT HOLDER,6
17659,22077,6 RIBBONS RUSTIC CHARM,12
17659,22423,REGENCY CAKESTAND 3 TIER,1
17659,22568,FELTCRAFT CUSHION OWL,8
17659,22569,FELTCRAFT CUSHION BUTTERFLY,12
17659,22570,FELTCRAFT CUSHION RABBIT,12
17659,22634,CHILDS BREAKFAST SET SPACEBOY,2
17659,22803,IVORY EMBROIDERED QUILT,1
17659,22846,BREAD BIN DINER STYLE RED,1
17659,84029E,RED WOOLLY HOTTIE WHITE HEART.,4
17671,22083,PAPER CHAIN KIT RETROSPOT,12
17671,22086,PAPER CHAIN KIT 50'S CHRISTMAS,12
17671,22243,5 HOOK HANGER RED MAGIC TOADSTOOL,12
17671,22432,WATERING CAN PINK BUNNY,6
17671,22488,NATURAL SLATE RECTANGLE CHALKBOARD,12
17671,22671,FRENCH LAUNDRY SIGN BLUE METAL,12
17671,22726,ALARM CLOCK BAKELIKE GREEN,8
17671,22727,ALARM CLOCK BAKELIKE RED,8
17671,22728,ALARM CLOCK BAKELIKE PINK,4
17671,22729,ALARM CLOCK BAKELIKE ORANGE,8
17671,22730,ALARM CLOCK BAKELIKE IVORY,4
17671,22910,PAPER CHAIN KIT VINTAGE CHRISTMAS,12
17671,22926,IVORY GIANT GARDEN THERMOMETER,2
17671,22927,GREEN GIANT GARDEN THERMOMETER,2
17671,84077,WORLD WAR 2 GLIDERS ASSTD DESIGNS,48
17671,84792,ENCHANTED BIRD COATHANGER 5 HOOK,4
17671,84879,ASSORTED COLOUR BIRD ORNAMENT,24
17674,21508,VINTAGE KID DOLLY CARD,12
17674,21509,COWBOYS AND INDIANS BIRTHDAY CARD,12
17674,21790,VINTAGE SNAP CARDS,72
17674,21791,VINTAGE HEADS AND TAILS CARD GAME,144
17674,22027,TEA PARTY BIRTHDAY CARD,12
17674,22029,SPACEBOY BIRTHDAY CARD,12
17674,22037,ROBOT BIRTHDAY CARD,12
17674,22045,SPACEBOY GIFT WRAP,25
17674,22714,CARD BIRTHDAY COWBOY,12
17674,22716,CARD CIRCUS PARADE,12
17674,84375,SET OF 20 KIDS COOKIE CUTTERS,24
17675,21181,PLEASE ONE PERSON METAL SIGN,48
17675,21754,HOME BUILDING BLOCK WORD,12
17675,22187,GREEN CHRISTMAS TREE CARD HOLDER,8
17675,22189,CREAM HEART CARD HOLDER,8
17675,22633,HAND WARMER UNION JACK,12
17675,22726,ALARM CLOCK BAKELIKE GREEN,32
17675,22728,ALARM CLOCK BAKELIKE PINK,16
17675,22730,ALARM CLOCK BAKELIKE IVORY,8
17675,22865,HAND WARMER OWL DESIGN,36
17675,22867,HAND WARMER BIRD DESIGN,36
17675,71477,COLOUR GLASS. STAR T-LIGHT HOLDER,24
17675,82484,WOOD BLACK BOARD ANT WHITE FINISH,12
17675,84946,ANTIQUE SILVER TEA GLASS ETCHED,24
17675,85123A,WHITE HANGING HEART T-LIGHT HOLDER,64
17675,85152,HAND OVER THE CHOCOLATE   SIGN,48
17676,20725,LUNCH BAG RED RETROSPOT,10
17676,21156,RETROSPOT CHILDRENS APRON,8
17676,21164,HOME SWEET HOME METAL SIGN,12
17676,21479,WHITE SKULL HOT WATER BOTTLE,4
17676,21481,FAWN BLUE HOT WATER BOTTLE,6
17676,21871,SAVE THE PLANET MUG,12
17676,21877,HOME SWEET HOME MUG,24
17676,22219,LOVEBIRD HANGING DECORATION WHITE,24
17676,22355,CHARLOTTE BAG SUKI DESIGN,10
17676,22367,CHILDRENS APRON SPACEBOY DESIGN,8
17676,22867,HAND WARMER BIRD DESIGN,12
17676,22898,CHILDRENS APRON APPLES DESIGN,8
17676,47591D,PINK FAIRY CAKE CHILDRENS APRON,8
17676,79321,CHILLI LIGHTS,8
17676,84029E,RED WOOLLY HOTTIE WHITE HEART.,4
17677,10002,INFLATABLE POLITICAL GLOBE,24
17677,15056N,EDWARDIAN PARASOL NATURAL,3
17677,21080,SET/20 RED RETROSPOT PAPER NAPKINS,12
17677,21212,PACK OF 72 RETROSPOT CAKE CASES,120
17677,21213,PACK OF 72 SKULL CAKE CASES,48
17677,21232,STRAWBERRY CERAMIC TRINKET BOX,12
17677,21731,RED TOADSTOOL LED NIGHT LIGHT,12
17677,21977,PACK OF 60 PINK PAISLEY CAKE CASES,48
17677,22144,CHRISTMAS CRAFT LITTLE FRIENDS,12
17677,22193,RED DINER WALL CLOCK,2
17677,22315,200 RED + WHITE BENDY STRAWS,12
17677,22383,LUNCH BAG SUKI  DESIGN,100
17677,22632,HAND WARMER RED RETROSPOT,48
17677,22696,WICKER WREATH LARGE,6
17677,22837,HOT WATER BOTTLE BABUSHKA,4
17677,22866,HAND WARMER SCOTTY DOG DESIGN,48
17677,22867,HAND WARMER BIRD DESIGN,48
17677,22930,BAKING MOULD HEART MILK CHOCOLATE,72
17677,22931,BAKING MOULD HEART WHITE CHOCOLATE,72
17677,22932,BAKING MOULD TOFFEE CUP CHOCOLATE,72
17677,22935,BAKING MOULD ROSE MILK CHOCOLATE,72
17677,22941,CHRISTMAS LIGHTS 10 REINDEER,2
17677,22961,JAM MAKING SET PRINTED,12
17677,84991,60 TEATIME FAIRY CAKE CASES,48
17677,85014A,BLACK/BLUE POLKADOT UMBRELLA,3
17677,85099B,JUMBO BAG RED RETROSPOT,100
17682,20725,LUNCH BAG RED RETROSPOT,20
17682,20726,LUNCH BAG WOODLAND,10
17682,20727,LUNCH BAG  BLACK SKULL.,20
17682,20728,LUNCH BAG CARS BLUE,10
17682,21260,FIRST AID TIN,12
17682,21790,VINTAGE SNAP CARDS,12
17682,21888,BINGO SET,4
17682,22382,LUNCH BAG SPACEBOY DESIGN,10
17682,22383,LUNCH BAG SUKI  DESIGN,10
17682,22384,LUNCH BAG PINK POLKADOT,20
17682,22457,NATURAL SLATE HEART CHALKBOARD,6
17682,22469,HEART OF WICKER SMALL,12
17682,22470,HEART OF WICKER LARGE,6
17682,22662,LUNCH BAG DOLLY GIRL DESIGN,10
17682,22674,FRENCH TOILET SIGN BLUE METAL,12
17682,82583,HOT BATHS METAL SIGN,12
17682,84978,HANGING HEART JAR T-LIGHT HOLDER,12
17682,85123A,WHITE HANGING HEART T-LIGHT HOLDER,12
17685,20973,12 PENCIL SMALL TUBE WOODLAND,48
17685,21313,GLASS HEART T-LIGHT HOLDER,12
17685,21326,AGED GLASS SILVER T-LIGHT HOLDER,12
17685,21733,RED HANGING HEART T-LIGHT HOLDER,6
17685,21801,CHRISTMAS TREE DECORATION WITH BELL,36
17685,22576,SWALLOW WOODEN CHRISTMAS DECORATION,12
17685,22585,PACK OF 6 BIRDY GIFT TAGS,12
17685,22704,WRAP RED APPLES,25
17685,22705,WRAP GREEN PEARS,25
17685,22813,PACK 3 BOXES BIRD PANNETONE,12
17685,79321,CHILLI LIGHTS,24
17685,85114A,BLACK ENCHANTED FOREST PLACEMAT,120
17685,85123A,WHITE HANGING HEART T-LIGHT HOLDER,12
17690,21479,WHITE SKULL HOT WATER BOTTLE,12
17690,21481,FAWN BLUE HOT WATER BOTTLE,6
17690,21484,CHICK GREY HOT WATER BOTTLE,8
17690,21754,HOME BUILDING BLOCK WORD,3
17690,21755,LOVE BUILDING BLOCK WORD,3
17690,22118,JOY WOODEN BLOCK LETTERS,3
17690,22119,PEACE WOODEN BLOCK LETTERS,3
17690,22726,ALARM CLOCK BAKELIKE GREEN,4
17690,22728,ALARM CLOCK BAKELIKE PINK,4
17690,22729,ALARM CLOCK BAKELIKE ORANGE,4
17690,22834,HAND WARMER BABUSHKA DESIGN,36
17690,22837,HOT WATER BOTTLE BABUSHKA,24
17690,22865,HAND WARMER OWL DESIGN,24
17690,22866,HAND WARMER SCOTTY DOG DESIGN,24
17690,22941,CHRISTMAS LIGHTS 10 REINDEER,4
17690,22942,CHRISTMAS LIGHTS 10 SANTAS,2
17690,22965,3 TRADITIONAl BISCUIT CUTTERS  SET,6
17690,22966,GINGERBREAD MAN COOKIE CUTTER,12
17690,22972,CHILDREN'S SPACEBOY MUG,12
17690,22974,CHILDRENS DOLLY GIRL MUG,12
17690,22975,SPACEBOY CHILDRENS EGG CUP,12
17690,22988,SOLDIERS EGG CUP,12
17690,84029E,RED WOOLLY HOTTIE WHITE HEART.,8
17690,84029G,KNITTED UNION FLAG HOT WATER BOTTLE,4
17691,20749,ASSORTED COLOUR MINI CASES,2
17691,20897,VINTAGE NOTEBOOK PARIS DAYS,6
17691,20903,VINTAGE KEEPSAKE BOX TRAVELOGUE,2
17691,21114,LAVENDER SCENTED FABRIC HEART,10
17691,21314,SMALL GLASS HEART TRINKET POT,8
17691,21485,RETROSPOT HEART HOT WATER BOTTLE,3
17691,22086,PAPER CHAIN KIT 50'S CHRISTMAS,6
17691,22149,FELTCRAFT 6 FLOWER FRIENDS,6
17691,22403,MAGNETS PACK OF 4 VINTAGE LABELS,12
17691,22471,TV DINNER TRAY AIR HOSTESS,3
17691,22565,FELTCRAFT HAIRBANDS PINK AND WHITE,12
17691,22910,PAPER CHAIN KIT VINTAGE CHRISTMAS,6
17691,22961,JAM MAKING SET PRINTED,12
17691,82486,WOOD S/3 CABINET ANT WHITE FINISH,4
17691,84744,S/6 SEW ON CROCHET FLOWERS,12
17691,84978,HANGING HEART JAR T-LIGHT HOLDER,12
17691,85169A,IVORY LOVE BIRD CANDLE,12
17691,85184C,S/4 VALENTINE DECOUPAGE HEART BOX,6
17692,20668,DISCO BALL CHRISTMAS DECORATION,24
17692,20750,RED RETROSPOT MINI CASES,2
17692,20914,SET/5 RED RETROSPOT LID GLASS BOWLS,3
17692,21181,PLEASE ONE PERSON METAL SIGN,3
17692,21385,IVORY HANGING DECORATION  HEART,24
17692,21479,WHITE SKULL HOT WATER BOTTLE,3
17692,21803,CHRISTMAS TREE STAR DECORATION,36
17692,21807,WHITE CHRISTMAS STAR DECORATION,36
17692,21808,"CHRISTMAS GARLAND STARS,TREES",12
17692,21818,GLITTER CHRISTMAS HEART,10
17692,21870,I CAN ONLY PLEASE ONE PERSON MUG,14
17692,21874,GIN AND TONIC MUG,18
17692,22113,GREY HEART HOT WATER BOTTLE,3
17692,22155,STAR DECORATION RUSTIC,19
17692,22157,ANGEL DECORATION WITH LACE PADDED,24
17692,22219,LOVEBIRD HANGING DECORATION WHITE,10
17692,22336,DOVE DECORATION PAINTED ZINC,10
17692,22338,STAR DECORATION PAINTED ZINC,10
17692,22492,MINI PAINT SET VINTAGE,36
17692,22591,CARDHOLDER GINGHAM CHRISTMAS TREE,1
17692,22644,CERAMIC CHERRY CAKE MONEY BANK,4
17692,22650,CERAMIC PIRATE CHEST MONEY BANK,4
17692,22693,GROW A FLYTRAP OR SUNFLOWER IN TIN,24
17692,85211,S/4 GROOVY CAT MAGNETS,6
17692,M,Manual,48
17696,22057,CERAMIC PLATE STRAWBERRY DESIGN,24
17696,22059,CERAMIC STRAWBERRY DESIGN MUG,12
17696,22649,STRAWBERRY FAIRY CAKE TEAPOT,8
17696,22810,SET OF 6 T-LIGHTS SNOWMEN,6
17696,22892,SET OF SALT AND PEPPER TOADSTOOLS,12
17696,37447,CERAMIC CAKE DESIGN SPOTTED PLATE,24
17696,84356,POMPOM CURTAIN,2
17706,21154,RED RETROSPOT OVEN GLOVE,10
17706,21479,WHITE SKULL HOT WATER BOTTLE,4
17706,21484,CHICK GREY HOT WATER BOTTLE,4
17706,21790,VINTAGE SNAP CARDS,12
17706,21791,VINTAGE HEADS AND TAILS CARD GAME,12
17706,21929,JUMBO BAG PINK VINTAGE PAISLEY,10
17706,21930,JUMBO STORAGE BAG SKULLS,10
17706,22113,GREY HEART HOT WATER BOTTLE,4
17706,22411,JUMBO SHOPPER VINTAGE RED PAISLEY,10
17706,22423,REGENCY CAKESTAND 3 TIER,2
17706,22427,ENAMEL FLOWER JUG CREAM,3
17706,22558,CLOTHES PEGS RETROSPOT PACK 24,12
17706,22697,GREEN REGENCY TEACUP AND SAUCER,6
17706,22771,CLEAR DRAWER KNOB ACRYLIC EDWARDIAN,12
17706,22773,GREEN DRAWER KNOB ACRYLIC EDWARDIAN,12
17706,22775,PURPLE DRAWERKNOB ACRYLIC EDWARDIAN,12
17706,22776,SWEETHEART CAKESTAND 3 TIER,2
17706,22789,T-LIGHT HOLDER SWEETHEART HANGING,8
17706,22792,FLUTED ANTIQUE CANDLE HOLDER,12
17706,22798,ANTIQUE GLASS DRESSING TABLE POT,8
17706,22800,ANTIQUE TALL SWIRLGLASS TRINKET POT,4
17706,22801,ANTIQUE GLASS PEDESTAL BOWL,4
17706,22805,BLUE DRAWER KNOB ACRYLIC EDWARDIAN,12
17706,22822,CREAM WALL PLANTER HEART SHAPED,4
17706,22835,HOT WATER BOTTLE I AM SO POORLY,4
17706,22867,HAND WARMER BIRD DESIGN,12
17706,47559B,TEA TIME OVEN GLOVE,10
17706,85099C,JUMBO  BAG BAROQUE BLACK WHITE,10
17720,22112,CHOCOLATE HOT WATER BOTTLE,24
17722,11001,ASSTD DESIGN RACING CAR PEN,16
17722,15036,ASSORTED COLOURS SILK FAN,12
17722,16156S,WRAP PINK FAIRY CAKES,25
17722,20685,DOORMAT RED RETROSPOT,2
17722,20828,GLITTER BUTTERFLY CLIPS,6
17722,21059,PARTY INVITES DINOSAURS,12
17722,21061,PARTY INVITES FOOTBALL,12
17722,21063,PARTY INVITES JAZZ HEARTS,12
17722,21108,FAIRY CAKE FLANNEL ASSORTED COLOUR,9
17722,21156,RETROSPOT CHILDRENS APRON,8
17722,21201,TROPICAL  HONEYCOMB PAPER GARLAND,12
17722,21470,FLOWER VINE RAFFIA FOOD COVER,6
17722,21498,RED RETROSPOT WRAP,25
17722,21523,DOORMAT FANCY FONT HOME SWEET HOME,2
17722,21557,SET OF 6 FUNKY BEAKERS,6
17722,21830,ASSORTED CREEPY CRAWLIES,24
17722,21832,CHOCOLATE CALCULATOR,12
17722,22029,SPACEBOY BIRTHDAY CARD,12
17722,22052,VINTAGE CARAVAN GIFT WRAP,25
17722,22083,PAPER CHAIN KIT RETROSPOT,6
17722,22085,PAPER CHAIN KIT SKULLS,6
17722,22093,MOTORING TISSUE BOX,12
17722,22097,SWALLOW SQUARE TISSUE BOX,12
17722,22181,SNOWSTORM PHOTO FRAME FRIDGE MAGNET,12
17722,22203,MILK PAN RED RETROSPOT,4
17722,22359,GLASS JAR KINGS CHOICE,6
17722,22375,AIRLINE BAG VINTAGE JET SET BROWN,4
17722,22423,REGENCY CAKESTAND 3 TIER,4
17722,22492,MINI PAINT SET VINTAGE,36
17722,22549,PICTURE DOMINOES,12
17722,22553,PLASTERS IN TIN SKULLS,12
17722,22554,PLASTERS IN TIN WOODLAND ANIMALS,12
17722,22558,CLOTHES PEGS RETROSPOT PACK 24,12
17722,22706,WRAP COWBOYS,25
17722,22846,BREAD BIN DINER STYLE RED,4
17722,22847,BREAD BIN DINER STYLE IVORY,4
17722,22848,BREAD BIN DINER STYLE PINK,4
17722,22849,BREAD BIN DINER STYLE MINT,1
17722,22969,HOMEMADE JAM SCENTED CANDLES,24
17722,22986,GINGHAM ROSE WRAP,25
17722,47591D,PINK FAIRY CAKE CHILDRENS APRON,8
17722,72351A,SET/6 TURQUOISE BUTTERFLY T-LIGHTS,12
17722,72351B,SET/6 PINK  BUTTERFLY T-LIGHTS,12
17722,84558A,3D DOG PICTURE PLAYING CARDS,6
17722,84559A,3D SHEET OF DOG STICKERS,12
17732,21481,FAWN BLUE HOT WATER BOTTLE,6
17732,21733,RED HANGING HEART T-LIGHT HOLDER,6
17732,21754,HOME BUILDING BLOCK WORD,3
17732,21756,BATH BUILDING BLOCK WORD,3
17732,21955,DOORMAT UNION JACK GUNS AND ROSES,2
17732,22114,HOT WATER BOTTLE TEA AND SYMPATHY,4
17732,22365,DOORMAT RESPECTABLE HOUSE,2
17732,22386,JUMBO BAG PINK POLKADOT,10
17732,22423,REGENCY CAKESTAND 3 TIER,1
17732,22457,NATURAL SLATE HEART CHALKBOARD,6
17732,22507,MEMO BOARD RETROSPOT  DESIGN,4
17732,22602,CHRISTMAS RETROSPOT HEART WOOD,12
17732,22624,IVORY KITCHEN SCALES,2
17732,22804,CANDLEHOLDER PINK HANGING HEART,6
17732,72760B,VINTAGE CREAM 3 BASKET CAKE STAND,2
17732,84879,ASSORTED COLOUR BIRD ORNAMENT,8
17732,85099B,JUMBO BAG RED RETROSPOT,10
17732,85123A,WHITE HANGING HEART T-LIGHT HOLDER,6
17735,20727,LUNCH BAG  BLACK SKULL.,10
17735,21485,RETROSPOT HEART HOT WATER BOTTLE,6
17735,22112,CHOCOLATE HOT WATER BOTTLE,3
17735,22114,HOT WATER BOTTLE TEA AND SYMPATHY,4
17735,22131,FOOD CONTAINER SET 3 LOVE HEART,6
17735,22147,FELTCRAFT BUTTERFLY HEARTS,12
17735,22326,ROUND SNACK BOXES SET OF4 WOODLAND,6
17735,22328,ROUND SNACK BOXES SET OF 4 FRUITS,6
17735,22382,LUNCH BAG SPACEBOY DESIGN,10
17735,22383,LUNCH BAG SUKI  DESIGN,10
17735,22470,HEART OF WICKER LARGE,6
17735,22551,PLASTERS IN TIN SPACEBOY,12
17735,22633,HAND WARMER UNION JACK,12
17735,22667,RECIPE BOX RETROSPOT,6
17735,22866,HAND WARMER SCOTTY DOG DESIGN,12
17735,22867,HAND WARMER BIRD DESIGN,12
17735,22891,TEA FOR ONE POLKADOT,15
17735,37370,RETRO COFFEE MUGS ASSORTED,12
17735,47559B,TEA TIME OVEN GLOVE,10
17735,84050,PINK HEART SHAPE EGG FRYING PAN,12
17735,84375,SET OF 20 KIDS COOKIE CUTTERS,12
17735,84992,72 SWEETHEART FAIRY CAKE CASES,24
17739,21479,WHITE SKULL HOT WATER BOTTLE,24
17739,21485,RETROSPOT HEART HOT WATER BOTTLE,24
17739,22112,CHOCOLATE HOT WATER BOTTLE,24
17739,79321,CHILLI LIGHTS,12
17739,85150,LADIES & GENTLEMEN METAL SIGN,6
17744,10133,COLOURING PENCILS BROWN TUBE,20
17744,10135,COLOURING PENCILS BROWN TUBE,40
17744,21632,VINTAGE PINK DECORATIVE PARASOL,12
17744,21873,IF YOU CAN'T STAND THE HEAT MUG,36
17744,21876,POTTERING MUG,36
17744,22190,LOCAL CAFE MUG,24
17744,22396,MAGNETS PACK OF 4 RETRO PHOTO,24
17744,22403,MAGNETS PACK OF 4 VINTAGE LABELS,24
17744,22610,PENS ASSORTED FUNNY FACE,72
17744,22647,CERAMIC LOVE HEART MONEY BANK,36
17744,35646,VINTAGE BEAD PINK EVENING BAG,24
17744,35648,VINTAGE BEAD PINK PURSE,48
17744,84012,MAGIC SHEEP WOOL GROWING FROM PAPER,48
17744,84951B,SET OF 4 BLACK LOVEBIRD COASTERS,12
17744,85169B,BLACK LOVE BIRD CANDLE,24
17744,85170B,SET/6 BLACK BIRD T-LIGHT CANDLES,12
17744,85170D,SET/6 PINK BIRD T-LIGHT CANDLES,12
17744,85173,SET/6 FROG PRINCE T-LIGHT CANDLES,24
17744,85174,S/4 CACTI CANDLES,16
17752,16225,RATTLE SNAKE EGGS,192
17757,10135,COLOURING PENCILS BROWN TUBE,1
17757,20752,BLUE POLKADOT WASHING UP GLOVES,4
17757,20754,RETROSPOT RED WASHING UP GLOVES,2
17757,21034,REX CASH+CARRY JUMBO SHOPPER,2
17757,21035,SET/2 RED RETROSPOT TEA TOWELS,1
17757,21080,SET/20 RED RETROSPOT PAPER NAPKINS,3
17757,21086,SET/6 RED SPOTTY PAPER CUPS,6
17757,21094,SET/6 RED SPOTTY PAPER PLATES,6
17757,21154,RED RETROSPOT OVEN GLOVE,3
17757,21156,RETROSPOT CHILDRENS APRON,2
17757,21217,RED RETROSPOT ROUND CAKE TINS,5
17757,21238,RED RETROSPOT CUP,5
17757,21239,PINK  POLKADOT CUP,8
17757,21240,BLUE POLKADOT CUP,8
17757,21260,FIRST AID TIN,2
17757,21407,BROWN CHECK CAT DOORSTOP,1
17757,21429,RED GINGHAM ROSE JEWELLERY BOX,1
17757,21481,FAWN BLUE HOT WATER BOTTLE,2
17757,21484,CHICK GREY HOT WATER BOTTLE,2
17757,21494,ROTATING LEAVES T-LIGHT HOLDER,4
17757,21528,DAIRY MAID TRADITIONAL TEAPOT,1
17757,21534,DAIRY MAID LARGE MILK JUG,1
17757,21744,SNOWFLAKE PORTABLE TABLE LIGHT,1
17757,21746,SMALL RED RETROSPOT WINDMILL,1
17757,21754,HOME BUILDING BLOCK WORD,1
17757,21845,DAIRY MAID STRIPE MUG,4
17757,21892,TRADITIONAL WOODEN CATCH CUP GAME,2
17757,21914,BLUE HARMONICA IN BOX,3
17757,22083,PAPER CHAIN KIT RETROSPOT,10
17757,22086,PAPER CHAIN KIT 50'S CHRISTMAS,16
17757,22141,CHRISTMAS CRAFT TREE TOP ANGEL,4
17757,22193,RED DINER WALL CLOCK,1
17757,22197,SMALL POPCORN HOLDER,35
17757,22198,LARGE POPCORN HOLDER,14
17757,22425,ENAMEL COLANDER CREAM,2
17757,22430,ENAMEL WATERING CAN CREAM,3
17757,22438,BALLOON ART MAKE YOUR OWN FLOWERS,1
17757,22439,6 ROCKET BALLOONS,1
17757,22456,NATURAL SLATE CHALKBOARD LARGE,4
17757,22502,PICNIC BASKET WICKER SMALL,9
17757,22617,BAKING SET SPACEBOY DESIGN,1
17757,22623,BOX OF VINTAGE JIGSAW BLOCKS,1
17757,22629,SPACEBOY LUNCH BOX,2
17757,22630,DOLLY GIRL LUNCH BOX,3
17757,22631,CIRCUS PARADE LUNCH BOX,3
17757,22632,HAND WARMER RED RETROSPOT,5
17757,22651,GENTLEMAN SHIRT REPAIR KIT,7
17757,22652,TRAVEL SEWING KIT,1
17757,22659,LUNCH BOX I LOVE LONDON,4
17757,22666,RECIPE BOX PANTRY YELLOW DESIGN,5
17757,22667,RECIPE BOX RETROSPOT,4
17757,22670,FRENCH WC SIGN BLUE METAL,1
17757,22671,FRENCH LAUNDRY SIGN BLUE METAL,3
17757,22681,FRENCH BLUE METAL DOOR SIGN 6,2
17757,22686,FRENCH BLUE METAL DOOR SIGN No,2
17757,22812,PACK 3 BOXES CHRISTMAS PANNETONE,6
17757,22844,VINTAGE CREAM DOG FOOD CONTAINER,1
17757,22865,HAND WARMER OWL DESIGN,6
17757,22867,HAND WARMER BIRD DESIGN,4
17757,22961,JAM MAKING SET PRINTED,1
17757,22963,JAM JAR WITH GREEN LID,6
17757,84916,HAND TOWEL PALE BLUE W FLOWERS,1
17760,21452,TOADSTOOL MONEY BOX,10
17760,21818,GLITTER CHRISTMAS HEART,36
17760,22798,ANTIQUE GLASS DRESSING TABLE POT,4
17760,22800,ANTIQUE TALL SWIRLGLASS TRINKET POT,4
17760,22909,SET OF 20 VINTAGE CHRISTMAS NAPKINS,10
17760,22941,CHRISTMAS LIGHTS 10 REINDEER,1
17760,22964,3 PIECE SPACEBOY COOKIE CUTTER SET,4
17760,22976,CIRCUS PARADE CHILDRENS EGG CUP,24
17760,85199S,SMALL HANGING IVORY/RED WOOD BIRD,72
17787,21164,HOME SWEET HOME METAL SIGN,12
17787,21179,NO JUNK MAIL METAL SIGN,6
17787,21181,PLEASE ONE PERSON METAL SIGN,6
17787,21217,RED RETROSPOT ROUND CAKE TINS,4
17787,21258,VICTORIAN SEWING BOX LARGE,2
17787,21259,VICTORIAN SEWING BOX SMALL,4
17787,21333,CLASSIC WHITE FRAME,4
17787,21385,IVORY HANGING DECORATION  HEART,24
17787,21843,RED RETROSPOT CAKE STAND,3
17787,21906,PHARMACIE FIRST AID TIN,6
17787,22116,METAL SIGN HIS DINNER IS SERVED,4
17787,22151,PLACE SETTING WHITE HEART,24
17787,22158,3 HEARTS HANGING DECORATION RUSTIC,8
17787,22188,BLACK HEART CARD HOLDER,6
17787,22296,HEART IVORY TRELLIS LARGE,12
17787,22297,HEART IVORY TRELLIS SMALL,24
17787,22456,NATURAL SLATE CHALKBOARD LARGE,6
17787,22457,NATURAL SLATE HEART CHALKBOARD,12
17787,22469,HEART OF WICKER SMALL,12
17787,22637,PIGGY BANK RETROSPOT,4
17787,22694,WICKER STAR,6
17787,48138,DOORMAT UNION FLAG,10
17787,82551,LAUNDRY 15C METAL SIGN,6
17787,82552,WASHROOM METAL SIGN,6
17787,82580,BATHROOM METAL SIGN,25
17787,82583,HOT BATHS METAL SIGN,12
17787,82600,NO SINGING METAL SIGN,12
17787,85061W,WHITE JEWELLED HEART DECORATION,48
17787,85129C,BEADED CRYSTAL HEART BLUE SMALL,24
17787,85130A,BEADED PEARL HEART WHITE LARGE,24
17790,21034,REX CASH+CARRY JUMBO SHOPPER,3
17790,21733,RED HANGING HEART T-LIGHT HOLDER,3
17790,22469,HEART OF WICKER SMALL,60
17790,22470,HEART OF WICKER LARGE,16
17790,22694,WICKER STAR,5
17790,22696,WICKER WREATH LARGE,5
17790,82482,WOODEN PICTURE FRAME WHITE FINISH,21
17790,82483,WOOD 2 DRAWER CABINET WHITE FINISH,2
17790,82486,WOOD S/3 CABINET ANT WHITE FINISH,2
17790,82494L,WOODEN FRAME ANTIQUE WHITE,21
17790,84352,SILVER CHRISTMAS TREE BAUBLE STAND,1
17790,85061W,WHITE JEWELLED HEART DECORATION,34
17790,85066,CREAM SWEETHEART MINI CHEST,2
17790,85123A,WHITE HANGING HEART T-LIGHT HOLDER,5
17796,21174,POTTERING IN THE SHED METAL SIGN,1
17796,21181,PLEASE ONE PERSON METAL SIGN,1
17796,21216,"SET 3 RETROSPOT TEA,COFFEE,SUGAR",1
17796,21218,RED SPOTTY BISCUIT TIN,1
17796,21479,WHITE SKULL HOT WATER BOTTLE,2
17796,21539,RED RETROSPOT BUTTER DISH,1
17796,21591,COSY HOUR CIGAR BOX MATCHES,2
17796,22224,WHITE LOVEBIRD LANTERN,2
17796,22427,ENAMEL FLOWER JUG CREAM,1
17796,22630,DOLLY GIRL LUNCH BOX,1
17796,22727,ALARM CLOCK BAKELIKE RED,1
17796,22784,LANTERN CREAM GAZEBO,4
17796,22795,SWEETHEART RECIPE BOOK STAND,1
17796,22829,SWEETHEART WIRE WALL TIDY,1
17796,22835,HOT WATER BOTTLE I AM SO POORLY,2
17796,22913,RED COAT RACK PARIS FASHION,1
17796,22926,IVORY GIANT GARDEN THERMOMETER,2
17796,22960,JAM MAKING SET WITH JARS,1
17796,84378,SET OF 3 HEART COOKIE CUTTERS,2
17799,21034,REX CASH+CARRY JUMBO SHOPPER,2
17799,21615,4 LAVENDER BOTANICAL DINNER CANDLES,2
17799,21617,4 LILY  BOTANICAL DINNER CANDLES,2
17799,21619,4 VANILLA BOTANICAL CANDLES,3
17799,21818,GLITTER CHRISTMAS HEART,6
17799,21819,GLITTER CHRISTMAS STAR,4
17799,21826,EIGHT PIECE DINOSAUR SET,8
17799,21830,ASSORTED CREEPY CRAWLIES,24
17799,21892,TRADITIONAL WOODEN CATCH CUP GAME,6
17799,22130,PARTY CONE CHRISTMAS DECORATION,6
17799,22144,CHRISTMAS CRAFT LITTLE FRIENDS,3
17799,22157,ANGEL DECORATION WITH LACE PADDED,7
17799,22602,CHRISTMAS RETROSPOT HEART WOOD,6
17799,22619,SET OF 6 SOLDIER SKITTLES,6
17799,22639,SET OF 4 NAPKIN CHARMS HEARTS,2
17799,22646,CERAMIC STRAWBERRY CAKE MONEY BANK,3
17799,22745,POPPY'S PLAYHOUSE BEDROOM,2
17799,22746,POPPY'S PLAYHOUSE LIVINGROOM,2
17799,22748,POPPY'S PLAYHOUSE KITCHEN,3
17799,22750,FELTCRAFT PRINCESS LOLA DOLL,3
17799,22751,FELTCRAFT PRINCESS OLIVIA DOLL,3
17799,22834,HAND WARMER BABUSHKA DESIGN,4
17799,22930,BAKING MOULD HEART MILK CHOCOLATE,3
17799,22933,BAKING MOULD EASTER EGG MILK CHOC,1
17799,22934,BAKING MOULD EASTER EGG WHITE CHOC,2
17799,22935,BAKING MOULD ROSE MILK CHOCOLATE,2
17799,22940,FELTCRAFT CHRISTMAS FAIRY,2
17799,22955,36 FOIL STAR CAKE CASES,3
17799,22956,36 FOIL HEART CAKE CASES,4
17799,72741,GRAND CHOCOLATECANDLE,9
17802,16156S,WRAP PINK FAIRY CAKES,25
17802,22632,HAND WARMER RED RETROSPOT,6
17802,22633,HAND WARMER UNION JACK,6
17802,22834,HAND WARMER BABUSHKA DESIGN,6
17802,22865,HAND WARMER OWL DESIGN,8
17802,22866,HAND WARMER SCOTTY DOG DESIGN,6
17802,85049A,TRADITIONAL CHRISTMAS RIBBONS,3
17802,85049C,ROMANTIC PINKS RIBBONS,3
17802,85049E,SCANDINAVIAN REDS RIBBONS,3
17802,85049F,BABY BOOM RIBBONS,3
17802,85049G,CHOCOLATE BOX RIBBONS,3
17802,85049H,URBAN BLACK RIBBONS,3
17809,21523,DOORMAT FANCY FONT HOME SWEET HOME,6
17809,22568,FELTCRAFT CUSHION OWL,12
17809,22569,FELTCRAFT CUSHION BUTTERFLY,12
17809,22585,PACK OF 6 BIRDY GIFT TAGS,24
17809,22617,BAKING SET SPACEBOY DESIGN,12
17809,22624,IVORY KITCHEN SCALES,24
17809,22652,TRAVEL SEWING KIT,24
17809,22749,FELTCRAFT PRINCESS CHARLOTTE DOLL,18
17809,22909,SET OF 20 VINTAGE CHRISTMAS NAPKINS,24
17809,22910,PAPER CHAIN KIT VINTAGE CHRISTMAS,24
17809,22940,FELTCRAFT CHRISTMAS FAIRY,18
17809,22943,CHRISTMAS LIGHTS 10 VINTAGE BAUBLES,100
17809,22961,JAM MAKING SET PRINTED,24
17809,84032A,CHARLIE+LOLA PINK HOT WATER BOTTLE,18
17809,84032B,CHARLIE + LOLA RED HOT WATER BOTTLE,18
17812,17021,NAMASTE SWAGAT INCENSE,2
17812,20718,RED RETROSPOT SHOPPER BAG,10
17812,21078,SET/20 STRAWBERRY PAPER NAPKINS,1
17812,21080,SET/20 RED RETROSPOT PAPER NAPKINS,1
17812,21314,SMALL GLASS HEART TRINKET POT,1
17812,21623,VINTAGE UNION JACK MEMOBOARD,1
17812,22113,GREY HEART HOT WATER BOTTLE,1
17812,22295,HEART FILIGREE DOVE LARGE,12
17812,22488,NATURAL SLATE RECTANGLE CHALKBOARD,1
17812,22585,PACK OF 6 BIRDY GIFT TAGS,6
17812,22633,HAND WARMER UNION JACK,2
17812,22736,RIBBON REEL MAKING SNOWMEN,1
17812,22737,RIBBON REEL CHRISTMAS PRESENT,1
17812,22739,RIBBON REEL CHRISTMAS SOCK BAUBLE,2
17812,22791,T-LIGHT GLASS FLUTED ANTIQUE,24
17812,22800,ANTIQUE TALL SWIRLGLASS TRINKET POT,4
17812,22845,VINTAGE CREAM CAT FOOD CONTAINER,1
17812,22909,SET OF 20 VINTAGE CHRISTMAS NAPKINS,1
17812,22938,CUPCAKE LACE PAPER SET 6,2
17812,22961,JAM MAKING SET PRINTED,2
17812,72802C,VANILLA SCENT CANDLE JEWELLED BOX,2
17812,84030E,ENGLISH ROSE HOT WATER BOTTLE,1
17812,84406B,CREAM CUPID HEARTS COAT HANGER,3
17812,84520B,PACK 20 ENGLISH ROSE PAPER NAPKINS,1
17812,84945,MULTI COLOUR SILVER T-LIGHT HOLDER,36
17812,85036C,ROSE 1 WICK MORRIS BOXED CANDLE,1
17812,85131A,BEADED PEARL HEART WHITE ON STICK,24
17816,11001,ASSTD DESIGN RACING CAR PEN,1
17816,16008,SMALL FOLDING SCISSOR(POINTED EDGE),2
17816,16014,SMALL CHINESE STYLE SCISSOR,1
17816,16015,MEDIUM CHINESE STYLE SCISSOR,1
17816,16016,LARGE CHINESE STYLE SCISSOR,2
17816,21311,SET/4 BIRD MIRROR MAGNETS,1
17816,21544,SKULLS  WATER TRANSFER TATTOOS,4
17816,22439,6 ROCKET BALLOONS,1
17816,22553,PLASTERS IN TIN SKULLS,2
17816,47504K,ENGLISH ROSE GARDEN SECATEURS,1
17819,20748,KENSINGTON COFFEE SET,3
17819,22306,SILVER MUG BONE CHINA TREE OF LIFE,24
17819,22423,REGENCY CAKESTAND 3 TIER,48
17819,22632,HAND WARMER RED RETROSPOT,10
17819,22697,GREEN REGENCY TEACUP AND SAUCER,48
17819,22699,ROSES REGENCY TEACUP AND SAUCER,48
17819,22865,HAND WARMER OWL DESIGN,20
17819,22866,HAND WARMER SCOTTY DOG DESIGN,20
17819,22909,SET OF 20 VINTAGE CHRISTMAS NAPKINS,2
17819,22910,PAPER CHAIN KIT VINTAGE CHRISTMAS,1
17819,22952,60 CAKE CASES VINTAGE CHRISTMAS,2
17819,85230B,CINNAMON SCENTED VOTIVE CANDLE,24
17819,85230F,JASMINE VOTIVE CANDLE,24
17827,17003,BROCADE RING PURSE,36
17827,17164B,ASS COL SMALL SAND GECKO P'WEIGHT,4
17827,17165D,ASS COL LARGE SAND FROG P'WEIGHT,6
17827,20654,FIRST CLASS LUGGAGE TAG,3
17827,20658,RED RETROSPOT LUGGAGE TAG,3
17827,20659,ECONOMY LUGGAGE TAG,3
17827,20755,BLUE PAISLEY POCKET BOOK,3
17827,20757,RED DAISY POCKET BOOK,3
17827,20762,GREEN FERN SKETCHBOOK,2
17827,20763,DAISY SKETCHBOOK,2
17827,20764,ABSTRACT CIRCLES SKETCHBOOK,2
17827,20765,CHRYSANTHEMUM SKETCHBOOK,2
17827,20832,RED FLOCK LOVE HEART PHOTO FRAME,24
17827,20967,GREY FLORAL FELTCRAFT SHOULDER BAG,2
17827,20969,RED FLORAL FELTCRAFT SHOULDER BAG,5
17827,20970,PINK FLORAL FELTCRAFT SHOULDER BAG,3
17827,21061,PARTY INVITES FOOTBALL,5
17827,21078,SET/20 STRAWBERRY PAPER NAPKINS,3
17827,21080,SET/20 RED RETROSPOT PAPER NAPKINS,2
17827,21098,CHRISTMAS TOILET ROLL,8
17827,21115,ROSE CARAVAN DOORSTOP,3
17827,21219,SET/4 BADGES BALLOON GIRL,10
17827,21328,BALLOONS  WRITING SET,6
17827,21329,DINOSAURS  WRITING SET,6
17827,21340,CLASSIC METAL BIRDCAGE PLANT HOLDER,2
17827,21442,GREEN BIRDHOUSE DECORATION,24
17827,21466,RED FLOWER CROCHET FOOD COVER,1
17827,21481,FAWN BLUE HOT WATER BOTTLE,2
17827,21638,ASSORTED TUTTI FRUTTI NOTEBOOK,6
17827,21644,ASSORTED TUTTI FRUTTI HEART BOX,12
17827,21696,SMALL SILVER TRELLIS CANDLEPOT,6
17827,21733,RED HANGING HEART T-LIGHT HOLDER,8
17827,21814,HEART T-LIGHT HOLDER,12
17827,21829,DINOSAUR KEYRINGS ASSORTED,36
17827,21867,PINK UNION JACK  LUGGAGE TAG,3
17827,21983,PACK OF 12 BLUE PAISLEY TISSUES,12
17827,22076,6 RIBBONS EMPIRE,4
17827,22077,6 RIBBONS RUSTIC CHARM,1
17827,22082,RIBBON REEL STRIPES DESIGN,5
17827,22111,SCOTTIE DOG HOT WATER BOTTLE,3
17827,22112,CHOCOLATE HOT WATER BOTTLE,3
17827,22142,CHRISTMAS CRAFT WHITE FAIRY,4
17827,22144,CHRISTMAS CRAFT LITTLE FRIENDS,4
17827,22149,FELTCRAFT 6 FLOWER FRIENDS,5
17827,22181,SNOWSTORM PHOTO FRAME FRIDGE MAGNET,12
17827,22291,HANGING CHICK CREAM DECORATION,24
17827,22295,HEART FILIGREE DOVE LARGE,12
17827,22307,GOLD MUG BONE CHINA TREE OF LIFE,6
17827,22450,SILK PURSE BABUSHKA BLUE,12
17827,22451,SILK PURSE BABUSHKA RED,12
17827,22457,NATURAL SLATE HEART CHALKBOARD,12
17827,22469,HEART OF WICKER SMALL,6
17827,22470,HEART OF WICKER LARGE,3
17827,22483,RED GINGHAM TEDDY BEAR,3
17827,22565,FELTCRAFT HAIRBANDS PINK AND WHITE,6
17827,22566,FELTCRAFT HAIRBAND PINK AND PURPLE,6
17827,22569,FELTCRAFT CUSHION BUTTERFLY,4
17827,22570,FELTCRAFT CUSHION RABBIT,4
17827,22586,FELTCRAFT HAIRBAND PINK AND BLUE,6
17827,22616,PACK OF 12 LONDON TISSUES,12
17827,22645,CERAMIC HEART FAIRY CAKE MONEY BANK,4
17827,22659,LUNCH BOX I LOVE LONDON,2
17827,22694,WICKER STAR,6
17827,22695,WICKER WREATH SMALL,3
17827,22696,WICKER WREATH LARGE,3
17827,22716,CARD CIRCUS PARADE,12
17827,22741,FUNKY DIVA PEN,48
17827,22744,MAKE YOUR OWN MONSOON CARD KIT,2
17827,22809,SET OF 6 T-LIGHTS SANTA,6
17827,22812,PACK 3 BOXES CHRISTMAS PANNETONE,2
17827,22813,PACK 3 BOXES BIRD PANNETONE,2
17827,22815,CARD PSYCHEDELIC APPLES,12
17827,22816,CARD MOTORBIKE SANTA,12
17827,22817,CARD SUKI BIRTHDAY,12
17827,22818,CARD CHRISTMAS VILLAGE,12
17827,22819,"BIRTHDAY CARD, RETRO SPOT",12
17827,22908,PACK OF 20 NAPKINS RED APPLES,3
17827,22909,SET OF 20 VINTAGE CHRISTMAS NAPKINS,5
17827,22923,FRIDGE MAGNETS LES ENFANTS ASSORTED,24
17827,22940,FELTCRAFT CHRISTMAS FAIRY,3
17827,22941,CHRISTMAS LIGHTS 10 REINDEER,2
17827,22943,CHRISTMAS LIGHTS 10 VINTAGE BAUBLES,6
17827,22961,JAM MAKING SET PRINTED,4
17827,22988,SOLDIERS EGG CUP,6
17827,72817,SET OF 2 CHRISTMAS DECOUPAGE CANDLE,12
17827,84029E,RED WOOLLY HOTTIE WHITE HEART.,3
17827,84029G,KNITTED UNION FLAG HOT WATER BOTTLE,2
17827,84032B,CHARLIE + LOLA RED HOT WATER BOTTLE,2
17827,84341B,SMALL PINK MAGIC CHRISTMAS TREE,6
17827,84520B,PACK 20 ENGLISH ROSE PAPER NAPKINS,3
17827,84879,ASSORTED COLOUR BIRD ORNAMENT,8
17827,85048,15CM CHRISTMAS GLASS BALL 20 LIGHTS,2
17827,85049B,LUSH GREENS RIBBONS,4
17827,85049E,SCANDINAVIAN REDS RIBBONS,4
17827,85123A,WHITE HANGING HEART T-LIGHT HOLDER,9
17827,85174,S/4 CACTI CANDLES,4
17827,85231B,CINAMMON SET OF 9 T-LIGHTS,6
17827,85231G,ORANGE SCENTED SET/9 T-LIGHTS,6
17827,90060D,FIRE POLISHED GLASS NECKL BRONZE,1
17827,90062,CARNIVAL BRACELET,3
17827,90081A,LILY BROOCH AMETHYST COLOUR,3
17827,90081C,LILY BROOCH OLIVE COLOUR,3
17827,90082A,DIAMANTE BOW BROOCH GREEN COLOUR,4
17827,90082B,DIAMANTE BOW BROOCH RED COLOUR,8
17827,90178A,AMBER CHUNKY GLASS+BEAD NECKLACE,1
17827,90195A,PURPLE GEMSTONE BRACELET,2
17827,90196B,BLACK GEMSTONE NECKLACE 45CM,1
17827,90200B,BLACK SWEETHEART BRACELET,2
17827,90200D,PINK SWEETHEART BRACELET,2
17838,21071,VINTAGE BILLBOARD DRINK ME MUG,6
17838,21166,COOK WITH WINE METAL SIGN,12
17838,21169,YOU'RE CONFUSING ME METAL SIGN,24
17838,21174,POTTERING IN THE SHED METAL SIGN,12
17838,21175,GIN + TONIC DIET METAL SIGN,12
17838,21181,PLEASE ONE PERSON METAL SIGN,12
17838,21874,GIN AND TONIC MUG,12
17838,21876,POTTERING MUG,12
17838,21877,HOME SWEET HOME MUG,6
17838,21899,"KEY FOB , GARAGE DESIGN",48
17838,21900,"KEY FOB , SHED",48
17838,21901,"KEY FOB , BACK DOOR",48
17838,21902,"KEY FOB , FRONT  DOOR",48
17838,21908,CHOCOLATE THIS WAY METAL SIGN,12
17838,21911,GARDEN METAL SIGN,12
17838,22413,METAL SIGN TAKE IT OR LEAVE IT,12
17838,22424,ENAMEL BREAD BIN CREAM,4
17838,22425,ENAMEL COLANDER CREAM,3
17838,22426,ENAMEL WASH BOWL CREAM,4
17838,22427,ENAMEL FLOWER JUG CREAM,1
17838,22428,ENAMEL FIRE BUCKET CREAM,5
17838,22429,ENAMEL MEASURING JUG CREAM,14
17838,22624,IVORY KITCHEN SCALES,4
17838,22625,RED KITCHEN SCALES,2
17838,22626,BLACK KITCHEN SCALES,2
17838,22627,MINT KITCHEN SCALES,2
17838,37370,RETRO COFFEE MUGS ASSORTED,6
17838,48138,DOORMAT UNION FLAG,4
17838,48194,DOORMAT HEARTS,1
17838,79066K,RETRO MOD TRAY,30
17838,82551,LAUNDRY 15C METAL SIGN,24
17838,82552,WASHROOM METAL SIGN,24
17838,82567,"AIRLINE LOUNGE,METAL SIGN",12
17838,82578,KITCHEN METAL SIGN,12
17838,82581,TOILET METAL SIGN,12
17838,82583,HOT BATHS METAL SIGN,36
17838,82599,FANNY'S REST STOPMETAL SIGN,12
17841,15044B,BLUE PAPER PARASOL,1
17841,15044C,PURPLE PAPER PARASOL,1
17841,15060B,FAIRY CAKE DESIGN UMBRELLA,1
17841,20616,CHERRY BLOSSOM PASSPORT COVER,2
17841,20668,DISCO BALL CHRISTMAS DECORATION,216
17841,20713,JUMBO BAG OWLS,4
17841,20719,WOODLAND CHARLOTTE BAG,5
17841,20723,STRAWBERRY CHARLOTTE BAG,1
17841,20735,BLACK MINI TAPE MEASURE,1
17841,20749,ASSORTED COLOUR MINI CASES,1
17841,20910,VINTAGE PHOTO ALBUM PARIS DAYS,6
17841,20961,STRAWBERRY BATH SPONGE,6
17841,20963,APPLE BATH SPONGE,6
17841,20966,SANDWICH BATH SPONGE,15
17841,20971,PINK BLUE FELT CRAFT TRINKET BOX,1
17841,20972,PINK CREAM FELT CRAFT TRINKET BOX,5
17841,20974,12 PENCILS SMALL TUBE SKULL,6
17841,20975,12 PENCILS SMALL TUBE RED RETROSPOT,25
17841,21034,REX CASH+CARRY JUMBO SHOPPER,1
17841,21041,RED RETROSPOT OVEN GLOVE DOUBLE,1
17841,21042,RED RETROSPOT APRON,1
17841,21056,DOCTOR'S BAG SOFT TOY,1
17841,21098,CHRISTMAS TOILET ROLL,5
17841,21137,BLACK RECORD COVER FRAME,9
17841,21165,BEWARE OF THE CAT METAL SIGN,1
17841,21217,RED RETROSPOT ROUND CAKE TINS,1
17841,21258,VICTORIAN SEWING BOX LARGE,2
17841,21259,VICTORIAN SEWING BOX SMALL,16
17841,21329,DINOSAURS  WRITING SET,1
17841,21352,EUCALYPTUS & PINECONE  WREATH,1
17841,21361,LOVE LARGE WOOD LETTERS,1
17841,21363,HOME SMALL WOOD LETTERS,1
17841,21407,BROWN CHECK CAT DOORSTOP,1
17841,21446,12 RED ROSE PEG PLACE SETTINGS,1
17841,21447,12 IVORY ROSE PEG PLACE SETTINGS,1
17841,21479,WHITE SKULL HOT WATER BOTTLE,41
17841,21484,CHICK GREY HOT WATER BOTTLE,1
17841,21485,RETROSPOT HEART HOT WATER BOTTLE,3
17841,21486,PINK HEART DOTS HOT WATER BOTTLE,2
17841,21495,SKULLS AND CROSSBONES WRAP,50
17841,21498,RED RETROSPOT WRAP,25
17841,21558,SKULL LUNCH BOX WITH CUTLERY,2
17841,21623,VINTAGE UNION JACK MEMOBOARD,3
17841,21669,BLUE STRIPE CERAMIC DRAWER KNOB,17
17841,21670,BLUE SPOT CERAMIC DRAWER KNOB,6
17841,21672,WHITE SPOT RED CERAMIC DRAWER KNOB,11
17841,21673,WHITE SPOT BLUE CERAMIC DRAWER KNOB,10
17841,21781,MA CAMPAGNE CUTLERY BOX,1
17841,21784,SHOE SHINE BOX,5
17841,21822,GLITTER CHRISTMAS TREE WITH BELLS,1
17841,21867,PINK UNION JACK  LUGGAGE TAG,1
17841,21916,SET 12 RETRO WHITE CHALK STICKS,1
17841,21917,SET 12 KIDS  WHITE CHALK STICKS,1
17841,21918,SET 12 KIDS COLOUR  CHALK STICKS,1
17841,21929,JUMBO BAG PINK VINTAGE PAISLEY,2
17841,21930,JUMBO STORAGE BAG SKULLS,1
17841,21931,JUMBO STORAGE BAG SUKI,3
17841,21934,SKULL SHOULDER BAG,2
17841,21935,SUKI  SHOULDER BAG,14
17841,21942,SKULLS DESIGN FLANNEL,2
17841,21967,PACK OF 12 SKULL TISSUES,12
17841,22041,"RECORD FRAME 7"" SINGLE SIZE",13
17841,22087,PAPER BUNTING WHITE LACE,1
17841,22110,BIRD HOUSE HOT WATER BOTTLE,1
17841,22111,SCOTTIE DOG HOT WATER BOTTLE,7
17841,22112,CHOCOLATE HOT WATER BOTTLE,3
17841,22114,HOT WATER BOTTLE TEA AND SYMPATHY,4
17841,22147,FELTCRAFT BUTTERFLY HEARTS,1
17841,22173,METAL 4 HOOK HANGER FRENCH CHATEAU,4
17841,22174,PHOTO CUBE,19
17841,22186,RED STAR CARD HOLDER,1
17841,22199,FRYING PAN RED RETROSPOT,1
17841,22212,FOUR HOOK  WHITE LOVEBIRDS,1
17841,22272,FELTCRAFT DOLL MARIA,1
17841,22278,OVERNIGHT BAG VINTAGE ROSE PAISLEY,1
17841,22355,CHARLOTTE BAG SUKI DESIGN,16
17841,22365,DOORMAT RESPECTABLE HOUSE,1
17841,22366,DOORMAT AIRMAIL,1
17841,22371,AIRLINE BAG VINTAGE TOKYO 78,4
17841,22385,JUMBO BAG SPACEBOY DESIGN,1
17841,22386,JUMBO BAG PINK POLKADOT,2
17841,22425,ENAMEL COLANDER CREAM,1
17841,22451,SILK PURSE BABUSHKA RED,3
17841,22468,BABUSHKA LIGHTS STRING OF 10,4
17841,22470,HEART OF WICKER LARGE,2
17841,22471,TV DINNER TRAY AIR HOSTESS,1
17841,22498,WOODEN REGATTA BUNTING,1
17841,22504,CABIN BAG VINTAGE RETROSPOT,3
17841,22551,PLASTERS IN TIN SPACEBOY,2
17841,22553,PLASTERS IN TIN SKULLS,1
17841,22555,PLASTERS IN TIN STRONGMAN,1
17841,22556,PLASTERS IN TIN CIRCUS PARADE,1
17841,22568,FELTCRAFT CUSHION OWL,3
17841,22569,FELTCRAFT CUSHION BUTTERFLY,1
17841,22570,FELTCRAFT CUSHION RABBIT,2
17841,22580,ADVENT CALENDAR GINGHAM SACK,1
17841,22589,CARDHOLDER GINGHAM STAR,1
17841,22592,CARDHOLDER HOLLY WREATH METAL,1
17841,22629,SPACEBOY LUNCH BOX,1
17841,22631,CIRCUS PARADE LUNCH BOX,1
17841,22653,BUTTON BOX,1
17841,22654,DELUXE SEWING KIT,13
17841,22659,LUNCH BOX I LOVE LONDON,3
17841,22666,RECIPE BOX PANTRY YELLOW DESIGN,1
17841,22667,RECIPE BOX RETROSPOT,1
17841,22673,FRENCH GARDEN SIGN BLUE METAL,1
17841,22678,FRENCH BLUE METAL DOOR SIGN 3,3
17841,22679,FRENCH BLUE METAL DOOR SIGN 4,1
17841,22686,FRENCH BLUE METAL DOOR SIGN No,1
17841,22694,WICKER STAR,4
17841,22710,WRAP I LOVE LONDON,25
17841,22726,ALARM CLOCK BAKELIKE GREEN,1
17841,22728,ALARM CLOCK BAKELIKE PINK,1
17841,22730,ALARM CLOCK BAKELIKE IVORY,1
17841,22731,3D CHRISTMAS STAMPS STICKERS,1
17841,22739,RIBBON REEL CHRISTMAS SOCK BAUBLE,2
17841,22749,FELTCRAFT PRINCESS CHARLOTTE DOLL,1
17841,22752,SET 7 BABUSHKA NESTING BOXES,1
17841,22753,SMALL YELLOW BABUSHKA NOTEBOOK,17
17841,22754,SMALL RED BABUSHKA NOTEBOOK,9
17841,22755,SMALL PURPLE BABUSHKA NOTEBOOK,24
17841,22756,LARGE YELLOW BABUSHKA NOTEBOOK,2
17841,22757,LARGE RED BABUSHKA NOTEBOOK,1
17841,22763,KEY CABINET MA CAMPAGNE,1
17841,22785,SQUARECUSHION COVER PINK UNION FLAG,1
17841,22786,CUSHION COVER PINK UNION JACK,2
17841,22788,BROCANTE COAT RACK,2
17841,22794,SWEETHEART WIRE MAGAZINE RACK,1
17841,22795,SWEETHEART RECIPE BOOK STAND,3
17841,22822,CREAM WALL PLANTER HEART SHAPED,1
17841,22835,HOT WATER BOTTLE I AM SO POORLY,2
17841,22837,HOT WATER BOTTLE BABUSHKA,5
17841,22839,3 TIER CAKE TIN GREEN AND CREAM,3
17841,22843,BISCUIT TIN VINTAGE GREEN,1
17841,22848,BREAD BIN DINER STYLE PINK,1
17841,22852,DOG BOWL VINTAGE CREAM,1
17841,22862,LOVE HEART NAPKIN BOX,1
17841,22866,HAND WARMER SCOTTY DOG DESIGN,4
17841,22897,OVEN MITT APPLES DESIGN,2
17841,22904,CALENDAR PAPER CUT DESIGN,1
17841,22905,CALENDAR IN SEASON DESIGN,1
17841,22909,SET OF 20 VINTAGE CHRISTMAS NAPKINS,1
17841,22910,PAPER CHAIN KIT VINTAGE CHRISTMAS,3
17841,22941,CHRISTMAS LIGHTS 10 REINDEER,1
17841,22942,CHRISTMAS LIGHTS 10 SANTAS,1
17841,22953,BIRTHDAY PARTY CORDON BARRIER TAPE,5
17841,35004B,SET OF 3 BLACK FLYING DUCKS,1
17841,35004C,SET OF 3 COLOURED  FLYING DUCKS,2
17841,35954,SMALL FOLKART STAR CHRISTMAS DEC,3
17841,46000R,POLYESTER FILLER PAD 45x30cm,2
17841,46000S,POLYESTER FILLER PAD 40x40cm,1
17841,47504H,ENGLISH ROSE SPIRIT LEVEL,1
17841,47591D,PINK FAIRY CAKE CHILDRENS APRON,1
17841,62094B,TURQ ICE CREAM BUM BAG,1
17841,79066K,RETRO MOD TRAY,1
17841,79160,HEART SHAPE WIRELESS DOORBELL,6
17841,79302M,"ART LIGHTS,FUNK MONKEY",2
17841,79321,CHILLI LIGHTS,126
17841,82001S,VINYL RECORD FRAME SILVER,7
17841,82483,WOOD 2 DRAWER CABINET WHITE FINISH,2
17841,82484,WOOD BLACK BOARD ANT WHITE FINISH,6
17841,82494L,WOODEN FRAME ANTIQUE WHITE,2
17841,82582,AREA PATROLLED METAL SIGN,1
17841,82599,FANNY'S REST STOPMETAL SIGN,1
17841,82616B,FRAPPUCINO SCARF KNITTING KIT,1
17841,82616C,MIDNIGHT GLAMOUR SCARF KNITTING KIT,1
17841,84029E,RED WOOLLY HOTTIE WHITE HEART.,3
17841,84029G,KNITTED UNION FLAG HOT WATER BOTTLE,2
17841,84030E,ENGLISH ROSE HOT WATER BOTTLE,1
17841,84352,SILVER CHRISTMAS TREE BAUBLE STAND,3
17841,84406B,CREAM CUPID HEARTS COAT HANGER,1
17841,84507C,BLUE CIRCLES DESIGN MONKEY DOLL,2
17841,84508A,CAMOUFLAGE DESIGN TEDDY,1
17841,84685,BEACH HUT KEY CABINET,3
17841,84692,BOX OF 24 COCKTAIL PARASOLS,6
17841,84754,S/15 SILVER GLASS BAUBLES IN BAG,1
17841,84849D,HOT BATHS SOAP HOLDER,1
17841,84912A,PINK ROSE WASHBAG,2
17841,84920,PINK FLOWER FABRIC PONY,1
17841,84997D,PINK 3 PIECE POLKADOT CUTLERY SET,1
17841,85014A,BLACK/BLUE POLKADOT UMBRELLA,2
17841,85023B,EAU DE NILE JEWELLED PHOTOFRAME,1
17841,85045,GREEN CHRISTMAS TREE STRING 20LIGHT,1
17841,85064,CREAM SWEETHEART LETTER RACK,2
17841,85099B,JUMBO BAG RED RETROSPOT,1
17841,85132A,CHARLIE + LOLA BISCUITS TINS,2
17841,85232B,SET OF 3 BABUSHKA STACKING TINS,9
17848,21281,VINTAGE KITCHEN PRINT SEAFOOD,16
17848,21361,LOVE LARGE WOOD LETTERS,1
17848,22423,REGENCY CAKESTAND 3 TIER,3
17848,22591,CARDHOLDER GINGHAM CHRISTMAS TREE,1
17848,22666,RECIPE BOX PANTRY YELLOW DESIGN,1
17850,15056BL,EDWARDIAN PARASOL BLACK,24
17850,20679,EDWARDIAN PARASOL RED,42
17850,21068,VINTAGE BILLBOARD LOVE/HATE MUG,96
17850,21071,VINTAGE BILLBOARD DRINK ME MUG,96
17850,21730,GLASS STAR FROSTED T-LIGHT HOLDER,104
17850,21871,SAVE THE PLANET MUG,84
17850,22411,JUMBO SHOPPER VINTAGE RED PAISLEY,60
17850,22632,HAND WARMER RED RETROSPOT,108
17850,22633,HAND WARMER UNION JACK,108
17850,22752,SET 7 BABUSHKA NESTING BOXES,42
17850,22803,IVORY EMBROIDERED QUILT,17
17850,37370,RETRO COFFEE MUGS ASSORTED,96
17850,71053,WHITE METAL LANTERN,122
17850,82482,WOODEN PICTURE FRAME WHITE FINISH,90
17850,82483,WOOD 2 DRAWER CABINET WHITE FINISH,54
17850,82486,WOOD S/3 CABINET ANT WHITE FINISH,50
17850,82494L,WOODEN FRAME ANTIQUE WHITE,96
17850,84029E,RED WOOLLY HOTTIE WHITE HEART.,104
17850,84029G,KNITTED UNION FLAG HOT WATER BOTTLE,110
17850,84406B,CREAM CUPID HEARTS COAT HANGER,108
17850,85123A,WHITE HANGING HEART T-LIGHT HOLDER,122
17855,21360,JOY LARGE WOOD LETTERS,1
17855,21790,VINTAGE SNAP CARDS,12
17855,21791,VINTAGE HEADS AND TAILS CARD GAME,12
17855,21918,SET 12 KIDS COLOUR  CHALK STICKS,24
17855,22029,SPACEBOY BIRTHDAY CARD,12
17855,22037,ROBOT BIRTHDAY CARD,12
17855,22044,CHRISTMAS CARD STACK OF PRESENTS,12
17855,22149,FELTCRAFT 6 FLOWER FRIENDS,6
17855,22544,MINI JIGSAW SPACEBOY,24
17855,22619,SET OF 6 SOLDIER SKITTLES,8
17855,22620,4 TRADITIONAL SPINNING TOPS,12
17855,22652,TRAVEL SEWING KIT,10
17855,22736,RIBBON REEL MAKING SNOWMEN,10
17855,22818,CARD CHRISTMAS VILLAGE,12
17855,22910,PAPER CHAIN KIT VINTAGE CHRISTMAS,6
17855,22945,CHRISTMAS METAL TAGS ASSORTED,12
17855,84836,ZINC METAL HEART DECORATION,12
17857,21190,PINK HEARTS PAPER GARLAND,110
17857,22492,MINI PAINT SET VINTAGE,1404
17857,22536,MAGIC DRAWING SLATE PURDEY,400
17857,22560,TRADITIONAL MODELLING CLAY,250
17858,20829,GLITTER HANGING BUTTERFLY STRING,3
17858,21164,HOME SWEET HOME METAL SIGN,2
17858,21340,CLASSIC METAL BIRDCAGE PLANT HOLDER,2
17858,21670,BLUE SPOT CERAMIC DRAWER KNOB,204
17858,21671,RED SPOT CERAMIC DRAWER KNOB,204
17858,21672,WHITE SPOT RED CERAMIC DRAWER KNOB,192
17858,21673,WHITE SPOT BLUE CERAMIC DRAWER KNOB,204
17858,21761,WOOD AND GLASS MEDICINE CABINET,1
17858,22173,METAL 4 HOOK HANGER FRENCH CHATEAU,5
17858,22467,GUMBALL COAT RACK,4
17858,22771,CLEAR DRAWER KNOB ACRYLIC EDWARDIAN,192
17858,22772,PINK DRAWER KNOB ACRYLIC EDWARDIAN,192
17858,22773,GREEN DRAWER KNOB ACRYLIC EDWARDIAN,192
17858,22774,RED DRAWER KNOB ACRYLIC EDWARDIAN,192
17858,22830,UTILTY CABINET WITH HOOKS,1
17858,75013B,"STRING OF 8 BUTTERFLIES,PINK",4
17858,82580,BATHROOM METAL SIGN,3
17858,82581,TOILET METAL SIGN,2
17858,82582,AREA PATROLLED METAL SIGN,3
17858,84406B,CREAM CUPID HEARTS COAT HANGER,16
17858,84792,ENCHANTED BIRD COATHANGER 5 HOOK,3
17858,85150,LADIES & GENTLEMEN METAL SIGN,2
17860,20751,FUNKY WASHING UP GLOVES ASSORTED,3
17860,20752,BLUE POLKADOT WASHING UP GLOVES,2
17860,21080,SET/20 RED RETROSPOT PAPER NAPKINS,1
17860,21089,SET/6 GREEN SPRING PAPER CUPS,2
17860,21584,RETROSPOT SMALL TUBE MATCHES,2
17860,21588,RETROSPOT GIANT TUBE MATCHES,2
17860,21618,4 WILDFLOWER BOTANICAL CANDLES,3
17860,21647,ASSORTED TUTTI FRUTTI LARGE PURSE,2
17860,21692,SILVER LATTICE VANILLA CANDLE POT,1
17860,21693,SMALL HAMMERED SILVER CANDLEPOT,12
17860,21928,JUMBO BAG SCANDINAVIAN PAISLEY,1
17860,21930,JUMBO STORAGE BAG SKULLS,1
17860,21931,JUMBO STORAGE BAG SUKI,1
17860,21983,PACK OF 12 BLUE PAISLEY TISSUES,12
17860,21985,PACK OF 12 HEARTS DESIGN TISSUES,6
17860,22095,LADS ONLY TISSUE BOX,2
17860,22411,JUMBO SHOPPER VINTAGE RED PAISLEY,1
17860,22467,GUMBALL COAT RACK,3
17860,22482,BLUE TEA TOWEL CLASSIC DESIGN,3
17860,22558,CLOTHES PEGS RETROSPOT PACK 24,2
17860,22632,HAND WARMER RED RETROSPOT,1
17860,22646,CERAMIC STRAWBERRY CAKE MONEY BANK,4
17860,22719,GUMBALL MONOCHROME COAT RACK,1
17860,22726,ALARM CLOCK BAKELIKE GREEN,1
17860,22728,ALARM CLOCK BAKELIKE PINK,1
17860,22729,ALARM CLOCK BAKELIKE ORANGE,1
17860,22730,ALARM CLOCK BAKELIKE IVORY,1
17860,22751,FELTCRAFT PRINCESS OLIVIA DOLL,1
17860,22756,LARGE YELLOW BABUSHKA NOTEBOOK,1
17860,22757,LARGE RED BABUSHKA NOTEBOOK,1
17860,22758,LARGE PURPLE BABUSHKA NOTEBOOK,1
17860,22784,LANTERN CREAM GAZEBO,4
17860,22834,HAND WARMER BABUSHKA DESIGN,1
17860,22835,HOT WATER BOTTLE I AM SO POORLY,1
17860,22837,HOT WATER BOTTLE BABUSHKA,2
17860,22867,HAND WARMER BIRD DESIGN,1
17860,22940,FELTCRAFT CHRISTMAS FAIRY,1
17860,47471,RAINBOW PEGS PHOTO CLIP STRING,2
17860,47504K,ENGLISH ROSE GARDEN SECATEURS,1
17860,72122,COFFEE SCENT PILLAR CANDLE,1
17860,72131,COLUMBIAN CANDLE RECTANGLE,1
17860,72807B,SET/3 OCEAN SCENT CANDLE JEWEL BOX,1
17860,84795B,SUNSET CHECK HAMMOCK,4
17860,84912A,PINK ROSE WASHBAG,1
17860,85034C,3 ROSE MORRIS BOXED CANDLES,1
17860,85035A,GARDENIA 3 WICK MORRIS BOXED CANDLE,1
17860,85035C,ROSE 3 WICK MORRIS BOX CANDLE,1
17860,85036A,GARDENIA 1 WICK MORRIS BOXED CANDLE,3
17860,85099B,JUMBO BAG RED RETROSPOT,1
17863,21086,SET/6 RED SPOTTY PAPER CUPS,12
17863,21094,SET/6 RED SPOTTY PAPER PLATES,12
17863,21429,RED GINGHAM ROSE JEWELLERY BOX,8
17863,21577,SAVE THE PLANET COTTON TOTE BAG,12
17863,21580,RABBIT  DESIGN  COTTON TOTE BAG,6
17863,21731,RED TOADSTOOL LED NIGHT LIGHT,24
17863,21914,BLUE HARMONICA IN BOX,12
17863,22027,TEA PARTY BIRTHDAY CARD,12
17863,22331,WOODLAND PARTY BAG + STICKER SET,8
17863,22334,DINOSAUR PARTY BAG + STICKER SET,8
17863,22435,SET OF 9 HEART SHAPED BALLOONS,24
17863,22466,FAIRY TALE COTTAGE NIGHTLIGHT,24
17863,22551,PLASTERS IN TIN SPACEBOY,12
17863,22557,PLASTERS IN TIN VINTAGE PAISLEY,12
17863,22659,LUNCH BOX I LOVE LONDON,12
17863,22712,CARD DOLLY GIRL,12
17863,22714,CARD BIRTHDAY COWBOY,12
17863,22738,RIBBON REEL SNOWY VILLAGE,10
17863,22791,T-LIGHT GLASS FLUTED ANTIQUE,12
17863,22801,ANTIQUE GLASS PEDESTAL BOWL,8
17863,85199L,LARGE HANGING IVORY & RED WOOD BIRD,24
17865,21164,HOME SWEET HOME METAL SIGN,6
17865,21165,BEWARE OF THE CAT METAL SIGN,12
17865,21166,COOK WITH WINE METAL SIGN,12
17865,21169,YOU'RE CONFUSING ME METAL SIGN,12
17865,21171,BATHROOM METAL SIGN,12
17865,21172,PARTY METAL SIGN,24
17865,21175,GIN + TONIC DIET METAL SIGN,12
17865,21181,PLEASE ONE PERSON METAL SIGN,12
17865,21485,RETROSPOT HEART HOT WATER BOTTLE,3
17865,21527,RED RETROSPOT TRADITIONAL TEAPOT,4
17865,21539,RED RETROSPOT BUTTER DISH,12
17865,21903,MAN FLU METAL SIGN,12
17865,21905,MORE BUTTER METAL SIGN,6
17865,21907,I'M ON HOLIDAY METAL SIGN,12
17865,21908,CHOCOLATE THIS WAY METAL SIGN,24
17865,21911,GARDEN METAL SIGN,12
17865,22112,CHOCOLATE HOT WATER BOTTLE,3
17865,22115,METAL SIGN EMPIRE TEA,12
17865,22309,TEA COSY RED  STRIPE,6
17865,22389,PAPERWEIGHT SAVE THE PLANET,6
17865,22391,PAPERWEIGHT HOME SWEET HOME,6
17865,22393,PAPERWEIGHT VINTAGE COLLAGE,6
17865,22423,REGENCY CAKESTAND 3 TIER,16
17865,22781,GUMBALL MAGAZINE RACK,2
17865,22914,BLUE COAT RACK PARIS FASHION,3
17865,22915,ASSORTED BOTTLE TOP  MAGNETS,24
17865,22922,FRIDGE MAGNETS US DINER ASSORTED,12
17865,22923,FRIDGE MAGNETS LES ENFANTS ASSORTED,12
17865,22924,FRIDGE MAGNETS LA VIE EN ROSE,12
17865,22974,CHILDRENS DOLLY GIRL MUG,12
17865,22977,DOLLY GIRL CHILDRENS EGG CUP,12
17865,22988,SOLDIERS EGG CUP,12
17865,37448,CERAMIC CAKE DESIGN SPOTTED MUG,12
17865,82483,WOOD 2 DRAWER CABINET WHITE FINISH,4
17865,82552,WASHROOM METAL SIGN,12
17865,82567,"AIRLINE LOUNGE,METAL SIGN",6
17865,82599,FANNY'S REST STOPMETAL SIGN,12
17865,82600,NO SINGING METAL SIGN,12
17865,84029E,RED WOOLLY HOTTIE WHITE HEART.,4
17865,84029G,KNITTED UNION FLAG HOT WATER BOTTLE,24
17865,85016,SET OF 6 VINTAGE NOTELETS KIT,6
17865,85150,LADIES & GENTLEMEN METAL SIGN,6
17869,21000,ROSE DU SUD COSMETICS BAG,1
17869,21001,ROSE DU SUD WASHBAG,1
17869,21587,COSY HOUR GIANT TUBE MATCHES,12
17869,21617,4 LILY  BOTANICAL DINNER CANDLES,12
17869,21624,VINTAGE UNION JACK DOORSTOP,2
17869,21875,KINGS CHOICE MUG,6
17869,22095,LADS ONLY TISSUE BOX,1
17869,22158,3 HEARTS HANGING DECORATION RUSTIC,8
17869,22503,CABIN BAG VINTAGE PAISLEY,1
17869,22616,PACK OF 12 LONDON TISSUES,12
17869,22727,ALARM CLOCK BAKELIKE RED,1
17869,22844,VINTAGE CREAM DOG FOOD CONTAINER,1
17869,35001W,HAND OPEN SHAPE DECO.WHITE,1
17869,47566,PARTY BUNTING,1
17869,72802A,ROSE SCENT CANDLE IN JEWELLED BOX,6
17869,85174,S/4 CACTI CANDLES,1
17870,22158,3 HEARTS HANGING DECORATION RUSTIC,128
17873,22366,DOORMAT AIRMAIL,10
17873,22876,NUMBER TILE COTTAGE GARDEN 8,1
17873,22953,BIRTHDAY PARTY CORDON BARRIER TAPE,36
17873,51014A,"FEATHER PEN,HOT PINK",12
17873,51014C,"FEATHER PEN,COAL BLACK",36
17873,51014L,"FEATHER PEN,LIGHT PINK",24
17873,84884A,ANT WHITE WIRE HEART SPIRAL,10
17880,20979,36 PENCILS TUBE RED RETROSPOT,16
17880,21201,TROPICAL  HONEYCOMB PAPER GARLAND,12
17880,21481,FAWN BLUE HOT WATER BOTTLE,6
17880,21524,DOORMAT SPOTTY HOME SWEET HOME,2
17880,21588,RETROSPOT GIANT TUBE MATCHES,12
17880,21790,VINTAGE SNAP CARDS,12
17880,21791,VINTAGE HEADS AND TAILS CARD GAME,12
17880,21918,SET 12 KIDS COLOUR  CHALK STICKS,24
17880,22053,EMPIRE DESIGN ROSETTE,10
17880,22147,FELTCRAFT BUTTERFLY HEARTS,12
17880,22271,FELTCRAFT DOLL ROSIE,6
17880,22272,FELTCRAFT DOLL MARIA,6
17880,22274,FELTCRAFT DOLL EMILY,6
17880,22457,NATURAL SLATE HEART CHALKBOARD,6
17880,22492,MINI PAINT SET VINTAGE,36
17880,22493,PAINT YOUR OWN CANVAS SET,12
17880,22536,MAGIC DRAWING SLATE PURDEY,24
17880,22544,MINI JIGSAW SPACEBOY,24
17880,22558,CLOTHES PEGS RETROSPOT PACK 24,12
17880,22560,TRADITIONAL MODELLING CLAY,24
17880,22561,WOODEN SCHOOL COLOURING SET,12
17880,22585,PACK OF 6 BIRDY GIFT TAGS,12
17880,22692,DOORMAT WELCOME TO OUR HOME,2
17880,22904,CALENDAR PAPER CUT DESIGN,6
17880,22964,3 PIECE SPACEBOY COOKIE CUTTER SET,6
17880,48184,DOORMAT ENGLISH ROSE,2
17884,20819,SILVER TEDDY BEAR,1
17884,21136,PAINTED METAL PEARS ASSORTED,8
17884,21187,WHITE BELL HONEYCOMB PAPER GARLAND,4
17884,21452,TOADSTOOL MONEY BOX,3
17884,21508,VINTAGE KID DOLLY CARD,12
17884,21578,WOODLAND DESIGN  COTTON TOTE BAG,1
17884,21580,RABBIT  DESIGN  COTTON TOTE BAG,1
17884,21680,WOODLAND  STICKERS,6
17884,21790,VINTAGE SNAP CARDS,2
17884,21888,BINGO SET,1
17884,21889,WOODEN BOX OF DOMINOES,1
17884,21918,SET 12 KIDS COLOUR  CHALK STICKS,1
17884,22086,PAPER CHAIN KIT 50'S CHRISTMAS,3
17884,22141,CHRISTMAS CRAFT TREE TOP ANGEL,3
17884,22142,CHRISTMAS CRAFT WHITE FAIRY,3
17884,22144,CHRISTMAS CRAFT LITTLE FRIENDS,2
17884,22295,HEART FILIGREE DOVE LARGE,12
17884,22469,HEART OF WICKER SMALL,2
17884,22570,FELTCRAFT CUSHION RABBIT,1
17884,22585,PACK OF 6 BIRDY GIFT TAGS,5
17884,22633,HAND WARMER UNION JACK,4
17884,22635,CHILDS BREAKFAST SET DOLLY GIRL,1
17884,22661,CHARLOTTE BAG DOLLY GIRL DESIGN,3
17884,22726,ALARM CLOCK BAKELIKE GREEN,1
17884,22727,ALARM CLOCK BAKELIKE RED,1
17884,22728,ALARM CLOCK BAKELIKE PINK,1
17884,22731,3D CHRISTMAS STAMPS STICKERS,1
17884,22732,3D VINTAGE CHRISTMAS STICKERS,1
17884,22733,3D TRADITIONAL CHRISTMAS STICKERS,2
17884,22735,RIBBON REEL SOCKS AND MITTENS,1
17884,22736,RIBBON REEL MAKING SNOWMEN,1
17884,22737,RIBBON REEL CHRISTMAS PRESENT,1
17884,22738,RIBBON REEL SNOWY VILLAGE,1
17884,22739,RIBBON REEL CHRISTMAS SOCK BAUBLE,1
17884,22745,POPPY'S PLAYHOUSE BEDROOM,1
17884,22746,POPPY'S PLAYHOUSE LIVINGROOM,1
17884,22748,POPPY'S PLAYHOUSE KITCHEN,2
17884,22755,SMALL PURPLE BABUSHKA NOTEBOOK,1
17884,22756,LARGE YELLOW BABUSHKA NOTEBOOK,2
17884,22812,PACK 3 BOXES CHRISTMAS PANNETONE,2
17884,22813,PACK 3 BOXES BIRD PANNETONE,2
17884,22865,HAND WARMER OWL DESIGN,1
17884,22866,HAND WARMER SCOTTY DOG DESIGN,1
17884,22900,SET 2 TEA TOWELS I LOVE LONDON,1
17884,22910,PAPER CHAIN KIT VINTAGE CHRISTMAS,11
17884,22925,BLUE GIANT GARDEN THERMOMETER,1
17884,22940,FELTCRAFT CHRISTMAS FAIRY,1
17884,22941,CHRISTMAS LIGHTS 10 REINDEER,1
17884,22952,60 CAKE CASES VINTAGE CHRISTMAS,1
17884,35598D,PINK/WHITE CHRISTMAS TREE 60CM,1
17884,35954,SMALL FOLKART STAR CHRISTMAS DEC,48
17884,35957,SMALLFOLKART BAUBLE CHRISTMAS DEC,48
17884,84029E,RED WOOLLY HOTTIE WHITE HEART.,1
17884,84879,ASSORTED COLOUR BIRD ORNAMENT,8
17884,84925F,PSYCHEDELIC WALL THERMOMETER,1
17884,84944,SET OF 6 KASHMIR FOLKART BAUBLES,2
17884,84997A,GREEN 3 PIECE POLKADOT CUTLERY SET,4
17884,85018D,YULETIDE IMAGES S/6 PAPER BOXES,1
17884,85032D,YULETIDE IMAGES GIFT WRAP SET,1
17888,22023,EMPIRE BIRTHDAY CARD,24
17888,22047,EMPIRE GIFT WRAP,25
17888,22360,GLASS JAR ENGLISH CONFECTIONERY,3
17890,16008,SMALL FOLDING SCISSOR(POINTED EDGE),12
17890,16014,SMALL CHINESE STYLE SCISSOR,4
17890,16016,LARGE CHINESE STYLE SCISSOR,4
17890,20674,GREEN POLKADOT BOWL,6
17890,20675,BLUE POLKADOT BOWL,6
17890,20676,RED RETROSPOT BOWL,6
17890,20677,PINK POLKADOT BOWL,6
17890,20802,SMALL GLASS SUNDAE DISH CLEAR,6
17890,20826,SILVER APERITIF GLASS,6
17890,20846,ZINC HEART LATTICE T-LIGHT HOLDER,4
17890,20847,ZINC HEART LATTICE CHARGER LARGE,4
17890,20848,ZINC HEART LATTICE CHARGER SMALL,4
17890,21012,ANTIQUE ALL GLASS CANDLESTICK,3
17890,21034,REX CASH+CARRY JUMBO SHOPPER,3
17890,21145,ANTIQUE GLASS PLACE SETTING,24
17890,21210,SET OF 72 RETROSPOT PAPER  DOILIES,1
17890,21326,AGED GLASS SILVER T-LIGHT HOLDER,12
17890,21331,MOROCCAN BEATEN METAL DISH LARGE,2
17890,21363,HOME SMALL WOOD LETTERS,1
17890,21392,RED POLKADOT PUDDING BOWL,6
17890,21393,BLUE POLKADOT PUDDING BOWL,6
17890,21398,RED POLKADOT COFFEE  MUG,6
17890,21401,BLUE PUDDING SPOON,6
17890,21534,DAIRY MAID LARGE MILK JUG,1
17890,21654,RIDGED GLASS FINGER BOWL,6
17890,21664,RIDGED GLASS STORAGE JAR CREAM LID,2
17890,21666,RIDGED GLASS T-LIGHT HOLDER,12
17890,21682,LARGE MEDINA STAMPED METAL BOWL,2
17890,21683,MEDIUM MEDINA STAMPED METAL BOWL,6
17890,21684,SMALL MEDINA STAMPED METAL BOWL,24
17890,21821,GLITTER STAR GARLAND WITH BELLS,2
17890,21948,SET OF 6 CAKE CHOPSTICKS,4
17890,21974,SET OF 36 PAISLEY FLOWER DOILIES,2
17890,22030,SWALLOWS GREETING CARD,12
17890,22214,CANDLE PLATE LACE WHITE,4
17890,22460,EMBOSSED GLASS TEALIGHT HOLDER,6
17890,22470,HEART OF WICKER LARGE,2
17890,22480,RED TEA TOWEL CLASSIC DESIGN,4
17890,22482,BLUE TEA TOWEL CLASSIC DESIGN,4
17890,22578,WOODEN STAR CHRISTMAS SCANDINAVIAN,6
17890,22585,PACK OF 6 BIRDY GIFT TAGS,2
17890,22727,ALARM CLOCK BAKELIKE RED,2
17890,22728,ALARM CLOCK BAKELIKE PINK,1
17890,22730,ALARM CLOCK BAKELIKE IVORY,1
17890,22792,FLUTED ANTIQUE CANDLE HOLDER,12
17890,22816,CARD MOTORBIKE SANTA,36
17890,70006,LOVE HEART POCKET WARMER,2
17890,72802B,OCEAN SCENT CANDLE IN JEWELLED BOX,1
17890,79190A,RETRO PLASTIC 70'S TRAY,6
17890,79190B,RETRO PLASTIC POLKA TRAY,6
17890,79190D,RETRO PLASTIC DAISY TRAY,6
17890,84879,ASSORTED COLOUR BIRD ORNAMENT,8
17890,84946,ANTIQUE SILVER TEA GLASS ETCHED,6
17890,84947,ANTIQUE SILVER TEA GLASS ENGRAVED,6
17890,84997A,GREEN 3 PIECE POLKADOT CUTLERY SET,2
17890,84997B,RED 3 PIECE RETROSPOT CUTLERY SET,2
17890,84997C,BLUE 3 PIECE POLKADOT CUTLERY SET,2
17890,84997D,PINK 3 PIECE POLKADOT CUTLERY SET,2
17890,85034C,3 ROSE MORRIS BOXED CANDLES,1
17890,85035C,ROSE 3 WICK MORRIS BOX CANDLE,1
17890,85036C,ROSE 1 WICK MORRIS BOXED CANDLE,1
17894,16237,SLEEPING CAT ERASERS,2
17894,20750,RED RETROSPOT MINI CASES,1
17894,20981,12 PENCILS TALL TUBE WOODLAND,2
17894,20982,12 PENCILS TALL TUBE SKULLS,1
17894,20983,12 PENCILS TALL TUBE RED RETROSPOT,2
17894,21040,MODERN VINTAGE COTTON SHOPPING BAG,2
17894,21067,VINTAGE RED TEATIME MUG,3
17894,21232,STRAWBERRY CERAMIC TRINKET BOX,2
17894,21329,DINOSAURS  WRITING SET,3
17894,21429,RED GINGHAM ROSE JEWELLERY BOX,1
17894,21485,RETROSPOT HEART HOT WATER BOTTLE,2
17894,21544,SKULLS  WATER TRANSFER TATTOOS,1
17894,21721,CANDY SHOP  STICKER SHEET,1
17894,21724,PANDA AND BUNNIES STICKER SHEET,1
17894,21726,MULTI HEARTS  STICKERS,1
17894,21754,HOME BUILDING BLOCK WORD,4
17894,21877,HOME SWEET HOME MUG,2
17894,21890,S/6 WOODEN SKITTLES IN COTTON BAG,1
17894,22059,CERAMIC STRAWBERRY DESIGN MUG,2
17894,22080,RIBBON REEL POLKADOTS,3
17894,22082,RIBBON REEL STRIPES DESIGN,1
17894,22092,BLUE PAISLEY TISSUE BOX,2
17894,22111,SCOTTIE DOG HOT WATER BOTTLE,15
17894,22121,NOEL WOODEN BLOCK LETTERS,1
17894,22297,HEART IVORY TRELLIS SMALL,4
17894,22352,LUNCH BOX WITH CUTLERY RETROSPOT,2
17894,22367,CHILDRENS APRON SPACEBOY DESIGN,1
17894,22435,SET OF 9 HEART SHAPED BALLOONS,2
17894,22450,SILK PURSE BABUSHKA BLUE,1
17894,22451,SILK PURSE BABUSHKA RED,1
17894,22494,EMERGENCY FIRST AID TIN,1
17894,22548,HEADS AND TAILS SPORTING FUN,1
17894,22553,PLASTERS IN TIN SKULLS,1
17894,22556,PLASTERS IN TIN CIRCUS PARADE,1
17894,22557,PLASTERS IN TIN VINTAGE PAISLEY,3
17894,22558,CLOTHES PEGS RETROSPOT PACK 24,4
17894,22606,WOODEN SKITTLES GARDEN SET,1
17894,22652,TRAVEL SEWING KIT,1
17894,22713,CARD I LOVE LONDON,12
17894,22720,SET OF 3 CAKE TINS PANTRY DESIGN,2
17894,22755,SMALL PURPLE BABUSHKA NOTEBOOK,3
17894,22834,HAND WARMER BABUSHKA DESIGN,12
17894,22899,CHILDREN'S APRON DOLLY GIRL,1
17894,22900,SET 2 TEA TOWELS I LOVE LONDON,17
17894,22961,JAM MAKING SET PRINTED,2
17894,22984,CARD GINGHAM ROSE,12
17894,47566,PARTY BUNTING,3
17894,47591D,PINK FAIRY CAKE CHILDRENS APRON,1
17894,82482,WOODEN PICTURE FRAME WHITE FINISH,8
17894,82483,WOOD 2 DRAWER CABINET WHITE FINISH,5
17894,82494L,WOODEN FRAME ANTIQUE WHITE,4
17894,84032B,CHARLIE + LOLA RED HOT WATER BOTTLE,2
17894,84535B,FAIRY CAKES NOTEBOOK A6 SIZE,4
17894,84536A,ENGLISH ROSE NOTEBOOK A7 SIZE,2
17894,84536B,FAIRY CAKES NOTEBOOK A7 SIZE,4
17894,84692,BOX OF 24 COCKTAIL PARASOLS,6
17894,84709B,PINK OVAL JEWELLED MIRROR,1
17894,84836,ZINC METAL HEART DECORATION,2
17894,84946,ANTIQUE SILVER TEA GLASS ETCHED,4
17894,85036A,GARDENIA 1 WICK MORRIS BOXED CANDLE,2
17894,85049A,TRADITIONAL CHRISTMAS RIBBONS,4
17894,85123A,WHITE HANGING HEART T-LIGHT HOLDER,22
17894,85231B,CINAMMON SET OF 9 T-LIGHTS,2
17894,85231G,ORANGE SCENTED SET/9 T-LIGHTS,2
17894,85232D,SET/3 DECOUPAGE STACKING TINS,1
17894,M,Manual,2
17897,20751,FUNKY WASHING UP GLOVES ASSORTED,3
17897,20878,SET/9 CHRISTMAS T-LIGHTS SCENTED,2
17897,20963,APPLE BATH SPONGE,6
17897,20966,SANDWICH BATH SPONGE,3
17897,20982,12 PENCILS TALL TUBE SKULLS,2
17897,21034,REX CASH+CARRY JUMBO SHOPPER,2
17897,21190,PINK HEARTS PAPER GARLAND,1
17897,21260,FIRST AID TIN,1
17897,21367,MIRRORED WALL ART GENTS,1
17897,21370,MIRRORED WALL ART FOXY,2
17897,21577,SAVE THE PLANET COTTON TOTE BAG,1
17897,21581,SKULLS  DESIGN  COTTON TOTE BAG,1
17897,21592,RETROSPOT CIGAR BOX MATCHES,1
17897,21621,VINTAGE UNION JACK BUNTING,1
17897,21832,CHOCOLATE CALCULATOR,2
17897,21894,POTTING SHED SEED ENVELOPES,3
17897,21895,POTTING SHED SOW 'N' GROW SET,1
17897,21906,PHARMACIE FIRST AID TIN,1
17897,21915,RED  HARMONICA IN BOX,1
17897,21967,PACK OF 12 SKULL TISSUES,12
17897,22082,RIBBON REEL STRIPES DESIGN,5
17897,22087,PAPER BUNTING WHITE LACE,1
17897,22107,PIZZA PLATE IN BOX,2
17897,22144,CHRISTMAS CRAFT LITTLE FRIENDS,3
17897,22149,FELTCRAFT 6 FLOWER FRIENDS,2
17897,22150,3 STRIPEY MICE FELTCRAFT,1
17897,22191,IVORY DINER WALL CLOCK,1
17897,22372,AIRLINE BAG VINTAGE WORLD CHAMPION,1
17897,22376,AIRLINE BAG VINTAGE JET SET WHITE,1
17897,22425,ENAMEL COLANDER CREAM,1
17897,22428,ENAMEL FIRE BUCKET CREAM,1
17897,22429,ENAMEL MEASURING JUG CREAM,2
17897,22468,BABUSHKA LIGHTS STRING OF 10,1
17897,22624,IVORY KITCHEN SCALES,2
17897,22651,GENTLEMAN SHIRT REPAIR KIT,2
17897,22713,CARD I LOVE LONDON,12
17897,22726,ALARM CLOCK BAKELIKE GREEN,1
17897,22727,ALARM CLOCK BAKELIKE RED,2
17897,22728,ALARM CLOCK BAKELIKE PINK,1
17897,22738,RIBBON REEL SNOWY VILLAGE,5
17897,22772,PINK DRAWER KNOB ACRYLIC EDWARDIAN,2
17897,22773,GREEN DRAWER KNOB ACRYLIC EDWARDIAN,2
17897,22803,IVORY EMBROIDERED QUILT,2
17897,22834,HAND WARMER BABUSHKA DESIGN,2
17897,22867,HAND WARMER BIRD DESIGN,5
17897,22909,SET OF 20 VINTAGE CHRISTMAS NAPKINS,1
17897,22910,PAPER CHAIN KIT VINTAGE CHRISTMAS,1
17897,22940,FELTCRAFT CHRISTMAS FAIRY,1
17897,22960,JAM MAKING SET WITH JARS,8
17897,22961,JAM MAKING SET PRINTED,1
17897,46000M,POLYESTER FILLER PAD 45x45cm,6
17897,47563A,RETRO LONGBOARD IRONING BOARD COVER,1
17897,70007,HI TEC ALPINE HAND WARMER,4
17897,84347,ROTATING SILVER ANGELS T-LIGHT HLDR,5
17897,84497,BUTTONS AND STRIPES NOTEBOOK,1
17897,84535B,FAIRY CAKES NOTEBOOK A6 SIZE,1
17897,84558A,3D DOG PICTURE PLAYING CARDS,1
17897,84596J,MIXED NUTS LIGHT GREEN BOWL,1
17897,84596L,BISCUITS SMALL BOWL LIGHT BLUE,1
17897,84658,WHITE STITCHED CUSHION COVER,4
17897,84763,ZINC FINISH 15CM PLANTER POTS,10
17897,85059,FRENCH ENAMEL WATER BASIN,1
17897,85170A,SET/6 IVORY BIRD T-LIGHT CANDLES,1
17905,21038,SET/4 MODERN VINTAGE COTTON NAPKINS,1
17905,21071,VINTAGE BILLBOARD DRINK ME MUG,24
17905,21179,NO JUNK MAIL METAL SIGN,1
17905,21187,WHITE BELL HONEYCOMB PAPER GARLAND,10
17905,21191,LARGE WHITE HONEYCOMB PAPER BELL,25
17905,21192,WHITE BELL HONEYCOMB PAPER,30
17905,21194,PINK  HONEYCOMB PAPER FAN,15
17905,21625,VINTAGE UNION JACK APRON,1
17905,21654,RIDGED GLASS FINGER BOWL,6
17905,21657,MILK BOTTLE WITH GLASS STOPPER,1
17905,21658,GLASS  BEURRE DISH,1
17905,21662,VINTAGE GLASS COFFEE CADDY,1
17905,21664,RIDGED GLASS STORAGE JAR CREAM LID,2
17905,22097,SWALLOW SQUARE TISSUE BOX,2
17905,22120,WELCOME  WOODEN BLOCK LETTERS,1
17905,22185,SLATE TILE NATURAL HANGING,4
17905,22360,GLASS JAR ENGLISH CONFECTIONERY,2
17905,22364,GLASS JAR DIGESTIVE BISCUITS,1
17905,22411,JUMBO SHOPPER VINTAGE RED PAISLEY,6
17905,22423,REGENCY CAKESTAND 3 TIER,1
17905,22699,ROSES REGENCY TEACUP AND SAUCER,4
17905,22783,SET 3 WICKER OVAL BASKETS W LIDS,1
17905,22941,CHRISTMAS LIGHTS 10 REINDEER,1
17905,22943,CHRISTMAS LIGHTS 10 VINTAGE BAUBLES,2
17905,82552,WASHROOM METAL SIGN,1
17905,84800L,LARGE WHITE/PINK ROSE ART FLOWER,20
17905,85104,SILVER GLASS T-LIGHT SET,8
17908,16238,PARTY TIME PENCIL ERASERS,28
17908,20668,DISCO BALL CHRISTMAS DECORATION,24
17908,20669,RED HEART LUGGAGE TAG,1
17908,20713,JUMBO BAG OWLS,1
17908,20717,STRAWBERRY SHOPPER BAG,1
17908,20723,STRAWBERRY CHARLOTTE BAG,1
17908,20966,SANDWICH BATH SPONGE,2
17908,21065,BOOM BOX SPEAKER GIRLS,1
17908,21116,OWL DOORSTOP,1
17908,21326,AGED GLASS SILVER T-LIGHT HOLDER,12
17908,21479,WHITE SKULL HOT WATER BOTTLE,1
17908,21609,SET 12 LAVENDER  BOTANICAL T-LIGHTS,1
17908,21676,FLOWERS  STICKERS,6
17908,21678,PAISLEY PATTERN  STICKERS,6
17908,21811,CHRISTMAS HANGING HEART WITH BELL,1
17908,21823,PAINTED METAL HEART WITH HOLLY BELL,3
17908,21824,PAINTED METAL STAR WITH HOLLY BELLS,3
17908,21866,UNION JACK FLAG LUGGAGE TAG,2
17908,21867,PINK UNION JACK  LUGGAGE TAG,1
17908,21931,JUMBO STORAGE BAG SUKI,2
17908,21955,DOORMAT UNION JACK GUNS AND ROSES,1
17908,21980,PACK OF 12 RED RETROSPOT TISSUES,12
17908,22074,6 RIBBONS SHIMMERING PINKS,1
17908,22075,6 RIBBONS ELEGANT CHRISTMAS,1
17908,22109,FULL ENGLISH BREAKFAST PLATE,1
17908,22111,SCOTTIE DOG HOT WATER BOTTLE,2
17908,22112,CHOCOLATE HOT WATER BOTTLE,1
17908,22153,ANGEL DECORATION STARS ON DRESS,6
17908,22183,CAKE STAND VICTORIAN FILIGREE MED,1
17908,22197,SMALL POPCORN HOLDER,2
17908,22198,LARGE POPCORN HOLDER,1
17908,22531,MAGIC DRAWING SLATE CIRCUS PARADE,1
17908,22568,FELTCRAFT CUSHION OWL,1
17908,22633,HAND WARMER UNION JACK,1
17908,22664,TOY TIDY DOLLY GIRL DESIGN,1
17908,22785,SQUARECUSHION COVER PINK UNION FLAG,1
17908,22866,HAND WARMER SCOTTY DOG DESIGN,2
17908,22900,SET 2 TEA TOWELS I LOVE LONDON,2
17908,22972,CHILDREN'S SPACEBOY MUG,1
17908,22975,SPACEBOY CHILDRENS EGG CUP,1
17908,72802C,VANILLA SCENT CANDLE JEWELLED BOX,1
17908,84625A,PINK NEW BAROQUECANDLESTICK CANDLE,1
17908,84625C,BLUE NEW BAROQUE CANDLESTICK CANDLE,3
17908,84906,PINK B'FLY C/COVER W BOBBLES,1
17908,85099B,JUMBO BAG RED RETROSPOT,2
17908,85099F,JUMBO BAG STRAWBERRY,1
17908,85116,BLACK CANDELABRA T-LIGHT HOLDER,6
17908,85169B,BLACK LOVE BIRD CANDLE,12
17908,90129F,RED GLASS TASSLE BAG CHARM,1
17908,90199C,5 STRAND GLASS NECKLACE CRYSTAL,6
17908,90210B,CLEAR ACRYLIC FACETED BANGLE,1
17912,15058A,BLUE POLKADOT GARDEN PARASOL,1
17912,16012,FOOD/DRINK SPONGE STICKERS,48
17912,20717,STRAWBERRY SHOPPER BAG,3
17912,21034,REX CASH+CARRY JUMBO SHOPPER,2
17912,21155,RED RETROSPOT PEG BAG,3
17912,21200,MULTICOLOUR HONEYCOMB PAPER GARLAND,4
17912,21210,SET OF 72 RETROSPOT PAPER  DOILIES,1
17912,21499,BLUE POLKADOT WRAP,25
17912,21621,VINTAGE UNION JACK BUNTING,4
17912,21749,LARGE RED RETROSPOT WINDMILL,5
17912,21913,VINTAGE SEASIDE JIGSAW PUZZLES,3
17912,21974,SET OF 36 PAISLEY FLOWER DOILIES,1
17912,22061,LARGE CAKE STAND  HANGING STRAWBERY,1
17912,22136,LOVE HEART SOCK HANGER,4
17912,22202,MILK PAN PINK POLKADOT,2
17912,22203,MILK PAN RED RETROSPOT,2
17912,22218,CAKE STAND LACE WHITE,1
17912,22423,REGENCY CAKESTAND 3 TIER,1
17912,22501,PICNIC BASKET WICKER LARGE,1
17912,22502,PICNIC BASKET WICKER SMALL,2
17912,22559,SEASIDE FLYING DISC,6
17912,22578,WOODEN STAR CHRISTMAS SCANDINAVIAN,12
17912,22669,RED BABY BUNTING,5
17912,22941,CHRISTMAS LIGHTS 10 REINDEER,1
17912,22943,CHRISTMAS LIGHTS 10 VINTAGE BAUBLES,4
17912,37449,CERAMIC CAKE STAND + HANGING CAKES,1
17912,40016,CHINESE DRAGON PAPER LANTERNS,24
17912,47590A,BLUE HAPPY BIRTHDAY BUNTING,2
17912,47590B,PINK HAPPY BIRTHDAY BUNTING,2
17912,62018,SOMBRERO,2
17912,84673A,PINK FLY SWAT,3
17912,84673B,BLUE FLY SWAT,3
17912,84985A,SET OF 72 GREEN PAPER DOILIES,1
17912,84987,SET OF 36 TEATIME PAPER DOILIES,1
17913,16169P,WRAP GREEN RUSSIAN FOLKART,25
17913,20767,BLUE PAISLEY JOURNAL,2
17913,20768,GREEN FERN JOURNAL,2
17913,21479,WHITE SKULL HOT WATER BOTTLE,1
17913,21484,CHICK GREY HOT WATER BOTTLE,3
17913,21609,SET 12 LAVENDER  BOTANICAL T-LIGHTS,5
17913,21613,S/12 VANILLA  BOTANICAL T-LIGHTS,3
17913,21690,SILVER  CANDLEPOT JARDIN,1
17913,21692,SILVER LATTICE VANILLA CANDLE POT,1
17913,21730,GLASS STAR FROSTED T-LIGHT HOLDER,2
17913,21741,COSY SLIPPER SHOES LARGE GREEN,4
17913,21875,KINGS CHOICE MUG,2
17913,21877,HOME SWEET HOME MUG,2
17913,22068,BLACK PIRATE TREASURE CHEST,4
17913,22110,BIRD HOUSE HOT WATER BOTTLE,3
17913,22111,SCOTTIE DOG HOT WATER BOTTLE,1
17913,22113,GREY HEART HOT WATER BOTTLE,6
17913,22278,OVERNIGHT BAG VINTAGE ROSE PAISLEY,2
17913,22473,TV DINNER TRAY VINTAGE PAISLEY,1
17913,22476,EMPIRE UNION JACK TV DINNER TRAY,2
17913,22480,RED TEA TOWEL CLASSIC DESIGN,2
17913,22666,RECIPE BOX PANTRY YELLOW DESIGN,1
17913,22667,RECIPE BOX RETROSPOT,2
17913,22728,ALARM CLOCK BAKELIKE PINK,1
17913,22961,JAM MAKING SET PRINTED,6
17913,22962,JAM JAR WITH PINK LID,3
17913,22963,JAM JAR WITH GREEN LID,3
17913,48138,DOORMAT UNION FLAG,2
17913,84247E,PACK/12 XMAS FUN CARD,1
17913,84580,MOUSE TOY WITH PINK T-SHIRT,1
17913,84946,ANTIQUE SILVER TEA GLASS ETCHED,6
17917,16218,CARTOON  PENCIL SHARPENERS,5
17917,20664,TROPICAL HOLIDAY PURSE,2
17917,20665,RED RETROSPOT PURSE,1
17917,20670,VIP HOLIDAY PURSE,1
17917,20977,36 PENCILS TUBE WOODLAND,2
17917,21577,SAVE THE PLANET COTTON TOTE BAG,4
17917,21711,FOLDING UMBRELLA WHITE/RED POLKADOT,2
17917,21739,COSY SLIPPER SHOES SMALL GREEN,1
17917,21928,JUMBO BAG SCANDINAVIAN PAISLEY,2
17917,21943,CAKES AND RABBITS DESIGN FLANNEL,2
17917,21946,PARTY TIME DESIGN FLANNEL,2
17917,21982,PACK OF 12 SUKI TISSUES,4
17917,22086,PAPER CHAIN KIT 50'S CHRISTMAS,1
17917,22132,RED LOVE HEART SHAPE CUP,2
17917,22207,FRYING PAN UNION FLAG,1
17917,22333,RETROSPOT PARTY BAG + STICKER SET,1
17917,22389,PAPERWEIGHT SAVE THE PLANET,1
17917,22400,MAGNETS PACK OF 4 HOME SWEET HOME,1
17917,22560,TRADITIONAL MODELLING CLAY,4
17917,22726,ALARM CLOCK BAKELIKE GREEN,2
17917,22729,ALARM CLOCK BAKELIKE ORANGE,1
17917,22744,MAKE YOUR OWN MONSOON CARD KIT,2
17917,22746,POPPY'S PLAYHOUSE LIVINGROOM,1
17917,22956,36 FOIL HEART CAKE CASES,1
17917,47593A,CAROUSEL PONIES BABY BIB,2
17917,84559B,3D SHEET OF CAT STICKERS,3
17917,84944,SET OF 6 KASHMIR FOLKART BAUBLES,2
17917,84997C,BLUE 3 PIECE POLKADOT CUTLERY SET,3
17920,20725,LUNCH BAG RED RETROSPOT,1
17920,20727,LUNCH BAG  BLACK SKULL.,3
17920,20728,LUNCH BAG CARS BLUE,3
17920,20750,RED RETROSPOT MINI CASES,1
17920,21034,REX CASH+CARRY JUMBO SHOPPER,3
17920,21069,VINTAGE BILLBOARD TEA MUG,6
17920,21071,VINTAGE BILLBOARD DRINK ME MUG,6
17920,21242,RED RETROSPOT PLATE,1
17920,21243,PINK  POLKADOT PLATE,1
17920,21244,BLUE POLKADOT PLATE,1
17920,21245,GREEN POLKADOT PLATE,1
17920,21448,12 DAISY PEGS IN WOOD BOX,8
17920,21527,RED RETROSPOT TRADITIONAL TEAPOT,4
17920,21706,FOLDING UMBRELLA RED/WHITE POLKADOT,2
17920,21708,FOLDING UMBRELLA CREAM POLKADOT,2
17920,21710,FOLDING UMBRELLA PINKWHITE POLKADOT,1
17920,21711,FOLDING UMBRELLA WHITE/RED POLKADOT,1
17920,21731,RED TOADSTOOL LED NIGHT LIGHT,5
17920,21738,COSY SLIPPER SHOES SMALL  RED,8
17920,21739,COSY SLIPPER SHOES SMALL GREEN,2
17920,21875,KINGS CHOICE MUG,6
17920,21877,HOME SWEET HOME MUG,6
17920,21880,RED RETROSPOT TAPE,10
17920,22072,RED RETROSPOT TEA CUP AND SAUCER,9
17920,22077,6 RIBBONS RUSTIC CHARM,10
17920,22086,PAPER CHAIN KIT 50'S CHRISTMAS,1
17920,22141,CHRISTMAS CRAFT TREE TOP ANGEL,2
17920,22144,CHRISTMAS CRAFT LITTLE FRIENDS,3
17920,22151,PLACE SETTING WHITE HEART,10
17920,22179,SET 10 LIGHTS NIGHT OWL,2
17920,22197,SMALL POPCORN HOLDER,5
17920,22242,5 HOOK HANGER MAGIC TOADSTOOL,5
17920,22243,5 HOOK HANGER RED MAGIC TOADSTOOL,10
17920,22271,FELTCRAFT DOLL ROSIE,2
17920,22273,FELTCRAFT DOLL MOLLY,4
17920,22274,FELTCRAFT DOLL EMILY,2
17920,22326,ROUND SNACK BOXES SET OF4 WOODLAND,1
17920,22327,ROUND SNACK BOXES SET OF 4 SKULLS,2
17920,22328,ROUND SNACK BOXES SET OF 4 FRUITS,1
17920,22382,LUNCH BAG SPACEBOY DESIGN,3
17920,22383,LUNCH BAG SUKI  DESIGN,3
17920,22468,BABUSHKA LIGHTS STRING OF 10,2
17920,22480,RED TEA TOWEL CLASSIC DESIGN,6
17920,22488,NATURAL SLATE RECTANGLE CHALKBOARD,1
17920,22568,FELTCRAFT CUSHION OWL,3
17920,22569,FELTCRAFT CUSHION BUTTERFLY,4
17920,22570,FELTCRAFT CUSHION RABBIT,3
17920,22629,SPACEBOY LUNCH BOX,1
17920,22630,DOLLY GIRL LUNCH BOX,1
17920,22652,TRAVEL SEWING KIT,5
17920,22662,LUNCH BAG DOLLY GIRL DESIGN,4
17920,22697,GREEN REGENCY TEACUP AND SAUCER,10
17920,22699,ROSES REGENCY TEACUP AND SAUCER,10
17920,22749,FELTCRAFT PRINCESS CHARLOTTE DOLL,4
17920,22751,FELTCRAFT PRINCESS OLIVIA DOLL,2
17920,22759,SET OF 3 NOTEBOOKS IN PARCEL,6
17920,22837,HOT WATER BOTTLE BABUSHKA,3
17920,22900,SET 2 TEA TOWELS I LOVE LONDON,4
17920,22902,TOTE BAG I LOVE LONDON,14
17920,22940,FELTCRAFT CHRISTMAS FAIRY,4
17920,22961,JAM MAKING SET PRINTED,24
17920,22968,ROSE COTTAGE KEEPSAKE BOX,4
17920,22988,SOLDIERS EGG CUP,6
17920,84707A,SILVER JEWELLED MIRROR TRINKET TRAY,4
17920,85049E,SCANDINAVIAN REDS RIBBONS,16
17920,85184C,S/4 VALENTINE DECOUPAGE HEART BOX,2
17920,M,Manual,2
17924,35004B,SET OF 3 BLACK FLYING DUCKS,12
17924,35004C,SET OF 3 COLOURED  FLYING DUCKS,48
17925,21137,BLACK RECORD COVER FRAME,72
17937,20914,SET/5 RED RETROSPOT LID GLASS BOWLS,48
17937,21658,GLASS  BEURRE DISH,48
17937,21662,VINTAGE GLASS COFFEE CADDY,48
17937,21664,RIDGED GLASS STORAGE JAR CREAM LID,48
17937,21791,VINTAGE HEADS AND TAILS CARD GAME,48
17937,21888,BINGO SET,36
17937,21889,WOODEN BOX OF DOMINOES,48
17937,21912,VINTAGE SNAKES & LADDERS,36
17937,21915,RED  HARMONICA IN BOX,48
17937,22489,PACK OF 12 TRADITIONAL CRAYONS,72
17937,22491,PACK OF 12 COLOURED PENCILS,48
17937,22548,HEADS AND TAILS SPORTING FUN,48
17937,22550,HOLIDAY FUN LUDO,36
17937,22561,WOODEN SCHOOL COLOURING SET,72
17937,22567,20 DOLLY PEGS RETROSPOT,48
17937,22622,BOX OF VINTAGE ALPHABET BLOCKS,24
17937,22634,CHILDS BREAKFAST SET SPACEBOY,24
17937,22635,CHILDS BREAKFAST SET DOLLY GIRL,24
17949,22423,REGENCY CAKESTAND 3 TIER,120
17950,20981,12 PENCILS TALL TUBE WOODLAND,1
17950,21690,SILVER  CANDLEPOT JARDIN,10
17950,21694,SMALL REGAL  SILVER CANDLEPOT,6
17950,21696,SMALL SILVER TRELLIS CANDLEPOT,6
17950,21790,VINTAGE SNAP CARDS,3
17950,21830,ASSORTED CREEPY CRAWLIES,24
17950,21889,WOODEN BOX OF DOMINOES,2
17950,22023,EMPIRE BIRTHDAY CARD,12
17950,22027,TEA PARTY BIRTHDAY CARD,12
17950,22037,ROBOT BIRTHDAY CARD,12
17950,22042,CHRISTMAS CARD SINGING ANGEL,12
17950,22149,FELTCRAFT 6 FLOWER FRIENDS,5
17950,22174,PHOTO CUBE,6
17950,22272,FELTCRAFT DOLL MARIA,1
17950,22274,FELTCRAFT DOLL EMILY,1
17950,22403,MAGNETS PACK OF 4 VINTAGE LABELS,1
17950,22445,PENCIL CASE LIFE IS BEAUTIFUL,1
17950,22449,SILK PURSE BABUSHKA PINK,4
17950,22450,SILK PURSE BABUSHKA BLUE,2
17950,22451,SILK PURSE BABUSHKA RED,2
17950,22548,HEADS AND TAILS SPORTING FUN,2
17950,22560,TRADITIONAL MODELLING CLAY,1
17950,22621,TRADITIONAL KNITTING NANCY,1
17950,22729,ALARM CLOCK BAKELIKE ORANGE,1
17950,22745,POPPY'S PLAYHOUSE BEDROOM,2
17950,22747,POPPY'S PLAYHOUSE BATHROOM,2
17950,22748,POPPY'S PLAYHOUSE KITCHEN,2
17950,22749,FELTCRAFT PRINCESS CHARLOTTE DOLL,1
17950,22750,FELTCRAFT PRINCESS LOLA DOLL,1
17950,22816,CARD MOTORBIKE SANTA,24
17950,22940,FELTCRAFT CHRISTMAS FAIRY,1
17950,22942,CHRISTMAS LIGHTS 10 SANTAS,4
17950,22953,BIRTHDAY PARTY CORDON BARRIER TAPE,1
17950,22988,SOLDIERS EGG CUP,3
17950,84559A,3D SHEET OF DOG STICKERS,5
17950,84559B,3D SHEET OF CAT STICKERS,12
17951,22485,SET OF 2 WOODEN MARKET CRATES,4
17951,22633,HAND WARMER UNION JACK,36
17951,22807,SET OF 6 T-LIGHTS TOADSTOOLS,6
17951,22810,SET OF 6 T-LIGHTS SNOWMEN,12
17951,22834,HAND WARMER BABUSHKA DESIGN,48
17951,22865,HAND WARMER OWL DESIGN,36
17951,22866,HAND WARMER SCOTTY DOG DESIGN,36
17951,70006,LOVE HEART POCKET WARMER,30
17951,85038,6 CHOCOLATE LOVE HEART T-LIGHTS,12
17954,21080,SET/20 RED RETROSPOT PAPER NAPKINS,7
17954,21086,SET/6 RED SPOTTY PAPER CUPS,10
17954,21094,SET/6 RED SPOTTY PAPER PLATES,10
17954,21481,FAWN BLUE HOT WATER BOTTLE,1
17954,21974,SET OF 36 PAISLEY FLOWER DOILIES,2
17954,22131,FOOD CONTAINER SET 3 LOVE HEART,2
17954,22137,BATHROOM SET LOVE HEART DESIGN,1
17954,22558,CLOTHES PEGS RETROSPOT PACK 24,2
17954,22618,COOKING SET RETROSPOT,2
17954,22696,WICKER WREATH LARGE,3
17954,22837,HOT WATER BOTTLE BABUSHKA,2
17954,22910,PAPER CHAIN KIT VINTAGE CHRISTMAS,10
17954,22952,60 CAKE CASES VINTAGE CHRISTMAS,7
17954,22968,ROSE COTTAGE KEEPSAKE BOX,2
17954,84029E,RED WOOLLY HOTTIE WHITE HEART.,1
17961,20615,BLUE POLKADOT PASSPORT COVER,1
17961,20725,LUNCH BAG RED RETROSPOT,1
17961,20727,LUNCH BAG  BLACK SKULL.,1
17961,20956,PORCELAIN T-LIGHT HOLDERS ASSORTED,6
17961,20978,36 PENCILS TUBE SKULLS,3
17961,20979,36 PENCILS TUBE RED RETROSPOT,4
17961,21114,LAVENDER SCENTED FABRIC HEART,1
17961,21161,KEEP OUT BOYS DOOR HANGER,2
17961,21326,AGED GLASS SILVER T-LIGHT HOLDER,6
17961,21333,CLASSIC WHITE FRAME,1
17961,21479,WHITE SKULL HOT WATER BOTTLE,3
17961,21528,DAIRY MAID TRADITIONAL TEAPOT,1
17961,21530,DAIRY MAID TOASTRACK,1
17961,21664,RIDGED GLASS STORAGE JAR CREAM LID,6
17961,21706,FOLDING UMBRELLA RED/WHITE POLKADOT,1
17961,21820,GLITTER HEART GARLAND WITH BELLS,1
17961,21821,GLITTER STAR GARLAND WITH BELLS,1
17961,21890,S/6 WOODEN SKITTLES IN COTTON BAG,2
17961,21891,TRADITIONAL WOODEN SKIPPING ROPE,1
17961,21906,PHARMACIE FIRST AID TIN,1
17961,21914,BLUE HARMONICA IN BOX,1
17961,21915,RED  HARMONICA IN BOX,1
17961,22097,SWALLOW SQUARE TISSUE BOX,2
17961,22100,SKULLS SQUARE TISSUE BOX,1
17961,22152,PLACE SETTING WHITE STAR,5
17961,22162,HEART GARLAND RUSTIC PADDED,1
17961,22271,FELTCRAFT DOLL ROSIE,2
17961,22310,IVORY KNITTED MUG COSY,1
17961,22327,ROUND SNACK BOXES SET OF 4 SKULLS,1
17961,22371,AIRLINE BAG VINTAGE TOKYO 78,1
17961,22377,BOTTLE BAG RETROSPOT,1
17961,22378,WALL TIDY RETROSPOT,2
17961,22379,RECYCLING BAG RETROSPOT,1
17961,22384,LUNCH BAG PINK POLKADOT,1
17961,22418,10 COLOUR SPACEBOY PEN,1
17961,22443,GROW YOUR OWN HERBS SET OF 3,1
17961,22461,SAVOY ART DECO CLOCK,1
17961,22481,BLACK TEA TOWEL CLASSIC DESIGN,4
17961,22493,PAINT YOUR OWN CANVAS SET,2
17961,22513,DOORSTOP FOOTBALL DESIGN,1
17961,22582,PACK OF 6 SWEETIE GIFT BOXES,1
17961,22608,PENS ASSORTED FUNKY JEWELED,1
17961,22619,SET OF 6 SOLDIER SKITTLES,2
17961,22621,TRADITIONAL KNITTING NANCY,1
17961,22624,IVORY KITCHEN SCALES,1
17961,22634,CHILDS BREAKFAST SET SPACEBOY,4
17961,22635,CHILDS BREAKFAST SET DOLLY GIRL,4
17961,22636,CHILDS BREAKFAST SET CIRCUS PARADE,1
17961,22642,SET OF 4 NAPKIN CHARMS STARS,3
17961,22702,BLACK AND WHITE CAT BOWL,1
17961,22720,SET OF 3 CAKE TINS PANTRY DESIGN,1
17961,22741,FUNKY DIVA PEN,1
17961,22758,LARGE PURPLE BABUSHKA NOTEBOOK,1
17961,22768,FAMILY PHOTO FRAME CORNICE,4
17961,22823,CHEST NATURAL WOOD 20 DRAWERS,1
17961,22835,HOT WATER BOTTLE I AM SO POORLY,1
17961,22847,BREAD BIN DINER STYLE IVORY,1
17961,22937,BAKING MOULD CHOCOLATE CUPCAKES,1
17961,22940,FELTCRAFT CHRISTMAS FAIRY,1
17961,72741,GRAND CHOCOLATECANDLE,1
17961,72807C,SET/3 VANILLA SCENTED CANDLE IN BOX,1
17961,84006,MAGIC TREE -PAPER FLOWERS,2
17961,84029G,KNITTED UNION FLAG HOT WATER BOTTLE,1
17961,84499,BLACK FLOWER CANDLE PLATE,1
17961,84832,ZINC WILLIE WINKIE  CANDLE STICK,4
17961,84920,PINK FLOWER FABRIC PONY,1
17961,84968A,SET OF 16 VINTAGE ROSE CUTLERY,1
17961,84968C,SET OF 16 VINTAGE PISTACHIO CUTLERY,2
17961,84997B,RED 3 PIECE RETROSPOT CUTLERY SET,1
17961,85014A,BLACK/BLUE POLKADOT UMBRELLA,1
17961,85040A,S/4 PINK FLOWER CANDLES IN BOWL,1
17961,85231B,CINAMMON SET OF 9 T-LIGHTS,6
17961,90022,EDWARDIAN DROP EARRINGS JET BLACK,1
17961,90104,PURPLE FRANGIPANI HAIRCLIP,1
17964,16012,FOOD/DRINK SPONGE STICKERS,24
17964,20828,GLITTER BUTTERFLY CLIPS,2
17964,20984,12 PENCILS TALL TUBE POSY,2
17964,21465,PINK FLOWER CROCHET FOOD COVER,1
17964,21470,FLOWER VINE RAFFIA FOOD COVER,1
17964,21623,VINTAGE UNION JACK MEMOBOARD,2
17964,21731,RED TOADSTOOL LED NIGHT LIGHT,3
17964,21830,ASSORTED CREEPY CRAWLIES,48
17964,21849,SILVER DIAMANTE PEN IN GIFT BOX,1
17964,21851,LILAC DIAMANTE PEN IN GIFT BOX,1
17964,21889,WOODEN BOX OF DOMINOES,1
17964,21914,BLUE HARMONICA IN BOX,1
17964,21918,SET 12 KIDS COLOUR  CHALK STICKS,1
17964,22045,SPACEBOY GIFT WRAP,25
17964,22436,12 COLOURED PARTY BALLOONS,10
17964,22551,PLASTERS IN TIN SPACEBOY,1
17964,22554,PLASTERS IN TIN WOODLAND ANIMALS,2
17964,22622,BOX OF VINTAGE ALPHABET BLOCKS,2
17964,22653,BUTTON BOX,2
17964,22654,DELUXE SEWING KIT,5
17964,22729,ALARM CLOCK BAKELIKE ORANGE,1
17964,22745,POPPY'S PLAYHOUSE BEDROOM,1
17964,22746,POPPY'S PLAYHOUSE LIVINGROOM,1
17964,22785,SQUARECUSHION COVER PINK UNION FLAG,2
17964,22800,ANTIQUE TALL SWIRLGLASS TRINKET POT,4
17964,22983,CARD BILLBOARD FONT,12
17964,22986,GINGHAM ROSE WRAP,25
17964,84949,SILVER HANGING T-LIGHT HOLDER,6
17964,85025C,PINK HEART SHAPE PHOTO FRAME,2
17964,85124B,BLUE JUICY FRUIT PHOTO FRAME,1
17964,85124C,GREEN JUICY FRUIT PHOTO FRAME,1
17964,85135B,BLUE DRAGONFLY HELICOPTER,1
17964,90175C,BLUE GLASS CHUNKY CHARM BRACELET,1
17964,90178A,AMBER CHUNKY GLASS+BEAD NECKLACE,1
17964,90180A,BLACK+WHITE NECKLACE W TASSEL,1
17965,20972,PINK CREAM FELT CRAFT TRINKET BOX,5
17965,21733,RED HANGING HEART T-LIGHT HOLDER,3
17965,21915,RED  HARMONICA IN BOX,10
17965,22111,SCOTTIE DOG HOT WATER BOTTLE,1
17965,22112,CHOCOLATE HOT WATER BOTTLE,1
17965,22113,GREY HEART HOT WATER BOTTLE,1
17965,22191,IVORY DINER WALL CLOCK,1
17965,22192,BLUE DINER WALL CLOCK,1
17965,22193,RED DINER WALL CLOCK,2
17965,22194,BLACK DINER WALL CLOCK,1
17965,22197,SMALL POPCORN HOLDER,5
17965,22272,FELTCRAFT DOLL MARIA,1
17965,22405,MONEY BOX POCKET MONEY DESIGN,6
17965,22567,20 DOLLY PEGS RETROSPOT,6
17965,22633,HAND WARMER UNION JACK,4
17965,22749,FELTCRAFT PRINCESS CHARLOTTE DOLL,1
17965,22750,FELTCRAFT PRINCESS LOLA DOLL,1
17965,22751,FELTCRAFT PRINCESS OLIVIA DOLL,1
17965,22810,SET OF 6 T-LIGHTS SNOWMEN,1
17965,22837,HOT WATER BOTTLE BABUSHKA,1
17965,22942,CHRISTMAS LIGHTS 10 SANTAS,1
17965,85049A,TRADITIONAL CHRISTMAS RIBBONS,5
17965,85123A,WHITE HANGING HEART T-LIGHT HOLDER,3
17967,10002,INFLATABLE POLITICAL GLOBE,1
17967,10120,DOGGY RUBBER,1
17967,10123C,HEARTS WRAPPING TAPE,1
17967,16237,SLEEPING CAT ERASERS,1
17967,20725,LUNCH BAG RED RETROSPOT,1
17967,20727,LUNCH BAG  BLACK SKULL.,2
17967,20767,BLUE PAISLEY JOURNAL,1
17967,20961,STRAWBERRY BATH SPONGE,2
17967,20963,APPLE BATH SPONGE,1
17967,20986,BLUE CALCULATOR RULER,4
17967,21026,SPACE OWL,1
17967,21452,TOADSTOOL MONEY BOX,1
17967,21586,KINGS CHOICE GIANT TUBE MATCHES,1
17967,21882,SKULLS TAPE,1
17967,21883,STARS GIFT TAPE,1
17967,21884,CAKES AND BOWS GIFT  TAPE,1
17967,22028,PENNY FARTHING BIRTHDAY CARD,12
17967,22147,FELTCRAFT BUTTERFLY HEARTS,4
17967,22219,LOVEBIRD HANGING DECORATION WHITE,2
17967,22382,LUNCH BAG SPACEBOY DESIGN,1
17967,22383,LUNCH BAG SUKI  DESIGN,2
17967,22384,LUNCH BAG PINK POLKADOT,2
17967,22537,MAGIC DRAWING SLATE DINOSAUR,1
17967,22560,TRADITIONAL MODELLING CLAY,2
17967,22562,MONSTERS STENCIL CRAFT,1
17967,22653,BUTTON BOX,2
17967,22745,POPPY'S PLAYHOUSE BEDROOM,2
17967,22746,POPPY'S PLAYHOUSE LIVINGROOM,1
17967,22748,POPPY'S PLAYHOUSE KITCHEN,1
17967,22750,FELTCRAFT PRINCESS LOLA DOLL,1
17967,22756,LARGE YELLOW BABUSHKA NOTEBOOK,1
17967,22757,LARGE RED BABUSHKA NOTEBOOK,1
17967,22758,LARGE PURPLE BABUSHKA NOTEBOOK,2
17967,22800,ANTIQUE TALL SWIRLGLASS TRINKET POT,1
17967,22816,CARD MOTORBIKE SANTA,12
17967,22960,JAM MAKING SET WITH JARS,1
17967,22968,ROSE COTTAGE KEEPSAKE BOX,2
17967,84006,MAGIC TREE -PAPER FLOWERS,1
17967,85123A,WHITE HANGING HEART T-LIGHT HOLDER,2
17967,85135B,BLUE DRAGONFLY HELICOPTER,1
17967,90094,NECKLACE+BRACELET SET FRUIT SALAD,1
17968,10125,MINI FUNKY DESIGN TAPES,2
17968,16258A,SWIRLY CIRCULAR RUBBERS IN BAG,1
17968,20866,BLUE ROSE FABRIC MIRROR,1
17968,20878,SET/9 CHRISTMAS T-LIGHTS SCENTED,1
17968,21121,SET/10 RED POLKADOT PARTY CANDLES,1
17968,21122,SET/10 PINK POLKADOT PARTY CANDLES,1
17968,21124,SET/10 BLUE POLKADOT PARTY CANDLES,1
17968,21212,PACK OF 72 RETROSPOT CAKE CASES,3
17968,21260,FIRST AID TIN,1
17968,21327,SKULLS WRITING SET,1
17968,21328,BALLOONS  WRITING SET,1
17968,21329,DINOSAURS  WRITING SET,1
17968,21584,RETROSPOT SMALL TUBE MATCHES,1
17968,21738,COSY SLIPPER SHOES SMALL  RED,1
17968,21814,HEART T-LIGHT HOLDER,10
17968,21815,STAR  T-LIGHT HOLDER,5
17968,21816,CHRISTMAS TREE T-LIGHT HOLDER,2
17968,21977,PACK OF 60 PINK PAISLEY CAKE CASES,1
17968,21980,PACK OF 12 RED RETROSPOT TISSUES,1
17968,21985,PACK OF 12 HEARTS DESIGN TISSUES,1
17968,21992,VINTAGE PAISLEY STATIONERY SET,2
17968,22082,RIBBON REEL STRIPES DESIGN,5
17968,22086,PAPER CHAIN KIT 50'S CHRISTMAS,1
17968,22197,SMALL POPCORN HOLDER,11
17968,22294,HEART FILIGREE DOVE  SMALL,1
17968,22295,HEART FILIGREE DOVE LARGE,1
17968,22297,HEART IVORY TRELLIS SMALL,1
17968,22312,OFFICE MUG WARMER POLKADOT,1
17968,22333,RETROSPOT PARTY BAG + STICKER SET,1
17968,22386,JUMBO BAG PINK POLKADOT,1
17968,22441,GROW YOUR OWN BASIL IN ENAMEL MUG,1
17968,22500,SET OF 2 TINS JARDIN DE PROVENCE,2
17968,22557,PLASTERS IN TIN VINTAGE PAISLEY,1
17968,22558,CLOTHES PEGS RETROSPOT PACK 24,2
17968,22573,STAR WOODEN CHRISTMAS DECORATION,1
17968,22577,WOODEN HEART CHRISTMAS SCANDINAVIAN,1
17968,22582,PACK OF 6 SWEETIE GIFT BOXES,1
17968,22585,PACK OF 6 BIRDY GIFT TAGS,3
17968,22603,CHRISTMAS RETROSPOT TREE WOOD,2
17968,22619,SET OF 6 SOLDIER SKITTLES,1
17968,22663,JUMBO BAG DOLLY GIRL DESIGN,1
17968,22731,3D CHRISTMAS STAMPS STICKERS,2
17968,22735,RIBBON REEL SOCKS AND MITTENS,2
17968,22737,RIBBON REEL CHRISTMAS PRESENT,1
17968,22742,MAKE YOUR OWN PLAYTIME CARD KIT,1
17968,22744,MAKE YOUR OWN MONSOON CARD KIT,2
17968,22759,SET OF 3 NOTEBOOKS IN PARCEL,1
17968,22809,SET OF 6 T-LIGHTS SANTA,1
17968,22810,SET OF 6 T-LIGHTS SNOWMEN,1
17968,22812,PACK 3 BOXES CHRISTMAS PANNETONE,6
17968,22813,PACK 3 BOXES BIRD PANNETONE,2
17968,22866,HAND WARMER SCOTTY DOG DESIGN,6
17968,22910,PAPER CHAIN KIT VINTAGE CHRISTMAS,1
17968,22945,CHRISTMAS METAL TAGS ASSORTED,12
17968,22952,60 CAKE CASES VINTAGE CHRISTMAS,2
17968,22956,36 FOIL HEART CAKE CASES,1
17968,22960,JAM MAKING SET WITH JARS,1
17968,22988,SOLDIERS EGG CUP,1
17968,48173C,DOORMAT BLACK FLOCK,1
17968,72818,CHRISTMAS DECOUPAGE CANDLE,1
17968,84879,ASSORTED COLOUR BIRD ORNAMENT,8
17968,85095,THREE CANVAS LUGGAGE TAGS,1
17968,85099B,JUMBO BAG RED RETROSPOT,1
17968,85099C,JUMBO  BAG BAROQUE BLACK WHITE,1
17968,85231B,CINAMMON SET OF 9 T-LIGHTS,5
17968,85231G,ORANGE SCENTED SET/9 T-LIGHTS,6
17968,90059B,DIAMANTE HAIR GRIP PACK/2 BLACK DIA,2
17968,90059C,DIAMANTE HAIR GRIP PACK/2 MONTANA,1
17968,90059E,DIAMANTE HAIR GRIP PACK/2 RUBY,3
17968,90185C,BLACK DIAMANTE EXPANDABLE RING,2
17968,90200A,PURPLE SWEETHEART BRACELET,1
17968,90200B,BLACK SWEETHEART BRACELET,2
17968,90200C,BLUE SWEETHEART BRACELET,1
17968,90200D,PINK SWEETHEART BRACELET,3
17969,17021,NAMASTE SWAGAT INCENSE,6
17969,21682,LARGE MEDINA STAMPED METAL BOWL,1
17969,22371,AIRLINE BAG VINTAGE TOKYO 78,1
17969,22745,POPPY'S PLAYHOUSE BEDROOM,1
17969,40016,CHINESE DRAGON PAPER LANTERNS,60
17969,75131,METAL TUBE CHIME ON BAMBOO,60
17969,84360,TABLE LAMP WHITE SHADE WOOD BASE,2
17975,20763,DAISY SKETCHBOOK,1
17975,20777,CHRYSANTHEMUM NOTEBOOK,1
17975,21135,VICTORIAN  METAL POSTCARD SPRING,8
17975,21592,RETROSPOT CIGAR BOX MATCHES,2
17975,21754,HOME BUILDING BLOCK WORD,6
17975,21755,LOVE BUILDING BLOCK WORD,6
17975,21756,BATH BUILDING BLOCK WORD,7
17975,21908,CHOCOLATE THIS WAY METAL SIGN,12
17975,22118,JOY WOODEN BLOCK LETTERS,2
17975,22119,PEACE WOODEN BLOCK LETTERS,2
17975,22120,WELCOME  WOODEN BLOCK LETTERS,2
17975,22151,PLACE SETTING WHITE HEART,24
17975,22295,HEART FILIGREE DOVE LARGE,12
17975,22365,DOORMAT RESPECTABLE HOUSE,2
17975,22469,HEART OF WICKER SMALL,4
17975,22660,DOORMAT I LOVE LONDON,3
17975,22671,FRENCH LAUNDRY SIGN BLUE METAL,12
17975,22690,DOORMAT HOME SWEET HOME BLUE,2
17975,22694,WICKER STAR,3
17975,22797,CHEST OF DRAWERS GINGHAM HEART,3
17975,22983,CARD BILLBOARD FONT,12
17975,82483,WOOD 2 DRAWER CABINET WHITE FINISH,16
17975,82486,WOOD S/3 CABINET ANT WHITE FINISH,12
17975,82581,TOILET METAL SIGN,4
17975,82583,HOT BATHS METAL SIGN,4
17975,84924A,WAKE UP COCKEREL CALENDAR SIGN,4
17975,85150,LADIES & GENTLEMEN METAL SIGN,12
17975,85152,HAND OVER THE CHOCOLATE   SIGN,12
17976,15056N,EDWARDIAN PARASOL NATURAL,1
17976,18097A,PINK TALL PORCELAIN T-LIGHT HOLDER,1
17976,18097C,WHITE TALL PORCELAIN T-LIGHT HOLDER,1
17976,20679,EDWARDIAN PARASOL RED,2
17976,20894,HANGING BAUBLE T-LIGHT HOLDER LARGE,3
17976,20914,SET/5 RED RETROSPOT LID GLASS BOWLS,1
17976,20967,GREY FLORAL FELTCRAFT SHOULDER BAG,1
17976,20969,RED FLORAL FELTCRAFT SHOULDER BAG,1
17976,20975,12 PENCILS SMALL TUBE RED RETROSPOT,1
17976,21034,REX CASH+CARRY JUMBO SHOPPER,3
17976,21154,RED RETROSPOT OVEN GLOVE,1
17976,21212,PACK OF 72 RETROSPOT CAKE CASES,2
17976,21415,CLAM SHELL SMALL,6
17976,21416,CLAM SHELL LARGE,1
17976,21417,COCKLE SHELL DISH,1
17976,21429,RED GINGHAM ROSE JEWELLERY BOX,2
17976,21710,FOLDING UMBRELLA PINKWHITE POLKADOT,1
17976,22174,PHOTO CUBE,6
17976,22190,LOCAL CAFE MUG,1
17976,22343,PARTY PIZZA DISH RED RETROSPOT,6
17976,22371,AIRLINE BAG VINTAGE TOKYO 78,4
17976,22379,RECYCLING BAG RETROSPOT,1
17976,22441,GROW YOUR OWN BASIL IN ENAMEL MUG,2
17976,22472,TV DINNER TRAY DOLLY GIRL,2
17976,22474,SPACEBOY TV DINNER TRAY,1
17976,22480,RED TEA TOWEL CLASSIC DESIGN,4
17976,22569,FELTCRAFT CUSHION BUTTERFLY,1
17976,22633,HAND WARMER UNION JACK,2
17976,22664,TOY TIDY DOLLY GIRL DESIGN,1
17976,22667,RECIPE BOX RETROSPOT,1
17976,22750,FELTCRAFT PRINCESS LOLA DOLL,1
17976,22752,SET 7 BABUSHKA NESTING BOXES,1
17976,22866,HAND WARMER SCOTTY DOG DESIGN,1
17976,22867,HAND WARMER BIRD DESIGN,1
17976,22900,SET 2 TEA TOWELS I LOVE LONDON,1
17976,22943,CHRISTMAS LIGHTS 10 VINTAGE BAUBLES,1
17976,35271S,GOLD PRINT PAPER BAG,5
17976,84029E,RED WOOLLY HOTTIE WHITE HEART.,1
17976,84029G,KNITTED UNION FLAG HOT WATER BOTTLE,1
17976,84347,ROTATING SILVER ANGELS T-LIGHT HLDR,1
17976,84879,ASSORTED COLOUR BIRD ORNAMENT,1
17976,85106,CUT GLASS HEXAGON T-LIGHT HOLDER,4
17976,85123A,WHITE HANGING HEART T-LIGHT HOLDER,1
17976,90081A,LILY BROOCH AMETHYST COLOUR,1
17976,90082A,DIAMANTE BOW BROOCH GREEN COLOUR,5
17976,90082B,DIAMANTE BOW BROOCH RED COLOUR,5
17976,90082D,DIAMANTE BOW BROOCH BLACK COLOUR,4
17976,90177C,DROP DIAMANTE EARRINGS CRYSTAL,1
17976,90185B,AMETHYST DIAMANTE EXPANDABLE RING,1
17976,90185C,BLACK DIAMANTE EXPANDABLE RING,1
17976,90186A,AMETHYST HOOP EARRING FLORAL LEAF,1
17976,90195A,PURPLE GEMSTONE BRACELET,1
17976,90195B,BLACK GEMSTONE BRACELET,1
17976,90196A,PURPLE GEMSTONE NECKLACE 45CM,1
17976,90199A,5 STRAND GLASS NECKLACE BLACK,2
17976,90204,PAIR OF ENAMEL BUTTERFLY HAIRCLIP,1
17978,21012,ANTIQUE ALL GLASS CANDLESTICK,3
17978,21080,SET/20 RED RETROSPOT PAPER NAPKINS,3
17978,21094,SET/6 RED SPOTTY PAPER PLATES,5
17978,21651,HANGING GLASS ETCHED TEALIGHT,12
17978,21693,SMALL HAMMERED SILVER CANDLEPOT,12
17978,21743,STAR PORTABLE TABLE LIGHT,12
17978,22111,SCOTTIE DOG HOT WATER BOTTLE,1
17978,22154,ANGEL DECORATION 3 BUTTONS,432
17978,22909,SET OF 20 VINTAGE CHRISTMAS NAPKINS,3
17978,70006,LOVE HEART POCKET WARMER,2
17978,84946,ANTIQUE SILVER TEA GLASS ETCHED,12
17978,85048,15CM CHRISTMAS GLASS BALL 20 LIGHTS,2
17980,21034,REX CASH+CARRY JUMBO SHOPPER,2
17980,21191,LARGE WHITE HONEYCOMB PAPER BELL,4
17980,21192,WHITE BELL HONEYCOMB PAPER,5
17980,21212,PACK OF 72 RETROSPOT CAKE CASES,1
17980,21326,AGED GLASS SILVER T-LIGHT HOLDER,72
17980,21484,CHICK GREY HOT WATER BOTTLE,2
17980,22086,PAPER CHAIN KIT 50'S CHRISTMAS,17
17980,22431,WATERING CAN BLUE ELEPHANT,1
17980,22727,ALARM CLOCK BAKELIKE RED,1
17980,22791,T-LIGHT GLASS FLUTED ANTIQUE,60
17980,22941,CHRISTMAS LIGHTS 10 REINDEER,1
17980,84946,ANTIQUE SILVER TEA GLASS ETCHED,12
17980,84947,ANTIQUE SILVER TEA GLASS ENGRAVED,48
17980,85049A,TRADITIONAL CHRISTMAS RIBBONS,1
17980,85061W,WHITE JEWELLED HEART DECORATION,8
17990,20829,GLITTER HANGING BUTTERFLY STRING,12
17990,21485,RETROSPOT HEART HOT WATER BOTTLE,4
17990,21915,RED  HARMONICA IN BOX,36
17990,22111,SCOTTIE DOG HOT WATER BOTTLE,9
17990,22112,CHOCOLATE HOT WATER BOTTLE,3
17990,22114,HOT WATER BOTTLE TEA AND SYMPATHY,8
17990,22834,HAND WARMER BABUSHKA DESIGN,24
17990,22835,HOT WATER BOTTLE I AM SO POORLY,16
17990,84029G,KNITTED UNION FLAG HOT WATER BOTTLE,6
17990,85123A,WHITE HANGING HEART T-LIGHT HOLDER,6
17999,20695,FLORAL BLUE MONSTER,1
17999,20886,BOX OF 9 PEBBLE CANDLES,2
17999,20892,SET/3 TALL GLASS CANDLE HOLDER PINK,1
17999,20966,SANDWICH BATH SPONGE,10
17999,21034,REX CASH+CARRY JUMBO SHOPPER,4
17999,21110,LARGE CAKE TOWEL PINK SPOTS,1
17999,21111,"SWISS ROLL TOWEL, CHOCOLATE  SPOTS",1
17999,21287,SCENTED VELVET LOUNGE CANDLE,12
17999,21586,KINGS CHOICE GIANT TUBE MATCHES,1
17999,21587,COSY HOUR GIANT TUBE MATCHES,1
17999,21733,RED HANGING HEART T-LIGHT HOLDER,1
17999,21875,KINGS CHOICE MUG,1
17999,21890,S/6 WOODEN SKITTLES IN COTTON BAG,1
17999,21935,SUKI  SHOULDER BAG,1
17999,22098,BOUDOIR SQUARE TISSUE BOX,1
17999,22111,SCOTTIE DOG HOT WATER BOTTLE,1
17999,22112,CHOCOLATE HOT WATER BOTTLE,1
17999,22198,LARGE POPCORN HOLDER,1
17999,22471,TV DINNER TRAY AIR HOSTESS,1
17999,22502,PICNIC BASKET WICKER SMALL,1
17999,22558,CLOTHES PEGS RETROSPOT PACK 24,2
17999,22795,SWEETHEART RECIPE BOOK STAND,1
17999,22847,BREAD BIN DINER STYLE IVORY,1
17999,22867,HAND WARMER BIRD DESIGN,1
17999,37370,RETRO COFFEE MUGS ASSORTED,6
17999,48173C,DOORMAT BLACK FLOCK,1
17999,62018,SOMBRERO,1
17999,71215,METAL BASE FOR CANDLES,1
17999,72232,FENG SHUI PILLAR CANDLE,2
17999,72799E,IVORY PILLAR CANDLE SILVER FLOCK,2
17999,72799F,IVORY PILLAR CANDLE GOLD FLOCK,2
17999,82011C,BATHROOM SCALES FOOTPRINTS IN SAND,1
17999,84508A,CAMOUFLAGE DESIGN TEDDY,1
17999,84625C,BLUE NEW BAROQUE CANDLESTICK CANDLE,2
17999,85136A,YELLOW SHARK HELICOPTER,1
17999,85174,S/4 CACTI CANDLES,1
17999,85230B,CINNAMON SCENTED VOTIVE CANDLE,24
18004,16216,LETTER SHAPE PENCIL SHARPENER,10
18004,20718,RED RETROSPOT SHOPPER BAG,1
18004,20828,GLITTER BUTTERFLY CLIPS,2
18004,20977,36 PENCILS TUBE WOODLAND,1
18004,20980,36 PENCILS TUBE POSY,1
18004,20985,HEART CALCULATOR,2
18004,21056,DOCTOR'S BAG SOFT TOY,1
18004,21136,PAINTED METAL PEARS ASSORTED,1
18004,21481,FAWN BLUE HOT WATER BOTTLE,2
18004,21484,CHICK GREY HOT WATER BOTTLE,3
18004,21973,SET OF 36 MUSHROOM PAPER DOILIES,1
18004,22086,PAPER CHAIN KIT 50'S CHRISTMAS,3
18004,22154,ANGEL DECORATION 3 BUTTONS,2
18004,22211,WOOD STAMP SET FLOWERS,2
18004,22255,FELT TOADSTOOL  SMALL,1
18004,22377,BOTTLE BAG RETROSPOT,1
18004,22423,REGENCY CAKESTAND 3 TIER,1
18004,22445,PENCIL CASE LIFE IS BEAUTIFUL,1
18004,22603,CHRISTMAS RETROSPOT TREE WOOD,4
18004,22733,3D TRADITIONAL CHRISTMAS STICKERS,6
18004,22735,RIBBON REEL SOCKS AND MITTENS,6
18004,22739,RIBBON REEL CHRISTMAS SOCK BAUBLE,4
18004,22812,PACK 3 BOXES CHRISTMAS PANNETONE,2
18004,22925,BLUE GIANT GARDEN THERMOMETER,1
18004,48116,DOORMAT MULTICOLOUR STRIPE,2
18004,48173C,DOORMAT BLACK FLOCK,2
18004,84247E,PACK/12 XMAS FUN CARD,2
18004,84879,ASSORTED COLOUR BIRD ORNAMENT,1
18004,84946,ANTIQUE SILVER TEA GLASS ETCHED,6
18004,84987,SET OF 36 TEATIME PAPER DOILIES,1
18004,85099C,JUMBO  BAG BAROQUE BLACK WHITE,3
18004,90094,NECKLACE+BRACELET SET FRUIT SALAD,2
18011,20682,RED RETROSPOT CHILDRENS UMBRELLA,1
18011,20726,LUNCH BAG WOODLAND,1
18011,20755,BLUE PAISLEY POCKET BOOK,6
18011,21221,SET/4 BADGES CUTE CREATURES,5
18011,21380,WOODEN HAPPY BIRTHDAY GARLAND,1
18011,21703,BAG 125g SWIRLY MARBLES,4
18011,21704,BAG 250g SWIRLY MARBLES,1
18011,21705,BAG 500g SWIRLY MARBLES,2
18011,21709,FOLDING UMBRELLA CHOCOLATE POLKADOT,1
18011,21739,COSY SLIPPER SHOES SMALL GREEN,1
18011,22086,PAPER CHAIN KIT 50'S CHRISTMAS,1
18011,22197,SMALL POPCORN HOLDER,6
18011,22220,CAKE STAND LOVEBIRD 2 TIER WHITE,1
18011,22384,LUNCH BAG PINK POLKADOT,1
18011,22583,PACK OF 6 HANDBAG GIFT BOXES,2
18011,22731,3D CHRISTMAS STAMPS STICKERS,1
18011,22909,SET OF 20 VINTAGE CHRISTMAS NAPKINS,1
18011,22910,PAPER CHAIN KIT VINTAGE CHRISTMAS,1
18011,22952,60 CAKE CASES VINTAGE CHRISTMAS,4
18011,35271S,GOLD PRINT PAPER BAG,14
18011,40001,WHITE BAMBOO RIBS LAMPSHADE,4
18011,72798C,SET/4 GARDEN ROSE DINNER CANDLE,1
18011,72802C,VANILLA SCENT CANDLE JEWELLED BOX,3
18011,72803A,ROSE SCENT CANDLE JEWELLED DRAWER,1
18011,72818,CHRISTMAS DECOUPAGE CANDLE,4
18011,84744,S/6 SEW ON CROCHET FLOWERS,1
18011,85034A,3 GARDENIA MORRIS BOXED CANDLES,1
18011,85035C,ROSE 3 WICK MORRIS BOX CANDLE,1
18016,21034,REX CASH+CARRY JUMBO SHOPPER,3
18016,21942,SKULLS DESIGN FLANNEL,12
18016,22142,CHRISTMAS CRAFT WHITE FAIRY,2
18016,22144,CHRISTMAS CRAFT LITTLE FRIENDS,2
18016,22174,PHOTO CUBE,6
18016,22207,FRYING PAN UNION FLAG,4
18016,22327,ROUND SNACK BOXES SET OF 4 SKULLS,2
18016,22473,TV DINNER TRAY VINTAGE PAISLEY,1
18016,22475,SKULL DESIGN TV DINNER TRAY,2
18016,22476,EMPIRE UNION JACK TV DINNER TRAY,1
18016,22659,LUNCH BOX I LOVE LONDON,2
18016,22785,SQUARECUSHION COVER PINK UNION FLAG,2
18016,22786,CUSHION COVER PINK UNION JACK,2
18016,22900,SET 2 TEA TOWELS I LOVE LONDON,4
18016,22908,PACK OF 20 NAPKINS RED APPLES,2
18016,22943,CHRISTMAS LIGHTS 10 VINTAGE BAUBLES,2
18016,35004C,SET OF 3 COLOURED  FLYING DUCKS,2
18016,35598B,BLACK CHRISTMAS TREE 60CM,4
18016,85231B,CINAMMON SET OF 9 T-LIGHTS,10
18037,21559,STRAWBERRY LUNCH BOX WITH CUTLERY,1
18037,21931,JUMBO STORAGE BAG SUKI,1
18037,22326,ROUND SNACK BOXES SET OF4 WOODLAND,1
18037,22386,JUMBO BAG PINK POLKADOT,1
18037,22663,JUMBO BAG DOLLY GIRL DESIGN,1
18037,22802,FAUX FUR CHOCOLATE THROW,1
18041,16046,TEATIME PEN CASE & PENS,1
18041,20674,GREEN POLKADOT BOWL,12
18041,20676,RED RETROSPOT BOWL,12
18041,20727,LUNCH BAG  BLACK SKULL.,20
18041,20733,GOLD MINI TAPE MEASURE,2
18041,20878,SET/9 CHRISTMAS T-LIGHTS SCENTED,2
18041,20967,GREY FLORAL FELTCRAFT SHOULDER BAG,1
18041,21080,SET/20 RED RETROSPOT PAPER NAPKINS,52
18041,21098,CHRISTMAS TOILET ROLL,4
18041,21154,RED RETROSPOT OVEN GLOVE,3
18041,21156,RETROSPOT CHILDRENS APRON,5
18041,21181,PLEASE ONE PERSON METAL SIGN,2
18041,21210,SET OF 72 RETROSPOT PAPER  DOILIES,3
18041,21212,PACK OF 72 RETROSPOT CAKE CASES,1
18041,21326,AGED GLASS SILVER T-LIGHT HOLDER,24
18041,21328,BALLOONS  WRITING SET,1
18041,21484,CHICK GREY HOT WATER BOTTLE,1
18041,21592,RETROSPOT CIGAR BOX MATCHES,1
18041,21679,SKULLS  STICKERS,30
18041,21914,BLUE HARMONICA IN BOX,1
18041,21930,JUMBO STORAGE BAG SKULLS,6
18041,21967,PACK OF 12 SKULL TISSUES,12
18041,22094,RED RETROSPOT TISSUE BOX,6
18041,22119,PEACE WOODEN BLOCK LETTERS,1
18041,22130,PARTY CONE CHRISTMAS DECORATION,18
18041,22133,PINK LOVE HEART SHAPE CUP,20
18041,22170,PICTURE FRAME WOOD TRIPLE PORTRAIT,3
18041,22195,LARGE HEART MEASURING SPOONS,1
18041,22196,SMALL HEART MEASURING SPOONS,2
18041,22197,SMALL POPCORN HOLDER,1
18041,22198,LARGE POPCORN HOLDER,2
18041,22315,200 RED + WHITE BENDY STRAWS,1
18041,22356,CHARLOTTE BAG PINK POLKADOT,20
18041,22367,CHILDRENS APRON SPACEBOY DESIGN,5
18041,22457,NATURAL SLATE HEART CHALKBOARD,4
18041,22489,PACK OF 12 TRADITIONAL CRAYONS,3
18041,22491,PACK OF 12 COLOURED PENCILS,3
18041,22559,SEASIDE FLYING DISC,1
18041,22560,TRADITIONAL MODELLING CLAY,12
18041,22568,FELTCRAFT CUSHION OWL,1
18041,22580,ADVENT CALENDAR GINGHAM SACK,1
18041,22600,CHRISTMAS RETROSPOT STAR WOOD,5
18041,22601,CHRISTMAS RETROSPOT ANGEL WOOD,5
18041,22603,CHRISTMAS RETROSPOT TREE WOOD,6
18041,22616,PACK OF 12 LONDON TISSUES,12
18041,22633,HAND WARMER UNION JACK,4
18041,22652,TRAVEL SEWING KIT,1
18041,22653,BUTTON BOX,2
18041,22654,DELUXE SEWING KIT,2
18041,22659,LUNCH BOX I LOVE LONDON,5
18041,22696,WICKER WREATH LARGE,2
18041,22731,3D CHRISTMAS STAMPS STICKERS,4
18041,22733,3D TRADITIONAL CHRISTMAS STICKERS,4
18041,22755,SMALL PURPLE BABUSHKA NOTEBOOK,1
18041,22768,FAMILY PHOTO FRAME CORNICE,2
18041,22796,PHOTO FRAME 3 CLASSIC HANGING,2
18041,22812,PACK 3 BOXES CHRISTMAS PANNETONE,2
18041,22866,HAND WARMER SCOTTY DOG DESIGN,1
18041,22867,HAND WARMER BIRD DESIGN,2
18041,22896,PEG BAG APPLES DESIGN,1
18041,22897,OVEN MITT APPLES DESIGN,2
18041,22898,CHILDRENS APRON APPLES DESIGN,1
18041,22900,SET 2 TEA TOWELS I LOVE LONDON,4
18041,22902,TOTE BAG I LOVE LONDON,5
18041,22909,SET OF 20 VINTAGE CHRISTMAS NAPKINS,4
18041,22911,PAPER CHAIN KIT LONDON,1
18041,22916,HERB MARKER THYME,2
18041,22917,HERB MARKER ROSEMARY,2
18041,22918,HERB MARKER PARSLEY,2
18041,22919,HERB MARKER MINT,2
18041,22920,HERB MARKER BASIL,2
18041,22921,HERB MARKER CHIVES,2
18041,22945,CHRISTMAS METAL TAGS ASSORTED,30
18041,22960,JAM MAKING SET WITH JARS,2
18041,22961,JAM MAKING SET PRINTED,2
18041,47471,RAINBOW PEGS PHOTO CLIP STRING,1
18041,48138,DOORMAT UNION FLAG,1
18041,72818,CHRISTMAS DECOUPAGE CANDLE,1
18041,79000,MOROCCAN TEA GLASS,12
18041,79191C,RETRO PLASTIC ELEPHANT TRAY,1
18041,82494L,WOODEN FRAME ANTIQUE WHITE,2
18041,82582,AREA PATROLLED METAL SIGN,1
18041,84692,BOX OF 24 COCKTAIL PARASOLS,1
18041,84985A,SET OF 72 GREEN PAPER DOILIES,1
18041,85114C,RED ENCHANTED FOREST PLACEMAT,27
18041,85135B,BLUE DRAGONFLY HELICOPTER,1
18041,85231B,CINAMMON SET OF 9 T-LIGHTS,1
18041,85231G,ORANGE SCENTED SET/9 T-LIGHTS,1
18043,16235,RECYCLED PENCIL WITH RABBIT ERASER,3
18043,20676,RED RETROSPOT BOWL,6
18043,21034,REX CASH+CARRY JUMBO SHOPPER,3
18043,21080,SET/20 RED RETROSPOT PAPER NAPKINS,2
18043,21212,PACK OF 72 RETROSPOT CAKE CASES,2
18043,21242,RED RETROSPOT PLATE,6
18043,21467,CHERRY CROCHET FOOD COVER,1
18043,21471,STRAWBERRY RAFFIA FOOD COVER,1
18043,21472,LADYBIRD + BEE RAFFIA FOOD COVER,1
18043,21479,WHITE SKULL HOT WATER BOTTLE,1
18043,21481,FAWN BLUE HOT WATER BOTTLE,1
18043,21484,CHICK GREY HOT WATER BOTTLE,1
18043,21877,HOME SWEET HOME MUG,1
18043,21888,BINGO SET,1
18043,21967,PACK OF 12 SKULL TISSUES,12
18043,21981,PACK OF 12 WOODLAND TISSUES,12
18043,22037,ROBOT BIRTHDAY CARD,12
18043,22079,RIBBON REEL HEARTS DESIGN,5
18043,22080,RIBBON REEL POLKADOTS,10
18043,22082,RIBBON REEL STRIPES DESIGN,10
18043,22086,PAPER CHAIN KIT 50'S CHRISTMAS,1
18043,22091,EMPIRE TISSUE BOX,1
18043,22092,BLUE PAISLEY TISSUE BOX,1
18043,22094,RED RETROSPOT TISSUE BOX,1
18043,22111,SCOTTIE DOG HOT WATER BOTTLE,1
18043,22114,HOT WATER BOTTLE TEA AND SYMPATHY,1
18043,22180,RETROSPOT LAMP,1
18043,22193,RED DINER WALL CLOCK,1
18043,22276,WASH BAG VINTAGE ROSE PAISLEY,1
18043,22326,ROUND SNACK BOXES SET OF4 WOODLAND,1
18043,22328,ROUND SNACK BOXES SET OF 4 FRUITS,1
18043,22371,AIRLINE BAG VINTAGE TOKYO 78,2
18043,22443,GROW YOUR OWN HERBS SET OF 3,1
18043,22502,PICNIC BASKET WICKER SMALL,1
18043,22551,PLASTERS IN TIN SPACEBOY,1
18043,22560,TRADITIONAL MODELLING CLAY,3
18043,22607,WOODEN ROUNDERS GARDEN SET,1
18043,22629,SPACEBOY LUNCH BOX,3
18043,22636,CHILDS BREAKFAST SET CIRCUS PARADE,2
18043,22654,DELUXE SEWING KIT,1
18043,22659,LUNCH BOX I LOVE LONDON,8
18043,22738,RIBBON REEL SNOWY VILLAGE,5
18043,22749,FELTCRAFT PRINCESS CHARLOTTE DOLL,1
18043,22750,FELTCRAFT PRINCESS LOLA DOLL,1
18043,22813,PACK 3 BOXES BIRD PANNETONE,1
18043,22867,HAND WARMER BIRD DESIGN,7
18043,22898,CHILDRENS APRON APPLES DESIGN,2
18043,22900,SET 2 TEA TOWELS I LOVE LONDON,2
18043,22902,TOTE BAG I LOVE LONDON,2
18043,22908,PACK OF 20 NAPKINS RED APPLES,2
18043,22940,FELTCRAFT CHRISTMAS FAIRY,1
18043,22951,60 CAKE CASES DOLLY GIRL DESIGN,1
18043,22983,CARD BILLBOARD FONT,12
18043,84613C,BLUE NEW BAROQUE FLOCK CANDLESTICK,1
18043,84828,JUNGLE POPSICLES ICE LOLLY HOLDERS,1
18043,84910A,PINK PAISLEY CUSHION COVER,2
18043,84912A,PINK ROSE WASHBAG,1
18043,84947,ANTIQUE SILVER TEA GLASS ENGRAVED,4
18043,85183B,CHARLIE & LOLA WASTEPAPER BIN FLORA,1
18044,20961,STRAWBERRY BATH SPONGE,10
18044,20963,APPLE BATH SPONGE,10
18044,20966,SANDWICH BATH SPONGE,10
18044,22422,TOOTHPASTE TUBE PEN,12
18044,22660,DOORMAT I LOVE LONDON,2
18044,72741,GRAND CHOCOLATECANDLE,9
18050,15060B,FAIRY CAKE DESIGN UMBRELLA,4
18050,20718,RED RETROSPOT SHOPPER BAG,10
18050,22222,CAKE PLATE LOVEBIRD WHITE,12
18050,22355,CHARLOTTE BAG SUKI DESIGN,10
18050,84509A,SET OF 4 ENGLISH ROSE PLACEMATS,4
18055,17107D,"FLOWER FAIRY,5 SUMMER B'DRAW LINERS",12
18055,20781,GOLD EAR MUFF HEADPHONES,4
18055,20782,CAMOUFLAGE EAR MUFF HEADPHONES,10
18055,20801,LARGE PINK GLASS SUNDAE DISH,6
18055,21135,VICTORIAN  METAL POSTCARD SPRING,16
18055,21175,GIN + TONIC DIET METAL SIGN,12
18055,21181,PLEASE ONE PERSON METAL SIGN,12
18055,21258,VICTORIAN SEWING BOX LARGE,2
18055,21397,BLUE POLKADOT EGG CUP,12
18055,21411,GINGHAM HEART  DOORSTOP RED,3
18055,21479,WHITE SKULL HOT WATER BOTTLE,4
18055,21624,VINTAGE UNION JACK DOORSTOP,3
18055,21754,HOME BUILDING BLOCK WORD,3
18055,21833,CAMOUFLAGE LED TORCH,12
18055,21908,CHOCOLATE THIS WAY METAL SIGN,12
18055,22111,SCOTTIE DOG HOT WATER BOTTLE,3
18055,22112,CHOCOLATE HOT WATER BOTTLE,15
18055,22114,HOT WATER BOTTLE TEA AND SYMPATHY,4
18055,22318,FIVE HEART HANGING DECORATION,6
18055,22445,PENCIL CASE LIFE IS BEAUTIFUL,6
18055,22471,TV DINNER TRAY AIR HOSTESS,3
18055,22473,TV DINNER TRAY VINTAGE PAISLEY,6
18055,22476,EMPIRE UNION JACK TV DINNER TRAY,3
18055,22505,MEMO BOARD COTTAGE DESIGN,4
18055,22622,BOX OF VINTAGE ALPHABET BLOCKS,2
18055,22633,HAND WARMER UNION JACK,12
18055,22795,SWEETHEART RECIPE BOOK STAND,4
18055,22798,ANTIQUE GLASS DRESSING TABLE POT,8
18055,22802,FAUX FUR CHOCOLATE THROW,3
18055,22835,HOT WATER BOTTLE I AM SO POORLY,12
18055,22865,HAND WARMER OWL DESIGN,12
18055,22867,HAND WARMER BIRD DESIGN,12
18055,22947,WOODEN ADVENT CALENDAR RED,2
18055,22948,METAL DECORATION NAUGHTY CHILDREN,24
18055,35646,VINTAGE BEAD PINK EVENING BAG,4
18055,35651,VINTAGE BEAD PINK SCARF,2
18055,46000M,POLYESTER FILLER PAD 45x45cm,2
18055,47574A,ENGLISH ROSE SCENTED HANGING FLOWER,3
18055,48138,DOORMAT UNION FLAG,4
18055,71279,PINK GLASS CANDLEHOLDER,6
18055,72741,GRAND CHOCOLATECANDLE,27
18055,72800B,4 PURPLE FLOCK DINNER CANDLES,12
18055,72800D,4 BLUE DINNER CANDLES SILVER FLOCK,12
18055,72802A,ROSE SCENT CANDLE IN JEWELLED BOX,6
18055,72802B,OCEAN SCENT CANDLE IN JEWELLED BOX,12
18055,72802C,VANILLA SCENT CANDLE JEWELLED BOX,12
18055,72807A,SET/3 ROSE CANDLE IN JEWELLED BOX,4
18055,72807B,SET/3 OCEAN SCENT CANDLE JEWEL BOX,8
18055,72807C,SET/3 VANILLA SCENTED CANDLE IN BOX,4
18055,72819,CUPID DESIGN SCENTED CANDLES,6
18055,79000,MOROCCAN TEA GLASS,12
18055,79030D,"TUMBLER, BAROQUE",12
18055,82482,WOODEN PICTURE FRAME WHITE FINISH,12
18055,82483,WOOD 2 DRAWER CABINET WHITE FINISH,4
18055,82486,WOOD S/3 CABINET ANT WHITE FINISH,6
18055,84012,MAGIC SHEEP WOOL GROWING FROM PAPER,12
18055,84029G,KNITTED UNION FLAG HOT WATER BOTTLE,4
18055,84030E,ENGLISH ROSE HOT WATER BOTTLE,4
18055,84031A,CHARLIE+LOLA RED HOT WATER BOTTLE,3
18055,84813,SET OF 4 DIAMOND NAPKIN RINGS,2
18055,84819,DANISH ROSE ROUND SEWING BOX,3
18055,84879,ASSORTED COLOUR BIRD ORNAMENT,16
18055,84917,WHITE HAND TOWEL WITH BUTTERFLY,4
18055,84945,MULTI COLOUR SILVER T-LIGHT HOLDER,24
18055,85027L,FRENCH CHATEAU LARGE PLATTER,2
18055,85034B,3 WHITE CHOC MORRIS BOXED CANDLES,4
18055,85034C,3 ROSE MORRIS BOXED CANDLES,4
18055,85123A,WHITE HANGING HEART T-LIGHT HOLDER,24
18055,85184C,S/4 VALENTINE DECOUPAGE HEART BOX,6
18061,21068,VINTAGE BILLBOARD LOVE/HATE MUG,216
18061,21116,OWL DOORSTOP,6
18061,21260,FIRST AID TIN,6
18061,21523,DOORMAT FANCY FONT HOME SWEET HOME,6
18061,21658,GLASS  BEURRE DISH,8
18061,48138,DOORMAT UNION FLAG,6
18065,15056N,EDWARDIAN PARASOL NATURAL,3
18065,21479,WHITE SKULL HOT WATER BOTTLE,4
18065,21485,RETROSPOT HEART HOT WATER BOTTLE,3
18065,22111,SCOTTIE DOG HOT WATER BOTTLE,3
18065,22384,LUNCH BAG PINK POLKADOT,10
18065,22553,PLASTERS IN TIN SKULLS,12
18065,22619,SET OF 6 SOLDIER SKITTLES,4
18065,22652,TRAVEL SEWING KIT,10
18065,22654,DELUXE SEWING KIT,3
18065,22670,FRENCH WC SIGN BLUE METAL,12
18065,22689,DOORMAT MERRY CHRISTMAS RED,2
18065,22837,HOT WATER BOTTLE BABUSHKA,4
18065,22926,IVORY GIANT GARDEN THERMOMETER,2
18065,22960,JAM MAKING SET WITH JARS,6
18065,22961,JAM MAKING SET PRINTED,12
18065,22963,JAM JAR WITH GREEN LID,12
18065,22965,3 TRADITIONAl BISCUIT CUTTERS  SET,6
18065,82552,WASHROOM METAL SIGN,12
18065,84029E,RED WOOLLY HOTTIE WHITE HEART.,4
18065,84077,WORLD WAR 2 GLIDERS ASSTD DESIGNS,48
18065,84375,SET OF 20 KIDS COOKIE CUTTERS,12
18071,17091J,VANILLA INCENSE IN TIN,6
18071,21143,ANTIQUE GLASS HEART DECORATION,12
18071,21314,SMALL GLASS HEART TRINKET POT,8
18071,21809,CHRISTMAS HANGING TREE WITH BELL,12
18071,22178,VICTORIAN GLASS HANGING T-LIGHT,12
18071,22424,ENAMEL BREAD BIN CREAM,1
18071,22798,ANTIQUE GLASS DRESSING TABLE POT,8
18071,22800,ANTIQUE TALL SWIRLGLASS TRINKET POT,4
18071,22801,ANTIQUE GLASS PEDESTAL BOWL,4
18071,22855,FINE WICKER HEART,24
18071,35953,FOLKART STAR CHRISTMAS DECORATIONS,24
18071,35971,ROSE FOLKART HEART DECORATIONS,24
18071,84949,SILVER HANGING T-LIGHT HOLDER,6
18071,85129B,BEADED CRYSTAL HEART GREEN SMALL,12
18074,21324,HANGING MEDINA LANTERN SMALL,6
18074,21340,CLASSIC METAL BIRDCAGE PLANT HOLDER,2
18074,22189,CREAM HEART CARD HOLDER,4
18074,22224,WHITE LOVEBIRD LANTERN,6
18074,22424,ENAMEL BREAD BIN CREAM,8
18074,22427,ENAMEL FLOWER JUG CREAM,3
18074,22428,ENAMEL FIRE BUCKET CREAM,6
18074,22457,NATURAL SLATE HEART CHALKBOARD,12
18074,22464,HANGING METAL HEART LANTERN,12
18074,22469,HEART OF WICKER SMALL,40
18074,22470,HEART OF WICKER LARGE,40
18074,82484,WOOD BLACK BOARD ANT WHITE FINISH,3
18074,84755,COLOUR GLASS T-LIGHT HOLDER HANGING,48
18075,10135,COLOURING PENCILS BROWN TUBE,20
18075,21326,AGED GLASS SILVER T-LIGHT HOLDER,12
18075,21666,RIDGED GLASS T-LIGHT HOLDER,12
18075,22178,VICTORIAN GLASS HANGING T-LIGHT,12
18075,22427,ENAMEL FLOWER JUG CREAM,3
18075,22457,NATURAL SLATE HEART CHALKBOARD,6
18075,22470,HEART OF WICKER LARGE,6
18075,22782,SET 3 WICKER STORAGE BASKETS,4
18075,22963,JAM JAR WITH GREEN LID,12
18075,84755,COLOUR GLASS T-LIGHT HOLDER HANGING,16
18075,85064,CREAM SWEETHEART LETTER RACK,2
18075,85123A,WHITE HANGING HEART T-LIGHT HOLDER,12
18077,16014,SMALL CHINESE STYLE SCISSOR,10
18077,16015,MEDIUM CHINESE STYLE SCISSOR,20
18077,20751,FUNKY WASHING UP GLOVES ASSORTED,6
18077,20754,RETROSPOT RED WASHING UP GLOVES,6
18077,21012,ANTIQUE ALL GLASS CANDLESTICK,6
18077,21034,REX CASH+CARRY JUMBO SHOPPER,1
18077,21688,SILVER PLATE CANDLE BOWL SMALL,6
18077,21786,POLKADOT RAIN HAT,24
18077,21868,POTTING SHED TEA MUG,6
18077,22077,6 RIBBONS RUSTIC CHARM,6
18077,22188,BLACK HEART CARD HOLDER,1
18077,22300,COFFEE MUG DOG + BALL DESIGN,18
18077,22301,COFFEE MUG CAT + BIRD DESIGN,18
18077,22531,MAGIC DRAWING SLATE CIRCUS PARADE,18
18077,22535,MAGIC DRAWING SLATE BUNNIES,7
18077,22567,20 DOLLY PEGS RETROSPOT,6
18077,22585,PACK OF 6 BIRDY GIFT TAGS,6
18077,22651,GENTLEMAN SHIRT REPAIR KIT,22
18077,22653,BUTTON BOX,6
18077,22721,SET OF 3 CAKE TINS SKETCHBOOK,1
18077,22731,3D CHRISTMAS STAMPS STICKERS,6
18077,22737,RIBBON REEL CHRISTMAS PRESENT,15
18077,22739,RIBBON REEL CHRISTMAS SOCK BAUBLE,5
18077,22791,T-LIGHT GLASS FLUTED ANTIQUE,12
18077,22909,SET OF 20 VINTAGE CHRISTMAS NAPKINS,6
18077,22910,PAPER CHAIN KIT VINTAGE CHRISTMAS,6
18077,22927,GREEN GIANT GARDEN THERMOMETER,2
18077,22952,60 CAKE CASES VINTAGE CHRISTMAS,24
18077,22961,JAM MAKING SET PRINTED,6
18077,85176,SEWING SUSAN 21 NEEDLE SET,20
18077,85178,VICTORIAN SEWING KIT,10
18085,21479,WHITE SKULL HOT WATER BOTTLE,8
18085,21481,FAWN BLUE HOT WATER BOTTLE,6
18085,21485,RETROSPOT HEART HOT WATER BOTTLE,8
18085,22111,SCOTTIE DOG HOT WATER BOTTLE,16
18085,22113,GREY HEART HOT WATER BOTTLE,8
18085,22619,SET OF 6 SOLDIER SKITTLES,4
18085,22632,HAND WARMER RED RETROSPOT,12
18085,22837,HOT WATER BOTTLE BABUSHKA,8
18085,84029E,RED WOOLLY HOTTIE WHITE HEART.,8
18092,21479,WHITE SKULL HOT WATER BOTTLE,168
18092,21481,FAWN BLUE HOT WATER BOTTLE,72
18092,22112,CHOCOLATE HOT WATER BOTTLE,120
18092,22114,HOT WATER BOTTLE TEA AND SYMPATHY,96
18092,22423,REGENCY CAKESTAND 3 TIER,32
18092,22697,GREEN REGENCY TEACUP AND SAUCER,48
18092,22699,ROSES REGENCY TEACUP AND SAUCER,48
18092,79000,MOROCCAN TEA GLASS,144
18092,84029E,RED WOOLLY HOTTIE WHITE HEART.,48
18092,84029G,KNITTED UNION FLAG HOT WATER BOTTLE,120
18097,16033,MINI HIGHLIGHTER PENS,120
18097,20829,GLITTER HANGING BUTTERFLY STRING,16
18097,21231,SWEETHEART CERAMIC TRINKET BOX,12
18097,21232,STRAWBERRY CERAMIC TRINKET BOX,24
18097,72351A,SET/6 TURQUOISE BUTTERFLY T-LIGHTS,12
18097,72351B,SET/6 PINK  BUTTERFLY T-LIGHTS,24
18097,84077,WORLD WAR 2 GLIDERS ASSTD DESIGNS,48
18102,21623,VINTAGE UNION JACK MEMOBOARD,1008
18102,21769,VINTAGE POST OFFICE CABINET,10
18102,22188,BLACK HEART CARD HOLDER,2016
18102,22189,CREAM HEART CARD HOLDER,2016
18102,22507,MEMO BOARD RETROSPOT  DESIGN,208
18102,22765,NEWSPAPER STAND,23
18102,22830,UTILTY CABINET WITH HOOKS,126
18102,22833,HALL CABINET WITH 3 DRAWERS,72
18102,82484,WOOD BLACK BOARD ANT WHITE FINISH,1056
18102,85064,CREAM SWEETHEART LETTER RACK,160
18109,21259,VICTORIAN SEWING BOX SMALL,14
18109,21333,CLASSIC WHITE FRAME,1
18109,21363,HOME SMALL WOOD LETTERS,1
18109,22169,FAMILY ALBUM WHITE PICTURE FRAME,31
18109,22469,HEART OF WICKER SMALL,11
18109,22470,HEART OF WICKER LARGE,3
18109,22667,RECIPE BOX RETROSPOT,14
18109,22835,HOT WATER BOTTLE I AM SO POORLY,2
18109,22855,FINE WICKER HEART,7
18109,82482,WOODEN PICTURE FRAME WHITE FINISH,1
18109,82484,WOOD BLACK BOARD ANT WHITE FINISH,2
18109,82486,WOOD S/3 CABINET ANT WHITE FINISH,1
18109,84030E,ENGLISH ROSE HOT WATER BOTTLE,1
18109,85064,CREAM SWEETHEART LETTER RACK,1
18109,85066,CREAM SWEETHEART MINI CHEST,8
18109,85123A,WHITE HANGING HEART T-LIGHT HOLDER,1
18113,84946,ANTIQUE SILVER TEA GLASS ETCHED,72
18116,15056N,EDWARDIAN PARASOL NATURAL,2
18116,15056P,EDWARDIAN PARASOL PINK,1
18116,16206B,RED PURSE WITH PINK HEART,2
18116,17091A,LAVENDER INCENSE IN TIN,2
18116,17091J,VANILLA INCENSE IN TIN,2
18116,20679,EDWARDIAN PARASOL RED,4
18116,20701,PINK CAT FLORAL CUSHION COVER,1
18116,20751,FUNKY WASHING UP GLOVES ASSORTED,8
18116,20752,BLUE POLKADOT WASHING UP GLOVES,1
18116,20754,RETROSPOT RED WASHING UP GLOVES,1
18116,20854,BLUE PATCH PURSE PINK HEART,2
18116,20856,DENIM PATCH PURSE PINK BUTTERFLY,1
18116,20857,BLUE ROSE PATCH PURSE PINK BUTTERFL,1
18116,21166,COOK WITH WINE METAL SIGN,2
18116,21175,GIN + TONIC DIET METAL SIGN,2
18116,21181,PLEASE ONE PERSON METAL SIGN,4
18116,21272,SALLE DE BAIN HOOK,4
18116,21354,TOAST ITS - BEST MUM,2
18116,21355,TOAST ITS - I LOVE YOU,1
18116,21356,TOAST ITS - FAIRY FLOWER,1
18116,21358,TOAST ITS - HAPPY BIRTHDAY,1
18116,21380,WOODEN HAPPY BIRTHDAY GARLAND,2
18116,21381,MINI WOODEN HAPPY BIRTHDAY GARLAND,2
18116,21441,BLUE BIRDHOUSE DECORATION,3
18116,21442,GREEN BIRDHOUSE DECORATION,2
18116,21485,RETROSPOT HEART HOT WATER BOTTLE,1
18116,21547,CERAMIC BIRDHOUSE CRESTED TIT SMALL,2
18116,21576,LETS GO SHOPPING COTTON TOTE BAG,1
18116,21730,GLASS STAR FROSTED T-LIGHT HOLDER,1
18116,21733,RED HANGING HEART T-LIGHT HOLDER,6
18116,21786,POLKADOT RAIN HAT,3
18116,21787,RAIN PONCHO RETROSPOT,3
18116,21788,KIDS RAIN MAC BLUE,1
18116,21789,KIDS RAIN MAC PINK,1
18116,22098,BOUDOIR SQUARE TISSUE BOX,2
18116,22113,GREY HEART HOT WATER BOTTLE,1
18116,22147,FELTCRAFT BUTTERFLY HEARTS,3
18116,22149,FELTCRAFT 6 FLOWER FRIENDS,1
18116,22175,PINK OWL SOFT TOY,1
18116,22176,BLUE OWL SOFT TOY,1
18116,22197,SMALL POPCORN HOLDER,2
18116,22200,FRYING PAN PINK POLKADOT,1
18116,22201,FRYING PAN BLUE POLKADOT,1
18116,22207,FRYING PAN UNION FLAG,1
18116,22217,T-LIGHT HOLDER HANGING LACE,2
18116,22283,6 EGG HOUSE PAINTED WOOD,2
18116,22367,CHILDRENS APRON SPACEBOY DESIGN,2
18116,22413,METAL SIGN TAKE IT OR LEAVE IT,3
18116,22457,NATURAL SLATE HEART CHALKBOARD,1
18116,22469,HEART OF WICKER SMALL,1
18116,22470,HEART OF WICKER LARGE,5
18116,22551,PLASTERS IN TIN SPACEBOY,1
18116,22554,PLASTERS IN TIN WOODLAND ANIMALS,2
18116,22556,PLASTERS IN TIN CIRCUS PARADE,1
18116,22557,PLASTERS IN TIN VINTAGE PAISLEY,1
18116,22565,FELTCRAFT HAIRBANDS PINK AND WHITE,1
18116,22566,FELTCRAFT HAIRBAND PINK AND PURPLE,1
18116,22568,FELTCRAFT CUSHION OWL,1
18116,22569,FELTCRAFT CUSHION BUTTERFLY,1
18116,22570,FELTCRAFT CUSHION RABBIT,1
18116,22586,FELTCRAFT HAIRBAND PINK AND BLUE,1
18116,22616,PACK OF 12 LONDON TISSUES,24
18116,22624,IVORY KITCHEN SCALES,2
18116,22652,TRAVEL SEWING KIT,5
18116,22722,SET OF 6 SPICE TINS PANTRY DESIGN,1
18116,22723,SET OF 6 HERB TINS SKETCHBOOK,1
18116,22766,PHOTO FRAME CORNICE,2
18116,22771,CLEAR DRAWER KNOB ACRYLIC EDWARDIAN,1
18116,22772,PINK DRAWER KNOB ACRYLIC EDWARDIAN,1
18116,22773,GREEN DRAWER KNOB ACRYLIC EDWARDIAN,1
18116,22774,RED DRAWER KNOB ACRYLIC EDWARDIAN,1
18116,22775,PURPLE DRAWERKNOB ACRYLIC EDWARDIAN,1
18116,22781,GUMBALL MAGAZINE RACK,2
18116,22784,LANTERN CREAM GAZEBO,1
18116,22789,T-LIGHT HOLDER SWEETHEART HANGING,4
18116,22804,CANDLEHOLDER PINK HANGING HEART,7
18116,22805,BLUE DRAWER KNOB ACRYLIC EDWARDIAN,1
18116,22834,HAND WARMER BABUSHKA DESIGN,10
18116,22851,SET 20 NAPKINS FAIRY CAKES DESIGN,1
18116,22854,CREAM SWEETHEART EGG HOLDER,2
18116,22902,TOTE BAG I LOVE LONDON,2
18116,22930,BAKING MOULD HEART MILK CHOCOLATE,1
18116,22931,BAKING MOULD HEART WHITE CHOCOLATE,1
18116,22938,CUPCAKE LACE PAPER SET 6,2
18116,22964,3 PIECE SPACEBOY COOKIE CUTTER SET,1
18116,22966,GINGERBREAD MAN COOKIE CUTTER,3
18116,46138B,BLUE CHENILLE SHAGGY CUSHION COVER,2
18116,47559B,TEA TIME OVEN GLOVE,4
18116,47585A,PINK FAIRY CAKE CUSHION COVER,2
18116,47586A,PINK FAIRY CAKE CUSHION COVER,2
18116,47591D,PINK FAIRY CAKE CHILDRENS APRON,3
18116,48138,DOORMAT UNION FLAG,2
18116,72802A,ROSE SCENT CANDLE IN JEWELLED BOX,1
18116,72802B,OCEAN SCENT CANDLE IN JEWELLED BOX,1
18116,72802C,VANILLA SCENT CANDLE JEWELLED BOX,1
18116,81950V,FLOWER PURPLE CLOCK W/SUCKER,1
18116,82482,WOODEN PICTURE FRAME WHITE FINISH,2
18116,82494L,WOODEN FRAME ANTIQUE WHITE,2
18116,82583,HOT BATHS METAL SIGN,1
18116,82600,NO SINGING METAL SIGN,2
18116,82613A,"METAL SIGN,CUPCAKE SINGLE HOOK",1
18116,82613B,"METAL SIGN,CUPCAKE SINGLE HOOK",1
18116,82613C,"METAL SIGN,CUPCAKE SINGLE HOOK",1
18116,82613D,METAL SIGN CUPCAKE SINGLE HOOK,1
18116,84029G,KNITTED UNION FLAG HOT WATER BOTTLE,2
18116,84050,PINK HEART SHAPE EGG FRYING PAN,2
18116,84378,SET OF 3 HEART COOKIE CUTTERS,2
18116,84380,SET OF 3 BUTTERFLY COOKIE CUTTERS,2
18116,84509A,SET OF 4 ENGLISH ROSE PLACEMATS,1
18116,84510A,SET OF 4 ENGLISH ROSE COASTERS,3
18116,84750B,BLACK SMALL GLASS CAKE STAND,1
18116,84755,COLOUR GLASS T-LIGHT HOLDER HANGING,8
18116,84849B,FAIRY SOAP SOAP HOLDER,1
18116,84849D,HOT BATHS SOAP HOLDER,2
18116,84898F,YELLOW FLOWERS FELT HANDBAG KIT,2
18116,84968C,SET OF 16 VINTAGE PISTACHIO CUTLERY,4
18116,84968F,SET OF 16 VINTAGE SKY BLUE CUTLERY,1
18116,84991,60 TEATIME FAIRY CAKE CASES,2
18116,85039A,SET/4 RED MINI ROSE CANDLE IN BOWL,1
18116,85040A,S/4 PINK FLOWER CANDLES IN BOWL,1
18116,85040B,SET/4 BLUE FLOWER CANDLES IN BOWL,1
18116,85062,PEARL CRYSTAL PUMPKIN T-LIGHT HLDR,4
18116,85084,HOLLY TOP CHRISTMAS STOCKING,1
18116,85114A,BLACK ENCHANTED FOREST PLACEMAT,2
18116,85123A,WHITE HANGING HEART T-LIGHT HOLDER,13
18116,85150,LADIES & GENTLEMEN METAL SIGN,1
18116,M,Manual,18
18118,10133,COLOURING PENCILS BROWN TUBE,1
18118,10135,COLOURING PENCILS BROWN TUBE,1
18118,16046,TEATIME PEN CASE & PENS,9
18118,20674,GREEN POLKADOT BOWL,1
18118,20675,BLUE POLKADOT BOWL,1
18118,20676,RED RETROSPOT BOWL,1
18118,20677,PINK POLKADOT BOWL,1
18118,20684,STRAWBERRY DREAM CHILDS UMBRELLA,1
18118,20724,RED RETROSPOT CHARLOTTE BAG,3
18118,20751,FUNKY WASHING UP GLOVES ASSORTED,2
18118,20754,RETROSPOT RED WASHING UP GLOVES,3
18118,20914,SET/5 RED RETROSPOT LID GLASS BOWLS,1
18118,20956,PORCELAIN T-LIGHT HOLDERS ASSORTED,1
18118,20967,GREY FLORAL FELTCRAFT SHOULDER BAG,1
18118,20969,RED FLORAL FELTCRAFT SHOULDER BAG,1
18118,20973,12 PENCIL SMALL TUBE WOODLAND,2
18118,20974,12 PENCILS SMALL TUBE SKULL,1
18118,20975,12 PENCILS SMALL TUBE RED RETROSPOT,1
18118,20992,JAZZ HEARTS PURSE NOTEBOOK,3
18118,21035,SET/2 RED RETROSPOT TEA TOWELS,3
18118,21098,CHRISTMAS TOILET ROLL,4
18118,21110,LARGE CAKE TOWEL PINK SPOTS,2
18118,21121,SET/10 RED POLKADOT PARTY CANDLES,1
18118,21125,SET 6 FOOTBALL CELEBRATION CANDLES,1
18118,21154,RED RETROSPOT OVEN GLOVE,5
18118,21207,SKULL AND CROSSBONES  GARLAND,2
18118,21212,PACK OF 72 RETROSPOT CAKE CASES,3
18118,21213,PACK OF 72 SKULL CAKE CASES,1
18118,21216,"SET 3 RETROSPOT TEA,COFFEE,SUGAR",1
18118,21218,RED SPOTTY BISCUIT TIN,1
18118,21231,SWEETHEART CERAMIC TRINKET BOX,1
18118,21232,STRAWBERRY CERAMIC TRINKET BOX,2
18118,21238,RED RETROSPOT CUP,1
18118,21239,PINK  POLKADOT CUP,1
18118,21240,BLUE POLKADOT CUP,1
18118,21242,RED RETROSPOT PLATE,1
18118,21243,PINK  POLKADOT PLATE,1
18118,21244,BLUE POLKADOT PLATE,1
18118,21245,GREEN POLKADOT PLATE,1
18118,21327,SKULLS WRITING SET,1
18118,21328,BALLOONS  WRITING SET,1
18118,21329,DINOSAURS  WRITING SET,2
18118,21479,WHITE SKULL HOT WATER BOTTLE,1
18118,21486,PINK HEART DOTS HOT WATER BOTTLE,2
18118,21623,VINTAGE UNION JACK MEMOBOARD,1
18118,21704,BAG 250g SWIRLY MARBLES,5
18118,21733,RED HANGING HEART T-LIGHT HOLDER,4
18118,21888,BINGO SET,1
18118,21931,JUMBO STORAGE BAG SUKI,3
18118,21942,SKULLS DESIGN FLANNEL,1
18118,21945,STRAWBERRIES  DESIGN FLANNEL,1
18118,21987,PACK OF 6 SKULL PAPER CUPS,5
18118,21988,PACK OF 6 SKULL PAPER PLATES,5
18118,21989,PACK OF 20 SKULL PAPER NAPKINS,2
18118,21992,VINTAGE PAISLEY STATIONERY SET,1
18118,22061,LARGE CAKE STAND  HANGING STRAWBERY,2
18118,22064,PINK DOUGHNUT TRINKET POT,3
18118,22077,6 RIBBONS RUSTIC CHARM,1
18118,22084,PAPER CHAIN KIT EMPIRE,1
18118,22086,PAPER CHAIN KIT 50'S CHRISTMAS,4
18118,22141,CHRISTMAS CRAFT TREE TOP ANGEL,2
18118,22147,FELTCRAFT BUTTERFLY HEARTS,5
18118,22208,WOOD STAMP SET THANK YOU,2
18118,22210,WOOD STAMP SET BEST WISHES,1
18118,22274,FELTCRAFT DOLL EMILY,1
18118,22331,WOODLAND PARTY BAG + STICKER SET,1
18118,22332,SKULLS PARTY BAG + STICKER SET,3
18118,22333,RETROSPOT PARTY BAG + STICKER SET,1
18118,22356,CHARLOTTE BAG PINK POLKADOT,1
18118,22386,JUMBO BAG PINK POLKADOT,1
18118,22422,TOOTHPASTE TUBE PEN,2
18118,22437,SET OF 9 BLACK SKULL BALLOONS,1
18118,22440,BALLOON WATER BOMB PACK OF 35,1
18118,22457,NATURAL SLATE HEART CHALKBOARD,2
18118,22466,FAIRY TALE COTTAGE NIGHTLIGHT,1
18118,22470,HEART OF WICKER LARGE,5
18118,22472,TV DINNER TRAY DOLLY GIRL,1
18118,22474,SPACEBOY TV DINNER TRAY,2
18118,22501,PICNIC BASKET WICKER LARGE,2
18118,22502,PICNIC BASKET WICKER SMALL,1
18118,22505,MEMO BOARD COTTAGE DESIGN,1
18118,22539,MINI JIGSAW DOLLY GIRL,1
18118,22543,MINI JIGSAW BAKE A CAKE,1
18118,22566,FELTCRAFT HAIRBAND PINK AND PURPLE,1
18118,22569,FELTCRAFT CUSHION BUTTERFLY,3
18118,22570,FELTCRAFT CUSHION RABBIT,2
18118,22588,CARD HOLDER GINGHAM HEART,1
18118,22618,COOKING SET RETROSPOT,1
18118,22634,CHILDS BREAKFAST SET SPACEBOY,2
18118,22635,CHILDS BREAKFAST SET DOLLY GIRL,2
18118,22653,BUTTON BOX,2
18118,22666,RECIPE BOX PANTRY YELLOW DESIGN,1
18118,22667,RECIPE BOX RETROSPOT,2
18118,22694,WICKER STAR,9
18118,22748,POPPY'S PLAYHOUSE KITCHEN,1
18118,22750,FELTCRAFT PRINCESS LOLA DOLL,1
18118,22751,FELTCRAFT PRINCESS OLIVIA DOLL,1
18118,22753,SMALL YELLOW BABUSHKA NOTEBOOK,4
18118,22755,SMALL PURPLE BABUSHKA NOTEBOOK,1
18118,22834,HAND WARMER BABUSHKA DESIGN,1
18118,22847,BREAD BIN DINER STYLE IVORY,2
18118,22865,HAND WARMER OWL DESIGN,4
18118,22866,HAND WARMER SCOTTY DOG DESIGN,4
18118,22906,12 MESSAGE CARDS WITH ENVELOPES,1
18118,22910,PAPER CHAIN KIT VINTAGE CHRISTMAS,4
18118,22911,PAPER CHAIN KIT LONDON,1
18118,22916,HERB MARKER THYME,2
18118,22917,HERB MARKER ROSEMARY,2
18118,22918,HERB MARKER PARSLEY,2
18118,22919,HERB MARKER MINT,2
18118,22920,HERB MARKER BASIL,2
18118,22921,HERB MARKER CHIVES,2
18118,22925,BLUE GIANT GARDEN THERMOMETER,1
18118,22951,60 CAKE CASES DOLLY GIRL DESIGN,3
18118,22952,60 CAKE CASES VINTAGE CHRISTMAS,1
18118,35965,FOLKART HEART NAPKIN RINGS,1
18118,72816,SET/3 CHRISTMAS DECOUPAGE CANDLES,4
18118,77101A,UNION FLAG WINDSOCK,1
18118,79000,MOROCCAN TEA GLASS,12
18118,79302M,"ART LIGHTS,FUNK MONKEY",1
18118,84006,MAGIC TREE -PAPER FLOWERS,4
18118,84029G,KNITTED UNION FLAG HOT WATER BOTTLE,1
18118,84380,SET OF 3 BUTTERFLY COOKIE CUTTERS,1
18118,84535B,FAIRY CAKES NOTEBOOK A6 SIZE,2
18118,84536A,ENGLISH ROSE NOTEBOOK A7 SIZE,1
18118,84536B,FAIRY CAKES NOTEBOOK A7 SIZE,1
18118,84596E,SMALL LICORICE DES PINK BOWL,1
18118,84596G,SMALL CHOCOLATES PINK BOWL,1
18118,84898F,YELLOW FLOWERS FELT HANDBAG KIT,1
18118,84992,72 SWEETHEART FAIRY CAKE CASES,4
18118,85099B,JUMBO BAG RED RETROSPOT,1
18118,85123A,WHITE HANGING HEART T-LIGHT HOLDER,9
18118,85135B,BLUE DRAGONFLY HELICOPTER,1
18118,85136C,RED SHARK HELICOPTER,1
18119,20751,FUNKY WASHING UP GLOVES ASSORTED,1
18119,20828,GLITTER BUTTERFLY CLIPS,22
18119,21034,REX CASH+CARRY JUMBO SHOPPER,1
18119,21174,POTTERING IN THE SHED METAL SIGN,1
18119,21327,SKULLS WRITING SET,1
18119,21328,BALLOONS  WRITING SET,1
18119,21577,SAVE THE PLANET COTTON TOTE BAG,1
18119,21617,4 LILY  BOTANICAL DINNER CANDLES,3
18119,21642,ASSORTED TUTTI FRUTTI PEN,1
18119,21647,ASSORTED TUTTI FRUTTI LARGE PURSE,1
18119,21864,UNION JACK FLAG PASSPORT COVER,1
18119,21865,PINK UNION JACK  PASSPORT COVER,1
18119,21866,UNION JACK FLAG LUGGAGE TAG,1
18119,21867,PINK UNION JACK  LUGGAGE TAG,1
18119,21916,SET 12 RETRO WHITE CHALK STICKS,2
18119,22191,IVORY DINER WALL CLOCK,1
18119,22360,GLASS JAR ENGLISH CONFECTIONERY,2
18119,22371,AIRLINE BAG VINTAGE TOKYO 78,1
18119,22438,BALLOON ART MAKE YOUR OWN FLOWERS,1
18119,22498,WOODEN REGATTA BUNTING,1
18119,22499,WOODEN UNION JACK BUNTING,1
18119,22529,MAGIC DRAWING SLATE GO TO THE FAIR,1
18119,22530,MAGIC DRAWING SLATE DOLLY GIRL,1
18119,22727,ALARM CLOCK BAKELIKE RED,1
18119,22816,CARD MOTORBIKE SANTA,48
18119,22818,CARD CHRISTMAS VILLAGE,24
18119,22940,FELTCRAFT CHRISTMAS FAIRY,2
18119,22943,CHRISTMAS LIGHTS 10 VINTAGE BAUBLES,1
18119,90178A,AMBER CHUNKY GLASS+BEAD NECKLACE,1
18144,21314,SMALL GLASS HEART TRINKET POT,16
18144,21319,GLASS CHALICE GREEN  SMALL,36
18144,21485,RETROSPOT HEART HOT WATER BOTTLE,3
18144,22759,SET OF 3 NOTEBOOKS IN PARCEL,12
18144,72817,SET OF 2 CHRISTMAS DECOUPAGE CANDLE,12
18144,84879,ASSORTED COLOUR BIRD ORNAMENT,240
18156,20914,SET/5 RED RETROSPOT LID GLASS BOWLS,1
18156,21034,REX CASH+CARRY JUMBO SHOPPER,3
18156,21035,SET/2 RED RETROSPOT TEA TOWELS,2
18156,21042,RED RETROSPOT APRON,2
18156,21080,SET/20 RED RETROSPOT PAPER NAPKINS,3
18156,21154,RED RETROSPOT OVEN GLOVE,2
18156,21155,RED RETROSPOT PEG BAG,2
18156,21156,RETROSPOT CHILDRENS APRON,1
18156,21210,SET OF 72 RETROSPOT PAPER  DOILIES,1
18156,21466,RED FLOWER CROCHET FOOD COVER,1
18156,21468,BUTTERFLY CROCHET FOOD COVER,1
18156,21479,WHITE SKULL HOT WATER BOTTLE,4
18156,21481,FAWN BLUE HOT WATER BOTTLE,1
18156,21485,RETROSPOT HEART HOT WATER BOTTLE,1
18156,21558,SKULL LUNCH BOX WITH CUTLERY,2
18156,21563,RED HEART SHAPE LOVE BUCKET,2
18156,21591,COSY HOUR CIGAR BOX MATCHES,2
18156,21625,VINTAGE UNION JACK APRON,2
18156,21836,GINGHAM OVEN GLOVE RED HEART,1
18156,22110,BIRD HOUSE HOT WATER BOTTLE,1
18156,22111,SCOTTIE DOG HOT WATER BOTTLE,1
18156,22112,CHOCOLATE HOT WATER BOTTLE,2
18156,22114,HOT WATER BOTTLE TEA AND SYMPATHY,2
18156,22123,PING MICROWAVE APRON,1
18156,22147,FELTCRAFT BUTTERFLY HEARTS,1
18156,22149,FELTCRAFT 6 FLOWER FRIENDS,1
18156,22150,3 STRIPEY MICE FELTCRAFT,1
18156,22197,SMALL POPCORN HOLDER,2
18156,22271,FELTCRAFT DOLL ROSIE,1
18156,22272,FELTCRAFT DOLL MARIA,1
18156,22273,FELTCRAFT DOLL MOLLY,1
18156,22274,FELTCRAFT DOLL EMILY,1
18156,22315,200 RED + WHITE BENDY STRAWS,1
18156,22367,CHILDRENS APRON SPACEBOY DESIGN,1
18156,22480,RED TEA TOWEL CLASSIC DESIGN,2
18156,22558,CLOTHES PEGS RETROSPOT PACK 24,2
18156,22632,HAND WARMER RED RETROSPOT,1
18156,22896,PEG BAG APPLES DESIGN,1
18156,22897,OVEN MITT APPLES DESIGN,1
18156,22899,CHILDREN'S APRON DOLLY GIRL,2
18156,22939,APRON APPLE DELIGHT,2
18156,22940,FELTCRAFT CHRISTMAS FAIRY,1
18156,47559B,TEA TIME OVEN GLOVE,1
18156,47567B,TEA TIME KITCHEN APRON,1
18156,47591D,PINK FAIRY CAKE CHILDRENS APRON,1
18156,84029E,RED WOOLLY HOTTIE WHITE HEART.,1
18156,84029G,KNITTED UNION FLAG HOT WATER BOTTLE,1
18156,84032A,CHARLIE+LOLA PINK HOT WATER BOTTLE,1
18156,84032B,CHARLIE + LOLA RED HOT WATER BOTTLE,1
18156,84378,SET OF 3 HEART COOKIE CUTTERS,2
18168,16156S,WRAP PINK FAIRY CAKES,25
18168,16161P,WRAP ENGLISH ROSE,25
18168,21035,SET/2 RED RETROSPOT TEA TOWELS,1
18168,21039,RED RETROSPOT SHOPPING BAG,1
18168,21041,RED RETROSPOT OVEN GLOVE DOUBLE,1
18168,21154,RED RETROSPOT OVEN GLOVE,3
18168,21155,RED RETROSPOT PEG BAG,1
18168,21157,RED RETROSPOT WASHBAG,1
18168,21169,YOU'RE CONFUSING ME METAL SIGN,8
18168,21218,RED SPOTTY BISCUIT TIN,2
18168,21231,SWEETHEART CERAMIC TRINKET BOX,32
18168,21232,STRAWBERRY CERAMIC TRINKET BOX,32
18168,21527,RED RETROSPOT TRADITIONAL TEAPOT,3
18168,21531,RED RETROSPOT SUGAR JAM BOWL,2
18168,21533,RETROSPOT LARGE MILK JUG,3
18168,21535,RED RETROSPOT SMALL MILK JUG,3
18168,21539,RED RETROSPOT BUTTER DISH,3
18168,21843,RED RETROSPOT CAKE STAND,2
18168,22059,CERAMIC STRAWBERRY DESIGN MUG,8
18168,22060,LARGE CAKE STAND HANGING HEARTS,2
18168,22061,LARGE CAKE STAND  HANGING STRAWBERY,2
18168,22063,CERAMIC BOWL WITH STRAWBERRY DESIGN,4
18168,22180,RETROSPOT LAMP,1
18168,22189,CREAM HEART CARD HOLDER,10
18168,22191,IVORY DINER WALL CLOCK,1
18168,22193,RED DINER WALL CLOCK,1
18168,22197,SMALL POPCORN HOLDER,2
18168,22198,LARGE POPCORN HOLDER,2
18168,22633,HAND WARMER UNION JACK,4
18168,22637,PIGGY BANK RETROSPOT,4
18168,22649,STRAWBERRY FAIRY CAKE TEAPOT,4
18168,37449,CERAMIC CAKE STAND + HANGING CAKES,2
18168,47559B,TEA TIME OVEN GLOVE,6
18168,47567B,TEA TIME KITCHEN APRON,2
18168,47570B,TEA TIME TABLE CLOTH,1
18176,20854,BLUE PATCH PURSE PINK HEART,20
18176,21114,LAVENDER SCENTED FABRIC HEART,10
18176,21199,PINK  HEART CONFETTI IN TUBE,12
18176,21355,TOAST ITS - I LOVE YOU,12
18176,21485,RETROSPOT HEART HOT WATER BOTTLE,6
18176,21677,HEARTS  STICKERS,12
18176,21723,ALPHABET HEARTS STICKER SHEET,12
18176,21879,HEARTS GIFT TAPE,12
18176,22147,FELTCRAFT BUTTERFLY HEARTS,12
18176,22318,FIVE HEART HANGING DECORATION,6
18176,22325,MOBILE VINTAGE HEARTS,3
18176,22435,SET OF 9 HEART SHAPED BALLOONS,12
18176,22487,WHITE WOOD GARDEN PLANT LADDER,2
18176,22639,SET OF 4 NAPKIN CHARMS HEARTS,6
18176,22832,BROCANTE SHELF WITH HOOKS,2
18176,22862,LOVE HEART NAPKIN BOX,4
18176,22930,BAKING MOULD HEART MILK CHOCOLATE,6
18176,22937,BAKING MOULD CHOCOLATE CUPCAKES,6
18176,35961,FOLKART ZINC HEART CHRISTMAS DEC,12
18176,35965,FOLKART HEART NAPKIN RINGS,6
18176,48194,DOORMAT HEARTS,2
18176,84378,SET OF 3 HEART COOKIE CUTTERS,12
18176,84836,ZINC METAL HEART DECORATION,12
18176,84970L,SINGLE HEART ZINC T-LIGHT HOLDER,12
18176,84970S,HANGING HEART ZINC T-LIGHT HOLDER,12
18176,84978,HANGING HEART JAR T-LIGHT HOLDER,12
18176,84992,72 SWEETHEART FAIRY CAKE CASES,24
18176,85038,6 CHOCOLATE LOVE HEART T-LIGHTS,6
18176,85129D,BEADED CRYSTAL HEART PINK SMALL,12
18176,85184C,S/4 VALENTINE DECOUPAGE HEART BOX,6
18178,21355,TOAST ITS - I LOVE YOU,12
18178,21479,WHITE SKULL HOT WATER BOTTLE,4
18178,21733,RED HANGING HEART T-LIGHT HOLDER,6
18178,22111,SCOTTIE DOG HOT WATER BOTTLE,6
18178,22112,CHOCOLATE HOT WATER BOTTLE,3
18178,22749,FELTCRAFT PRINCESS CHARLOTTE DOLL,4
18178,22750,FELTCRAFT PRINCESS LOLA DOLL,4
18178,22804,CANDLEHOLDER PINK HANGING HEART,6
18178,22835,HOT WATER BOTTLE I AM SO POORLY,4
18178,22964,3 PIECE SPACEBOY COOKIE CUTTER SET,6
18178,22966,GINGERBREAD MAN COOKIE CUTTER,12
18178,22972,CHILDREN'S SPACEBOY MUG,12
18178,84029E,RED WOOLLY HOTTIE WHITE HEART.,8
18178,84029G,KNITTED UNION FLAG HOT WATER BOTTLE,8
18178,84030E,ENGLISH ROSE HOT WATER BOTTLE,4
18178,85123A,WHITE HANGING HEART T-LIGHT HOLDER,6
18219,15060B,FAIRY CAKE DESIGN UMBRELLA,4
18219,20983,12 PENCILS TALL TUBE RED RETROSPOT,12
18219,21136,PAINTED METAL PEARS ASSORTED,8
18219,21314,SMALL GLASS HEART TRINKET POT,8
18219,21484,CHICK GREY HOT WATER BOTTLE,8
18219,21754,HOME BUILDING BLOCK WORD,6
18219,22310,IVORY KNITTED MUG COSY,12
18219,22692,DOORMAT WELCOME TO OUR HOME,2
18219,22766,PHOTO FRAME CORNICE,8
18219,22767,TRIPLE PHOTO FRAME CORNICE,2
18219,22795,SWEETHEART RECIPE BOOK STAND,2
18219,22796,PHOTO FRAME 3 CLASSIC HANGING,4
18219,22844,VINTAGE CREAM DOG FOOD CONTAINER,4
18219,22988,SOLDIERS EGG CUP,36
18219,71053,WHITE METAL LANTERN,4
18219,84879,ASSORTED COLOUR BIRD ORNAMENT,16
18219,85123A,WHITE HANGING HEART T-LIGHT HOLDER,6
18223,15056N,EDWARDIAN PARASOL NATURAL,3
18223,20914,SET/5 RED RETROSPOT LID GLASS BOWLS,6
18223,21165,BEWARE OF THE CAT METAL SIGN,12
18223,21166,COOK WITH WINE METAL SIGN,12
18223,21174,POTTERING IN THE SHED METAL SIGN,12
18223,21181,PLEASE ONE PERSON METAL SIGN,12
18223,21931,JUMBO STORAGE BAG SUKI,10
18223,22197,SMALL POPCORN HOLDER,12
18223,22198,LARGE POPCORN HOLDER,12
18223,22365,DOORMAT RESPECTABLE HOUSE,2
18223,22412,METAL SIGN NEIGHBOURHOOD WITCH,12
18223,22414,DOORMAT NEIGHBOURHOOD WITCH,4
18223,22659,LUNCH BOX I LOVE LONDON,12
18223,22726,ALARM CLOCK BAKELIKE GREEN,4
18223,22890,NOVELTY BISCUITS CAKE STAND 3 TIER,6
18223,48111,DOORMAT 3 SMILEY CATS,2
18223,48194,DOORMAT HEARTS,2
18223,82600,NO SINGING METAL SIGN,12
18223,84879,ASSORTED COLOUR BIRD ORNAMENT,24
18223,85150,LADIES & GENTLEMEN METAL SIGN,12
18223,85152,HAND OVER THE CHOCOLATE   SIGN,12
18225,21430,SET/3 RED GINGHAM ROSE STORAGE BOX,4
18225,22772,PINK DRAWER KNOB ACRYLIC EDWARDIAN,12
18229,22725,ALARM CLOCK BAKELIKE CHOCOLATE,4
18229,22726,ALARM CLOCK BAKELIKE GREEN,16
18229,22728,ALARM CLOCK BAKELIKE PINK,8
18229,22729,ALARM CLOCK BAKELIKE ORANGE,4
18229,22730,ALARM CLOCK BAKELIKE IVORY,4
18229,22846,BREAD BIN DINER STYLE RED,8
18229,22848,BREAD BIN DINER STYLE PINK,8
18229,35004B,SET OF 3 BLACK FLYING DUCKS,12
18229,35004C,SET OF 3 COLOURED  FLYING DUCKS,48
18239,15060B,FAIRY CAKE DESIGN UMBRELLA,4
18239,20749,ASSORTED COLOUR MINI CASES,2
18239,21349,IVY HEART WREATH,2
18239,21352,EUCALYPTUS & PINECONE  WREATH,2
18239,21364,PEACE SMALL WOOD LETTERS,2
18239,21621,VINTAGE UNION JACK BUNTING,2
18239,22065,CHRISTMAS PUDDING TRINKET POT,12
18239,22121,NOEL WOODEN BLOCK LETTERS,3
18239,22141,CHRISTMAS CRAFT TREE TOP ANGEL,6
18239,22144,CHRISTMAS CRAFT LITTLE FRIENDS,6
18239,22186,RED STAR CARD HOLDER,6
18239,22187,GREEN CHRISTMAS TREE CARD HOLDER,4
18239,22334,DINOSAUR PARTY BAG + STICKER SET,8
18239,22464,HANGING METAL HEART LANTERN,12
18239,22465,HANGING METAL STAR LANTERN,12
18239,22573,STAR WOODEN CHRISTMAS DECORATION,12
18239,22576,SWALLOW WOODEN CHRISTMAS DECORATION,12
18239,22578,WOODEN STAR CHRISTMAS SCANDINAVIAN,12
18239,22593,CHRISTMAS GINGHAM STAR,12
18239,22595,CHRISTMAS GINGHAM HEART,12
18239,22785,SQUARECUSHION COVER PINK UNION FLAG,4
18239,22810,SET OF 6 T-LIGHTS SNOWMEN,6
18239,22910,PAPER CHAIN KIT VINTAGE CHRISTMAS,6
18239,22969,HOMEMADE JAM SCENTED CANDLES,12
18239,35961,FOLKART ZINC HEART CHRISTMAS DEC,12
18239,71053,WHITE METAL LANTERN,4
18239,84970S,HANGING HEART ZINC T-LIGHT HOLDER,12
18239,85014B,RED RETROSPOT UMBRELLA,3
18239,85123A,WHITE HANGING HEART T-LIGHT HOLDER,6
18245,10133,COLOURING PENCILS BROWN TUBE,10
18245,20992,JAZZ HEARTS PURSE NOTEBOOK,12
18245,21012,ANTIQUE ALL GLASS CANDLESTICK,6
18245,21992,VINTAGE PAISLEY STATIONERY SET,6
18245,22035,VINTAGE CARAVAN GREETING CARD,12
18245,22258,FELT FARM ANIMAL RABBIT,12
18245,22259,FELT FARM ANIMAL HEN,12
18245,22265,EASTER DECORATION NATURAL CHICK,24
18245,22489,PACK OF 12 TRADITIONAL CRAYONS,24
18245,22726,ALARM CLOCK BAKELIKE GREEN,4
18245,22728,ALARM CLOCK BAKELIKE PINK,4
18245,22808,SET OF 6 T-LIGHTS EASTER CHICKS,6
18245,22814,CARD PARTY GAMES,12
18245,22815,CARD PSYCHEDELIC APPLES,12
18245,22855,FINE WICKER HEART,12
18245,22857,ASSORTED EASTER GIFT TAGS,12
18245,22969,HOMEMADE JAM SCENTED CANDLES,12
18245,35471D,SET OF 3 BIRD LIGHT PINK FEATHER,12
18245,47566,PARTY BUNTING,5
18245,84030E,ENGLISH ROSE HOT WATER BOTTLE,4
18245,84247G,"DECOUPAGE,GREETING CARD,",12
18245,84249A,"GREETING CARD,SQUARE, DOUGHNUTS",12
18245,84457,SET/3 RABBITS FLOWER SKIPPPING ROPE,12
18245,84817,DANISH ROSE DECORATIVE PLATE,6
18245,84946,ANTIQUE SILVER TEA GLASS ETCHED,24
18245,85123A,WHITE HANGING HEART T-LIGHT HOLDER,6
18245,85130B,BEADED CRYSTAL HEART GREEN LARGE,12
18259,22112,CHOCOLATE HOT WATER BOTTLE,24
18259,22114,HOT WATER BOTTLE TEA AND SYMPATHY,8
18259,22470,HEART OF WICKER LARGE,6
18259,22694,WICKER STAR,6
18259,22834,HAND WARMER BABUSHKA DESIGN,24
18259,22837,HOT WATER BOTTLE BABUSHKA,24
18259,22867,HAND WARMER BIRD DESIGN,24
18260,21257,VICTORIAN SEWING BOX MEDIUM,4
18260,21258,VICTORIAN SEWING BOX LARGE,2
18260,21527,RED RETROSPOT TRADITIONAL TEAPOT,2
18260,21843,RED RETROSPOT CAKE STAND,2
18260,22072,RED RETROSPOT TEA CUP AND SAUCER,4
18260,22087,PAPER BUNTING WHITE LACE,6
18260,22348,TEA BAG PLATE RED RETROSPOT,12
18260,22452,MEASURING TAPE BABUSHKA PINK,6
18260,22453,MEASURING TAPE BABUSHKA BLUE,6
18260,22454,MEASURING TAPE BABUSHKA RED,6
18260,79321,CHILLI LIGHTS,8
18269,21731,RED TOADSTOOL LED NIGHT LIGHT,24
18269,22418,10 COLOUR SPACEBOY PEN,24
18269,22449,SILK PURSE BABUSHKA PINK,6
18269,22450,SILK PURSE BABUSHKA BLUE,6
18269,22451,SILK PURSE BABUSHKA RED,6
18269,22617,BAKING SET SPACEBOY DESIGN,6
18269,22837,HOT WATER BOTTLE BABUSHKA,4
